row_id,seq,x,y,status,nearest_dist_m
-2281028,0,770206.024831449,6270782.4654946085,present,0.16912035758190697
-2281028,1,770205.1538763932,6270782.994898662,present,0.08655548611456383
-2281028,2,770204.2829213375,6270783.524302715,present,0.05919779092463014
-2281028,3,770203.4119662818,6270784.053706769,present,0.10742896829332742
-2281028,4,770202.541011226,6270784.583110822,present,0.021240264432431006
-2281028,5,770201.6700561703,6270785.112514876,present,0.06829319688168198
-2281028,6,770200.7991011146,6270785.641918929,present,0.11991623165458536
-2281028,7,770199.9281460589,6270786.171322984,present,0.13605425977021393
-2281028,8,770199.0571910031,6270786.700727037,present,0.08272554415943513
-2281028,9,770198.1862359474,6270787.230131091,present,0.06686639823314586
-2281028,10,770197.3152808917,6270787.759535144,present,0.04030169743778269
-2281028,11,770196.444325836,6270788.288939198,present,0.0494451461171682
-2281028,12,770195.5733707802,6270788.818343251,present,0.0765002363358171
-2281028,13,770194.7024157245,6270789.3477473045,present,0.08635520358231402
-2281028,14,770193.8314606688,6270789.877151358,present,0.11436136963417401
-2281028,15,770192.960505613,6270790.406555411,present,0.11363917609401719
-2281028,16,770192.0895505573,6270790.935959465,present,0.10158386106663547
-2281028,17,770191.2185955016,6270791.465363518,present,0.005544361546343671
-2281028,18,770190.3476404459,6270791.994767572,present,0.1442319382707564
-2281028,19,770189.4766853901,6270792.524171625,present,0.11509630324213818
-2281028,20,770188.6057303344,6270793.053575679,present,0.12370846850408353
-2281028,21,770187.7347752787,6270793.582979732,present,0.028368292234951863
-2281028,22,770186.863820223,6270794.112383786,present,0.047769215887775926
-2281028,23,770185.9928651672,6270794.641787839,present,0.027718449160040855
-2281028,24,770185.1219101115,6270795.171191893,present,0.011959475187595669
-2281028,25,770184.2509550558,6270795.700595946,present,0.041330463330686275
-2281028,26,770183.3800000001,6270796.2299999995,present,0.04123105635104575
-2281028,27,770182.5090449443,6270796.759404053,present,0.05476371219663479
-2281028,28,770181.6380898886,6270797.288808106,present,0.06986060613635282
-2281028,29,770180.7671348329,6270797.81821216,present,0.1180320466527071
-2281028,30,770179.8961797771,6270798.347616213,present,0.17213812864919542
-2281028,31,770179.0252247214,6270798.877020267,present,0.08084158264492321
-2281028,32,770178.1542696657,6270799.40642432,present,0.10514971352932401
-2281028,33,770177.28331461,6270799.935828374,present,0.10145412997026804
-2281028,34,770176.4123595542,6270800.465232427,present,0.15435953623389695
-2281028,35,770175.5414044985,6270800.994636481,present,0.14226593097275758
-2281028,36,770174.6704494428,6270801.524040534,present,0.06474876959430702
-2281028,37,770173.7994943871,6270802.053444588,present,0.03344840976460663
-2281028,38,770172.9285393313,6270802.582848641,present,0.03129825873988887
-2281028,39,770172.0575842756,6270803.112252695,present,0.14535787588794574
-2281028,40,770171.1866292199,6270803.641656748,present,0.09637300984867178
-2281028,41,770170.3156741641,6270804.1710608015,present,0.07914286575549655
-2281028,42,770169.4447191084,6270804.700464855,present,0.07855388141082445
-2281028,43,770168.5737640527,6270805.229868908,present,0.09768072604113805
-2281028,44,770167.702808997,6270805.759272962,present,0.13613403086615125
-2281028,45,770166.8318539412,6270806.288677015,present,0.07133409579499034
-2281028,46,770165.9608988855,6270806.81808107,present,0.0745889435777973
-2281028,47,770165.0899438298,6270807.347485123,present,0.08640721959718684
-2281028,48,770164.2189887741,6270807.876889177,present,0.0564033072390833
-2281028,49,770163.3480337183,6270808.40629323,present,0.10852159801773645
-2281028,50,770162.4770786626,6270808.935697284,present,0.10007441608486534
-2281028,51,770161.6061236069,6270809.465101337,present,0.05783860115832746
-2281028,52,770160.7351685511,6270809.9945053905,present,0.07124778795029538
-2281027,0,770159.8911548068,6270808.457750888,present,0.21150979450830515
-2281027,1,770160.7540191541,6270807.926757444,present,0.2572199762983527
-2281027,2,770161.6168835013,6270807.395763999,present,0.10598776361151395
-2281027,3,770162.4797478485,6270806.864770555,present,0.3521206195510301
-2281027,4,770163.3426121956,6270806.33377711,present,0.16539904030856278
-2281027,5,770164.2054765428,6270805.802783665,present,0.28165989034787353
-2281027,6,770165.06834089,6270805.271790221,present,0.27659728051761684
-2281027,7,770165.9312052372,6270804.7407967765,present,0.35372282309606584
-2281027,8,770166.7940695843,6270804.209803333,present,0.2290326039373932
-2281027,9,770167.6569339316,6270803.678809888,ambiguous,0.6855811037066668
-2281027,10,770168.5197982788,6270803.147816444,present,0.28429025040377676
-2281027,11,770169.382662626,6270802.616822999,present,0.2050034397341697
-2281027,12,770170.2455269732,6270802.085829555,present,0.3403890932507733
-2281027,13,770171.1083913203,6270801.55483611,present,0.26392361993185004
-2281027,14,770171.9712556675,6270801.023842666,present,0.30084198989884164
-2281027,15,770172.8341200147,6270800.492849221,present,0.17719156541487077
-2281027,16,770173.6969843619,6270799.961855777,present,0.40619773893566746
-2281027,17,770174.559848709,6270799.430862333,present,0.29746179567475806
-2281027,18,770175.4227130563,6270798.899868888,present,0.22625347217030817
-2281027,19,770176.2855774035,6270798.368875444,present,0.11634172557293679
-2281027,20,770177.1484417507,6270797.837881999,present,0.2392558753469458
-2281027,21,770178.0113060978,6270797.306888555,present,0.09073321565276635
-2281027,22,770178.874170445,6270796.77589511,present,0.18703555954642662
-2281027,23,770179.7370347922,6270796.244901666,present,0.2915831182793946
-2281027,24,770180.5998991394,6270795.713908222,present,0.2921371723114054
-2281027,25,770181.4627634865,6270795.182914778,present,0.2904260629050318
-2281027,26,770182.3256278338,6270794.651921333,present,0.19727061925560616
-2281027,27,770183.188492181,6270794.120927888,present,0.18022191091100692
-2281027,28,770184.0513565282,6270793.589934444,present,0.1815356639993468
-2281027,29,770184.9142208754,6270793.058940999,present,0.1624738660090715
-2281027,30,770185.7770852225,6270792.527947555,present,0.1803642597154895
-2281027,31,770186.6399495697,6270791.99695411,present,0.225656661545949
-2281027,32,770187.5028139169,6270791.465960667,present,0.12552774340987952
-2281027,33,770188.3656782641,6270790.934967222,present,0.09875719051852809
-2281027,34,770189.2285426114,6270790.403973778,present,0.10129948695167236
-2281027,35,770190.0914069585,6270789.872980333,present,0.1826112477507894
-2281027,36,770190.9542713057,6270789.341986889,present,0.25704565557829
-2281027,37,770191.8171356529,6270788.810993444,present,0.16460029143778424
-2281027,38,770192.68,6270788.279999999,present,0.2523885891623686
-2281027,39,770193.5428643472,6270787.749006555,present,0.2436101463360609
-2281027,40,770194.4057286944,6270787.218013111,present,0.2065157811517459
-2281027,41,770195.2685930416,6270786.687019667,present,0.09251388809420297
-2281027,42,770196.1314573888,6270786.156026222,present,0.15214838286004412
-2281027,43,770196.994321736,6270785.625032778,present,0.11824861749512622
-2281027,44,770197.8571860832,6270785.094039333,present,0.11994904822453538
-2281027,45,770198.7200504304,6270784.563045889,present,0.15180723558445866
-2281027,46,770199.5829147776,6270784.032052444,present,0.17541478977105016
-2281027,47,770200.4457791247,6270783.501059,present,0.16509300329619475
-2281027,48,770201.3086434719,6270782.970065556,present,0.04896177616498432
-2281027,49,770202.1715078191,6270782.439072112,present,0.10804762790665054
-2281027,50,770203.0343721663,6270781.908078667,present,0.20747227272637775
-2281027,51,770203.8972365136,6270781.377085222,present,0.018635926798462255
-2281027,52,770204.7601008607,6270780.846091778,present,0.16203992789723237
-2281027,53,770205.6229652079,6270780.315098333,present,0.16463911921149063
-2281027,54,770206.4858295551,6270779.784104889,present,0.0685101982800862
-2281027,55,770207.3486939023,6270779.253111444,present,0.10410021186700139
-2281027,56,770208.2115582494,6270778.7221180005,present,0.09460699845982377
-2281027,57,770209.0744225966,6270778.191124556,ambiguous,0.5480004938631542
-2281027,58,770209.9372869438,6270777.660131112,ambiguous,0.6103318777659764
-2281027,59,770210.8001512911,6270777.129137667,present,0.1672307389063841
-2281027,60,770211.6630156382,6270776.598144223,present,0.11358096426000278
-2281027,61,770212.5258799854,6270776.067150778,present,0.057338253182854876
-2281027,62,770213.3887443326,6270775.536157333,present,0.08988816891826619
-2281027,63,770214.2516086798,6270775.005163889,present,0.10213680585514137
-2281027,64,770215.114473027,6270774.4741704445,present,0.26669241407425515
-2281027,65,770215.9773373741,6270773.943177001,present,0.04922174769698419
-2281027,66,770216.8402017213,6270773.412183556,present,0.05126702239955818
-2281027,67,770217.7030660685,6270772.881190112,present,0.09494790681544912
-2281027,68,770218.5659304158,6270772.350196667,present,0.011457537894279267
-2281027,69,770219.4287947629,6270771.819203223,present,0.0445707836833695
-2281027,70,770220.2916591101,6270771.288209778,present,0.061812491482534086
-2281027,71,770221.1545234573,6270770.757216334,present,0.057394865274870616
-2281027,72,770222.0173878045,6270770.2262228895,present,0.017793322090644794
-2281027,73,770222.8802521516,6270769.695229445,present,0.10572768164728999
-2281027,74,770223.7431164988,6270769.164236001,present,0.017406789301899876
-2281027,75,770224.605980846,6270768.633242556,present,0.12595130804619029
-2281027,76,770225.4688451933,6270768.102249112,present,0.1663023277704878
-2281026,0,770158.0690400469,6270805.475354206,present,0.09843915229659635
-2281026,1,770158.93643373,6270804.951792253,present,0.07306279022010877
-2281026,2,770159.8038274129,6270804.428230301,present,0.01394020019092469
-2281026,3,770160.6712210958,6270803.904668347,present,0.08793080207170445
-2281026,4,770161.5386147789,6270803.381106394,present,0.112244857223357
-2281026,5,770162.4060084618,6270802.857544442,present,0.0224403783685365
-2281026,6,770163.2734021448,6270802.333982489,present,0.17915307156894936
-2281026,7,770164.1407958277,6270801.810420536,present,0.032251343136718354
-2281026,8,770165.0081895108,6270801.286858584,present,0.00877135011850605
-2281026,9,770165.8755831937,6270800.76329663,present,0.04408307802408593
-2281026,10,770166.7429768767,6270800.239734678,present,0.16252760651455286
-2281026,11,770167.6103705597,6270799.716172725,present,0.11875390719342507
-2281026,12,770168.4777642427,6270799.192610772,present,0.06741106906471621
-2281026,13,770169.3451579256,6270798.66904882,present,0.04574595906648685
-2281026,14,770170.2125516086,6270798.145486867,present,0.10537218714112127
-2281026,15,770171.0799452916,6270797.621924914,present,0.06932348807686367
-2281026,16,770171.9473389746,6270797.098362961,present,0.015173683822234729
-2281026,17,770172.8147326575,6270796.574801008,present,0.19585796994862922
-2281026,18,770173.6821263406,6270796.051239056,present,0.06164785418276075
-2281026,19,770174.5495200235,6270795.527677103,present,0.14068959340918644
-2281026,20,770175.4169137065,6270795.00411515,present,0.06494473955751036
-2281026,21,770176.2843073895,6270794.480553198,present,0.03904288746470723
-2281026,22,770177.1517010725,6270793.956991244,present,0.14355694620266476
-2281026,23,770178.0190947554,6270793.4334292915,present,0.047830484993210166
-2281026,24,770178.8864884384,6270792.909867339,present,0.05066062511348936
-2281026,25,770179.7538821214,6270792.386305386,present,0.024166213866395524
-2281026,26,770180.6212758044,6270791.862743434,present,0.11940615452272038
-2281026,27,770181.4886694873,6270791.339181481,present,0.1482343797468885
-2281026,28,770182.3560631704,6270790.815619528,present,0.03583642566995374
-2281026,29,770183.2234568533,6270790.292057575,present,0.045194195360067434
-2281026,30,770184.0908505362,6270789.768495622,present,0.040763852890730964
-2281026,31,770184.9582442192,6270789.244933669,present,0.1111086490672521
-2281026,32,770185.8256379022,6270788.721371717,present,0.08235006329864843
-2281026,33,770186.6930315852,6270788.197809764,present,0.008377524654255767
-2281026,34,770187.5604252681,6270787.674247812,present,0.13285988550101197
-2281026,35,770188.4278189512,6270787.150685858,present,0.09418270457411923
-2281026,36,770189.2952126341,6270786.627123905,present,0.06774275053365487
-2281026,37,770190.1626063171,6270786.103561953,present,0.09845144197639227
-2281026,38,770191.03,6270785.58,present,0.07280109872074338
-2281026,39,770191.8973936831,6270785.056438047,present,0.09760623931696683
-2281026,40,770192.764787366,6270784.532876095,present,0.05087578201762382
-2281026,41,770193.632181049,6270784.009314142,present,0.05888552059758157
-2281026,42,770194.499574732,6270783.485752189,present,0.04713977768130671
-2281026,43,770195.366968415,6270782.962190236,present,0.06446357506943669
-2281026,44,770196.2343620979,6270782.438628283,present,0.031673529783628175
-2281026,45,770197.101755781,6270781.915066331,present,0.07270209341031453
-2281026,46,770197.9691494639,6270781.391504378,present,0.09981466282514516
-2281026,47,770198.8365431469,6270780.867942425,present,0.03739630591422616
-2281026,48,770199.7039368298,6270780.344380472,present,0.08949856081444316
-2281026,49,770200.5713305129,6270779.820818519,present,0.09196903257169536
-2281026,50,770201.4387241958,6270779.297256567,present,0.04362467970321547
-2281026,51,770202.3061178788,6270778.773694614,present,0.045846837815791484
-2281026,52,770203.1735115618,6270778.250132661,present,0.10694462043536344
-2281026,53,770204.0409052448,6270777.726570709,present,0.1376380714287702
-2281026,54,770204.9082989277,6270777.203008756,present,0.10462148274967713
-2281026,55,770205.7756926107,6270776.6794468025,present,0.05496646747487694
-2281026,56,770206.6430862937,6270776.15588485,present,0.042669654293468036
-2281026,57,770207.5104799767,6270775.632322897,present,0.08287152876249983
-2281026,58,770208.3778736596,6270775.108760945,present,0.09650346861034623
-2281026,59,770209.2452673427,6270774.585198992,present,0.07874123018454339
-2281026,60,770210.1126610256,6270774.061637039,present,0.11631668451885664
-2281026,61,770210.9800547085,6270773.538075086,present,0.13587175771514343
-2281026,62,770211.8474483916,6270773.014513133,ambiguous,0.8564151010303153
-2281026,63,770212.7148420746,6270772.49095118,present,0.2126541061092619
-2281026,64,770213.5822357575,6270771.967389228,present,0.058679103739445196
-2281026,65,770214.4496294404,6270771.443827275,present,0.14895507868583147
-2281026,66,770215.3170231235,6270770.920265323,ambiguous,0.9198681963238492
-2281026,67,770216.1844168064,6270770.39670337,present,0.13766810896301476
-2281026,68,770217.0518104894,6270769.873141416,present,0.11647382543820624
-2281026,69,770217.9192041724,6270769.349579464,present,0.02184920643683954
-2281026,70,770218.7865978554,6270768.826017511,present,0.046984790770109176
-2281026,71,770219.6539915383,6270768.302455558,present,0.0808454235381084
-2281026,72,770220.5213852213,6270767.778893606,present,0.05299883558507365
-2281026,73,770221.3887789043,6270767.255331653,present,0.06311166398232104
-2281026,74,770222.2561725873,6270766.7317697,present,0.2816087843021418
-2281026,75,770223.1235662702,6270766.208207747,present,0.12400914932519254
-2281026,76,770223.9909599533,6270765.684645794,present,0.01977854650952192
-2281025,0,770157.1224162849,6270803.400470002,present,0.12693878095456385
-2281025,1,770157.9861347637,6270802.870187029,present,0.03525831284171215
-2281025,2,770158.8498532425,6270802.339904056,present,0.04111215165382189
-2281025,3,770159.7135717212,6270801.809621083,present,0.07517742955619322
-2281025,4,770160.5772902,6270801.27933811,present,0.03422964646107836
-2281025,5,770161.4410086789,6270800.749055137,present,0.13222315194604378
-2281025,6,770162.3047271576,6270800.218772164,present,0.10286007584139617
-2281025,7,770163.1684456364,6270799.688489191,present,0.016309569033978608
-2281025,8,770164.0321641152,6270799.158206218,present,0.10119755126287681
-2281025,9,770164.895882594,6270798.627923245,present,0.09564537369911078
-2281025,10,770165.7596010728,6270798.097640272,present,0.06086912812119747
-2281025,11,770166.6233195516,6270797.567357299,present,0.1500866564015101
-2281025,12,770167.4870380304,6270797.037074326,present,0.12821146076485548
-2281025,13,770168.3507565091,6270796.506791352,present,0.11394311859746362
-2281025,14,770169.2144749879,6270795.97650838,present,0.14766811146132483
-2281025,15,770170.0781934668,6270795.446225407,present,0.073616859809408
-2281025,16,770170.9419119455,6270794.915942433,present,0.06218776678236245
-2281025,17,770171.8056304243,6270794.385659461,present,0.20384408250800723
-2281025,18,770172.6693489031,6270793.855376488,present,0.12093235667286446
-2281025,19,770173.5330673818,6270793.325093514,present,0.11121775471506305
-2281025,20,770174.3967858606,6270792.794810542,present,0.025017867689840923
-2281025,21,770175.2605043395,6270792.264527569,present,0.151378044109112
-2281025,22,770176.1242228183,6270791.734244595,present,0.14880568868972077
-2281025,23,770176.987941297,6270791.203961623,present,0.06596513266728557
-2281025,24,770177.8516597758,6270790.67367865,present,0.08636290946392113
-2281025,25,770178.7153782547,6270790.143395676,present,0.07354104828120864
-2281025,26,770179.5790967334,6270789.613112704,present,0.08405386900809668
-2281025,27,770180.4428152122,6270789.082829731,present,0.05289096341805165
-2281025,28,770181.306533691,6270788.552546757,present,0.04094030186358997
-2281025,29,770182.1702521697,6270788.022263784,present,0.04282723837940459
-2281025,30,770183.0339706485,6270787.491980812,present,0.03845381782607652
-2281025,31,770183.8976891274,6270786.961697838,present,0.059404710765132936
-2281025,32,770184.7614076062,6270786.431414865,present,0.10858059757209784
-2281025,33,770185.6251260849,6270785.901131893,present,0.06878021373079357
-2281025,34,770186.4888445637,6270785.370848919,present,0.07050818371263286
-2281025,35,770187.3525630425,6270784.840565946,present,0.10373679870914944
-2281025,36,770188.2162815213,6270784.310282974,present,0.059824816305917065
-2281025,37,770189.0800000001,6270783.78,present,0.12649110630365665
-2281025,38,770189.9437184789,6270783.249717027,present,0.147604351359651
-2281025,39,770190.8074369576,6270782.719434055,present,0.04641860392990528
-2281025,40,770191.6711554364,6270782.189151081,present,0.10807129376144664
-2281025,41,770192.5348739153,6270781.658868108,present,0.06905862044389922
-2281025,42,770193.398592394,6270781.128585136,present,0.04247844994359961
-2281025,43,770194.2623108728,6270780.598302162,present,0.049246555457945415
-2281025,44,770195.1260293516,6270780.068019189,present,0.09399152284788917
-2281025,45,770195.9897478304,6270779.537736217,present,0.03782761622198793
-2281025,46,770196.8534663091,6270779.007453243,present,0.03818006405346079
-2281025,47,770197.717184788,6270778.47717027,present,0.05444839547382278
-2281025,48,770198.5809032668,6270777.946887297,present,0.16190444449635602
-2281025,49,770199.4446217455,6270777.416604324,present,0.09175785014541323
-2281025,50,770200.3083402243,6270776.886321351,present,0.07618817270112463
-2281025,51,770201.1720587031,6270776.356038378,present,0.08217568290348179
-2281025,52,770202.0357771819,6270775.825755405,present,0.03470339989809075
-2281025,53,770202.8994956607,6270775.295472432,present,0.09452891314519993
-2281025,54,770203.7632141395,6270774.765189459,present,0.11939221155199836
-2281025,55,770204.6269326183,6270774.234906486,present,0.12203155327368664
-2281025,56,770205.490651097,6270773.704623513,present,0.08018744792210387
-2281025,57,770206.3543695759,6270773.17434054,present,0.028275913805610228
-2281025,58,770207.2180880547,6270772.644057567,present,0.2151534956913931
-2281025,59,770208.0818065334,6270772.113774594,present,0.08247417857985585
-2281025,60,770208.9455250122,6270771.583491621,present,0.039672254493570654
-2281025,61,770209.809243491,6270771.053208648,present,0.06679563602863782
-2281025,62,770210.6729619697,6270770.522925675,present,0.02398166885217355
-2281025,63,770211.5366804486,6270769.992642702,present,0.23745129123043726
-2281025,64,770212.4003989274,6270769.462359728,present,0.07068997229594923
-2281025,65,770213.2641174061,6270768.932076756,present,0.07083446202784793
-2281025,66,770214.1278358849,6270768.401793783,present,0.10966633132958795
-2281025,67,770214.9915543637,6270767.871510809,present,0.15035225376918643
-2281025,68,770215.8552728426,6270767.341227837,present,0.06654587988362784
-2281025,69,770216.7189913213,6270766.810944864,present,0.10960936897375903
-2281025,70,770217.5827098001,6270766.28066189,present,0.11936887172337002
-2281025,71,770218.4464282789,6270765.750378918,present,0.17908544086955702
-2281025,72,770219.3101467576,6270765.220095945,present,0.17188314295234558
-2281025,73,770220.1738652365,6270764.689812971,present,0.0392352911712258
-2281025,74,770221.0375837153,6270764.159529999,present,0.12227464146247807
-2281024,0,770155.0742459779,6270801.752894355,present,0.08438841266320023
-2281024,1,770155.9380317966,6270801.223728268,present,0.09631155559005618
-2281024,2,770156.8018176154,6270800.694562181,present,0.10369746659029404
-2281024,3,770157.6656034342,6270800.165396093,present,0.0797548797536014
-2281024,4,770158.5293892529,6270799.636230007,present,0.09172733957446877
-2281024,5,770159.3931750717,6270799.107063919,present,0.08711180823785616
-2281024,6,770160.2569608904,6270798.577897833,present,0.06217648531002732
-2281024,7,770161.1207467092,6270798.048731745,present,0.05926686215371422
-2281024,8,770161.984532528,6270797.519565658,present,0.11219941434513916
-2281024,9,770162.8483183467,6270796.990399571,present,0.040464662096536916
-2281024,10,770163.7121041655,6270796.461233484,present,0.022138554947079846
-2281024,11,770164.5758899843,6270795.932067396,present,0.14280316429086679
-2281024,12,770165.439675803,6270795.40290131,present,0.049760456106655304
-2281024,13,770166.3034616217,6270794.873735222,present,0.10692393592989324
-2281024,14,770167.1672474404,6270794.344569135,present,0.04309612084594825
-2281024,15,770168.0310332592,6270793.815403048,present,0.1211015321907204
-2281024,16,770168.894819078,6270793.28623696,present,0.1344591877120203
-2281024,17,770169.7586048967,6270792.757070874,present,0.12432904812396811
-2281024,18,770170.6223907155,6270792.227904786,present,0.12109422429344023
-2281024,19,770171.4861765343,6270791.6987387,present,0.07318881478014143
-2281024,20,770172.349962353,6270791.169572612,present,0.10655512596506514
-2281024,21,770173.2137481718,6270790.640406525,present,0.07807699907251636
-2281024,22,770174.0775339906,6270790.111240438,present,0.10542715783739548
-2281024,23,770174.9413198093,6270789.582074351,present,0.1437725640284019
-2281024,24,770175.8051056281,6270789.052908263,present,0.0630983710068934
-2281024,25,770176.6688914468,6270788.523742177,present,0.0632428525547469
-2281024,26,770177.5326772656,6270787.994576089,present,0.026457468953391596
-2281024,27,770178.3964630844,6270787.4654100025,present,0.06564772883545093
-2281024,28,770179.2602489031,6270786.936243915,present,0.01157887602333845
-2281024,29,770180.1240347219,6270786.4070778275,present,0.059243759527956304
-2281024,30,770180.9878205407,6270785.877911741,present,0.12625791306109768
-2281024,31,770181.8516063594,6270785.348745653,present,0.1176928259104328
-2281024,32,770182.7153921782,6270784.819579567,present,0.13194787800981253
-2281024,33,770183.579177997,6270784.290413479,present,0.09812175685762924
-2281024,34,770184.4429638156,6270783.761247392,present,0.14602227437133034
-2281024,35,770185.3067496344,6270783.232081305,present,0.12978799375808744
-2281024,36,770186.1705354531,6270782.702915218,present,0.07314663688629461
-2281024,37,770187.0343212719,6270782.17374913,present,0.16003583849595698
-2281024,38,770187.8981070907,6270781.644583044,present,0.07634892637457394
-2281024,39,770188.7618929094,6270781.115416956,present,0.034634809871280925
-2281024,40,770189.6256787282,6270780.58625087,present,0.07691754335235969
-2281024,41,770190.489464547,6270780.057084782,present,0.03456019867497484
-2281024,42,770191.3532503657,6270779.527918695,present,0.10141596814270541
-2281024,43,770192.2170361845,6270778.998752608,present,0.07032283895917109
-2281024,44,770193.0808220032,6270778.46958652,present,0.03651886709725403
-2281024,45,770193.944607822,6270777.940420433,present,0.10117462421620477
-2281024,46,770194.8083936408,6270777.411254346,present,0.06155792239789001
-2281024,47,770195.6721794595,6270776.882088259,present,0.05658458119660454
-2281024,48,770196.5359652783,6270776.352922172,present,0.05498114332871253
-2281024,49,770197.3997510971,6270775.823756085,present,0.12208471164746566
-2281024,50,770198.2635369158,6270775.294589997,present,0.08376290971561828
-2281024,51,770199.1273227346,6270774.765423911,present,0.1227625840536318
-2281024,52,770199.9911085534,6270774.236257823,present,0.10985981332523878
-2281024,53,770200.854894372,6270773.707091737,present,0.08668733035393865
-2281024,54,770201.7186801909,6270773.177925649,present,0.04227652323794756
-2281024,55,770202.5824660095,6270772.648759562,present,0.09753578089632624
-2281024,56,770203.4462518283,6270772.119593475,present,0.049734912534818224
-2281024,57,770204.3100376471,6270771.5904273875,present,0.010046741730667741
-2281024,58,770205.1738234658,6270771.0612613,present,0.06898533549423946
-2281024,59,770206.0376092846,6270770.532095213,present,0.04985911458556254
-2281024,60,770206.9013951034,6270770.002929126,present,0.133380725724166
-2281024,61,770207.7651809221,6270769.473763039,present,0.1181313799057006
-2281024,62,770208.6289667409,6270768.944596952,present,0.025424052933344574
-2281024,63,770209.4927525597,6270768.415430864,present,0.02339173487647433
-2281024,64,770210.3565383784,6270767.886264778,present,0.11175191849809306
-2281024,65,770211.2203241972,6270767.35709869,present,0.06270066966907288
-2281024,66,770212.0841100159,6270766.827932604,present,0.05645012419637398
-2281024,67,770212.9478958347,6270766.298766516,present,0.1097671884201522
-2281024,68,770213.8116816535,6270765.769600429,present,0.02350752093085862
-2281024,69,770214.6754674722,6270765.240434342,present,0.10281699676482957
-2281024,70,770215.539253291,6270764.711268255,present,0.022509316107254453
-2281024,71,770216.4030391098,6270764.182102167,present,0.07550959207136397
-2281024,72,770217.2668249285,6270763.6529360805,present,0.05856512117784643
-2281024,73,770218.1306107473,6270763.123769993,present,0.04476762907632093
-2281024,74,770218.994396566,6270762.594603906,present,0.0741703507629036
-2281024,75,770219.8581823847,6270762.065437819,present,0.06791691435699379
-2281024,76,770220.7219682036,6270761.536271731,present,0.08500916062039887
-2281024,77,770221.5857540222,6270761.007105645,present,0.11229490631355635
-2281023,0,770154.6404410265,6270800.1483542435,present,0.06494639988170944
-2281023,1,770155.499376789,6270799.611029131,present,0.0910087015493212
-2281023,2,770156.3583125515,6270799.07370402,ambiguous,0.6245052511915402
-2281023,3,770157.217248314,6270798.536378908,ambiguous,0.5195426320378052
-2281023,4,770158.0761840764,6270797.999053797,present,0.4353461021810192
-2281023,5,770158.9351198389,6270797.461728685,ambiguous,0.5753982312141904
-2281023,6,770159.7940556013,6270796.924403573,present,0.38035431801698033
-2281023,7,770160.6529913638,6270796.387078461,present,0.48526992969782673
-2281023,8,770161.5119271262,6270795.84975335,ambiguous,0.5003064919654059
-2281023,9,770162.3708628888,6270795.312428238,present,0.3778231241513293
-2281023,10,770163.2297986512,6270794.775103127,ambiguous,0.5020773695640499
-2281023,11,770164.0887344136,6270794.2377780145,present,0.328653007856775
-2281023,12,770164.947670176,6270793.700452903,present,0.4888923882387826
-2281023,13,770165.8066059386,6270793.163127791,present,0.39734812310742323
-2281023,14,770166.665541701,6270792.62580268,present,0.32998124389423744
-2281023,15,770167.5244774634,6270792.088477568,ambiguous,0.5625271969354708
-2281023,16,770168.383413226,6270791.551152457,present,0.3428692033178619
-2281023,17,770169.2423489884,6270791.013827344,ambiguous,0.5283758054758552
-2281023,18,770170.1012847509,6270790.476502233,present,0.34185129630723327
-2281023,19,770170.9602205133,6270789.939177121,present,0.2605136187351818
-2281023,20,770171.8191562758,6270789.40185201,present,0.24825407204886404
-2281023,21,770172.6780920383,6270788.864526898,present,0.3145511738264233
-2281023,22,770173.5370278007,6270788.327201786,present,0.19441571078527922
-2281023,23,770174.3959635631,6270787.789876674,present,0.2599450899624543
-2281023,24,770175.2548993257,6270787.252551563,present,0.23877350113019805
-2281023,25,770176.1138350881,6270786.715226451,present,0.29522063322227343
-2281023,26,770176.9727708505,6270786.17790134,present,0.19642323929856031
-2281023,27,770177.8317066131,6270785.640576228,present,0.041658389491275274
-2281023,28,770178.6906423755,6270785.103251116,present,0.3301948969049837
-2281023,29,770179.5495781379,6270784.565926004,present,0.25767173657966413
-2281023,30,770180.4085139004,6270784.028600893,present,0.12880138953406156
-2281023,31,770181.2674496629,6270783.491275781,present,0.15468590587503095
-2281023,32,770182.1263854253,6270782.95395067,present,0.08477038552279371
-2281023,33,770182.9853211878,6270782.4166255575,present,0.280800690975392
-2281023,34,770183.8442569502,6270781.879300446,present,0.15351934316776067
-2281023,35,770184.7031927127,6270781.341975334,present,0.07937057039057248
-2281023,36,770185.5621284752,6270780.804650223,present,0.03471553518385569
-2281023,37,770186.4210642376,6270780.267325111,present,0.17179547839668646
-2281023,38,770187.28,6270779.7299999995,present,0.1341640787749374
-2281023,39,770188.1389357626,6270779.192674888,present,0.13783678898028245
-2281023,40,770188.997871525,6270778.655349776,present,0.14866608070397103
-2281023,41,770189.8568072874,6270778.118024665,present,0.14497114082227017
-2281023,42,770190.71574305,6270777.580699553,present,0.010930733698013232
-2281023,43,770191.5746788124,6270777.043374442,present,0.09843577139714704
-2281023,44,770192.4336145748,6270776.506049329,present,0.02104608311267094
-2281023,45,770193.2925503373,6270775.968724218,present,0.0625633464036152
-2281023,46,770194.1514860998,6270775.431399106,present,0.07149979000798497
-2281023,47,770195.0104218622,6270774.894073995,present,0.04857540026612922
-2281023,48,770195.8693576247,6270774.356748883,present,0.05479309291557379
-2281023,49,770196.7282933871,6270773.819423771,present,0.0983383785864492
-2281023,50,770197.5872291496,6270773.282098659,present,0.0894978598700677
-2281023,51,770198.4461649121,6270772.744773548,present,0.06408912810545328
-2281023,52,770199.3051006745,6270772.207448436,present,0.04770070702334439
-2281023,53,770200.164036437,6270771.670123325,present,0.08420970973004992
-2281023,54,770201.0229721995,6270771.132798213,present,0.08884873479901594
-2281023,55,770201.8819079619,6270770.595473101,present,0.06561646305642457
-2281023,56,770202.7408437243,6270770.058147989,present,0.03578665735696242
-2281023,57,770203.5997794869,6270769.520822878,present,0.08494746001434932
-2281023,58,770204.4587152493,6270768.983497766,present,0.061973757406440046
-2281023,59,770205.3176510117,6270768.446172655,present,0.13077151415205357
-2281023,60,770206.1765867742,6270767.9088475425,present,0.019154111334712114
-2281023,61,770207.0355225367,6270767.371522431,present,0.05881129180028495
-2281023,62,770207.8944582992,6270766.834197319,present,0.07202767292987496
-2281023,63,770208.7533940616,6270766.296872208,present,0.04699493086466411
-2281023,64,770209.6123298241,6270765.759547096,present,0.12620595971761756
-2281023,65,770210.4712655866,6270765.2222219845,present,0.07821150864646596
-2281023,66,770211.330201349,6270764.684896872,present,0.0405009141769359
-2281023,67,770212.1891371114,6270764.147571761,present,0.06032100868542768
-2281023,68,770213.048072874,6270763.610246649,present,0.091927456939597
-2281023,69,770213.9070086364,6270763.072921538,present,0.03767948773950225
-2281023,70,770214.7659443988,6270762.535596426,present,0.037918726280500845
-2281023,71,770215.6248801613,6270761.998271314,present,0.025179250458746173
-2281023,72,770216.4838159238,6270761.460946202,present,0.055593491984413386
-2281023,73,770217.3427516862,6270760.923621091,present,0.018390073489212715
-2281023,74,770218.2016874487,6270760.386295979,present,0.05686363485755378
-2281023,75,770219.0606232112,6270759.848970868,present,0.031910147799478886
-2281023,76,770219.9195589736,6270759.311645756,present,0.08227144623764734
-2281022,0,770152.4172410885,6270797.827185888,present,0.05246145381319291
-2281022,1,770153.283806255,6270797.302583657,present,0.0938418284543417
-2281022,2,770154.1503714215,6270796.777981427,present,0.04309969326930171
-2281022,3,770155.0169365881,6270796.253379196,present,0.25480697931657986
-2281022,4,770155.8835017546,6270795.728776964,present,0.22485631867584474
-2281022,5,770156.7500669211,6270795.204174734,present,0.21500713095294866
-2281022,6,770157.6166320876,6270794.679572503,present,0.1123252741486214
-2281022,7,770158.4831972542,6270794.154970272,present,0.14779806321136793
-2281022,8,770159.3497624208,6270793.630368041,present,0.01976584756104773
-2281022,9,770160.2163275873,6270793.10576581,present,0.035953856200391904
-2281022,10,770161.0828927538,6270792.58116358,present,0.12415883306347078
-2281022,11,770161.9494579204,6270792.056561349,present,0.1434107907973848
-2281022,12,770162.8160230869,6270791.531959117,present,0.03690960012326364
-2281022,13,770163.6825882534,6270791.007356887,present,0.018902187720332468
-2281022,14,770164.5491534199,6270790.482754656,present,0.0874096858491485
-2281022,15,770165.4157185865,6270789.9581524255,present,0.1256000807256768
-2281022,16,770166.282283753,6270789.433550194,present,0.12439961602317356
-2281022,17,770167.1488489195,6270788.908947963,present,0.12051941978672577
-2281022,18,770168.015414086,6270788.384345733,present,0.1826911505649801
-2281022,19,770168.8819792527,6270787.859743502,present,0.13251317799339088
-2281022,20,770169.7485444192,6270787.33514127,present,0.019170360853264626
-2281022,21,770170.6151095857,6270786.81053904,present,0.04636781154219685
-2281022,22,770171.4816747522,6270786.285936809,present,0.05088527761327133
-2281022,23,770172.3482399188,6270785.7613345785,present,0.08266510662882244
-2281022,24,770173.2148050853,6270785.236732347,present,0.04357840018054343
-2281022,25,770174.0813702518,6270784.712130116,present,0.08061671089647156
-2281022,26,770174.9479354183,6270784.187527886,present,0.10144986991659115
-2281022,27,770175.814500585,6270783.662925655,present,0.08543098526167203
-2281022,28,770176.6810657515,6270783.138323424,present,0.03606700417506653
-2281022,29,770177.547630918,6270782.613721193,present,0.05227081274584105
-2281022,30,770178.4141960845,6270782.089118962,present,0.09024255223249562
-2281022,31,770179.2807612511,6270781.564516732,present,0.029585559102837906
-2281022,32,770180.1473264176,6270781.039914501,present,0.07977627241655574
-2281022,33,770181.0138915841,6270780.515312269,present,0.14230065452394122
-2281022,34,770181.8804567506,6270779.990710039,present,0.07212978423615739
-2281022,35,770182.7470219173,6270779.466107808,present,0.12464310247553313
-2281022,36,770183.6135870838,6270778.941505577,present,0.03699030447898671
-2281022,37,770184.4801522503,6270778.416903346,present,0.06443406443229553
-2281022,38,770185.3467174168,6270777.892301115,present,0.0454846831836529
-2281022,39,770186.2132825834,6270777.367698885,present,0.03981759377993778
-2281022,40,770187.0798477499,6270776.843096654,present,0.10359530967656429
-2281022,41,770187.9464129164,6270776.318494422,present,0.13929042652736065
-2281022,42,770188.8129780829,6270775.793892192,present,0.07195848470721826
-2281022,43,770189.6795432495,6270775.269289961,present,0.09895443296823263
-2281022,44,770190.546108416,6270774.74468773,present,0.025609673823222278
-2281022,45,770191.4126735826,6270774.220085499,present,0.05607964873817161
-2281022,46,770192.2792387491,6270773.695483268,present,0.04999757192299048
-2281022,47,770193.1458039157,6270773.170881038,present,0.08781295151244488
-2281022,48,770194.0123690822,6270772.646278807,present,0.04855753416148029
-2281022,49,770194.8789342487,6270772.121676575,present,0.02038550163654768
-2281022,50,770195.7454994152,6270771.597074345,present,0.08485672142421172
-2281022,51,770196.6120645818,6270771.072472114,present,0.14986612245909303
-2281022,52,770197.4786297483,6270770.5478698835,present,0.089823070273823
-2281022,53,770198.3451949148,6270770.023267653,present,0.1151081335526012
-2281022,54,770199.2117600814,6270769.498665421,present,0.17921458238531926
-2281022,55,770200.078325248,6270768.974063191,present,0.09427189772364944
-2281022,56,770200.9448904145,6270768.44946096,present,0.18034833249159193
-2281022,57,770201.811455581,6270767.924858729,present,0.08279089046452907
-2281022,58,770202.6780207475,6270767.400256498,present,0.05192107535745125
-2281022,59,770203.5445859141,6270766.875654267,present,0.034600316449305286
-2281022,60,770204.4111510806,6270766.3510520365,present,0.18752614983371843
-2281022,61,770205.2777162471,6270765.826449806,present,0.0759992452968698
-2281022,62,770206.1442814136,6270765.301847574,present,0.14859871429036348
-2281022,63,770207.0108465803,6270764.777245344,present,0.1233039743423355
-2281022,64,770207.8774117468,6270764.252643113,present,0.10410944962362247
-2281022,65,770208.7439769133,6270763.728040882,present,0.11539588466454033
-2281022,66,770209.6105420798,6270763.203438651,present,0.14151450270460478
-2281022,67,770210.4771072464,6270762.67883642,present,0.0558551587323758
-2281022,68,770211.3436724129,6270762.15423419,present,0.18943899214664392
-2281022,69,770212.2102375794,6270761.629631959,present,0.16112501328724638
-2281022,70,770213.0768027459,6270761.105029727,present,0.11419067836364971
-2281022,71,770213.9433679126,6270760.580427497,present,0.15907647174279277
-2281022,72,770214.809933079,6270760.055825266,present,0.14747854014699732
-2281022,73,770215.6764982456,6270759.531223035,present,0.19559604515858525
-2281022,74,770216.5430634121,6270759.006620804,present,0.21912955496862865
-2281022,75,770217.4096285787,6270758.482018573,present,0.16403340325272675
-2281022,76,770218.2761937452,6270757.957416343,present,0.1774571669295968
-2281022,77,770219.1427589117,6270757.432814112,present,0.054504980741743606
-2281021,0,770152.5905859909,6270794.721018638,present,0.013882653487988832
-2281021,1,770153.4556370311,6270794.193258141,present,0.12100107703557504
-2281021,2,770154.3206880714,6270793.665497645,present,0.07233048630695552
-2281021,3,770155.1857391116,6270793.1377371475,present,0.023713414581745036
-2281021,4,770156.0507901519,6270792.60997665,present,0.04505954898539575
-2281021,5,770156.9158411921,6270792.082216153,present,0.06961029623873366
-2281021,6,770157.7808922324,6270791.554455657,present,0.1906224359288077
-2281021,7,770158.6459432726,6270791.026695159,present,0.029282323751243698
-2281021,8,770159.5109943129,6270790.498934662,present,0.09073951047835309
-2281021,9,770160.3760453531,6270789.971174166,present,0.04606032147172323
-2281021,10,770161.2410963933,6270789.443413668,present,0.08534317795373479
-2281021,11,770162.1061474336,6270788.915653171,present,0.02853010118896842
-2281021,12,770162.9711984738,6270788.387892675,present,0.04294067509085974
-2281021,13,770163.8362495141,6270787.860132177,ambiguous,0.7248760366325951
-2281021,14,770164.7013005543,6270787.33237168,present,0.16125058656212876
-2281021,15,770165.5663515946,6270786.804611183,present,0.005879954897431881
-2281021,16,770166.4314026348,6270786.276850686,present,0.07019321231087315
-2281021,17,770167.2964536751,6270785.749090189,present,0.04309426352217814
-2281021,18,770168.1615047153,6270785.221329692,present,0.10040545995059938
-2281021,19,770169.0265557555,6270784.693569195,present,0.2713307033711554
-2281021,20,770169.8916067958,6270784.165808698,present,0.05421511744334257
-2281021,21,770170.756657836,6270783.638048201,present,0.053637699573992066
-2281021,22,770171.6217088763,6270783.110287704,present,0.0654268724827654
-2281021,23,770172.4867599165,6270782.582527207,present,0.069008585874053
-2281021,24,770173.3518109568,6270782.05476671,ambiguous,1.0796068726241335
-2281021,25,770174.216861997,6270781.527006213,present,0.43252294398138785
-2281021,26,770175.0819130372,6270780.999245716,present,0.04337461248327768
-2281021,27,770175.9469640775,6270780.471485219,present,0.28118105227271484
-2281021,28,770176.8120151177,6270779.943724722,ambiguous,1.193305294555928
-2281021,29,770177.677066158,6270779.415964225,missing,1.7985880355384516
-2281021,30,770178.5421171982,6270778.888203728,missing,1.9972264562256177
-2281021,31,770179.4071682385,6270778.360443231,missing,2.0435522130729735
-2281021,32,770180.2722192787,6270777.832682733,ambiguous,1.1925228940727177
-2281021,33,770181.137270319,6270777.304922237,present,0.19159561683210807
-2281021,34,770182.0023213592,6270776.77716174,present,0.035884443399352796
-2281021,35,770182.8673723994,6270776.2494012425,present,0.05608986127997618
-2281021,36,770183.7324234397,6270775.721640746,present,0.07734227150958861
-2281021,37,770184.5974744799,6270775.193880249,present,0.023342030995590273
-2281021,38,770185.4625255202,6270774.6661197515,present,0.09391990322784699
-2281021,39,770186.3275765604,6270774.138359254,present,0.10913193195598621
-2281021,40,770187.1926276007,6270773.610598758,present,0.1116472843839591
-2281021,41,770188.0576786409,6270773.082838261,present,0.0870555284625604
-2281021,42,770188.9227296811,6270772.555077763,present,0.019732808342032643
-2281021,43,770189.7877807214,6270772.027317267,present,0.04343126449111362
-2281021,44,770190.6528317616,6270771.49955677,present,0.12752683128634426
-2281021,45,770191.5178828019,6270770.971796272,present,0.08512473339358217
-2281021,46,770192.3829338421,6270770.444035775,present,0.04723886850673981
-2281021,47,770193.2479848824,6270769.916275279,present,0.0980007076224341
-2281021,48,770194.1130359226,6270769.388514781,present,0.07784997265541307
-2281021,49,770194.978086963,6270768.860754284,present,0.043286878090639476
-2281021,50,770195.8431380031,6270768.332993788,present,0.040334123774274436
-2281021,51,770196.7081890433,6270767.80523329,present,0.06847213655999462
-2281021,52,770197.5732400836,6270767.277472793,present,0.03761260892506252
-2281021,53,770198.4382911238,6270766.749712297,present,0.05769957334579175
-2281021,54,770199.3033421641,6270766.2219517995,present,0.04800843810417833
-2281021,55,770200.1683932043,6270765.694191302,present,0.0746645510267718
-2281021,56,770201.0334442446,6270765.166430805,present,0.016787917015259207
-2281021,57,770201.8984952848,6270764.6386703085,present,0.039592457031275494
-2281021,58,770202.763546325,6270764.110909811,present,0.04951259001299495
-2281021,59,770203.6285973653,6270763.583149314,present,0.11489262508868373
-2281021,60,770204.4936484055,6270763.055388818,present,0.0624126659824599
-2281021,61,770205.3586994458,6270762.52762832,present,0.09304785295109855
-2281021,62,770206.223750486,6270761.999867823,present,0.12219812028350616
-2281021,63,770207.0888015263,6270761.472107326,present,0.04341923576847024
-2281021,64,770207.9538525665,6270760.944346829,present,0.04872994321857778
-2281021,65,770208.8189036069,6270760.416586332,present,0.11734273556531427
-2281021,66,770209.683954647,6270759.888825835,present,0.11262854279726378
-2281021,67,770210.5490056872,6270759.361065338,present,0.07206072924826266
-2281021,68,770211.4140567275,6270758.833304841,present,0.06619662125919287
-2281021,69,770212.2791077677,6270758.305544344,present,0.06062155772071884
-2281021,70,770213.144158808,6270757.777783847,present,0.08797797064342319
-2281021,71,770214.0092098482,6270757.25002335,present,0.11108672061214372
-2281021,72,770214.8742608886,6270756.722262853,present,0.05477150632442568
-2281021,73,770215.7393119287,6270756.1945023555,present,0.11587242036201202
-2281021,74,770216.604362969,6270755.666741859,present,0.04408535455776395
-2281021,75,770217.4694140092,6270755.138981362,present,0.08059242852837711
-2281020,0,770149.7835679767,6270793.286344194,present,0.09124465047746418
-2281020,1,770150.6484103668,6270792.758906682,present,0.030105323614875713
-2281020,2,770151.513252757,6270792.23146917,present,0.051909544390160246
-2281020,3,770152.3780951473,6270791.704031659,present,0.14939745785562336
-2281020,4,770153.2429375375,6270791.176594147,present,0.05706045886884126
-2281020,5,770154.1077799278,6270790.649156636,present,0.11165402916073403
-2281020,6,770154.972622318,6270790.121719125,present,0.05856224275026844
-2281020,7,770155.8374647081,6270789.594281613,present,0.08622249359014303
-2281020,8,770156.7023070984,6270789.066844101,present,0.10344235208053919
-2281020,9,770157.5671494886,6270788.53940659,present,0.06915755474065341
-2281020,10,770158.4319918788,6270788.011969078,present,0.10046742954629669
-2281020,11,770159.2968342691,6270787.4845315665,present,0.10769860398931227
-2281020,12,770160.1616766592,6270786.957094056,present,0.07754206231535311
-2281020,13,770161.0265190495,6270786.429656544,present,0.16486913517603421
-2281020,14,770161.8913614397,6270785.902219032,present,0.07834955986678119
-2281020,15,770162.7562038299,6270785.374781521,present,0.037064581586213396
-2281020,16,770163.6210462202,6270784.847344009,present,0.05607287566550148
-2281020,17,770164.4858886104,6270784.319906497,present,0.10482405463526373
-2281020,18,770165.3507310005,6270783.7924689865,present,0.06757994819741169
-2281020,19,770166.2155733908,6270783.265031475,present,0.07459226768216831
-2281020,20,770167.080415781,6270782.737593963,present,0.033837381967109455
-2281020,21,770167.9452581713,6270782.210156452,present,0.11041233430709355
-2281020,22,770168.8101005615,6270781.68271894,present,0.11624117625184179
-2281020,23,770169.6749429516,6270781.155281428,present,0.03559503181067915
-2281020,24,770170.5397853419,6270780.627843917,present,0.04337596729205813
-2281020,25,770171.4046277321,6270780.1004064055,present,0.06892369950330851
-2281020,26,770172.2694701223,6270779.572968894,present,0.09520867077089097
-2281020,27,770173.1343125126,6270779.045531383,present,0.034934697524765114
-2281020,28,770173.9991549028,6270778.518093871,present,0.09120494743659921
-2281020,29,770174.8639972929,6270777.990656359,present,0.0795703832290362
-2281020,30,770175.7288396832,6270777.463218848,present,0.16372973438025368
-2281020,31,770176.5936820734,6270776.935781336,present,0.0904079992556103
-2281020,32,770177.4585244637,6270776.408343825,present,0.06903058398462288
-2281020,33,770178.3233668539,6270775.880906314,present,0.09472741064438191
-2281020,34,770179.188209244,6270775.353468802,present,0.10163131613293826
-2281020,35,770180.0530516343,6270774.82603129,present,0.028078107425562333
-2281020,36,770180.9178940245,6270774.298593779,present,0.08968182363689543
-2281020,37,770181.7827364147,6270773.771156267,present,0.10632150896544124
-2281020,38,770182.647578805,6270773.243718755,present,0.08112367325680776
-2281020,39,770183.5124211952,6270772.7162812445,present,0.06825914785841448
-2281020,40,770184.3772635855,6270772.188843733,present,0.10257776246598371
-2281020,41,770185.2421059756,6270771.661406221,present,0.06790858568221651
-2281020,42,770186.1069483658,6270771.13396871,present,0.08327034519153684
-2281020,43,770186.9717907561,6270770.606531198,present,0.06020879303189656
-2281020,44,770187.8366331463,6270770.079093686,present,0.07476806142664313
-2281020,45,770188.7014755365,6270769.551656175,present,0.11900433690510867
-2281020,46,770189.5663179267,6270769.024218664,present,0.0588923480083591
-2281020,47,770190.4311603169,6270768.496781152,present,0.03141454924732685
-2281020,48,770191.2960027072,6270767.969343641,present,0.032511127952832
-2281020,49,770192.1608450974,6270767.441906129,present,0.08498234620022499
-2281020,50,770193.0256874876,6270766.914468617,present,0.10617989803789349
-2281020,51,770193.8905298779,6270766.387031106,present,0.007051044432934182
-2281020,52,770194.755372268,6270765.859593594,present,0.010651430177065054
-2281020,53,770195.6202146582,6270765.332156083,present,0.08042579128849005
-2281020,54,770196.4850570485,6270764.804718572,present,0.09520365511469067
-2281020,55,770197.3498994387,6270764.27728106,present,0.03376749753293359
-2281020,56,770198.2147418289,6270763.749843548,present,0.15997449379670414
-2281020,57,770199.0795842191,6270763.222406037,present,0.13247608827197263
-2281020,58,770199.9444266093,6270762.694968525,present,0.05644743182552802
-2281020,59,770200.8092689996,6270762.1675310135,present,0.04651741355632908
-2281020,60,770201.6741113898,6270761.640093503,present,0.04103974884679879
-2281020,61,770202.53895378,6270761.112655991,present,0.13669388171558589
-2281020,62,770203.4037961703,6270760.585218479,present,0.0949843365223576
-2281020,63,770204.2686385604,6270760.057780968,present,0.09694311029131875
-2281020,64,770205.1334809506,6270759.530343456,present,0.06069456929613834
-2281020,65,770205.9983233409,6270759.002905944,present,0.09428110464836777
-2281020,66,770206.8631657311,6270758.475468433,present,0.04964955287376681
-2281020,67,770207.7280081214,6270757.948030922,present,0.042016319904892255
-2281020,68,770208.5928505115,6270757.42059341,present,0.010970220793757987
-2281020,69,770209.4576929017,6270756.893155899,present,0.06431986095532885
-2281020,70,770210.322535292,6270756.365718387,present,0.05284559443994399
-2281020,71,770211.1873776822,6270755.838280875,present,0.08798994804874224
-2281020,72,770212.0522200724,6270755.310843364,present,0.0702279887839804
-2281020,73,770212.9170624627,6270754.7834058525,present,0.14836284200877684
-2281020,74,770213.7819048528,6270754.255968341,present,0.009043543740935188
-2281020,75,770214.6467472431,6270753.72853083,present,0.03772446075649053
-2281020,76,770215.5115896333,6270753.201093318,present,0.07158845116704764
-2281020,77,770216.3764320235,6270752.673655806,present,0.2340494082974964
-2281019,0,770149.2155749471,6270791.166124464,present,0.06752830523405387
-2281019,1,770150.0791124485,6270790.636226451,present,0.02614804801521448
-2281019,2,770150.9426499498,6270790.106328439,present,0.23722357794043564
-2281019,3,770151.8061874512,6270789.576430427,present,0.05419539454140628
-2281019,4,770152.6697249527,6270789.046532415,present,0.18121538389750108
-2281019,5,770153.533262454,6270788.516634403,ambiguous,1.0720420268563042
-2281019,6,770154.3967999554,6270787.986736391,ambiguous,1.2476716940569461
-2281019,7,770155.2603374568,6270787.456838378,present,0.2976951053901338
-2281019,8,770156.1238749583,6270786.926940366,present,0.05620837728355835
-2281019,9,770156.9874124596,6270786.397042354,present,0.11429183509934313
-2281019,10,770157.850949961,6270785.867144342,ambiguous,0.9087009839584191
-2281019,11,770158.7144874624,6270785.3372463295,ambiguous,1.1849349903387467
-2281019,12,770159.5780249637,6270784.8073483175,present,0.21006371443860744
-2281019,13,770160.4415624652,6270784.2774503045,present,0.10319947009565271
-2281019,14,770161.3050999666,6270783.747552292,present,0.027053808331771696
-2281019,15,770162.168637468,6270783.21765428,present,0.037678924423879157
-2281019,16,770163.0321749693,6270782.687756268,present,0.1273249705534744
-2281019,17,770163.8957124708,6270782.157858256,present,0.25608406730486666
-2281019,18,770164.7592499722,6270781.627960243,present,0.05242261047824323
-2281019,19,770165.6227874735,6270781.098062231,present,0.03614910445140745
-2281019,20,770166.4863249749,6270780.568164219,present,0.037231146734386836
-2281019,21,770167.3498624763,6270780.038266207,present,0.08376972409436766
-2281019,22,770168.2133999778,6270779.508368195,present,0.34408062969992065
-2281019,23,770169.0769374791,6270778.978470183,ambiguous,1.1115106093471483
-2281019,24,770169.9404749805,6270778.44857217,present,0.2461176620610883
-2281019,25,770170.8040124819,6270777.918674158,present,0.1259944942340378
-2281019,26,770171.6675499832,6270777.388776146,present,0.10906471318846751
-2281019,27,770172.5310874847,6270776.858878134,present,0.02089269021311428
-2281019,28,770173.3946249861,6270776.328980122,present,0.11371808737357636
-2281019,29,770174.2581624875,6270775.79908211,present,0.10325355978808566
-2281019,30,770175.1216999888,6270775.269184097,present,0.1566771730277525
-2281019,31,770175.9852374903,6270774.739286085,present,0.07689962974404889
-2281019,32,770176.8487749917,6270774.209388073,present,0.04940326250312091
-2281019,33,770177.712312493,6270773.679490061,present,0.0656175687857108
-2281019,34,770178.5758499944,6270773.1495920485,ambiguous,0.7067029679343296
-2281019,35,770179.4393874959,6270772.619694036,present,0.3636530258234215
-2281019,36,770180.3029249973,6270772.089796023,present,0.08010905727309373
-2281019,37,770181.1664624986,6270771.559898011,present,0.05281481888757519
-2281019,38,770182.03,6270771.029999999,present,0.010000000009313269
-2281019,39,770182.8935375015,6270770.500101987,present,0.10400954211714376
-2281019,40,770183.7570750028,6270769.970203975,present,0.06240989478529414
-2281019,41,770184.6206125042,6270769.440305962,present,0.38061262717915106
-2281019,42,770185.4841500056,6270768.91040795,ambiguous,0.8442235219593814
-2281019,43,770186.347687507,6270768.380509938,present,0.06449263458670183
-2281019,44,770187.2112250084,6270767.850611926,present,0.02320855275290019
-2281019,45,770188.0747625098,6270767.320713914,present,0.08082559854687292
-2281019,46,770188.9383000112,6270766.790815902,present,0.1285991459816028
-2281019,47,770189.8018375125,6270766.260917889,present,0.07266195100678824
-2281019,48,770190.665375014,6270765.731019877,present,0.06420705769588247
-2281019,49,770191.5289125154,6270765.201121865,present,0.22995843502769692
-2281019,50,770192.3924500168,6270764.671223853,present,0.047308222340338595
-2281019,51,770193.2559875181,6270764.141325841,present,0.04113441650835559
-2281019,52,770194.1195250195,6270763.611427829,ambiguous,1.022236309506759
-2281019,53,770194.983062521,6270763.081529816,missing,1.9069298782094115
-2281019,54,770195.8466000223,6270762.551631804,missing,1.8172130352728215
-2281019,55,770196.7101375237,6270762.021733792,missing,1.504230504882602
-2281019,56,770197.5736750251,6270761.4918357795,present,0.49517547969465436
-2281019,57,770198.4372125266,6270760.961937767,present,0.07727098335106204
-2281019,58,770199.3007500279,6270760.432039755,present,0.135240740611514
-2281019,59,770200.1642875293,6270759.902141742,present,0.0794278923415573
-2281019,60,770201.0278250307,6270759.37224373,present,0.05344407225823899
-2281019,61,770201.891362532,6270758.842345718,present,0.08807882209822097
-2281019,62,770202.7549000335,6270758.312447706,present,0.08953008727913607
-2281019,63,770203.6184375349,6270757.782549694,present,0.1340242154226813
-2281019,64,770204.4819750363,6270757.252651681,present,0.012265109407399933
-2281019,65,770205.3455125376,6270756.722753669,present,0.07313366875155732
-2281019,66,770206.2090500391,6270756.192855657,present,0.012890707982515882
-2281019,67,770207.0725875405,6270755.662957645,present,0.06345614045153583
-2281019,68,770207.9361250418,6270755.133059633,present,0.03599718060191061
-2281019,69,770208.7996625432,6270754.603161621,present,0.17361579629296223
-2281019,70,770209.6632000447,6270754.073263608,present,0.05921437105033333
-2281019,71,770210.5267375461,6270753.543365596,present,0.10616572742845376
-2281019,72,770211.3902750474,6270753.013467584,present,0.10155915074472527
-2281019,73,770212.2538125488,6270752.483569572,present,0.1149512769963753
-2281019,74,770213.1173500502,6270751.95367156,present,0.11740747268575522
-2281019,75,770213.9808875516,6270751.423773548,present,0.041466784717781875
-2281019,76,770214.844425053,6270750.893875535,present,0.15809696022374073
-2281018,0,770147.392892067,6270788.481969933,present,0.17849624699321595
-2281018,1,770148.2609738547,6270787.959549671,present,0.08097510686024269
-2281018,2,770149.1290556424,6270787.43712941,present,0.2249282944697779
-2281018,3,770149.9971374301,6270786.914709149,present,0.2033951358539589
-2281018,4,770150.8652192178,6270786.392288887,present,0.04070208057800766
-2281018,5,770151.7333010056,6270785.869868626,present,0.22731607461468425
-2281018,6,770152.6013827933,6270785.347448364,present,0.2213341296855817
-2281018,7,770153.469464581,6270784.825028103,present,0.2640844173500914
-2281018,8,770154.3375463687,6270784.302607842,present,0.2697253457540897
-2281018,9,770155.2056281564,6270783.78018758,present,0.23161505635846674
-2281018,10,770156.0737099441,6270783.257767319,present,0.13333657520174735
-2281018,11,770156.9417917319,6270782.735347058,present,0.17752285633545584
-2281018,12,770157.8098735196,6270782.212926796,present,0.1563613569549876
-2281018,13,770158.6779553073,6270781.690506535,present,0.2017179456591336
-2281018,14,770159.546037095,6270781.168086274,present,0.09939117516376825
-2281018,15,770160.4141188827,6270780.645666012,present,0.23398562276082902
-2281018,16,770161.2822006703,6270780.123245751,present,0.18723059317375038
-2281018,17,770162.150282458,6270779.6008254895,present,0.04461320751936661
-2281018,18,770163.0183642458,6270779.0784052275,present,0.06271686328144407
-2281018,19,770163.8864460335,6270778.555984966,present,0.06014163759719192
-2281018,20,770164.7545278212,6270778.0335647045,present,0.2044221916830553
-2281018,21,770165.6226096089,6270777.511144443,present,0.19701182134112197
-2281018,22,770166.4906913966,6270776.988724182,present,0.11984025573941044
-2281018,23,770167.3587731844,6270776.46630392,present,0.1152355456948373
-2281018,24,770168.2268549721,6270775.943883659,present,0.07724305152981657
-2281018,25,770169.0949367598,6270775.421463398,present,0.15658345990626948
-2281018,26,770169.9630185475,6270774.899043136,present,0.10901477560296707
-2281018,27,770170.8311003352,6270774.376622875,present,0.07655845007131577
-2281018,28,770171.699182123,6270773.854202614,present,0.07656546295339353
-2281018,29,770172.5672639107,6270773.331782352,present,0.09803111849507623
-2281018,30,770173.4353456984,6270772.809362091,present,0.08394013649593704
-2281018,31,770174.3034274861,6270772.28694183,present,0.05850358401498752
-2281018,32,770175.1715092738,6270771.764521568,present,0.08067660837013771
-2281018,33,770176.0395910615,6270771.242101307,present,0.1011355355339181
-2281018,34,770176.9076728493,6270770.719681045,present,0.05333223024946559
-2281018,35,770177.775754637,6270770.197260784,present,0.025309219840165386
-2281018,36,770178.6438364247,6270769.674840523,present,0.030238095721503606
-2281018,37,770179.5119182124,6270769.152420261,present,0.08818022745996713
-2281018,38,770180.3800000001,6270768.63,present,0.10049875677973971
-2281018,39,770181.2480817877,6270768.107579739,present,0.03341240196892985
-2281018,40,770182.1161635754,6270767.585159477,present,0.0731382056092076
-2281018,41,770182.9842453632,6270767.062739216,present,0.08665494258929714
-2281018,42,770183.8523271509,6270766.540318955,present,0.12174585947459954
-2281018,43,770184.7204089386,6270766.017898693,present,0.051934801312896295
-2281018,44,770185.5884907263,6270765.495478432,present,0.07053459753236303
-2281018,45,770186.456572514,6270764.97305817,present,0.0742818516556721
-2281018,46,770187.3246543017,6270764.450637909,present,0.112260729345329
-2281018,47,770188.1927360895,6270763.928217648,present,0.08914523411677291
-2281018,48,770189.0608178772,6270763.405797386,present,0.07096283197039129
-2281018,49,770189.9288996649,6270762.883377125,present,0.05125637908108535
-2281018,50,770190.7969814526,6270762.3609568635,present,0.08101311828439113
-2281018,51,770191.6650632403,6270761.8385366015,present,0.03596457614013059
-2281018,52,770192.533145028,6270761.31611634,present,0.08638874149967168
-2281018,53,770193.4012268158,6270760.793696079,present,0.04890344153461469
-2281018,54,770194.2693086035,6270760.271275817,present,0.045917863208386325
-2281018,55,770195.1373903912,6270759.748855556,present,0.08548322106988984
-2281018,56,770196.0054721789,6270759.226435295,present,0.028190133524595963
-2281018,57,770196.8735539666,6270758.704015033,present,0.024865099754940053
-2281018,58,770197.7416357544,6270758.181594772,present,0.023158039379877374
-2281018,59,770198.6097175421,6270757.65917451,present,0.03917552844854357
-2281018,60,770199.4777993298,6270757.136754249,present,0.058192631865486295
-2281018,61,770200.3458811174,6270756.614333988,present,0.12649551101748327
-2281018,62,770201.2139629051,6270756.091913726,present,0.03483459006905693
-2281018,63,770202.0820446928,6270755.569493465,present,0.02378219066786754
-2281018,64,770202.9501264805,6270755.047073204,present,0.0972197098469233
-2281018,65,770203.8182082683,6270754.524652942,present,0.0565892371801674
-2281018,66,770204.686290056,6270754.002232681,present,0.09376008788986681
-2281018,67,770205.5543718437,6270753.47981242,present,0.07223811233378585
-2281018,68,770206.4224536314,6270752.957392158,present,0.07500522170636716
-2281018,69,770207.2905354191,6270752.434971897,present,0.05078494277183687
-2281018,70,770208.1586172068,6270751.912551636,present,0.05426450799875712
-2281018,71,770209.0266989946,6270751.390131374,present,0.09669908375723464
-2281018,72,770209.8947807823,6270750.867711113,present,0.09114453598418422
-2281018,73,770210.76286257,6270750.345290851,present,0.10607360148627148
-2281018,74,770211.6309443577,6270749.82287059,present,0.10768699751359531
-2281018,75,770212.4990261454,6270749.300450329,present,0.07297426236095178
-2281018,76,770213.3671079332,6270748.778030067,present,0.07561010118039486
-2281017,0,770145.958885875,6270786.641218519,present,0.08889422678193558
-2281017,1,770146.8252309836,6270786.115923295,present,0.07058670802745044
-2281017,2,770147.691576092,6270785.59062807,present,0.13770587516241203
-2281017,3,770148.5579212006,6270785.065332846,present,0.05235112787428065
-2281017,4,770149.4242663091,6270784.540037622,present,0.12426631477657485
-2281017,5,770150.2906114177,6270784.014742398,present,0.12565911261671445
-2281017,6,770151.1569565263,6270783.489447174,present,0.046642613842372935
-2281017,7,770152.0233016348,6270782.96415195,present,0.10255208194225655
-2281017,8,770152.8896467434,6270782.438856726,present,0.04493219689238119
-2281017,9,770153.7559918519,6270781.913561501,present,0.016383638587490933
-2281017,10,770154.6223369605,6270781.388266277,present,0.027717314997370457
-2281017,11,770155.4886820691,6270780.8629710525,present,0.11327773061104966
-2281017,12,770156.3550271776,6270780.3376758285,present,0.059383153491993364
-2281017,13,770157.2213722862,6270779.812380604,present,0.05922652896171618
-2281017,14,770158.0877173947,6270779.28708538,present,0.11595129022561643
-2281017,15,770158.9540625033,6270778.761790156,present,0.051188341098482616
-2281017,16,770159.8204076118,6270778.236494931,present,0.0332717557428664
-2281017,17,770160.6867527204,6270777.711199707,present,0.06964758239991473
-2281017,18,770161.553097829,6270777.185904483,present,0.1642406114231005
-2281017,19,770162.4194429375,6270776.660609259,present,0.12120790767680396
-2281017,20,770163.2857880461,6270776.135314035,present,0.09486270861774489
-2281017,21,770164.1521331546,6270775.610018811,present,0.05059650687035192
-2281017,22,770165.0184782632,6270775.084723586,present,0.10947290786083098
-2281017,23,770165.8848233718,6270774.559428362,present,0.10660863248029233
-2281017,24,770166.7511684803,6270774.034133138,present,0.13476983292824393
-2281017,25,770167.6175135889,6270773.508837914,present,0.050633491895798424
-2281017,26,770168.4838586973,6270772.98354269,present,0.10790374488149275
-2281017,27,770169.350203806,6270772.458247466,present,0.06561278191495243
-2281017,28,770170.2165489146,6270771.932952242,present,0.028992748545443054
-2281017,29,770171.082894023,6270771.407657017,present,0.06345079354448357
-2281017,30,770171.9492391316,6270770.882361793,present,0.04982804716788984
-2281017,31,770172.8155842401,6270770.357066569,present,0.08440201733589688
-2281017,32,770173.6819293487,6270769.831771345,present,0.06953547592704562
-2281017,33,770174.5482744573,6270769.306476121,present,0.042225123459906845
-2281017,34,770175.4146195658,6270768.781180897,present,0.10240630963553367
-2281017,35,770176.2809646744,6270768.255885672,present,0.13251721745183806
-2281017,36,770177.1473097829,6270767.730590448,present,0.152691358746321
-2281017,37,770178.0136548915,6270767.205295224,present,0.05016049788322288
-2281017,38,770178.8800000001,6270766.68,present,0.03162277600530093
-2281017,39,770179.7463451086,6270766.154704776,present,0.02962243274957019
-2281017,40,770180.6126902172,6270765.629409552,present,0.06780962389198636
-2281017,41,770181.4790353257,6270765.104114328,present,0.07872834814759459
-2281017,42,770182.3453804343,6270764.578819103,present,0.06623645984351036
-2281017,43,770183.2117255428,6270764.053523879,present,0.047204701150381646
-2281017,44,770184.0780706514,6270763.5282286545,present,0.04742775006965611
-2281017,45,770184.94441576,6270763.0029334305,present,0.045674369090969696
-2281017,46,770185.8107608685,6270762.477638206,present,0.09351739860703515
-2281017,47,770186.6771059771,6270761.952342982,present,0.08853566845460535
-2281017,48,770187.5434510856,6270761.427047757,present,0.057101078735935694
-2281017,49,770188.4097961942,6270760.901752533,present,0.07349657858511544
-2281017,50,770189.2761413028,6270760.376457309,present,0.13381097198516043
-2281017,51,770190.1424864113,6270759.851162085,present,0.11581181320730043
-2281017,52,770191.0088315199,6270759.325866861,present,0.01190872727448684
-2281017,53,770191.8751766284,6270758.800571637,present,0.06546085082319078
-2281017,54,770192.741521737,6270758.275276413,present,0.07577325948176916
-2281017,55,770193.6078668456,6270757.749981188,present,0.06517241342804878
-2281017,56,770194.474211954,6270757.224685964,present,0.08852534043473768
-2281017,57,770195.3405570626,6270756.69939074,present,0.0701892185773071
-2281017,58,770196.2069021711,6270756.174095516,present,0.06417033336128812
-2281017,59,770197.0732472797,6270755.648800292,present,0.10325424969137004
-2281017,60,770197.9395923883,6270755.123505068,present,0.06987941627890426
-2281017,61,770198.8059374968,6270754.598209843,present,0.11619824862793936
-2281017,62,770199.6722826054,6270754.072914619,present,0.11515940402557306
-2281017,63,770200.5386277139,6270753.547619395,present,0.12092786880650183
-2281017,64,770201.4049728225,6270753.022324171,present,0.049142418239919244
-2281017,65,770202.271317931,6270752.497028947,present,0.024557027171903875
-2281017,66,770203.1376630396,6270751.971733723,present,0.052298186031415415
-2281017,67,770204.0040081482,6270751.446438499,present,0.10130860269086225
-2281017,68,770204.8703532567,6270750.921143274,present,0.05601991160383086
-2281017,69,770205.7366983653,6270750.39584805,present,0.055945558114306085
-2281017,70,770206.6030434738,6270749.870552826,present,0.08050003019760482
-2281017,71,770207.4693885824,6270749.345257602,present,0.10951485898514329
-2281017,72,770208.335733691,6270748.819962378,present,0.11293337575009164
-2281017,73,770209.2020787995,6270748.294667154,present,0.005109180956599513
-2281017,74,770210.0684239081,6270747.76937193,present,0.051455705727153814
-2281017,75,770210.9347690166,6270747.244076705,present,0.03572544778591913
-2281017,76,770211.8011141252,6270746.718781481,present,0.06240057702368264
-2281016,0,770144.5742459783,6270784.952894356,present,0.023254940208667738
-2281016,1,770145.4380317971,6270784.423728269,present,0.08483624049195597
-2281016,2,770146.3018176157,6270783.894562182,present,0.10120810916942985
-2281016,3,770147.1656034346,6270783.3653960945,present,0.10450336811605243
-2281016,4,770148.0293892532,6270782.836230007,present,0.1229952128017928
-2281016,5,770148.893175072,6270782.30706392,present,0.12857507401718724
-2281016,6,770149.7569608907,6270781.777897833,present,0.10466925555398866
-2281016,7,770150.6207467095,6270781.248731746,present,0.14771172955846565
-2281016,8,770151.4845325283,6270780.719565659,present,0.10598237145780338
-2281016,9,770152.348318347,6270780.190399571,present,0.12220063074193907
-2281016,10,770153.2121041658,6270779.661233485,present,0.11423716822210501
-2281016,11,770154.0758899845,6270779.132067397,present,0.09987551970064895
-2281016,12,770154.9396758033,6270778.60290131,present,0.11951097545505236
-2281016,13,770155.803461622,6270778.073735223,present,0.026491910269696967
-2281016,14,770156.6672474408,6270777.544569136,present,0.09094352869692147
-2281016,15,770157.5310332595,6270777.015403048,present,0.09504719868324965
-2281016,16,770158.3948190783,6270776.486236962,present,0.09737123761730702
-2281016,17,770159.258604897,6270775.957070874,present,0.06553703921555307
-2281016,18,770160.1223907158,6270775.4279047875,present,0.10918164501298913
-2281016,19,770160.9861765344,6270774.8987387,present,0.07616457809372712
-2281016,20,770161.8499623532,6270774.369572612,present,0.058058385725398315
-2281016,21,770162.713748172,6270773.840406526,present,0.12149836809062083
-2281016,22,770163.5775339907,6270773.311240438,present,0.09728414985949727
-2281016,23,770164.4413198095,6270772.782074351,present,0.028917580994913972
-2281016,24,770165.3051056282,6270772.252908264,present,0.09782570764891993
-2281016,25,770166.168891447,6270771.723742177,present,0.03489401518214314
-2281016,26,770167.0326772657,6270771.194576089,present,0.21892501457742755
-2281016,27,770167.8964630845,6270770.665410003,present,0.0870809062641171
-2281016,28,770168.7602489032,6270770.136243915,present,0.05726973480951673
-2281016,29,770169.624034722,6270769.607077829,present,0.08130894330843315
-2281016,30,770170.4878205407,6270769.077911741,present,0.05356138515156686
-2281016,31,770171.3516063595,6270768.548745654,present,0.06895053681037117
-2281016,32,770172.2153921782,6270768.019579567,present,0.0973808353783871
-2281016,33,770173.079177997,6270767.4904134795,present,0.10719260369849655
-2281016,34,770173.9429638158,6270766.961247392,present,0.025570308072299364
-2281016,35,770174.8067496344,6270766.432081305,present,0.04878263793729412
-2281016,36,770175.6705354532,6270765.902915218,present,0.04398877977246105
-2281016,37,770176.5343212719,6270765.37374913,present,0.11973068367059535
-2281016,38,770177.3981070907,6270764.844583044,present,0.07625360362427025
-2281016,39,770178.2618929094,6270764.315416956,present,0.07089935913839271
-2281016,40,770179.1256787282,6270763.78625087,present,0.04583232694746568
-2281016,41,770179.9894645469,6270763.257084782,present,0.09633317093728551
-2281016,42,770180.8532503657,6270762.727918695,present,0.03206498947273203
-2281016,43,770181.7170361844,6270762.198752608,present,0.08326420925108574
-2281016,44,770182.5808220032,6270761.669586521,present,0.0623351191890881
-2281016,45,770183.444607822,6270761.140420433,present,0.0337459804050157
-2281016,46,770184.3083936407,6270760.611254347,present,0.10191737004798719
-2281016,47,770185.1721794595,6270760.082088259,present,0.02838067773011304
-2281016,48,770186.0359652782,6270759.552922172,present,0.09846499351670625
-2281016,49,770186.899751097,6270759.023756085,present,0.055131871220083756
-2281016,50,770187.7635369156,6270758.494589997,present,0.10739307143497452
-2281016,51,770188.6273227344,6270757.965423911,present,0.07429590797684055
-2281016,52,770189.4911085531,6270757.436257823,present,0.09696971512799292
-2281016,53,770190.3548943719,6270756.907091736,present,0.046916318762956356
-2281016,54,770191.2186801906,6270756.377925649,present,0.10935809842754995
-2281016,55,770192.0824660094,6270755.848759562,present,0.039180963583406295
-2281016,56,770192.9462518281,6270755.319593474,present,0.05428519491989988
-2281016,57,770193.8100376469,6270754.790427388,present,0.05022763779163052
-2281016,58,770194.6738234657,6270754.2612613,present,0.08877393685902772
-2281016,59,770195.5376092844,6270753.732095213,present,0.027688670942112723
-2281016,60,770196.4013951032,6270753.202929126,present,0.11143360707743559
-2281016,61,770197.2651809219,6270752.673763039,present,0.03462312540157874
-2281016,62,770198.1289667407,6270752.144596952,present,0.06773407287855109
-2281016,63,770198.9927525594,6270751.6154308645,present,0.08630998156945315
-2281016,64,770199.8565383782,6270751.086264777,present,0.08710688222140459
-2281016,65,770200.7203241969,6270750.55709869,present,0.028774297116541846
-2281016,66,770201.5841100157,6270750.027932603,present,0.1059691048415203
-2281016,67,770202.4478958343,6270749.498766515,present,0.033878803230647486
-2281016,68,770203.3116816531,6270748.969600429,present,0.09112638364183123
-2281016,69,770204.1754674718,6270748.440434341,present,0.10341090858971949
-2281016,70,770205.0392532906,6270747.911268254,present,0.07078912790495064
-2281016,71,770205.9030391094,6270747.382102167,present,0.022310131500777562
-2281016,72,770206.7668249281,6270746.85293608,present,0.07668542815136317
-2281016,73,770207.6306107469,6270746.323769993,present,0.03357292534838069
-2281016,74,770208.4943965656,6270745.794603906,present,0.02499363886891155
-2281016,75,770209.3581823844,6270745.265437818,present,0.1210327842218333
-2281016,76,770210.2219682031,6270744.736271732,present,0.09497989834966128
-2281016,77,770211.0857540219,6270744.207105644,present,0.06796300166189151
-2281015,0,770143.3742459781,6270782.852894356,present,0.09816913172538068
-2281015,1,770144.2380317969,6270782.323728269,present,0.07661348510913685
-2281015,2,770145.1018176157,6270781.794562181,present,0.10609801929629452
-2281015,3,770145.9656034344,6270781.265396094,present,0.03821183765293239
-2281015,4,770146.8293892532,6270780.736230007,present,0.10397372590043867
-2281015,5,770147.6931750719,6270780.20706392,present,0.07799922546159362
-2281015,6,770148.5569608907,6270779.677897832,present,0.1136851033483658
-2281015,7,770149.4207467095,6270779.148731746,present,0.058340297653682385
-2281015,8,770150.2845325281,6270778.619565658,present,0.05644037487604029
-2281015,9,770151.1483183469,6270778.090399572,present,0.07041965432176973
-2281015,10,770152.0121041656,6270777.561233484,present,0.09252042543294019
-2281015,11,770152.8758899844,6270777.032067397,present,0.07817388236901678
-2281015,12,770153.7396758031,6270776.50290131,present,0.18046386728163477
-2281015,13,770154.6034616219,6270775.973735223,present,0.06584600617828097
-2281015,14,770155.4672474407,6270775.444569135,present,0.05530947395225719
-2281015,15,770156.3310332594,6270774.9154030485,present,0.0654112102618552
-2281015,16,770157.1948190782,6270774.386236961,present,0.046884656565524284
-2281015,17,770158.0586048969,6270773.8570708735,present,0.13754371234291396
-2281015,18,770158.9223907157,6270773.327904787,present,0.11855407466861308
-2281015,19,770159.7861765345,6270772.798738699,present,0.041961703528595434
-2281015,20,770160.6499623532,6270772.269572613,present,0.08639318803130429
-2281015,21,770161.513748172,6270771.740406525,present,0.07050622391940747
-2281015,22,770162.3775339907,6270771.211240438,present,0.09155096114854396
-2281015,23,770163.2413198095,6270770.682074351,present,0.044535762241500576
-2281015,24,770164.1051056281,6270770.152908264,present,0.06464744369962758
-2281015,25,770164.968891447,6270769.623742176,present,0.03552371625664042
-2281015,26,770165.8326772657,6270769.09457609,present,0.12521946830976716
-2281015,27,770166.6964630844,6270768.565410002,present,0.05672167160224101
-2281015,28,770167.5602489032,6270768.036243916,present,0.056248686596215645
-2281015,29,770168.4240347219,6270767.507077828,present,0.07563403607946284
-2281015,30,770169.2878205407,6270766.977911741,present,0.008206441704343228
-2281015,31,770170.1516063595,6270766.448745654,present,0.02860479549304385
-2281015,32,770171.0153921782,6270765.919579566,present,0.07208298441250251
-2281015,33,770171.879177997,6270765.390413479,present,0.06995738565761338
-2281015,34,770172.7429638157,6270764.861247392,present,0.060933639429789986
-2281015,35,770173.6067496345,6270764.332081305,present,0.07427464131533437
-2281015,36,770174.4705354533,6270763.802915218,present,0.04152412925009551
-2281015,37,770175.334321272,6270763.273749131,present,0.06451310502838752
-2281015,38,770176.1981070908,6270762.744583043,present,0.1381831132645067
-2281015,39,770177.0618929095,6270762.215416957,present,0.09981537795336952
-2281015,40,770177.9256787283,6270761.686250869,present,0.044116147162180014
-2281015,41,770178.789464547,6270761.157084782,present,0.1026619429968696
-2281015,42,770179.6532503658,6270760.627918695,present,0.10744101919604288
-2281015,43,770180.5170361846,6270760.098752608,present,0.009240797821501223
-2281015,44,770181.3808220032,6270759.569586521,present,0.05082563522259419
-2281015,45,770182.244607822,6270759.0404204335,present,0.03847720985755499
-2281015,46,770183.1083936407,6270758.511254346,present,0.05203770988472953
-2281015,47,770183.9721794595,6270757.982088259,present,0.06914126802380798
-2281015,48,770184.8359652783,6270757.452922172,present,0.07678092873959964
-2281015,49,770185.699751097,6270756.923756084,present,0.08806209248048325
-2281015,50,770186.5635369158,6270756.394589998,present,0.03403901279207395
-2281015,51,770187.4273227345,6270755.86542391,present,0.053323778629053034
-2281015,52,770188.2911085533,6270755.336257824,present,0.07664229604085358
-2281015,53,770189.1548943721,6270754.807091736,present,0.12727638335624356
-2281015,54,770190.0186801908,6270754.277925649,present,0.14646326054255882
-2281015,55,770190.8824660096,6270753.748759562,present,0.06170212467730647
-2281015,56,770191.7462518283,6270753.219593475,present,0.06255453828558408
-2281015,57,770192.6100376471,6270752.690427387,present,0.10808630704117338
-2281015,58,770193.4738234658,6270752.161261301,present,0.05921943809646024
-2281015,59,770194.3376092846,6270751.632095213,present,0.030142441285717334
-2281015,60,770195.2013951034,6270751.1029291265,present,0.057089779245207875
-2281015,61,770196.065180922,6270750.573763039,present,0.06643927238940159
-2281015,62,770196.9289667408,6270750.044596951,present,0.0765277363713113
-2281015,63,770197.7927525595,6270749.515430865,present,0.08070637324418814
-2281015,64,770198.6565383783,6270748.986264777,present,0.07800039988384298
-2281015,65,770199.5203241971,6270748.45709869,present,0.055290097181478724
-2281015,66,770200.3841100158,6270747.927932603,present,0.07599343743170858
-2281015,67,770201.2478958346,6270747.398766516,present,0.07969112108910092
-2281015,68,770202.1116816533,6270746.869600428,present,0.06042297731202093
-2281015,69,770202.9754674721,6270746.340434342,present,0.12358148802746605
-2281015,70,770203.8392532908,6270745.811268254,ambiguous,1.0101301341306768
-2281015,71,770204.7030391096,6270745.282102168,present,0.06931156645651616
-2281015,72,770205.5668249284,6270744.75293608,present,0.04735475560456095
-2281015,73,770206.4306107471,6270744.223769993,present,0.01975236626881504
-2281015,74,770207.2943965659,6270743.694603906,present,0.06475333564980594
-2281015,75,770208.1581823846,6270743.1654378185,present,0.0720231889942321
-2281015,76,770209.0219682034,6270742.636271731,present,0.10531876365267338
-2281015,77,770209.8857540222,6270742.107105644,present,0.08875755642106907
-2281014,0,770142.1911548071,6270780.257750888,present,0.07152497810314716
-2281014,1,770143.0540191543,6270779.726757444,present,0.10767399224290475
-2281014,2,770143.9168835015,6270779.195764,present,0.11698870118918181
-2281014,3,770144.7797478486,6270778.664770555,present,0.13167900696452814
-2281014,4,770145.6426121958,6270778.133777111,present,0.0809939543882617
-2281014,5,770146.5054765431,6270777.602783666,present,0.12538742806094832
-2281014,6,770147.3683408903,6270777.071790222,present,0.06277623089216731
-2281014,7,770148.2312052374,6270776.540796777,present,0.02880578422650667
-2281014,8,770149.0940695846,6270776.009803333,present,0.09795313463889084
-2281014,9,770149.9569339318,6270775.4788098885,present,0.022902708210825455
-2281014,10,770150.819798279,6270774.947816445,present,0.033761759144979524
-2281014,11,770151.6826626261,6270774.416823,present,0.03795566897434601
-2281014,12,770152.5455269733,6270773.885829555,present,0.04972068578010412
-2281014,13,770153.4083913205,6270773.354836111,present,0.03873705258903007
-2281014,14,770154.2712556677,6270772.823842666,present,0.13032255840687892
-2281014,15,770155.1341200148,6270772.292849222,present,0.11415557739761811
-2281014,16,770155.996984362,6270771.761855777,present,0.08002666420096245
-2281014,17,770156.8598487092,6270771.230862333,present,0.0806704801214317
-2281014,18,770157.7227130565,6270770.699868889,present,0.15004593753180256
-2281014,19,770158.5855774037,6270770.168875445,present,0.03857453693861562
-2281014,20,770159.4484417508,6270769.637882,present,0.11633374078112162
-2281014,21,770160.311306098,6270769.106888555,present,0.07660694095297282
-2281014,22,770161.1741704452,6270768.575895111,present,0.022432774528120866
-2281014,23,770162.0370347924,6270768.044901666,present,0.10066490521567603
-2281014,24,770162.8998991395,6270767.513908222,present,0.09120228025763494
-2281014,25,770163.7627634867,6270766.9829147775,present,0.07628638171111798
-2281014,26,770164.6256278339,6270766.451921334,present,0.19353419303304384
-2281014,27,770165.4884921811,6270765.920927889,present,0.39226492358708803
-2281014,28,770166.3513565282,6270765.389934445,present,0.021187129307886576
-2281014,29,770167.2142208754,6270764.858941,present,0.13071673474976084
-2281014,30,770168.0770852226,6270764.327947555,present,0.09259741819959966
-2281014,31,770168.9399495698,6270763.796954111,present,0.05284399156083645
-2281014,32,770169.802813917,6270763.265960666,present,0.03637131688260903
-2281014,33,770170.6656782642,6270762.734967222,present,0.016466232738315614
-2281014,34,770171.5285426114,6270762.203973778,present,0.131788245482349
-2281014,35,770172.3914069586,6270761.672980334,present,0.009095204815537794
-2281014,36,770173.2542713057,6270761.141986889,present,0.05718257437319804
-2281014,37,770174.1171356529,6270760.610993445,present,0.1032578904019155
-2281014,38,770174.9800000001,6270760.08,present,0.020000000135041773
-2281014,39,770175.8428643473,6270759.549006555,present,0.06567476902333022
-2281014,40,770176.7057286944,6270759.018013111,present,0.12686909533881252
-2281014,41,770177.5685930416,6270758.4870196665,present,0.17493106336582345
-2281014,42,770178.4314573888,6270757.956026223,present,0.45655616658268433
-2281014,43,770179.294321736,6270757.425032778,present,0.15570341091085899
-2281014,44,770180.1571860831,6270756.894039334,present,0.11119566618776325
-2281014,45,770181.0200504304,6270756.363045889,present,0.06434864005122903
-2281014,46,770181.8829147776,6270755.832052445,present,0.07314697224997331
-2281014,47,770182.7457791248,6270755.301059,present,0.08469413961292278
-2281014,48,770183.608643472,6270754.770065555,present,0.31905698270029875
-2281014,49,770184.4715078191,6270754.239072111,present,0.24883126967697303
-2281014,50,770185.3343721663,6270753.708078667,present,0.04949175707047155
-2281014,51,770186.1972365135,6270753.177085223,present,0.20093301553280302
-2281014,52,770187.0601008607,6270752.646091778,present,0.09861448191674387
-2281014,53,770187.9229652078,6270752.115098334,present,0.11124718117803362
-2281014,54,770188.785829555,6270751.584104889,present,0.17594454405094778
-2281014,55,770189.6486939022,6270751.053111445,present,0.1313429572638953
-2281014,56,770190.5115582494,6270750.522118,present,0.4594829901939478
-2281014,57,770191.3744225965,6270749.9911245555,present,0.3253180287055421
-2281014,58,770192.2372869437,6270749.460131112,present,0.1647292234313506
-2281014,59,770193.100151291,6270748.929137667,present,0.0914276338934694
-2281014,60,770193.9630156382,6270748.398144223,present,0.06747764891577542
-2281014,61,770194.8258799854,6270747.867150778,present,0.1796597934532913
-2281014,62,770195.6887443325,6270747.336157334,present,0.06004539561944146
-2281014,63,770196.5516086797,6270746.805163889,present,0.034917314099603615
-2281014,64,770197.4144730269,6270746.274170445,present,0.1950685127219505
-2281014,65,770198.277337374,6270745.743177,present,0.053243618477651904
-2281014,66,770199.1402017212,6270745.212183556,present,0.0898248227549358
-2281014,67,770200.0030660684,6270744.681190112,present,0.07656304669103116
-2281014,68,770200.8659304156,6270744.150196667,present,0.0359309538419651
-2281014,69,770201.7287947627,6270743.619203223,present,0.05515366082278725
-2281014,70,770202.5916591099,6270743.088209778,present,0.03286622376122575
-2281014,71,770203.4545234571,6270742.557216334,present,0.025563165431254416
-2281014,72,770204.3173878044,6270742.026222889,present,0.14770444280323883
-2281014,73,770205.1802521516,6270741.495229445,present,0.06797094478827419
-2281014,74,770206.0431164987,6270740.964236001,present,0.11835280343676922
-2281014,75,770206.9059808459,6270740.433242556,present,0.15444364309376934
-2281014,76,770207.7688451931,6270739.902249112,present,0.06367891670537823
-2281013,0,770141.0347746037,6270778.433853282,present,0.0820809723007735
-2281013,1,770141.9004384298,6270777.90743609,present,0.023248803705174587
-2281013,2,770142.766102256,6270777.381018898,present,0.06310775372814574
-2281013,3,770143.6317660823,6270776.854601706,present,0.13406205143647001
-2281013,4,770144.4974299085,6270776.328184515,present,0.1146644707808921
-2281013,5,770145.3630937347,6270775.801767323,present,0.015466830657936559
-2281013,6,770146.228757561,6270775.275350132,present,0.11756622730142514
-2281013,7,770147.0944213872,6270774.74893294,present,0.06768385507606449
-2281013,8,770147.9600852134,6270774.222515749,present,0.10459683209221819
-2281013,9,770148.8257490396,6270773.696098557,present,0.02644249102201639
-2281013,10,770149.6914128659,6270773.169681365,present,0.0735066073871602
-2281013,11,770150.5570766921,6270772.6432641735,present,0.0211447340483027
-2281013,12,770151.4227405183,6270772.116846981,present,0.22726572613652266
-2281013,13,770152.2884043446,6270771.59042979,present,0.043103211050004024
-2281013,14,770153.1540681707,6270771.064012598,present,0.12605306627181997
-2281013,15,770154.0197319969,6270770.537595407,present,0.10072848075333901
-2281013,16,770154.8853958232,6270770.011178215,present,0.09133773490723682
-2281013,17,770155.7510596494,6270769.484761024,present,0.06124498457358565
-2281013,18,770156.6167234756,6270768.958343832,present,0.01345627642490817
-2281013,19,770157.4823873019,6270768.431926641,present,0.11008714875656321
-2281013,20,770158.3480511281,6270767.905509449,present,0.15686604569276377
-2281013,21,770159.2137149543,6270767.3790922575,present,0.07275376752513081
-2281013,22,770160.0793787806,6270766.852675065,present,0.03314085644315581
-2281013,23,770160.9450426068,6270766.326257874,present,0.055312530720177666
-2281013,24,770161.810706433,6270765.799840682,present,0.0703264734641125
-2281013,25,770162.6763702593,6270765.273423491,present,0.029590212739394658
-2281013,26,770163.5420340854,6270764.747006299,present,0.06747814415585475
-2281013,27,770164.4076979116,6270764.220589108,present,0.08366653438828983
-2281013,28,770165.2733617378,6270763.694171916,present,0.026667516697393315
-2281013,29,770166.1390255641,6270763.167754725,present,0.1070720300309158
-2281013,30,770167.0046893903,6270762.641337533,present,0.06532430425351024
-2281013,31,770167.8703532165,6270762.114920341,present,0.12448606698183085
-2281013,32,770168.7360170428,6270761.588503149,present,0.05400370576793863
-2281013,33,770169.601680869,6270761.062085958,present,0.10688882230069713
-2281013,34,770170.4673446952,6270760.535668766,present,0.13555209830430495
-2281013,35,770171.3330085215,6270760.009251575,present,0.07503671035812196
-2281013,36,770172.1986723477,6270759.482834383,present,0.0517635413302671
-2281013,37,770173.0643361739,6270758.956417192,present,0.020732778827636727
-2281013,38,770173.9300000002,6270758.43,present,0.06403124283394464
-2281013,39,770174.7956638263,6270757.903582808,present,0.04898687033663592
-2281013,40,770175.6613276525,6270757.3771656165,present,0.07971235568299898
-2281013,41,770176.5269914787,6270756.850748424,present,0.0692005405511629
-2281013,42,770177.392655305,6270756.324331233,present,0.16565672261006115
-2281013,43,770178.2583191312,6270755.797914041,present,0.1228294359064603
-2281013,44,770179.1239829574,6270755.27149685,present,0.14600885578191636
-2281013,45,770179.9896467837,6270754.745079658,present,0.18785057699937588
-2281013,46,770180.8553106099,6270754.218662467,present,0.0500833474916028
-2281013,47,770181.7209744361,6270753.692245275,present,0.039317395127007417
-2281013,48,770182.5866382624,6270753.165828084,present,0.08895072069893308
-2281013,49,770183.4523020886,6270752.639410892,present,0.11233002192683135
-2281013,50,770184.3179659148,6270752.1129937,present,0.04214055711471284
-2281013,51,770185.183629741,6270751.586576508,present,0.1030779695664724
-2281013,52,770186.0492935672,6270751.060159317,present,0.13346108980069551
-2281013,53,770186.9149573934,6270750.533742125,present,0.35268851769665716
-2281013,54,770187.7806212197,6270750.007324934,present,0.17838068651907482
-2281013,55,770188.6462850459,6270749.480907742,present,0.166880297065452
-2281013,56,770189.5119488721,6270748.954490551,present,0.14763816580444733
-2281013,57,770190.3776126984,6270748.428073359,present,0.017717761974691503
-2281013,58,770191.2432765246,6270747.901656168,present,0.11185841440094287
-2281013,59,770192.1089403508,6270747.3752389755,present,0.10119535338863676
-2281013,60,770192.974604177,6270746.848821784,present,0.012089291079025639
-2281013,61,770193.8402680033,6270746.322404592,present,0.024426983520711137
-2281013,62,770194.7059318295,6270745.795987401,present,0.12670903129613115
-2281013,63,770195.5715956556,6270745.269570209,present,0.13176521882233175
-2281013,64,770196.4372594819,6270744.743153018,present,0.10967595072749753
-2281013,65,770197.3029233081,6270744.216735826,present,0.007793227830243818
-2281013,66,770198.1685871343,6270743.690318635,present,0.04967075449762946
-2281013,67,770199.0342509606,6270743.163901443,present,0.005769915008213543
-2281013,68,770199.8999147868,6270742.637484251,present,0.07613097267953786
-2281013,69,770200.765578613,6270742.111067059,present,0.09506775545353047
-2281013,70,770201.6312424393,6270741.584649867,present,0.05145297709843548
-2281013,71,770202.4969062655,6270741.058232676,present,0.09569689814312675
-2281013,72,770203.3625700917,6270740.531815484,present,0.14179361887978398
-2281013,73,770204.228233918,6270740.005398293,present,0.019016238674495686
-2281013,74,770205.0938977442,6270739.478981101,present,0.08176432113029243
-2281013,75,770205.9595615704,6270738.95256391,present,0.03256686118841394
-2281013,76,770206.8252253965,6270738.426146718,present,0.055118411840411566
-2281012,0,770139.8154229828,6270776.638234674,present,0.24611835132154708
-2281012,1,770140.6737013254,6270776.099860078,present,0.10678120738937386
-2281012,2,770141.531979668,6270775.5614854805,present,0.04318052309404082
-2281012,3,770142.3902580105,6270775.023110884,present,0.3508605795071091
-2281012,4,770143.2485363531,6270774.484736288,present,0.19357217561146914
-2281012,5,770144.1068146956,6270773.946361691,present,0.13955923802429288
-2281012,6,770144.9650930382,6270773.4079870945,present,0.18015761835738794
-2281012,7,770145.8233713808,6270772.869612497,present,0.09983280169798868
-2281012,8,770146.6816497233,6270772.331237901,present,0.1350003392422318
-2281012,9,770147.5399280658,6270771.792863304,present,0.1579987346495597
-2281012,10,770148.3982064084,6270771.2544887075,present,0.0907256508473969
-2281012,11,770149.256484751,6270770.71611411,present,0.1291523866303376
-2281012,12,770150.1147630935,6270770.177739514,present,0.18319052915835674
-2281012,13,770150.973041436,6270769.639364918,present,0.18145913076020692
-2281012,14,770151.8313197787,6270769.100990321,present,0.07773918692514963
-2281012,15,770152.6895981212,6270768.562615724,present,0.07230759359651204
-2281012,16,770153.5478764637,6270768.024241127,present,0.22425118185040913
-2281012,17,770154.4061548064,6270767.485866531,present,0.022643422366320484
-2281012,18,770155.2644331489,6270766.947491934,present,0.058137335653107976
-2281012,19,770156.1227114914,6270766.409117337,present,0.01731102605329767
-2281012,20,770156.9809898341,6270765.87074274,present,0.05534370347071875
-2281012,21,770157.8392681766,6270765.332368144,present,0.02072457133672704
-2281012,22,770158.6975465191,6270764.793993548,present,0.059731133977794254
-2281012,23,770159.5558248617,6270764.25561895,present,0.028781746137498322
-2281012,24,770160.4141032043,6270763.717244354,present,0.05469071018222538
-2281012,25,770161.2723815468,6270763.178869757,present,0.06336670818264913
-2281012,26,770162.1306598894,6270762.640495161,present,0.021549521038118063
-2281012,27,770162.988938232,6270762.102120563,present,0.04111648803271102
-2281012,28,770163.8472165745,6270761.563745967,present,0.006845464820486798
-2281012,29,770164.7054949171,6270761.02537137,present,0.04474512958556888
-2281012,30,770165.5637732596,6270760.486996774,present,0.12944994177508634
-2281012,31,770166.4220516022,6270759.948622177,present,0.06263252249374045
-2281012,32,770167.2803299448,6270759.41024758,present,0.08479555673763067
-2281012,33,770168.1386082873,6270758.871872984,present,0.018702310696239576
-2281012,34,770168.9968866298,6270758.333498387,present,0.033642755467465604
-2281012,35,770169.8551649725,6270757.79512379,present,0.06969854093616852
-2281012,36,770170.713443315,6270757.256749193,present,0.04947787771661934
-2281012,37,770171.5717216575,6270756.718374597,present,0.043964639994224376
-2281012,38,770172.4300000002,6270756.18,present,0.01414213621312829
-2281012,39,770173.2882783427,6270755.641625403,present,0.07828466460380275
-2281012,40,770174.1465566852,6270755.103250807,present,0.058281969082750615
-2281012,41,770175.0048350277,6270754.56487621,present,0.029359919250008946
-2281012,42,770175.8631133704,6270754.026501614,present,0.08953634450910199
-2281012,43,770176.7213917129,6270753.488127016,present,0.08841439119495956
-2281012,44,770177.5796700554,6270752.94975242,present,0.07318651232027303
-2281012,45,770178.4379483981,6270752.411377823,present,0.09160069478504189
-2281012,46,770179.2962267406,6270751.873003227,present,0.020794013682441992
-2281012,47,770180.1545050831,6270751.33462863,present,0.08802089829233568
-2281012,48,770181.0127834257,6270750.796254033,present,0.07457627410009314
-2281012,49,770181.8710617683,6270750.257879437,present,0.06171406953886632
-2281012,50,770182.7293401108,6270749.71950484,present,0.12317474110270574
-2281012,51,770183.5876184534,6270749.181130243,present,0.063008967170197
-2281012,52,770184.445896796,6270748.642755646,present,0.10677807351997333
-2281012,53,770185.3041751385,6270748.10438105,present,0.07063457360673514
-2281012,54,770186.1624534811,6270747.566006453,present,0.06781304956398551
-2281012,55,770187.0207318236,6270747.0276318565,present,0.1328024754706498
-2281012,56,770187.8790101662,6270746.48925726,present,0.059457509594319946
-2281012,57,770188.7372885088,6270745.950882663,present,0.10542363714674205
-2281012,58,770189.5955668513,6270745.412508067,present,0.13285370383763698
-2281012,59,770190.4538451938,6270744.87413347,present,0.05973593821889452
-2281012,60,770191.3121235365,6270744.335758873,present,0.04587218569996483
-2281012,61,770192.170401879,6270743.797384276,present,0.10928710257839745
-2281012,62,770193.0286802215,6270743.25900968,present,0.08916195172141983
-2281012,63,770193.8869585642,6270742.720635083,present,0.0999934342953514
-2281012,64,770194.7452369067,6270742.182260486,present,0.03483651041885687
-2281012,65,770195.6035152492,6270741.64388589,present,0.11520463991303168
-2281012,66,770196.4617935919,6270741.105511293,present,0.12115133503372286
-2281012,67,770197.3200719344,6270740.567136697,present,0.03713676594809692
-2281012,68,770198.1783502769,6270740.028762099,present,0.08407322443983252
-2281012,69,770199.0366286194,6270739.490387503,present,0.07372059698210472
-2281012,70,770199.894906962,6270738.952012906,present,0.06964226235091966
-2281012,71,770200.7531853046,6270738.41363831,present,0.14772413542337715
-2281012,72,770201.6114636471,6270737.875263712,present,0.1096043831202767
-2281012,73,770202.4697419897,6270737.336889116,present,0.034663488205025024
-2281012,74,770203.3280203323,6270736.79851452,present,0.055178558270351584
-2281012,75,770204.1862986748,6270736.260139923,present,0.1446426577678014
-2281012,76,770205.0445770174,6270735.721765326,present,0.09462034019976731
-2281011,0,770138.5975816627,6270773.655654384,present,0.013156727637144938
-2281011,1,770139.4628533979,6270773.127554264,present,0.071755884584732
-2281011,2,770140.3281251333,6270772.599454144,present,0.02813042976247264
-2281011,3,770141.1933968685,6270772.071354024,present,0.06916393231765418
-2281011,4,770142.0586686038,6270771.543253903,present,0.0908768197698641
-2281011,5,770142.923940339,6270771.015153783,present,0.12562209508287614
-2281011,6,770143.7892120744,6270770.4870536635,present,0.10904597749178421
-2281011,7,770144.6544838096,6270769.958953544,present,0.11529281706700081
-2281011,8,770145.5197555448,6270769.430853423,present,0.09491043931764016
-2281011,9,770146.3850272802,6270768.902753303,present,0.06932140023030564
-2281011,10,770147.2502990154,6270768.374653183,present,0.04760747633033686
-2281011,11,770148.1155707507,6270767.846553063,present,0.07053895822572638
-2281011,12,770148.9808424859,6270767.318452942,present,0.0521372507325203
-2281011,13,770149.8461142213,6270766.790352822,present,0.07171007244753587
-2281011,14,770150.7113859565,6270766.262252702,present,0.11963890044378614
-2281011,15,770151.5766576917,6270765.7341525825,present,0.097688305204435
-2281011,16,770152.4419294271,6270765.206052463,present,0.19227630318075847
-2281011,17,770153.3072011623,6270764.677952342,present,0.32171487616234584
-2281011,18,770154.1724728976,6270764.149852222,present,0.0831825710233325
-2281011,19,770155.0377446328,6270763.621752102,present,0.10328776466981311
-2281011,20,770155.9030163682,6270763.093651982,present,0.07482411194324987
-2281011,21,770156.7682881034,6270762.565551861,present,0.07337885595888671
-2281011,22,770157.6335598386,6270762.037451741,present,0.1431917427839061
-2281011,23,770158.498831574,6270761.509351621,present,0.08723188199836635
-2281011,24,770159.3641033092,6270760.9812515015,present,0.04563349230950746
-2281011,25,770160.2293750445,6270760.453151381,present,0.12160579582256736
-2281011,26,770161.0946467797,6270759.925051261,present,0.07132710487047458
-2281011,27,770161.9599185151,6270759.396951141,present,0.053968124112858534
-2281011,28,770162.8251902503,6270758.868851021,present,0.16884170013343455
-2281011,29,770163.6904619855,6270758.3407509,present,0.06783265862508407
-2281011,30,770164.5557337209,6270757.81265078,present,0.0677299390829378
-2281011,31,770165.4210054561,6270757.28455066,present,0.10035892954046148
-2281011,32,770166.2862771914,6270756.75645054,present,0.03991978045471579
-2281011,33,770167.1515489266,6270756.22835042,present,0.02182097250176896
-2281011,34,770168.016820662,6270755.7002503,present,0.13539431138799013
-2281011,35,770168.8820923972,6270755.17215018,present,0.03312778884842564
-2281011,36,770169.7473641324,6270754.64405006,present,0.03167327487264496
-2281011,37,770170.6126358678,6270754.115949939,present,0.06374113805759236
-2281011,38,770171.477907603,6270753.587849819,present,0.07315650818342707
-2281011,39,770172.3431793383,6270753.059749699,present,0.09152292974299776
-2281011,40,770173.2084510736,6270752.531649579,present,0.08875369009079652
-2281011,41,770174.0737228089,6270752.003549458,present,0.05142641906383213
-2281011,42,770174.9389945441,6270751.475449339,present,0.08490908498631022
-2281011,43,770175.8042662793,6270750.947349219,present,0.037786765885887974
-2281011,44,770176.6695380147,6270750.419249099,present,0.04397479270121562
-2281011,45,770177.5348097499,6270749.891148978,present,0.12969932332087974
-2281011,46,770178.4000814852,6270749.363048858,present,0.06210672299412455
-2281011,47,770179.2653532205,6270748.834948738,present,0.0766055697354334
-2281011,48,770180.1306249558,6270748.306848618,present,0.047777447642890235
-2281011,49,770180.995896691,6270747.778748497,present,0.019475653965637517
-2281011,50,770181.8611684262,6270747.250648377,present,0.052015965596074104
-2281011,51,770182.7264401616,6270746.722548258,present,0.11012389894730606
-2281011,52,770183.5917118968,6270746.194448138,present,0.08533702312771022
-2281011,53,770184.4569836321,6270745.666348017,present,0.07707020555863321
-2281011,54,770185.3222553674,6270745.138247897,present,0.07862785661143326
-2281011,55,770186.1875271027,6270744.610147777,present,0.09958648845330735
-2281011,56,770187.0527988379,6270744.082047657,present,0.03450887695247062
-2281011,57,770187.9180705731,6270743.553947536,present,0.012565598706555275
-2281011,58,770188.7833423085,6270743.025847416,present,0.053034121723700985
-2281011,59,770189.6486140437,6270742.4977472965,present,0.1512492911224793
-2281011,60,770190.513885779,6270741.969647177,present,0.08352993798011338
-2281011,61,770191.3791575143,6270741.441547057,present,0.30688926963211877
-2281011,62,770192.2444292495,6270740.913446936,ambiguous,1.0338284129982405
-2281011,63,770193.1097009848,6270740.385346816,present,0.0209913901514593
-2281011,64,770193.97497272,6270739.857246696,present,0.13073224273366793
-2281011,65,770194.8402444554,6270739.329146576,present,0.3998205804369654
-2281011,66,770195.7055161906,6270738.801046455,present,0.20209876978854804
-2281011,67,770196.5707879259,6270738.272946335,present,0.2663155586272482
-2281011,68,770197.4360596612,6270737.7448462155,present,0.4851932710626126
-2281011,69,770198.3013313964,6270737.216746096,present,0.13818574571066639
-2281011,70,770199.1666031317,6270736.688645975,present,0.17955557908558745
-2281011,71,770200.0318748669,6270736.160545855,present,0.06062844061148839
-2281011,72,770200.8971466023,6270735.632445735,present,0.13081041625280193
-2281011,73,770201.7624183375,6270735.104345615,present,0.16266411860014907
-2281010,0,770137.024975083,6270771.899811601,present,0.07414455090894716
-2281010,1,770137.8895810018,6270771.371658664,present,0.0789250310141851
-2281010,2,770138.7541869207,6270770.843505727,present,0.09617252720798121
-2281010,3,770139.6187928396,6270770.31535279,present,0.03166289987745217
-2281010,4,770140.4833987585,6270769.787199854,present,0.04223121658889699
-2281010,5,770141.3480046773,6270769.259046917,present,0.04884972615949743
-2281010,6,770142.2126105962,6270768.73089398,present,0.11933502106168409
-2281010,7,770143.0772165151,6270768.202741043,present,0.09200833253217353
-2281010,8,770143.941822434,6270767.674588106,present,0.04692558011472258
-2281010,9,770144.8064283528,6270767.1464351695,present,0.03887196315440415
-2281010,10,770145.6710342717,6270766.618282232,present,0.14756556958941897
-2281010,11,770146.5356401906,6270766.090129295,present,0.16952056553704342
-2281010,12,770147.4002461095,6270765.561976358,present,0.05914336050576207
-2281010,13,770148.2648520283,6270765.033823422,present,0.11526131207016231
-2281010,14,770149.1294579472,6270764.505670485,present,0.47847779029722054
-2281010,15,770149.9940638661,6270763.977517548,present,0.0353963557766681
-2281010,16,770150.8586697849,6270763.449364611,present,0.06468665684575531
-2281010,17,770151.7232757037,6270762.921211674,present,0.020134639637075482
-2281010,18,770152.5878816226,6270762.393058738,present,0.013229442805205714
-2281010,19,770153.4524875415,6270761.864905801,present,0.07997546003207479
-2281010,20,770154.3170934604,6270761.336752864,present,0.09668164690180184
-2281010,21,770155.1816993792,6270760.8085999265,present,0.04862962852183029
-2281010,22,770156.0463052981,6270760.28044699,present,0.11311022371317475
-2281010,23,770156.910911217,6270759.752294053,present,0.09261938195894256
-2281010,24,770157.7755171359,6270759.224141116,present,0.14637875880015494
-2281010,25,770158.6401230547,6270758.695988179,present,0.10236131865111853
-2281010,26,770159.5047289736,6270758.167835242,present,0.08183489301325582
-2281010,27,770160.3693348925,6270757.639682306,present,0.0625141793826277
-2281010,28,770161.2339408114,6270757.111529369,present,0.06287455328385991
-2281010,29,770162.0985467302,6270756.583376432,present,0.03528687578363517
-2281010,30,770162.9631526491,6270756.055223495,present,0.13543818956412768
-2281010,31,770163.827758568,6270755.527070558,present,0.12261296700001374
-2281010,32,770164.6923644869,6270754.998917622,present,0.08310672539497393
-2281010,33,770165.5569704057,6270754.4707646845,present,0.05352614191954243
-2281010,34,770166.4215763246,6270753.942611747,present,0.10425259014518258
-2281010,35,770167.2861822435,6270753.41445881,present,0.0723218116284725
-2281010,36,770168.1507881624,6270752.886305874,present,0.03931069143702696
-2281010,37,770169.0153940812,6270752.358152937,present,0.11279671216245939
-2281010,38,770169.8800000001,6270751.83,present,0.0670820390230311
-2281010,39,770170.7446059189,6270751.301847063,present,0.08782554904188632
-2281010,40,770171.6092118378,6270750.773694126,present,0.13123359683395439
-2281010,41,770172.4738177566,6270750.24554119,present,0.1023412898071608
-2281010,42,770173.3384236755,6270749.717388253,present,0.029368207387235678
-2281010,43,770174.2030295944,6270749.189235316,present,0.009719542336186139
-2281010,44,770175.0676355133,6270748.661082379,present,0.027485960550667304
-2281010,45,770175.9322414321,6270748.132929442,present,0.05297688069350513
-2281010,46,770176.796847351,6270747.604776505,present,0.07702467306887315
-2281010,47,770177.6614532699,6270747.076623568,present,0.039676554826806966
-2281010,48,770178.5260591888,6270746.548470631,present,0.12112815205852165
-2281010,49,770179.3906651076,6270746.020317694,present,0.07000767346989126
-2281010,50,770180.2552710265,6270745.492164758,present,0.11499621025245178
-2281010,51,770181.1198769454,6270744.964011821,present,0.01176156961221568
-2281010,52,770181.9844828643,6270744.435858884,present,0.03561028661970311
-2281010,53,770182.8490887831,6270743.907705947,present,0.07946330742451733
-2281010,54,770183.713694702,6270743.37955301,present,0.11130386445888345
-2281010,55,770184.5783006209,6270742.851400074,present,0.14170629568948873
-2281010,56,770185.4429065398,6270742.323247137,present,0.05796522371677072
-2281010,57,770186.3075124586,6270741.7950941995,present,0.055107114068932955
-2281010,58,770187.1721183775,6270741.266941262,ambiguous,0.5338143422213363
-2281010,59,770188.0367242964,6270740.738788326,present,0.05197647785493338
-2281010,60,770188.9013302153,6270740.210635389,present,0.08629160022810813
-2281010,61,770189.765936134,6270739.682482452,present,0.14355590788008948
-2281010,62,770190.6305420529,6270739.154329515,present,0.22128161175774622
-2281010,63,770191.4951479718,6270738.626176578,present,0.06908936983828651
-2281010,64,770192.3597538907,6270738.098023642,present,0.09132290273908458
-2281010,65,770193.2243598095,6270737.569870705,present,0.09370543874169009
-2281010,66,770194.0889657284,6270737.041717768,present,0.06946126302868069
-2281010,67,770194.9535716473,6270736.513564831,present,0.18507206589926975
-2281010,68,770195.8181775662,6270735.9854118945,present,0.15136990080735943
-2281010,69,770196.682783485,6270735.457258957,present,0.06827854346659121
-2281010,70,770197.5473894039,6270734.92910602,present,0.08945360770865528
-2281010,71,770198.4119953228,6270734.400953083,present,0.2553039285479386
-2281010,72,770199.2766012417,6270733.872800146,present,0.1638993530825211
-2281010,73,770200.1412071605,6270733.34464721,present,0.03447357874379781
-2281010,74,770201.0058130794,6270732.816494273,present,0.07486227731882
-2281010,75,770201.8704189983,6270732.288341336,present,0.10340876856123231
-2281010,76,770202.7350249172,6270731.760188399,present,0.11623867166784126
-2281009,0,770135.4588858753,6270769.841218519,present,0.0713271928057306
-2281009,1,770136.3252309838,6270769.315923295,present,0.020402878846470445
-2281009,2,770137.1915760924,6270768.790628071,present,0.04361093904117946
-2281009,3,770138.0579212009,6270768.265332847,present,0.03251904995115375
-2281009,4,770138.9242663095,6270767.740037623,present,0.4917507009145933
-2281009,5,770139.790611418,6270767.214742399,present,0.07760031966137018
-2281009,6,770140.6569565266,6270766.689447174,present,0.053320840646307474
-2281009,7,770141.523301635,6270766.16415195,present,0.05666606216138696
-2281009,8,770142.3896467437,6270765.638856726,present,0.019679979972401583
-2281009,9,770143.2559918521,6270765.113561502,present,0.07365329027954229
-2281009,10,770144.1223369607,6270764.588266278,present,0.05238434895121834
-2281009,11,770144.9886820692,6270764.062971054,present,0.06171948420257779
-2281009,12,770145.8550271778,6270763.537675829,present,0.09439358660346381
-2281009,13,770146.7213722863,6270763.012380605,present,0.08804314750337193
-2281009,14,770147.5877173949,6270762.487085381,present,0.046103565278696204
-2281009,15,770148.4540625034,6270761.961790157,present,0.036863331176523406
-2281009,16,770149.320407612,6270761.4364949325,present,0.11537950567337904
-2281009,17,770150.1867527205,6270760.9111997085,ambiguous,0.7443381819989229
-2281009,18,770151.0530978291,6270760.3859044835,present,0.0869986239037783
-2281009,19,770151.9194429376,6270759.860609259,present,0.041959069307352596
-2281009,20,770152.7857880462,6270759.335314035,present,0.10449941955955436
-2281009,21,770153.6521331547,6270758.810018811,present,0.034901229570379985
-2281009,22,770154.5184782633,6270758.284723587,present,0.030865871051803342
-2281009,23,770155.3848233718,6270757.759428363,present,0.14624509567569507
-2281009,24,770156.2511684804,6270757.234133138,present,0.09522584609884631
-2281009,25,770157.1175135889,6270756.708837914,present,0.06925436870676636
-2281009,26,770157.9838586975,6270756.18354269,present,0.034100258653556224
-2281009,27,770158.850203806,6270755.658247466,present,0.040641822724281476
-2281009,28,770159.7165489146,6270755.132952242,present,0.0315510844055984
-2281009,29,770160.582894023,6270754.607657018,present,0.06409373866918877
-2281009,30,770161.4492391316,6270754.082361793,present,0.013196154311792675
-2281009,31,770162.3155842401,6270753.557066569,present,0.12202059675198955
-2281009,32,770163.1819293487,6270753.031771345,present,0.13834466106240464
-2281009,33,770164.0482744572,6270752.506476121,present,0.03202143190362859
-2281009,34,770164.9146195658,6270751.981180897,present,0.033057477741649605
-2281009,35,770165.7809646743,6270751.455885673,present,0.018275439878745914
-2281009,36,770166.6473097829,6270750.930590448,present,0.09724401313192242
-2281009,37,770167.5136548914,6270750.405295224,present,0.08393186359287252
-2281009,38,770168.38,6270749.88,present,0.11313708501289667
-2281009,39,770169.2463451086,6270749.354704776,present,0.024973669675931676
-2281009,40,770170.1126902171,6270748.829409552,present,0.060896451152243514
-2281009,41,770170.9790353257,6270748.304114327,present,0.040359374800759
-2281009,42,770171.8453804342,6270747.778819103,present,0.07075470992283815
-2281009,43,770172.7117255428,6270747.253523879,present,0.1285219048884012
-2281009,44,770173.5780706513,6270746.728228655,present,0.04407183164232831
-2281009,45,770174.4444157599,6270746.202933431,present,0.10063105984435619
-2281009,46,770175.3107608684,6270745.677638207,present,0.048609316436475376
-2281009,47,770176.177105977,6270745.152342982,present,0.06027292324848089
-2281009,48,770177.0434510855,6270744.627047758,present,0.06713651649528742
-2281009,49,770177.909796194,6270744.101752534,present,0.054339982128682254
-2281009,50,770178.7761413025,6270743.57645731,present,0.03404353174200491
-2281009,51,770179.6424864111,6270743.0511620855,present,0.0698219171370114
-2281009,52,770180.5088315196,6270742.525866861,present,0.09057800147517074
-2281009,53,770181.3751766282,6270742.0005716365,present,0.011771022604393399
-2281009,54,770182.2415217367,6270741.475276412,present,0.13500459865091305
-2281009,55,770183.1078668453,6270740.949981188,present,0.10004155629088261
-2281009,56,770183.9742119538,6270740.424685964,present,0.1159365044459317
-2281009,57,770184.8405570624,6270739.89939074,present,0.01945248105385201
-2281009,58,770185.7069021709,6270739.374095516,present,0.045344309925274134
-2281009,59,770186.5732472795,6270738.848800291,present,0.01307794769119699
-2281009,60,770187.439592388,6270738.323505067,present,0.07070654836742894
-2281009,61,770188.3059374966,6270737.798209843,present,0.3242714150797047
-2281009,62,770189.1722826051,6270737.272914619,present,0.03906645398055719
-2281009,63,770190.0386277137,6270736.747619395,present,0.14915850816306633
-2281009,64,770190.9049728222,6270736.222324171,present,0.05502193156103518
-2281009,65,770191.7713179308,6270735.697028946,present,0.02152397116597745
-2281009,66,770192.6376630393,6270735.171733722,present,0.06088466267990031
-2281009,67,770193.5040081479,6270734.646438498,present,0.10406910740642035
-2281009,68,770194.3703532564,6270734.121143274,present,0.07180183713310392
-2281009,69,770195.236698365,6270733.59584805,present,0.1785789288519816
-2281009,70,770196.1030434734,6270733.070552826,present,0.15111679462437497
-2281009,71,770196.969388582,6270732.545257601,present,0.08906345161748931
-2281009,72,770197.8357336905,6270732.019962377,present,0.486796338210553
-2281009,73,770198.7020787991,6270731.494667153,present,0.2593350084151362
-2281009,74,770199.5684239076,6270730.969371929,present,0.06336563276207932
-2281009,75,770200.4347690162,6270730.444076705,present,0.056057237503367094
-2281009,76,770201.3011141247,6270729.918781481,present,0.030191193920332197
-2281008,0,770134.1146782418,6270767.528490655,present,0.019241243351449822
-2281008,1,770134.9804201553,6270767.001864238,present,0.22988620052274472
-2281008,2,770135.8461620689,6270766.47523782,present,0.07486062517134175
-2281008,3,770136.7119039824,6270765.948611403,present,0.2871127421558764
-2281008,4,770137.577645896,6270765.4219849855,present,0.06490435309212488
-2281008,5,770138.4433878096,6270764.895358567,present,0.03700225307706192
-2281008,6,770139.3091297231,6270764.36873215,present,0.03665548785529901
-2281008,7,770140.1748716367,6270763.842105732,present,0.04556076419206385
-2281008,8,770141.0406135502,6270763.315479315,present,0.0898940250074843
-2281008,9,770141.9063554638,6270762.7888528975,present,0.09804302381634952
-2281008,10,770142.7720973773,6270762.26222648,present,0.07019020002902991
-2281008,11,770143.6378392909,6270761.735600063,present,0.028184846443228117
-2281008,12,770144.5035812045,6270761.208973645,present,0.08438805233677457
-2281008,13,770145.369323118,6270760.682347228,present,0.009614052708475705
-2281008,14,770146.2350650316,6270760.15572081,present,0.02850495246553915
-2281008,15,770147.1008069451,6270759.629094393,present,0.0794735831867168
-2281008,16,770147.9665488587,6270759.102467976,present,0.03861695852266219
-2281008,17,770148.8322907722,6270758.575841558,present,0.0439840934219893
-2281008,18,770149.6980326858,6270758.049215141,present,0.12494355278347498
-2281008,19,770150.5637745993,6270757.522588723,present,0.033873663070787804
-2281008,20,770151.4295165129,6270756.995962306,present,0.16437234751217786
-2281008,21,770152.2952584265,6270756.4693358885,present,0.10916017538318981
-2281008,22,770153.16100034,6270755.942709471,present,0.09231405329405759
-2281008,23,770154.0267422536,6270755.416083054,ambiguous,0.6084073246635954
-2281008,24,770154.8924841671,6270754.889456636,present,0.2843461495048243
-2281008,25,770155.7582260807,6270754.362830219,ambiguous,0.5161604886208938
-2281008,26,770156.6239679942,6270753.836203801,present,0.055455996656957225
-2281008,27,770157.4897099078,6270753.309577383,present,0.2602904352941086
-2281008,28,770158.3554518213,6270752.782950966,present,0.22067968077704475
-2281008,29,770159.2211937349,6270752.256324548,present,0.42055038690824337
-2281008,30,770160.0869356485,6270751.729698131,present,0.11487259668329522
-2281008,31,770160.952677562,6270751.203071713,present,0.0928726936175173
-2281008,32,770161.8184194756,6270750.676445296,present,0.05997136930208794
-2281008,33,770162.6841613891,6270750.149818879,present,0.0699427834771918
-2281008,34,770163.5499033027,6270749.623192461,present,0.45442010992368415
-2281008,35,770164.4156452162,6270749.096566044,present,0.015785206722160532
-2281008,36,770165.2813871298,6270748.569939626,present,0.10817034476689119
-2281008,37,770166.1471290434,6270748.043313209,present,0.08393352714079974
-2281008,38,770167.0128709568,6270747.516686792,present,0.2971934578939099
-2281008,39,770167.8786128704,6270746.990060374,present,0.0619116891000431
-2281008,40,770168.7443547839,6270746.463433957,present,0.04365172100184448
-2281008,41,770169.6100966975,6270745.936807539,present,0.04221120912021156
-2281008,42,770170.475838611,6270745.410181122,present,0.06743870259435997
-2281008,43,770171.3415805246,6270744.8835547045,present,0.09856478042107594
-2281008,44,770172.2073224381,6270744.356928287,present,0.2799194176162256
-2281008,45,770173.0730643517,6270743.83030187,present,0.1104733324083605
-2281008,46,770173.9388062652,6270743.303675452,present,0.17380611921237035
-2281008,47,770174.8045481788,6270742.777049035,present,0.03852591664660424
-2281008,48,770175.6702900924,6270742.250422617,present,0.08554173289953859
-2281008,49,770176.5360320059,6270741.723796199,present,0.04413157180372815
-2281008,50,770177.4017739195,6270741.197169782,present,0.07040751569889897
-2281008,51,770178.267515833,6270740.670543364,present,0.03705713382080819
-2281008,52,770179.1332577466,6270740.143916947,present,0.02925907556611209
-2281008,53,770179.9989996601,6270739.617290529,present,0.09775513797885375
-2281008,54,770180.8647415737,6270739.090664112,present,0.07407782052276395
-2281008,55,770181.7304834872,6270738.564037695,present,0.1219098337888326
-2281008,56,770182.5962254008,6270738.037411277,present,0.08665257529437824
-2281008,57,770183.4619673144,6270737.51078486,present,0.06264875774845702
-2281008,58,770184.3277092279,6270736.984158442,present,0.09586893043376396
-2281008,59,770185.1934511415,6270736.457532025,present,0.04974101037894735
-2281008,60,770186.059193055,6270735.9309056075,present,0.07195197369366668
-2281008,61,770186.9249349686,6270735.40427919,present,0.22261426577966995
-2281008,62,770187.7906768821,6270734.877652773,present,0.09120890219192951
-2281008,63,770188.6564187957,6270734.351026355,present,0.07111658128084936
-2281008,64,770189.5221607093,6270733.824399938,present,0.07126285300632557
-2281008,65,770190.3879026228,6270733.29777352,present,0.008051497434301978
-2281008,66,770191.2536445364,6270732.771147103,present,0.16131145344955497
-2281008,67,770192.1193864499,6270732.244520686,present,0.1388240203330636
-2281008,68,770192.9851283635,6270731.717894268,present,0.07238167754394406
-2281008,69,770193.850870277,6270731.191267851,present,0.04127702583504545
-2281008,70,770194.7166121906,6270730.664641433,present,0.03397337023106718
-2281008,71,770195.5823541041,6270730.138015015,present,0.0678707148851803
-2281008,72,770196.4480960177,6270729.611388598,present,0.38414016667411116
-2281008,73,770197.3138379313,6270729.08476218,present,0.05537098890643113
-2281008,74,770198.1795798448,6270728.558135763,present,0.12656932699595086
-2281008,75,770199.0453217584,6270728.031509345,present,0.03877391468318508
-2281007,0,770134.5133136816,6270765.0669280095,present,0.00451858529154952
-2281007,1,770135.3759268253,6270764.5348488735,present,0.13358918711322626
-2281007,2,770136.2385399691,6270764.002769738,present,0.06278671596842514
-2281007,3,770137.1011531128,6270763.470690603,present,0.08354974980837206
-2281007,4,770137.9637662565,6270762.938611467,present,0.18186847355309435
-2281007,5,770138.8263794002,6270762.406532332,ambiguous,0.6369245635761404
-2281007,6,770139.688992544,6270761.874453197,present,0.32193288839578194
-2281007,7,770140.5516056877,6270761.342374061,present,0.15936670848809667
-2281007,8,770141.4142188315,6270760.810294926,present,0.1808547362085597
-2281007,9,770142.2768319752,6270760.278215791,present,0.02903113418901378
-2281007,10,770143.139445119,6270759.746136655,present,0.11360240523963906
-2281007,11,770144.0020582627,6270759.21405752,present,0.10600631022638712
-2281007,12,770144.8646714065,6270758.681978385,present,0.16379476332996287
-2281007,13,770145.7272845502,6270758.149899249,present,0.050174285649478796
-2281007,14,770146.589897694,6270757.617820114,present,0.10234707421126328
-2281007,15,770147.4525108377,6270757.085740979,present,0.12022033441108318
-2281007,16,770148.3151239814,6270756.553661843,present,0.17997671256265244
-2281007,17,770149.1777371252,6270756.021582708,present,0.03427903459167748
-2281007,18,770150.040350269,6270755.489503573,present,0.07060986653918369
-2281007,19,770150.9029634127,6270754.957424437,present,0.057853949289956595
-2281007,20,770151.7655765564,6270754.425345302,present,0.054833410946869
-2281007,21,770152.6281897002,6270753.893266167,present,0.07302540879919553
-2281007,22,770153.4908028439,6270753.361187031,present,0.05119332669436447
-2281007,23,770154.3534159877,6270752.8291078955,present,0.05342343667536028
-2281007,24,770155.2160291314,6270752.2970287595,present,0.057166836373122365
-2281007,25,770156.0786422752,6270751.764949624,present,0.04104486841347349
-2281007,26,770156.9412554188,6270751.232870489,present,0.1019188054731745
-2281007,27,770157.8038685626,6270750.700791353,present,0.13041225124981246
-2281007,28,770158.6664817063,6270750.168712218,present,0.12487415019513223
-2281007,29,770159.5290948501,6270749.636633083,present,0.050882008397128475
-2281007,30,770160.3917079938,6270749.104553947,present,0.055796149483127874
-2281007,31,770161.2543211376,6270748.572474812,present,0.188818434117756
-2281007,32,770162.1169342813,6270748.040395677,present,0.1811887691770584
-2281007,33,770162.979547425,6270747.508316541,present,0.034930420779400985
-2281007,34,770163.8421605688,6270746.976237406,present,0.08664446256502645
-2281007,35,770164.7047737126,6270746.444158271,present,0.057762975053275926
-2281007,36,770165.5673868563,6270745.912079135,present,0.04743244617374695
-2281007,37,770166.43,6270745.38,present,0.1081665380094918
-2281007,38,770167.2926131438,6270744.847920865,present,0.03592949968132915
-2281007,39,770168.1552262875,6270744.315841729,present,0.07654705082170783
-2281007,40,770169.0178394313,6270743.783762594,present,0.026693450589650686
-2281007,41,770169.880452575,6270743.251683459,present,0.13138421316748625
-2281007,42,770170.7430657188,6270742.719604323,present,0.06540742136991749
-2281007,43,770171.6056788625,6270742.187525188,present,0.12919267186966807
-2281007,44,770172.4682920063,6270741.655446053,present,0.0099205268654844
-2281007,45,770173.33090515,6270741.123366917,present,0.061391047777899596
-2281007,46,770174.1935182938,6270740.5912877815,present,0.03173540237771294
-2281007,47,770175.0561314375,6270740.059208646,present,0.05973751271389501
-2281007,48,770175.9187445813,6270739.52712951,present,0.12146483648259408
-2281007,49,770176.7813577249,6270738.995050375,present,0.08114508370837784
-2281007,50,770177.6439708687,6270738.46297124,present,0.08413924116403407
-2281007,51,770178.5065840124,6270737.930892104,present,0.04103453656802689
-2281007,52,770179.3691971562,6270737.398812969,present,0.050816709742618316
-2281007,53,770180.2318102999,6270736.866733833,present,0.09471243671591255
-2281007,54,770181.0944234437,6270736.334654698,present,0.02486304118418403
-2281007,55,770181.9570365874,6270735.802575563,present,0.021175223690174032
-2281007,56,770182.8196497312,6270735.270496427,present,0.07300376487625408
-2281007,57,770183.6822628749,6270734.738417292,present,0.05156393828231184
-2281007,58,770184.5448760187,6270734.206338157,present,0.07001854272987203
-2281007,59,770185.4074891624,6270733.674259021,present,0.054916441095784904
-2281007,60,770186.2701023062,6270733.142179886,present,0.07073662832626068
-2281007,61,770187.1327154499,6270732.610100751,present,0.026357841086509192
-2281007,62,770187.9953285936,6270732.078021615,present,0.1399358098546286
-2281007,63,770188.8579417374,6270731.54594248,present,0.12393483849254198
-2281007,64,770189.7205548811,6270731.013863345,present,0.024793052787296134
-2281007,65,770190.5831680249,6270730.481784209,present,0.015520828319625547
-2281007,66,770191.4457811686,6270729.949705074,present,0.03878574974067332
-2281007,67,770192.3083943124,6270729.417625939,present,0.09147966090374561
-2281007,68,770193.1710074561,6270728.885546803,present,0.08267092803551396
-2281007,69,770194.0336205999,6270728.3534676675,present,0.0795569481368195
-2281007,70,770194.8962337436,6270727.821388532,present,0.032001555023817865
-2281007,71,770195.7588468873,6270727.289309396,present,0.1916288540007749
-2281007,72,770196.621460031,6270726.757230261,present,0.061435973409062754
-2281007,73,770197.4840731748,6270726.225151126,present,0.04759291119957993
-2281007,74,770198.3466863185,6270725.69307199,present,0.046942069672088214
-2281006,0,770195.6883231654,6270723.868464877,present,0.06176305580660308
-2281006,1,770194.8286387555,6270724.405263124,present,0.033083654693686515
-2281006,2,770193.9689543457,6270724.94206137,present,0.05540445404339956
-2281006,3,770193.1092699358,6270725.478859617,present,0.11666619219703535
-2281006,4,770192.249585526,6270726.015657864,present,0.03566027189923395
-2281006,5,770191.389901116,6270726.55245611,present,0.11932508368982263
-2281006,6,770190.5302167061,6270727.089254357,present,0.07074597513150331
-2281006,7,770189.6705322963,6270727.626052603,present,0.07086247762839036
-2281006,8,770188.8108478864,6270728.162850849,present,0.3317688783483965
-2281006,9,770187.9511634766,6270728.6996490965,present,0.1140564198232253
-2281006,10,770187.0914790666,6270729.236447343,present,0.10688209275841941
-2281006,11,770186.2317946568,6270729.773245589,present,0.06689552739357459
-2281006,12,770185.3721102469,6270730.310043836,present,0.08616296225713084
-2281006,13,770184.512425837,6270730.846842082,present,0.11154150656328285
-2281006,14,770183.6527414272,6270731.383640329,present,0.018393035191513096
-2281006,15,770182.7930570173,6270731.920438576,present,0.12027227412188411
-2281006,16,770181.9333726075,6270732.457236822,present,0.11586437099062137
-2281006,17,770181.0736881975,6270732.994035069,present,0.0646211949752973
-2281006,18,770180.2140037876,6270733.530833315,present,0.03907043053394093
-2281006,19,770179.3543193778,6270734.067631561,present,0.09159085549211539
-2281006,20,770178.4946349679,6270734.604429808,present,0.1520032910248448
-2281006,21,770177.6349505581,6270735.141228055,present,0.08137877459142935
-2281006,22,770176.7752661481,6270735.678026302,present,0.2743292042014887
-2281006,23,770175.9155817383,6270736.214824548,present,0.05649461528251307
-2281006,24,770175.0558973284,6270736.751622794,present,0.018829593497447446
-2281006,25,770174.1962129185,6270737.288421041,present,0.056799772948102345
-2281006,26,770173.3365285087,6270737.825219288,present,0.08384245140520673
-2281006,27,770172.4768440988,6270738.362017534,present,0.047975711339839404
-2281006,28,770171.617159689,6270738.898815781,present,0.07756989515477383
-2281006,29,770170.757475279,6270739.435614027,present,0.03607846061158733
-2281006,30,770169.8977908692,6270739.972412273,present,0.0214100680444003
-2281006,31,770169.0381064593,6270740.50921052,present,0.11196279245916074
-2281006,32,770168.1784220494,6270741.046008767,present,0.057764530227293394
-2281006,33,770167.3187376396,6270741.582807014,present,0.04881840673214615
-2281006,34,770166.4590532297,6270742.11960526,present,0.20527825704141933
-2281006,35,770165.5993688199,6270742.656403506,present,0.03949269206622718
-2281006,36,770164.7396844099,6270743.193201753,present,0.03892402360226143
-2281006,37,770163.8800000001,6270743.7299999995,present,0.01414213538994765
-2281006,38,770163.0203155902,6270744.266798246,present,0.05244732244411091
-2281006,39,770162.1606311803,6270744.803596493,present,0.06931712910025663
-2281006,40,770161.3009467705,6270745.340394739,present,0.040626809511755374
-2281006,41,770160.4412623605,6270745.877192985,present,0.24753064420521054
-2281006,42,770159.5815779507,6270746.413991232,present,0.032620446254279296
-2281006,43,770158.7218935408,6270746.950789479,present,0.17313724167642625
-2281006,44,770157.8622091309,6270747.487587726,present,0.08406943144610346
-2281006,45,770157.0025247211,6270748.024385972,present,0.09853114324908015
-2281006,46,770156.1428403112,6270748.561184218,present,0.10774175444686651
-2281006,47,770155.2831559014,6270749.097982465,present,0.14976707308816872
-2281006,48,770154.4234714914,6270749.6347807115,present,0.12901734771654091
-2281006,49,770153.5637870816,6270750.171578958,present,0.05739306969758289
-2281006,50,770152.7041026717,6270750.708377205,present,0.1107393824508014
-2281006,51,770151.8444182618,6270751.245175451,present,0.13638979059417786
-2281006,52,770150.984733852,6270751.781973697,present,0.1152830445241807
-2281006,53,770150.125049442,6270752.318771944,present,0.09221164987627159
-2281006,54,770149.2653650322,6270752.855570191,present,0.05180274071383853
-2281006,55,770148.4056806223,6270753.392368438,present,0.0557097212484486
-2281006,56,770147.5459962125,6270753.929166684,present,0.11785223108934455
-2281006,57,770146.6863118026,6270754.46596493,present,0.06579821495890056
-2281006,58,770145.8266273927,6270755.002763177,present,0.12093433063416259
-2281006,59,770144.9669429829,6270755.5395614235,present,0.07586213252912882
-2281006,60,770144.1072585729,6270756.07635967,present,0.023613934434645625
-2281006,61,770143.2475741631,6270756.613157917,present,0.027890237702450065
-2281006,62,770142.3878897532,6270757.149956163,present,0.11168629977293903
-2281006,63,770141.5282053433,6270757.68675441,present,0.07580763787449535
-2281006,64,770140.6685209335,6270758.223552656,present,0.049193240812758124
-2281006,65,770139.8088365236,6270758.760350903,present,0.20146557288032516
-2281006,66,770138.9491521138,6270759.29714915,present,0.11125191744871377
-2281006,67,770138.0894677038,6270759.833947396,present,0.08846821940099002
-2281006,68,770137.229783294,6270760.370745642,present,0.04395774503897353
-2281006,69,770136.3700988841,6270760.907543889,present,0.11002352064155409
-2281006,70,770135.5104144742,6270761.444342135,present,0.07495755727441034
-2281006,71,770134.6507300644,6270761.981140382,present,0.08728161707027858
-2281006,72,770133.7910456544,6270762.517938629,present,0.2446812090705662
-2281006,73,770132.9313612446,6270763.054736875,present,0.12717213828316593
-2281006,74,770132.0716768347,6270763.591535122,present,0.051730842147559936
-2281005,0,770129.8324516513,6270761.878480198,present,0.061168383171619815
-2281005,1,770130.693426933,6270761.34475344,present,0.05720669265886843
-2281005,2,770131.5544022148,6270760.811026681,present,0.07547060686475351
-2281005,3,770132.4153774966,6270760.277299923,present,0.07225579931790002
-2281005,4,770133.2763527784,6270759.743573165,present,0.046490295471196076
-2281005,5,770134.1373280602,6270759.209846406,present,0.039935890608595016
-2281005,6,770134.998303342,6270758.676119648,present,0.018710143239583824
-2281005,7,770135.8592786238,6270758.14239289,present,0.09356647721590593
-2281005,8,770136.7202539056,6270757.60866613,present,0.06190010592548179
-2281005,9,770137.5812291874,6270757.074939372,present,0.021824031547038304
-2281005,10,770138.4422044691,6270756.541212614,present,0.23850274654498776
-2281005,11,770139.3031797509,6270756.007485855,present,0.10382364860347477
-2281005,12,770140.1641550327,6270755.473759097,present,0.05653790327068099
-2281005,13,770141.0251303145,6270754.940032339,present,0.1409354107818478
-2281005,14,770141.8861055963,6270754.40630558,present,0.10346672384419883
-2281005,15,770142.7470808781,6270753.872578822,present,0.09321232133772554
-2281005,16,770143.6080561599,6270753.338852064,present,0.060051816733023324
-2281005,17,770144.4690314417,6270752.805125305,present,0.09430815997937715
-2281005,18,770145.3300067234,6270752.271398547,present,0.10700191938596108
-2281005,19,770146.1909820052,6270751.737671789,present,0.04666983774683413
-2281005,20,770147.051957287,6270751.20394503,present,0.054336303525155935
-2281005,21,770147.9129325688,6270750.670218271,present,0.16073937238424157
-2281005,22,770148.7739078506,6270750.136491513,present,0.08551314166388699
-2281005,23,770149.6348831324,6270749.602764755,present,0.03755407381928955
-2281005,24,770150.4958584142,6270749.069037996,present,0.019483275916936417
-2281005,25,770151.356833696,6270748.535311238,present,0.0653879446999621
-2281005,26,770152.2178089777,6270748.00158448,present,0.08532347997793271
-2281005,27,770153.0787842595,6270747.467857721,present,0.04195808680623007
-2281005,28,770153.9397595413,6270746.934130963,present,0.05509108960689423
-2281005,29,770154.8007348231,6270746.400404205,present,0.060408674195294096
-2281005,30,770155.6617101049,6270745.866677446,present,0.09223227051539858
-2281005,31,770156.5226853867,6270745.332950688,present,0.06710306696182694
-2281005,32,770157.3836606685,6270744.79922393,present,0.0664679172485669
-2281005,33,770158.2446359503,6270744.26549717,present,0.006462778491475934
-2281005,34,770159.1056112321,6270743.731770412,present,0.04899696421371854
-2281005,35,770159.9665865138,6270743.198043654,present,0.0787025973285658
-2281005,36,770160.8275617956,6270742.664316895,present,0.07685645934340567
-2281005,37,770161.6885370774,6270742.130590137,present,0.03043872181552804
-2281005,38,770162.5495123592,6270741.596863379,present,0.06078223342021508
-2281005,39,770163.410487641,6270741.06313662,present,0.11922450410329431
-2281005,40,770164.2714629228,6270740.529409862,present,0.10197144744809714
-2281005,41,770165.1324382046,6270739.995683104,present,0.056194205689031704
-2281005,42,770165.9934134864,6270739.4619563455,present,0.046234933883790276
-2281005,43,770166.8543887681,6270738.928229587,present,0.06404660997056696
-2281005,44,770167.7153640499,6270738.394502829,present,0.08264728788517223
-2281005,45,770168.5763393317,6270737.86077607,present,0.0884536019318903
-2281005,46,770169.4373146135,6270737.327049311,present,0.03776446783846773
-2281005,47,770170.2982898953,6270736.793322553,present,0.013480165078487882
-2281005,48,770171.1592651771,6270736.259595795,present,0.09782208623993788
-2281005,49,770172.0202404589,6270735.725869036,present,0.07164779280603586
-2281005,50,770172.8812157407,6270735.192142278,present,0.10214951297929144
-2281005,51,770173.7421910225,6270734.65841552,present,0.011789858492563596
-2281005,52,770174.6031663042,6270734.124688761,present,0.049083141355541336
-2281005,53,770175.464141586,6270733.590962003,present,0.04609005905831202
-2281005,54,770176.3251168678,6270733.057235245,present,0.1010222223936619
-2281005,55,770177.1860921496,6270732.523508486,present,0.1434090528604382
-2281005,56,770178.0470674314,6270731.989781728,present,0.07643025157338039
-2281005,57,770178.9080427132,6270731.456054969,present,0.10672690938353065
-2281005,58,770179.769017995,6270730.92232821,present,0.09581595949149968
-2281005,59,770180.6299932768,6270730.388601452,present,0.015158907727061684
-2281005,60,770181.4909685585,6270729.854874694,present,0.03151946658182479
-2281005,61,770182.3519438403,6270729.321147935,present,0.13754511964432997
-2281005,62,770183.2129191221,6270728.787421177,present,0.1033891606825347
-2281005,63,770184.0738944039,6270728.253694419,present,0.07640489586976515
-2281005,64,770184.9348696857,6270727.7199676605,present,0.02486970666947942
-2281005,65,770185.7958449675,6270727.186240902,present,0.06773641600254163
-2281005,66,770186.6568202493,6270726.652514144,present,0.22121434438951368
-2281005,67,770187.5177955311,6270726.1187873855,present,0.21346361328320598
-2281005,68,770188.3787708128,6270725.585060627,present,0.01742841470965405
-2281005,69,770189.2397460946,6270725.051333869,present,0.11522797771121342
-2281005,70,770190.1007213764,6270724.51760711,ambiguous,0.8177635456709959
-2281005,71,770190.9616966582,6270723.983880351,present,0.17394876439454718
-2281005,72,770191.82267194,6270723.450153593,present,0.09384184871475604
-2281005,73,770192.6836472218,6270722.916426835,ambiguous,0.5008766100618455
-2281005,74,770193.5446225036,6270722.382700076,present,0.4360593706898094
-2281005,75,770194.4055977854,6270721.848973318,present,0.20674393959611514
-2281005,76,770195.2665730672,6270721.31524656,present,0.07532790472197974
-2281005,77,770196.1275483489,6270720.781519801,present,0.052069832496634424
-2281004,0,770128.8155749472,6270759.366124465,present,0.046460158106738
-2281004,1,770129.6791124486,6270758.836226452,present,0.0546298410736754
-2281004,2,770130.5426499499,6270758.30632844,present,0.046901952677771475
-2281004,3,770131.4061874513,6270757.776430428,present,0.05519470583223086
-2281004,4,770132.2697249528,6270757.246532416,present,0.11035269966302286
-2281004,5,770133.1332624541,6270756.716634404,present,0.05592881406338509
-2281004,6,770133.9967999555,6270756.186736392,present,0.09551473292157975
-2281004,7,770134.8603374569,6270755.656838379,present,0.08691260048621909
-2281004,8,770135.7238749583,6270755.126940367,present,0.040306422306891104
-2281004,9,770136.5874124597,6270754.597042355,present,0.04286781209994215
-2281004,10,770137.4509499611,6270754.067144343,present,0.10460492438312795
-2281004,11,770138.3144874625,6270753.537246331,present,0.006162042203007076
-2281004,12,770139.1780249638,6270753.007348319,present,0.04669363464797303
-2281004,13,770140.0415624653,6270752.477450306,present,0.04900716097297323
-2281004,14,770140.9050999667,6270751.947552294,present,0.06939611990054288
-2281004,15,770141.7686374681,6270751.4176542815,present,0.0922137605197685
-2281004,16,770142.6321749694,6270750.887756269,present,0.025357709615765733
-2281004,17,770143.4957124708,6270750.357858257,present,0.09794883563990613
-2281004,18,770144.3592499723,6270749.827960244,present,0.045014565851478255
-2281004,19,770145.2227874736,6270749.298062232,present,0.007468298326048172
-2281004,20,770146.086324975,6270748.76816422,present,0.008953228726711702
-2281004,21,770146.9498624764,6270748.238266208,present,0.06897494933682964
-2281004,22,770147.8133999779,6270747.708368196,present,0.08790357863386489
-2281004,23,770148.6769374792,6270747.178470184,present,0.06916024712177223
-2281004,24,770149.5404749806,6270746.648572171,present,0.048574493808676074
-2281004,25,770150.404012482,6270746.118674159,present,0.0970941340960874
-2281004,26,770151.2675499833,6270745.588776147,present,0.08426931549978268
-2281004,27,770152.1310874848,6270745.058878135,present,0.045216870575297975
-2281004,28,770152.9946249862,6270744.528980123,present,0.004736100429774848
-2281004,29,770153.8581624876,6270743.999082111,present,0.0654509089496071
-2281004,30,770154.7216999889,6270743.469184098,present,0.05281924460740211
-2281004,31,770155.5852374904,6270742.939286086,present,0.03279644037878472
-2281004,32,770156.4487749918,6270742.409388074,present,0.02240205290988392
-2281004,33,770157.3123124931,6270741.879490062,present,0.04290694303245129
-2281004,34,770158.1758499945,6270741.34959205,present,0.059736378511449056
-2281004,35,770159.039387496,6270740.819694038,present,0.07006155986017393
-2281004,36,770159.9029249974,6270740.289796025,present,0.047564260825513086
-2281004,37,770160.7664624987,6270739.7598980125,present,0.09849337307080809
-2281004,38,770161.6300000001,6270739.23,present,0.08062257752919204
-2281004,39,770162.4935375015,6270738.700101988,present,0.06140875928336565
-2281004,40,770163.3570750029,6270738.170203976,present,0.042925481801592315
-2281004,41,770164.2206125043,6270737.640305963,present,0.09440744156449365
-2281004,42,770165.0841500057,6270737.110407951,present,0.037330249767930666
-2281004,43,770165.9476875071,6270736.580509939,present,0.05231497822828865
-2281004,44,770166.8112250085,6270736.050611927,present,0.13504343689092613
-2281004,45,770167.6747625099,6270735.520713915,present,0.024287543484932093
-2281004,46,770168.5383000113,6270734.990815903,present,0.11233296358870432
-2281004,47,770169.4018375126,6270734.46091789,present,0.029590715003870664
-2281004,48,770170.265375014,6270733.931019878,present,0.07053238347977651
-2281004,49,770171.1289125155,6270733.401121866,present,0.12448343471203205
-2281004,50,770171.9924500169,6270732.871223854,present,0.06521156534041957
-2281004,51,770172.8559875182,6270732.341325842,present,0.04552240967172472
-2281004,52,770173.7195250196,6270731.81142783,present,0.07503910274266794
-2281004,53,770174.5830625211,6270731.281529817,present,0.09308375518899328
-2281004,54,770175.4466000224,6270730.751631805,present,0.08176429786595509
-2281004,55,770176.3101375238,6270730.221733793,present,0.049892610364624126
-2281004,56,770177.1736750252,6270729.691835781,present,0.0437135896209557
-2281004,57,770178.0372125267,6270729.161937769,present,0.06235629689220656
-2281004,58,770178.900750028,6270728.6320397565,ambiguous,0.5199123458649947
-2281004,59,770179.7642875294,6270728.1021417435,present,0.14538847433366575
-2281004,60,770180.6278250308,6270727.5722437315,present,0.09239728556246787
-2281004,61,770181.4913625321,6270727.042345719,present,0.05593481850057598
-2281004,62,770182.3549000336,6270726.512447707,present,0.06160466814340599
-2281004,63,770183.218437535,6270725.982549695,present,0.11893224112361783
-2281004,64,770184.0819750364,6270725.452651682,present,0.07005024981484612
-2281004,65,770184.9455125377,6270724.92275367,ambiguous,0.7506576790045223
-2281004,66,770185.8090500392,6270724.392855658,present,0.38039449669157915
-2281004,67,770186.6725875406,6270723.862957646,present,0.14231066607948198
-2281004,68,770187.5361250419,6270723.333059634,present,0.12967250030650587
-2281004,69,770188.3996625433,6270722.803161622,present,0.006846698821284738
-2281004,70,770189.2632000447,6270722.273263609,present,0.028695539772108536
-2281004,71,770190.1267375462,6270721.743365597,present,0.06697416023939715
-2281004,72,770190.9902750475,6270721.213467585,present,0.023469196279502853
-2281004,73,770191.8538125489,6270720.683569573,present,0.2767542481380157
-2281004,74,770192.7173500503,6270720.153671561,present,0.25272919537102667
-2281004,75,770193.5808875517,6270719.623773549,present,0.031117206068920475
-2281004,76,770194.4444250531,6270719.093875536,present,0.08399218197196529
-2281003,0,770127.3155749472,6270756.966124465,present,0.054163209697297585
-2281003,1,770128.1791124486,6270756.436226452,present,0.02546013181893124
-2281003,2,770129.0426499499,6270755.90632844,present,0.04032817848913124
-2281003,3,770129.9061874513,6270755.376430428,present,0.06788319421506872
-2281003,4,770130.7697249528,6270754.846532416,present,0.10545586898457662
-2281003,5,770131.6332624541,6270754.316634404,present,0.026833468962137792
-2281003,6,770132.4967999555,6270753.7867363915,present,0.04523252152402065
-2281003,7,770133.3603374569,6270753.2568383785,present,0.15211118199350723
-2281003,8,770134.2238749583,6270752.726940366,present,0.12490020492448861
-2281003,9,770135.0874124597,6270752.197042354,present,0.030320678100851838
-2281003,10,770135.9509499611,6270751.667144342,present,0.10687932907465092
-2281003,11,770136.8144874625,6270751.13724633,present,0.10554846408500841
-2281003,12,770137.6780249638,6270750.607348318,present,0.10661220289857556
-2281003,13,770138.5415624653,6270750.077450305,present,0.03629300342110438
-2281003,14,770139.4050999667,6270749.547552293,present,0.09102425889367112
-2281003,15,770140.2686374681,6270749.017654281,present,0.062360605885965
-2281003,16,770141.1321749694,6270748.487756269,present,0.0378915197804056
-2281003,17,770141.9957124708,6270747.957858257,present,0.05959623603116334
-2281003,18,770142.8592499723,6270747.427960244,present,0.06462442824805091
-2281003,19,770143.7227874736,6270746.898062232,present,0.028974288478024655
-2281003,20,770144.586324975,6270746.36816422,present,0.0829729894986043
-2281003,21,770145.4498624764,6270745.838266208,present,0.04409847088914645
-2281003,22,770146.3133999779,6270745.308368196,present,0.0218973698456906
-2281003,23,770147.1769374792,6270744.778470184,present,0.07515580102665283
-2281003,24,770148.0404749806,6270744.248572171,present,0.055009526342378295
-2281003,25,770148.904012482,6270743.718674159,present,0.03191483988122669
-2281003,26,770149.7675499833,6270743.188776147,present,0.08726787767529119
-2281003,27,770150.6310874848,6270742.658878135,present,0.13563945358230461
-2281003,28,770151.4946249862,6270742.1289801225,present,0.046511732806920815
-2281003,29,770152.3581624876,6270741.59908211,present,0.08233992443303392
-2281003,30,770153.2216999889,6270741.069184097,present,0.06594324165317438
-2281003,31,770154.0852374904,6270740.539286085,present,0.04790150065223715
-2281003,32,770154.9487749918,6270740.009388073,present,0.05694434695938276
-2281003,33,770155.8123124931,6270739.479490061,present,0.06220622453233355
-2281003,34,770156.6758499945,6270738.949592049,present,0.040021903830355456
-2281003,35,770157.539387496,6270738.419694037,present,0.031142590508014097
-2281003,36,770158.4029249974,6270737.889796024,present,0.104255236032037
-2281003,37,770159.2664624987,6270737.359898012,present,0.0464992841921671
-2281003,38,770160.1300000001,6270736.83,present,0.09999999962747097
-2281003,39,770160.9935375015,6270736.300101988,present,0.11132592479183867
-2281003,40,770161.8570750029,6270735.770203976,present,0.10239532181935203
-2281003,41,770162.7206125043,6270735.240305963,present,0.06708579176357278
-2281003,42,770163.5841500057,6270734.710407951,present,0.06731795952463761
-2281003,43,770164.4476875071,6270734.180509939,present,0.07836493814680077
-2281003,44,770165.3112250085,6270733.650611927,present,0.06043959006739178
-2281003,45,770166.1747625099,6270733.120713915,present,0.051449488719007105
-2281003,46,770167.0383000113,6270732.590815903,present,0.03171048686676921
-2281003,47,770167.9018375126,6270732.06091789,present,0.12305777876621359
-2281003,48,770168.765375014,6270731.531019878,present,0.07516789847226643
-2281003,49,770169.6289125155,6270731.001121866,present,0.3124139121166154
-2281003,50,770170.4924500169,6270730.4712238535,present,0.06368957630390884
-2281003,51,770171.3559875182,6270729.9413258415,present,0.21028612816343764
-2281003,52,770172.2195250196,6270729.411427829,present,0.15631814591982787
-2281003,53,770173.0830625211,6270728.881529816,present,0.05695802706939524
-2281003,54,770173.9466000224,6270728.351631804,present,0.16340812546965286
-2281003,55,770174.8101375238,6270727.821733792,present,0.03208503349330282
-2281003,56,770175.6736750252,6270727.29183578,present,0.13925082480650675
-2281003,57,770176.5372125267,6270726.761937768,present,0.11424960777893083
-2281003,58,770177.400750028,6270726.232039756,present,0.11539488291272623
-2281003,59,770178.2642875294,6270725.702141743,present,0.050371564217672866
-2281003,60,770179.1278250308,6270725.172243731,present,0.2072815782244749
-2281003,61,770179.9913625321,6270724.642345719,present,0.28236502865514546
-2281003,62,770180.8549000336,6270724.112447707,present,0.10857949474170545
-2281003,63,770181.718437535,6270723.582549695,ambiguous,0.8615759567668229
-2281003,64,770182.5819750364,6270723.052651682,missing,1.7743163899444783
-2281003,65,770183.4455125377,6270722.52275367,ambiguous,0.8738021521750311
-2281003,66,770184.3090500392,6270721.992855658,present,0.31313342929664295
-2281003,67,770185.1725875406,6270721.462957646,ambiguous,0.7732949280765852
-2281003,68,770186.0361250419,6270720.933059634,present,0.10823512340968428
-2281003,69,770186.8996625433,6270720.403161622,ambiguous,0.8765624644600949
-2281003,70,770187.7632000447,6270719.873263609,present,0.13675790254891532
-2281003,71,770188.6267375462,6270719.343365597,present,0.18401584276785124
-2281003,72,770189.4902750475,6270718.813467585,present,0.45883567339293446
-2281003,73,770190.3538125489,6270718.2835695725,present,0.33273908308813716
-2281003,74,770191.2173500503,6270717.75367156,ambiguous,0.8530270397951746
-2281003,75,770192.0808875517,6270717.223773548,present,0.10038881036293645
-2281003,76,770192.9444250531,6270716.693875535,present,0.11563990721182557
-2281002,0,770126.1155749471,6270754.866124465,present,0.0641064604893748
-2281002,1,770126.9791124485,6270754.336226452,present,0.05462735318357141
-2281002,2,770127.8426499498,6270753.80632844,present,0.0515688337185364
-2281002,3,770128.7061874513,6270753.276430428,present,0.03643379936667761
-2281002,4,770129.5697249527,6270752.746532416,present,0.1281465169463998
-2281002,5,770130.433262454,6270752.216634404,present,0.0314896769065274
-2281002,6,770131.2967999554,6270751.686736392,present,0.13825131483341666
-2281002,7,770132.1603374569,6270751.156838379,present,0.04175741556360864
-2281002,8,770133.0238749583,6270750.626940367,present,0.036254379017854985
-2281002,9,770133.8874124596,6270750.097042355,present,0.08476535025734888
-2281002,10,770134.750949961,6270749.567144343,present,0.09670258318835435
-2281002,11,770135.6144874624,6270749.037246331,present,0.0536945556940844
-2281002,12,770136.4780249638,6270748.507348319,present,0.014049885368144303
-2281002,13,770137.3415624652,6270747.977450306,present,0.058414100001136865
-2281002,14,770138.2050999666,6270747.447552294,present,0.05126584700202268
-2281002,15,770139.068637468,6270746.9176542815,present,0.11766217101562017
-2281002,16,770139.9321749693,6270746.387756269,present,0.028885845077371096
-2281002,17,770140.7957124708,6270745.857858257,present,0.05813684281624806
-2281002,18,770141.6592499722,6270745.327960244,present,0.0933879989964503
-2281002,19,770142.5227874735,6270744.798062232,present,0.028974289409010024
-2281002,20,770143.3863249749,6270744.26816422,present,0.08849351444729142
-2281002,21,770144.2498624764,6270743.738266208,present,0.06547828665430908
-2281002,22,770145.1133999778,6270743.208368196,present,0.09858936170450491
-2281002,23,770145.9769374791,6270742.678470184,present,0.023113204142744752
-2281002,24,770146.8404749805,6270742.148572171,present,0.15244871009527697
-2281002,25,770147.704012482,6270741.618674159,present,0.10242188754713973
-2281002,26,770148.5675499833,6270741.088776147,present,0.03477719837689166
-2281002,27,770149.4310874847,6270740.558878135,present,0.05991299599910764
-2281002,28,770150.2946249861,6270740.028980123,present,0.11715634351715358
-2281002,29,770151.1581624876,6270739.499082111,present,0.0882249858319789
-2281002,30,770152.0216999889,6270738.969184098,present,0.17295718538595067
-2281002,31,770152.8852374903,6270738.439286086,present,0.011724737132027692
-2281002,32,770153.7487749917,6270737.909388074,present,0.03297899515785738
-2281002,33,770154.612312493,6270737.379490062,present,0.07624411928309702
-2281002,34,770155.4758499945,6270736.84959205,present,0.1981457925180231
-2281002,35,770156.3393874959,6270736.319694038,present,0.0924635273365637
-2281002,36,770157.2029249973,6270735.789796025,present,0.044121157084533846
-2281002,37,770158.0664624986,6270735.2598980125,present,0.030588478430590742
-2281002,38,770158.93,6270734.73,present,0.0854400374918714
-2281002,39,770159.7935375015,6270734.200101988,present,0.016770050048173623
-2281002,40,770160.6570750028,6270733.670203976,present,0.040821751384819555
-2281002,41,770161.5206125042,6270733.140305963,present,0.031726589346199235
-2281002,42,770162.3841500056,6270732.610407951,present,0.15451641527489757
-2281002,43,770163.2476875071,6270732.080509939,present,0.07480285186301218
-2281002,44,770164.1112250084,6270731.550611927,present,0.009467658066432644
-2281002,45,770164.9747625098,6270731.020713915,present,0.04674425401746842
-2281002,46,770165.8383000112,6270730.490815903,present,0.04308829046704103
-2281002,47,770166.7018375125,6270729.96091789,present,0.046775373450124724
-2281002,48,770167.565375014,6270729.431019878,present,0.10594966395075657
-2281002,49,770168.4289125154,6270728.901121866,present,0.03758410465255895
-2281002,50,770169.2924500168,6270728.371223854,present,0.08513787213487728
-2281002,51,770170.1559875181,6270727.841325842,present,0.20846374528621697
-2281002,52,770171.0195250196,6270727.31142783,present,0.032839525976162694
-2281002,53,770171.883062521,6270726.781529817,present,0.06068840052714431
-2281002,54,770172.7466000223,6270726.251631805,present,0.10179588617477202
-2281002,55,770173.6101375237,6270725.721733793,present,0.02398180819510036
-2281002,56,770174.4736750252,6270725.191835781,present,0.04942910893230268
-2281002,57,770175.3372125266,6270724.661937769,present,0.03816416491114436
-2281002,58,770176.2007500279,6270724.1320397565,present,0.12829413797570163
-2281002,59,770177.0642875293,6270723.6021417435,present,0.05366839691476363
-2281002,60,770177.9278250308,6270723.0722437315,present,0.022288193927478064
-2281002,61,770178.7913625321,6270722.542345719,present,0.0786029704300325
-2281002,62,770179.6549000335,6270722.012447707,present,0.1257177276502429
-2281002,63,770180.5184375349,6270721.482549695,present,0.1469417743599078
-2281002,64,770181.3819750363,6270720.952651682,present,0.0799303388259191
-2281002,65,770182.2455125377,6270720.42275367,present,0.07006795396688233
-2281002,66,770183.1090500391,6270719.892855658,present,0.17219451462188395
-2281002,67,770183.9725875405,6270719.362957646,present,0.0601670784029479
-2281002,68,770184.8361250418,6270718.833059634,present,0.06885513499064501
-2281002,69,770185.6996625433,6270718.303161622,present,0.11473109334817598
-2281002,70,770186.5632000447,6270717.773263609,present,0.12591620691382124
-2281002,71,770187.4267375461,6270717.243365597,present,0.2050018993371506
-2281002,72,770188.2902750474,6270716.713467585,present,0.14441848088886322
-2281002,73,770189.1538125488,6270716.183569573,present,0.03986489155194682
-2281002,74,770190.0173500503,6270715.653671561,present,0.034464434401939685
-2281002,75,770190.8808875516,6270715.123773549,present,0.1456220547592458
-2281002,76,770191.744425053,6270714.593875536,present,0.0567858058638437
-2281001,0,770124.9155749473,6270752.766124464,present,0.08466793323802592
-2281001,1,770125.7791124487,6270752.236226452,present,0.021795836660160384
-2281001,2,770126.64264995,6270751.7063284395,present,0.040328179130043225
-2281001,3,770127.5061874514,6270751.1764304275,present,0.05596188643026044
-2281001,4,770128.3697249528,6270750.646532415,present,0.019465285950145735
-2281001,5,770129.2332624542,6270750.116634403,present,0.035904815211662194
-2281001,6,770130.0967999556,6270749.58673639,present,0.12837149880272555
-2281001,7,770130.960337457,6270749.056838378,present,0.08039964457562078
-2281001,8,770131.8238749583,6270748.526940366,present,0.06532305699325261
-2281001,9,770132.6874124598,6270747.997042354,present,0.09827847703521991
-2281001,10,770133.5509499612,6270747.467144342,present,0.08933616871957141
-2281001,11,770134.4144874625,6270746.937246329,present,0.03459722205804778
-2281001,12,770135.2780249639,6270746.407348317,present,0.0773735285055939
-2281001,13,770136.1415624653,6270745.877450305,present,0.08723332519293278
-2281001,14,770137.0050999667,6270745.347552293,present,0.04446505551588545
-2281001,15,770137.8686374681,6270744.817654281,present,0.07351383947949207
-2281001,16,770138.7321749695,6270744.287756269,present,0.03225310830919096
-2281001,17,770139.5957124708,6270743.757858256,present,0.05037156340544614
-2281001,18,770140.4592499722,6270743.227960244,present,0.059696709489624834
-2281001,19,770141.3227874737,6270742.698062232,present,0.04442159622084633
-2281001,20,770142.186324975,6270742.16816422,present,0.13606865996248255
-2281001,21,770143.0498624764,6270741.638266208,present,0.04870906488280185
-2281001,22,770143.9133999778,6270741.108368195,present,0.1174050447624475
-2281001,23,770144.7769374792,6270740.578470183,present,0.06571171274616981
-2281001,24,770145.6404749806,6270740.048572171,present,0.12989794722462142
-2281001,25,770146.504012482,6270739.5186741585,present,0.07275121519237976
-2281001,26,770147.3675499833,6270738.988776146,present,0.06168762007858288
-2281001,27,770148.2310874847,6270738.458878134,present,0.08960541975109698
-2281001,28,770149.0946249862,6270737.928980121,present,0.0500072713279327
-2281001,29,770149.9581624875,6270737.399082109,present,0.07630513009116857
-2281001,30,770150.8216999889,6270736.869184097,present,0.08636740237560273
-2281001,31,770151.6852374903,6270736.339286085,present,0.02524758584655321
-2281001,32,770152.5487749917,6270735.809388073,present,0.0513477493802522
-2281001,33,770153.4123124931,6270735.27949006,present,0.06220622305044933
-2281001,34,770154.2758499945,6270734.749592048,present,0.06700883952927
-2281001,35,770155.1393874958,6270734.219694036,present,0.11604212798682251
-2281001,36,770156.0029249972,6270733.689796024,present,0.06403998750218061
-2281001,37,770156.8664624987,6270733.159898012,present,0.1311393959447303
-2281001,38,770157.73,6270732.629999999,present,0.04000000003725292
-2281001,39,770158.5935375014,6270732.100101987,present,0.0952240258237455
-2281001,40,770159.4570750028,6270731.570203975,present,0.08295826999095256
-2281001,41,770160.3206125043,6270731.040305963,present,0.07563652407540089
-2281001,42,770161.1841500056,6270730.510407951,present,0.054570242526302326
-2281001,43,770162.047687507,6270729.980509939,present,0.10676470659684119
-2281001,44,770162.9112250084,6270729.450611926,present,0.06422148453251385
-2281001,45,770163.7747625097,6270728.920713914,present,0.08248784198748184
-2281001,46,770164.6383000112,6270728.390815902,present,0.058305720156030506
-2281001,47,770165.5018375126,6270727.8609178895,present,0.07138608581859311
-2281001,48,770166.3653750139,6270727.331019877,present,0.07541693681126534
-2281001,49,770167.2289125153,6270726.8011218645,present,0.08187606031732499
-2281001,50,770168.0924500168,6270726.271223852,present,0.05592750966533782
-2281001,51,770168.9559875181,6270725.74132584,present,0.03888175221652321
-2281001,52,770169.8195250195,6270725.211427828,present,0.015502273089997935
-2281001,53,770170.6830625209,6270724.681529816,present,0.14331213916249147
-2281001,54,770171.5466000222,6270724.151631804,present,0.07427920882922193
-2281001,55,770172.4101375237,6270723.621733791,present,0.03331370436660427
-2281001,56,770173.2736750251,6270723.091835779,present,0.03679307212162742
-2281001,57,770174.1372125264,6270722.561937767,present,0.0480836097242052
-2281001,58,770175.0007500278,6270722.032039755,present,0.012203584964791347
-2281001,59,770175.8642875293,6270721.502141743,present,0.033932107424164464
-2281001,60,770176.7278250306,6270720.97224373,present,0.0647457613995222
-2281001,61,770177.591362532,6270720.442345718,present,0.09630392378212357
-2281001,62,770178.4549000334,6270719.912447706,present,0.054952889402553565
-2281001,63,770179.3184375347,6270719.382549694,present,0.07922740907274704
-2281001,64,770180.1819750362,6270718.852651682,present,0.07331661619462224
-2281001,65,770181.0455125376,6270718.32275367,present,0.1062805330304941
-2281001,66,770181.9090500389,6270717.792855657,present,0.03100454702386507
-2281001,67,770182.7725875403,6270717.262957645,present,0.10817657074032445
-2281001,68,770183.6361250418,6270716.733059633,present,0.3876717629456837
-2281001,69,770184.4996625431,6270716.203161621,present,0.08394464658360226
-2281001,70,770185.3632000445,6270715.6732636085,present,0.06274755604506446
-2281001,71,770186.2267375459,6270715.1433655955,present,0.08016610822257265
-2281001,72,770187.0902750472,6270714.613467583,present,0.07565378037342768
-2281001,73,770187.9538125487,6270714.083569571,present,0.05886693745906002
-2281001,74,770188.8173500501,6270713.553671559,present,0.1562148380842761
-2281001,75,770189.6808875514,6270713.023773547,present,0.0162507082017651
-2281001,76,770190.5444250528,6270712.493875535,present,0.036552113647572826
-2281000,0,770123.8567907171,6270750.879128641,present,0.050549739002388086
-2281000,1,770124.720076298,6270750.348485212,present,0.06970259250400823
-2281000,2,770125.5833618789,6270749.817841781,present,0.03550827005970152
-2281000,3,770126.4466474598,6270749.287198351,present,0.026794334250743266
-2281000,4,770127.3099330406,6270748.75655492,present,0.05704123610069387
-2281000,5,770128.1732186215,6270748.22591149,present,0.05850308597615006
-2281000,6,770129.0365042024,6270747.695268059,present,0.09361546578744367
-2281000,7,770129.8997897833,6270747.164624629,present,0.06758015144645993
-2281000,8,770130.7630753642,6270746.633981198,present,0.09606803981649144
-2281000,9,770131.626360945,6270746.1033377675,present,0.05849615039428796
-2281000,10,770132.4896465259,6270745.572694337,present,0.09040240076692538
-2281000,11,770133.3529321068,6270745.042050906,present,0.14728256274799456
-2281000,12,770134.2162176877,6270744.511407476,present,0.04425807338361473
-2281000,13,770135.0795032686,6270743.980764045,present,0.014358857661397552
-2281000,14,770135.9427888495,6270743.450120616,present,0.0645437322569796
-2281000,15,770136.8060744302,6270742.919477185,present,0.06392770764246293
-2281000,16,770137.6693600111,6270742.388833755,present,0.037381064464105815
-2281000,17,770138.532645592,6270741.858190324,present,0.08900971925064483
-2281000,18,770139.3959311729,6270741.327546894,present,0.11540418950036214
-2281000,19,770140.2592167538,6270740.796903463,present,0.026914862519740297
-2281000,20,770141.1225023346,6270740.266260033,present,0.11639253714036275
-2281000,21,770141.9857879155,6270739.735616602,present,0.12792871315482873
-2281000,22,770142.8490734964,6270739.204973171,present,0.02152179260354864
-2281000,23,770143.7123590773,6270738.674329741,present,0.11169276770594516
-2281000,24,770144.5756446582,6270738.14368631,present,0.14207070622002022
-2281000,25,770145.4389302391,6270737.61304288,present,0.16399663459817887
-2281000,26,770146.30221582,6270737.08239945,present,0.09119315212251942
-2281000,27,770147.1655014008,6270736.55175602,present,0.03221825343010893
-2281000,28,770148.0287869817,6270736.021112589,present,0.0717367003223107
-2281000,29,770148.8920725626,6270735.490469159,present,0.09007046131512286
-2281000,30,770149.7553581435,6270734.959825728,present,0.036698000502897565
-2281000,31,770150.6186437244,6270734.429182298,present,0.04986529613921451
-2281000,32,770151.4819293052,6270733.898538867,present,0.024743726535003792
-2281000,33,770152.3452148861,6270733.3678954365,present,0.028302874393169124
-2281000,34,770153.208500467,6270732.837252006,present,0.08018791912467656
-2281000,35,770154.0717860479,6270732.306608575,present,0.08781165279452419
-2281000,36,770154.9350716288,6270731.775965145,present,0.10636395487353238
-2281000,37,770155.7983572097,6270731.245321714,present,0.02874052357474164
-2281000,38,770156.6616427904,6270730.714678285,present,0.06220579760230833
-2281000,39,770157.5249283713,6270730.184034854,present,0.051079603723371614
-2281000,40,770158.3882139522,6270729.653391424,present,0.044963613506461816
-2281000,41,770159.2514995331,6270729.122747993,present,0.09276011413601726
-2281000,42,770160.114785114,6270728.592104563,present,0.08530945620705944
-2281000,43,770160.9780706948,6270728.061461132,present,0.11936161381470789
-2281000,44,770161.8413562757,6270727.5308177015,present,0.06697581999363286
-2281000,45,770162.7046418566,6270727.000174271,present,0.07604186718653513
-2281000,46,770163.5679274375,6270726.46953084,present,0.11809765072801634
-2281000,47,770164.4312130184,6270725.93888741,present,0.05533976002810445
-2281000,48,770165.2944985993,6270725.408243979,present,0.06825548334963175
-2281000,49,770166.1577841801,6270724.877600549,present,0.033321433168845144
-2281000,50,770167.021069761,6270724.346957119,present,0.09692869195075034
-2281000,51,770167.8843553419,6270723.816313689,present,0.09275955116666156
-2281000,52,770168.7476409228,6270723.285670258,present,0.033043375366631905
-2281000,53,770169.6109265037,6270722.755026828,present,0.07908028647843691
-2281000,54,770170.4742120845,6270722.224383397,present,0.09826536264496732
-2281000,55,770171.3374976654,6270721.6937399665,present,0.09066105816847565
-2281000,56,770172.2007832463,6270721.163096536,present,0.09926506311565754
-2281000,57,770173.0640688272,6270720.632453105,present,0.09772704610862061
-2281000,58,770173.9273544081,6270720.101809675,present,0.1114131874228002
-2281000,59,770174.790639989,6270719.571166244,present,0.377591302766807
-2281000,60,770175.6539255698,6270719.040522814,present,0.06210420622548403
-2281000,61,770176.5172111506,6270718.509879383,present,0.07104000856372768
-2281000,62,770177.3804967315,6270717.979235954,present,0.12523272393718082
-2281000,63,770178.2437823124,6270717.448592523,present,0.0606049021539966
-2281000,64,770179.1070678933,6270716.917949093,present,0.04215300774605803
-2281000,65,770179.9703534741,6270716.387305662,present,0.05370184097624407
-2281000,66,770180.833639055,6270715.8566622315,present,0.04508872257671576
-2281000,67,770181.6969246359,6270715.326018801,present,0.09908453622494169
-2281000,68,770182.5602102168,6270714.79537537,present,0.031591263261018195
-2281000,69,770183.4234957977,6270714.26473194,present,0.11340486592324452
-2281000,70,770184.2867813786,6270713.734088509,present,0.05315173783710091
-2281000,71,770185.1500669594,6270713.203445079,present,0.010513508554568372
-2281000,72,770186.0133525403,6270712.672801648,present,0.047199594945759024
-2281000,73,770186.8766381212,6270712.142158218,present,0.07413982026907011
-2281000,74,770187.7399237021,6270711.611514787,present,0.0591677059153959
-2281000,75,770188.603209283,6270711.080871358,present,0.024939986519550632
-2280999,0,770122.0690400469,6270748.475354206,present,0.17928623031157456
-2280999,1,770122.9364337298,6270747.951792253,present,0.04073007123116055
-2280999,2,770123.8038274128,6270747.428230301,present,0.04386312739534819
-2280999,3,770124.6712210958,6270746.904668347,present,0.03535274825399322
-2280999,4,770125.5386147788,6270746.381106394,present,0.11019683318918308
-2280999,5,770126.4060084617,6270745.857544442,ambiguous,0.7584413924409249
-2280999,6,770127.2734021447,6270745.333982489,present,0.17230584646113686
-2280999,7,770128.1407958277,6270744.810420536,present,0.032511084105887926
-2280999,8,770129.0081895107,6270744.286858584,present,0.06066946630744176
-2280999,9,770129.8755831936,6270743.76329663,present,0.1415257370209246
-2280999,10,770130.7429768767,6270743.239734678,present,0.03828153082226388
-2280999,11,770131.6103705596,6270742.716172725,present,0.17355764871859464
-2280999,12,770132.4777642426,6270742.192610772,present,0.10466996466113253
-2280999,13,770133.3451579256,6270741.66904882,present,0.0104156292251941
-2280999,14,770134.2125516086,6270741.145486867,present,0.09081913265264714
-2280999,15,770135.0799452915,6270740.621924914,present,0.10232186074916104
-2280999,16,770135.9473389745,6270740.098362961,present,0.03917785160637916
-2280999,17,770136.8147326575,6270739.574801008,present,0.08891292857019596
-2280999,18,770137.6821263405,6270739.051239056,present,0.15286932319834567
-2280999,19,770138.5495200234,6270738.527677103,present,0.10649604226983946
-2280999,20,770139.4169137065,6270738.00411515,present,0.005143896397500682
-2280999,21,770140.2843073894,6270737.480553198,present,0.22018919819152233
-2280999,22,770141.1517010723,6270736.956991244,present,0.034266393322811756
-2280999,23,770142.0190947554,6270736.4334292915,present,0.026586124529816894
-2280999,24,770142.8864884384,6270735.909867339,present,0.07351168131399168
-2280999,25,770143.7538821213,6270735.386305386,present,0.12577217907020882
-2280999,26,770144.6212758042,6270734.862743434,present,0.0830875768681097
-2280999,27,770145.4886694873,6270734.339181481,present,0.05539162651778331
-2280999,28,770146.3560631702,6270733.815619528,present,0.10069222081615645
-2280999,29,770147.2234568532,6270733.292057575,present,0.12657951552718336
-2280999,30,770148.0908505362,6270732.768495622,present,0.0594934613710015
-2280999,31,770148.9582442192,6270732.244933669,present,0.05554885368412588
-2280999,32,770149.8256379021,6270731.721371717,present,0.07992919829943097
-2280999,33,770150.6930315852,6270731.197809764,present,0.1240926990081035
-2280999,34,770151.5604252681,6270730.674247812,present,0.06568400299201739
-2280999,35,770152.4278189511,6270730.150685858,present,0.07296774212675469
-2280999,36,770153.295212634,6270729.627123905,present,0.04952547824994199
-2280999,37,770154.1626063171,6270729.103561953,present,0.06016059057807934
-2280999,38,770155.03,6270728.58,present,0.060827624900306874
-2280999,39,770155.897393683,6270728.056438047,present,0.0326528893589516
-2280999,40,770156.764787366,6270727.532876095,present,0.027620241924654485
-2280999,41,770157.632181049,6270727.009314142,present,0.06968291199905602
-2280999,42,770158.4995747319,6270726.485752189,present,0.09990746433191075
-2280999,43,770159.3669684149,6270725.962190236,present,0.053792591737499396
-2280999,44,770160.2343620979,6270725.438628283,present,0.060289054047656165
-2280999,45,770161.1017557809,6270724.915066331,present,0.040456774129167004
-2280999,46,770161.9691494638,6270724.391504378,present,0.06218119651334482
-2280999,47,770162.8365431469,6270723.867942425,present,0.040710345407178196
-2280999,48,770163.7039368298,6270723.344380472,present,0.11301544538342875
-2280999,49,770164.5713305128,6270722.820818519,present,0.040908413513648656
-2280999,50,770165.4387241958,6270722.297256567,present,0.08439798650229377
-2280999,51,770166.3061178788,6270721.773694614,present,0.04646783479708258
-2280999,52,770167.1735115617,6270721.250132661,present,0.020436611726236252
-2280999,53,770168.0409052446,6270720.726570709,present,0.044371363307043395
-2280999,54,770168.9082989277,6270720.203008756,present,0.013630575384663859
-2280999,55,770169.7756926107,6270719.6794468025,present,0.12331130591858093
-2280999,56,770170.6430862936,6270719.15588485,present,0.08427674433778119
-2280999,57,770171.5104799767,6270718.632322897,present,0.06120520956996493
-2280999,58,770172.3778736596,6270718.108760945,present,0.046115090867569826
-2280999,59,770173.2452673425,6270717.585198992,present,0.06657523896925813
-2280999,60,770174.1126610256,6270717.061637039,present,0.04783434516949933
-2280999,61,770174.9800547085,6270716.538075086,present,0.050593864711496114
-2280999,62,770175.8474483915,6270716.014513133,present,0.04134232218258896
-2280999,63,770176.7148420744,6270715.49095118,present,0.12414509545956853
-2280999,64,770177.5822357575,6270714.967389228,present,0.06742630486727313
-2280999,65,770178.4496294404,6270714.443827275,present,0.11507903570821165
-2280999,66,770179.3170231234,6270713.920265323,present,0.14460844755345004
-2280999,67,770180.1844168064,6270713.39670337,present,0.0790628297111856
-2280999,68,770181.0518104894,6270712.873141416,present,0.06193478290592913
-2280999,69,770181.9192041723,6270712.349579464,present,0.023260568129235215
-2280999,70,770182.7865978554,6270711.826017511,present,0.06686916166761145
-2280999,71,770183.6539915383,6270711.302455558,present,0.11862953498205368
-2280999,72,770184.5213852213,6270710.778893606,present,0.045124778741325755
-2280999,73,770185.3887789042,6270710.255331653,present,0.07921072372648194
-2280999,74,770186.2561725873,6270709.7317697,present,0.08970027056990174
-2280999,75,770187.1235662702,6270709.208207747,present,0.05419144229863712
-2280999,76,770187.9909599532,6270708.684645794,present,0.08576697526123708
-2280998,0,770121.0821090725,6270746.724150755,present,0.04231315108534117
-2280998,1,770121.9438956758,6270746.1914099455,present,0.04766991167789897
-2280998,2,770122.8056822792,6270745.658669136,present,0.03539576078207057
-2280998,3,770123.6674688826,6270745.125928327,present,0.028797692390252635
-2280998,4,770124.529255486,6270744.5931875175,present,0.05099032767262717
-2280998,5,770125.3910420893,6270744.060446708,present,0.06595022560849245
-2280998,6,770126.2528286927,6270743.527705899,present,0.0823194188659947
-2280998,7,770127.114615296,6270742.9949650895,present,0.09217170071449925
-2280998,8,770127.9764018994,6270742.46222428,present,0.08729341377750952
-2280998,9,770128.8381885027,6270741.929483471,present,0.06269974946018851
-2280998,10,770129.699975106,6270741.3967426615,present,0.07195020627760365
-2280998,11,770130.5617617094,6270740.864001852,present,0.05191617646784581
-2280998,12,770131.4235483127,6270740.3312610425,present,0.01993662668098698
-2280998,13,770132.2853349162,6270739.7985202335,present,0.09504773784302394
-2280998,14,770133.1471215195,6270739.265779424,present,0.10737013215077967
-2280998,15,770134.0089081229,6270738.7330386145,present,0.07407907233030585
-2280998,16,770134.8706947262,6270738.2002978055,present,0.1393757970402874
-2280998,17,770135.7324813296,6270737.667556996,present,0.09196683972011213
-2280998,18,770136.5942679329,6270737.1348161865,present,0.042439361914972294
-2280998,19,770137.4560545363,6270736.6020753775,present,0.0596598464342293
-2280998,20,770138.3178411396,6270736.069334568,present,0.058890508472436834
-2280998,21,770139.179627743,6270735.5365937585,present,0.07626131213463633
-2280998,22,770140.0414143463,6270735.0038529495,present,0.09761370774151173
-2280998,23,770140.9032009498,6270734.47111214,present,0.05771169729912873
-2280998,24,770141.7649875531,6270733.9383713305,present,0.04504510251441935
-2280998,25,770142.6267741565,6270733.4056305215,present,0.12455382952370124
-2280998,26,770143.4885607598,6270732.872889712,present,0.14682584130872364
-2280998,27,770144.3503473632,6270732.3401489025,present,0.04207572816651351
-2280998,28,770145.2121339665,6270731.8074080935,present,0.04805623612653743
-2280998,29,770146.0739205698,6270731.274667284,present,0.006618816075405265
-2280998,30,770146.9357071732,6270730.7419264745,present,0.13006463360456166
-2280998,31,770147.7974937765,6270730.2091856655,present,0.0652598705239028
-2280998,32,770148.6592803799,6270729.676444856,present,0.045801670719569934
-2280998,33,770149.5210669833,6270729.1437040465,present,0.01635847426969703
-2280998,34,770150.3828535867,6270728.6109632375,present,0.06567321896961122
-2280998,35,770151.24464019,6270728.078222428,present,0.025975898274561465
-2280998,36,770152.1064267934,6270727.5454816185,present,0.10539603449977786
-2280998,37,770152.9682133967,6270727.0127408095,present,0.05728705687483571
-2280998,38,770153.8300000001,6270726.48,present,0.10440306514173617
-2280998,39,770154.6917866034,6270725.9472591905,present,0.07566391551284692
-2280998,40,770155.5535732068,6270725.4145183815,present,0.07865409570400632
-2280998,41,770156.4153598101,6270724.8817775715,present,0.10837930993471392
-2280998,42,770157.2771464135,6270724.3490367625,present,0.04263646739433939
-2280998,43,770158.1389330168,6270723.8162959535,present,0.0969518206876607
-2280998,44,770159.0007196203,6270723.2835551435,present,0.07920302266500272
-2280998,45,770159.8625062236,6270722.7508143345,present,0.08720900878733154
-2280998,46,770160.724292827,6270722.2180735255,present,0.10800516915575611
-2280998,47,770161.5860794303,6270721.6853327155,present,0.1439962288586781
-2280998,48,770162.4478660336,6270721.1525919065,present,0.12219153169522039
-2280998,49,770163.309652637,6270720.619851097,present,0.014006199356075659
-2280998,50,770164.1714392403,6270720.0871102875,present,0.04907854484103515
-2280998,51,770165.0332258437,6270719.5543694785,present,0.13068238147692895
-2280998,52,770165.895012447,6270719.021628669,present,0.03304810355142721
-2280998,53,770166.7567990504,6270718.4888878595,present,0.06922257062476865
-2280998,54,770167.6185856538,6270717.9561470505,present,0.03861927932226629
-2280998,55,770168.4803722572,6270717.423406241,present,0.02828288236203601
-2280998,56,770169.3421588605,6270716.8906654315,present,0.05664828978642681
-2280998,57,770170.2039454639,6270716.3579246225,present,0.02871678249232735
-2280998,58,770171.0657320672,6270715.825183813,present,0.05982669134842072
-2280998,59,770171.9275186706,6270715.2924430035,present,0.06749591457283564
-2280998,60,770172.7893052739,6270714.7597021945,present,0.05727105588993417
-2280998,61,770173.6510918773,6270714.226961385,present,0.04914731603321844
-2280998,62,770174.5128784806,6270713.6942205755,present,0.046057730377517064
-2280998,63,770175.374665084,6270713.1614797665,present,0.12244383735393198
-2280998,64,770176.2364516874,6270712.628738957,present,0.04750785884410029
-2280998,65,770177.0982382908,6270712.0959981475,present,0.09195753938033611
-2280998,66,770177.9600248941,6270711.5632573385,present,0.052656354161118225
-2280998,67,770178.8218114974,6270711.0305165285,present,0.03181569060581464
-2280998,68,770179.6835981008,6270710.4977757195,present,0.10810408003180676
-2280998,69,770180.5453847041,6270709.9650349105,present,0.19651284685364856
-2280998,70,770181.4071713075,6270709.4322941005,present,0.021864908774353983
-2280998,71,770182.2689579108,6270708.8995532915,present,0.0770939140361334
-2280998,72,770183.1307445142,6270708.3668124825,present,0.04424132454005471
-2280998,73,770183.9925311175,6270707.8340716725,present,0.0659768972380723
-2280998,74,770184.854317721,6270707.3013308635,present,0.08397709456439185
-2280998,75,770185.7161043243,6270706.7685900545,present,0.06905498712728118
-2280998,76,770186.5778909277,6270706.2358492445,present,0.09114863766331081
-2280997,0,770119.6397747297,6270744.174019115,present,0.08160655249306581
-2280997,1,770120.5039911842,6270743.645229138,present,0.10792936804538525
-2280997,2,770121.3682076386,6270743.116439162,present,0.06228577383381024
-2280997,3,770122.2324240932,6270742.587649185,present,0.09194632858654396
-2280997,4,770123.0966405476,6270742.058859208,present,0.06722684097372171
-2280997,5,770123.9608570021,6270741.530069231,present,0.08026126982129211
-2280997,6,770124.8250734566,6270741.001279254,present,0.050999216879427545
-2280997,7,770125.6892899111,6270740.472489278,present,0.034209050722936424
-2280997,8,770126.5535063655,6270739.943699301,present,0.09450455682264318
-2280997,9,770127.4177228201,6270739.414909325,present,0.08302698976655168
-2280997,10,770128.2819392745,6270738.886119348,present,0.103119396613782
-2280997,11,770129.1461557291,6270738.357329371,present,0.038311637635014044
-2280997,12,770130.0103721835,6270737.828539395,present,0.05235765465140151
-2280997,13,770130.874588638,6270737.299749418,present,0.13839241800571833
-2280997,14,770131.7388050925,6270736.770959441,present,0.05002045986498985
-2280997,15,770132.603021547,6270736.242169464,present,0.0964579519441941
-2280997,16,770133.4672380014,6270735.713379487,present,0.01684844474026476
-2280997,17,770134.331454456,6270735.184589511,present,0.048762008343516565
-2280997,18,770135.1956709104,6270734.655799534,present,0.01622409769370953
-2280997,19,770136.0598873649,6270734.127009558,present,0.13121975021530485
-2280997,20,770136.9241038194,6270733.598219581,present,0.025948109374878188
-2280997,21,770137.7883202739,6270733.069429604,present,0.051022555569835495
-2280997,22,770138.6525367283,6270732.540639628,present,0.11847967924473944
-2280997,23,770139.5167531829,6270732.011849651,present,0.05682253807387707
-2280997,24,770140.3809696373,6270731.483059674,present,0.049125737353328265
-2280997,25,770141.2451860917,6270730.954269697,present,0.050932752474563164
-2280997,26,770142.1094025463,6270730.42547972,present,0.024234218322111728
-2280997,27,770142.9736190008,6270729.896689744,present,0.01671211940537111
-2280997,28,770143.8378354552,6270729.367899767,present,0.13647278261809892
-2280997,29,770144.7020519098,6270728.8391097905,present,0.12752744075057038
-2280997,30,770145.5662683642,6270728.310319814,present,0.07030387500268899
-2280997,31,770146.4304848188,6270727.781529837,present,0.09475224606264036
-2280997,32,770147.2947012732,6270727.252739861,present,0.19712824385998812
-2280997,33,770148.1589177276,6270726.723949884,present,0.03713672991560628
-2280997,34,770149.0231341822,6270726.1951599065,present,0.044949495004981264
-2280997,35,770149.8873506367,6270725.66636993,present,0.05605122664337393
-2280997,36,770150.7515670911,6270725.137579953,present,0.04312180114231794
-2280997,37,770151.6157835457,6270724.608789977,present,0.10264178124840984
-2280997,38,770152.4800000001,6270724.08,present,0.11180339866673943
-2280997,39,770153.3442164545,6270723.551210023,present,0.08626361817629667
-2280997,40,770154.2084329091,6270723.022420047,present,0.06885142511118668
-2280997,41,770155.0726493635,6270722.49363007,present,0.09461979446497805
-2280997,42,770155.936865818,6270721.964840094,present,0.10898921506224049
-2280997,43,770156.8010822725,6270721.436050116,present,0.07500857558339187
-2280997,44,770157.665298727,6270720.9072601395,present,0.12950548046546811
-2280997,45,770158.5295151814,6270720.378470163,present,0.03954478430751985
-2280997,46,770159.393731636,6270719.849680186,present,0.15844666710776126
-2280997,47,770160.2579480904,6270719.32089021,present,0.06205829474382297
-2280997,48,770161.122164545,6270718.792100233,present,0.06898082745255281
-2280997,49,770161.9863809994,6270718.263310256,present,0.036867796729666176
-2280997,50,770162.8505974539,6270717.73452028,present,0.06870452818779622
-2280997,51,770163.7148139084,6270717.205730303,present,0.11131444339912577
-2280997,52,770164.5790303629,6270716.676940327,present,0.032983873115102896
-2280997,53,770165.4432468173,6270716.148150349,present,0.10713870571415028
-2280997,54,770166.3074632719,6270715.619360372,present,0.07459954819009317
-2280997,55,770167.1716797263,6270715.090570396,present,0.049231760809039384
-2280997,56,770168.0358961808,6270714.561780419,present,0.08819463825554123
-2280997,57,770168.9001126353,6270714.032990443,present,0.1500447224697187
-2280997,58,770169.7643290898,6270713.504200466,present,0.1758909755523313
-2280997,59,770170.6285455442,6270712.975410489,ambiguous,0.7264925901016053
-2280997,60,770171.4927619988,6270712.446620513,present,0.46579647671236313
-2280997,61,770172.3569784532,6270711.917830536,present,0.05608627003117537
-2280997,62,770173.2211949077,6270711.3890405595,present,0.17162064604707467
-2280997,63,770174.0854113622,6270710.860250582,present,0.30907446292984775
-2280997,64,770174.9496278167,6270710.331460605,present,0.19549144365568324
-2280997,65,770175.8138442711,6270709.802670629,present,0.04532252492258024
-2280997,66,770176.6780607257,6270709.273880652,present,0.282197620702639
-2280997,67,770177.5422771801,6270708.745090676,present,0.1354668038566625
-2280997,68,770178.4064936347,6270708.216300699,present,0.18376826217121506
-2280997,69,770179.2707100891,6270707.687510722,ambiguous,0.5953872686033609
-2280997,70,770180.1349265436,6270707.158720746,present,0.12684759239526563
-2280997,71,770180.9991429981,6270706.629930769,present,0.384134069993717
-2280997,72,770181.8633594526,6270706.1011407925,present,0.39672014285526674
-2280997,73,770182.727575907,6270705.572350815,ambiguous,0.5767444850957149
-2280997,74,770183.5917923616,6270705.043560838,present,0.145399466175243
-2280997,75,770184.456008816,6270704.514770862,present,0.16681095737771184
-2280997,76,770185.3202252705,6270703.985980885,present,0.13979682505732471
-2280996,0,770118.124975083,6270742.1998116,present,0.08187158775734915
-2280996,1,770118.9895810019,6270741.671658663,present,0.0156358543820798
-2280996,2,770119.8541869208,6270741.143505726,present,0.06834867915508334
-2280996,3,770120.7187928396,6270740.615352789,present,0.18350963162508505
-2280996,4,770121.5833987584,6270740.087199853,present,0.027989433801353453
-2280996,5,770122.4480046773,6270739.559046916,present,0.05865801060048787
-2280996,6,770123.3126105962,6270739.030893979,present,0.03740008974911955
-2280996,7,770124.1772165151,6270738.502741042,present,0.06368827155582624
-2280996,8,770125.0418224339,6270737.9745881045,present,0.09918428992387426
-2280996,9,770125.9064283528,6270737.446435168,present,0.06321587361549105
-2280996,10,770126.7710342717,6270736.918282231,present,0.13650546871008354
-2280996,11,770127.6356401906,6270736.390129294,present,0.03259766640861909
-2280996,12,770128.5002461094,6270735.861976357,present,0.010434977011553395
-2280996,13,770129.3648520283,6270735.333823421,present,0.047958534640747695
-2280996,14,770130.2294579472,6270734.805670484,present,0.09064550746062855
-2280996,15,770131.0940638661,6270734.277517547,present,0.1262458841943521
-2280996,16,770131.958669785,6270733.74936461,present,0.04096274261543152
-2280996,17,770132.8232757038,6270733.221211673,present,0.033297756888029745
-2280996,18,770133.6878816227,6270732.693058737,present,0.10168505401309194
-2280996,19,770134.5524875416,6270732.1649058,present,0.07979858517169038
-2280996,20,770135.4170934604,6270731.6367528625,present,0.040374270269393026
-2280996,21,770136.2816993793,6270731.108599925,present,0.08026702295750958
-2280996,22,770137.1463052982,6270730.580446989,present,0.023698917585590933
-2280996,23,770138.0109112171,6270730.052294052,present,0.06137797202156992
-2280996,24,770138.875517136,6270729.524141115,present,0.08415738313550436
-2280996,25,770139.7401230548,6270728.995988178,present,0.05763865218001296
-2280996,26,770140.6047289737,6270728.467835241,present,0.08032308350829499
-2280996,27,770141.4693348925,6270727.939682305,present,0.09118063812014199
-2280996,28,770142.3339408113,6270727.411529368,present,0.1439084548816313
-2280996,29,770143.1985467302,6270726.883376431,present,0.07846702226752539
-2280996,30,770144.0631526491,6270726.355223494,present,0.052995750275501
-2280996,31,770144.927758568,6270725.827070557,present,0.058189732257780236
-2280996,32,770145.7923644868,6270725.29891762,present,0.10682247095315218
-2280996,33,770146.6569704057,6270724.770764683,present,0.011570550270656583
-2280996,34,770147.5215763246,6270724.242611746,present,0.0336821066327798
-2280996,35,770148.3861822435,6270723.714458809,present,0.024231518891506265
-2280996,36,770149.2507881623,6270723.186305873,present,0.10840740514851156
-2280996,37,770150.1153940812,6270722.658152936,present,0.0746287796648211
-2280996,38,770150.9800000001,6270722.129999999,present,0.022360681097385773
-2280996,39,770151.844605919,6270721.601847062,present,0.0750500736073176
-2280996,40,770152.7092118378,6270721.073694125,present,0.03345464135443547
-2280996,41,770153.5738177567,6270720.545541189,present,0.11327682526578772
-2280996,42,770154.4384236756,6270720.017388252,present,0.08784948589943369
-2280996,43,770155.3030295945,6270719.489235315,present,0.06648119845601118
-2280996,44,770156.1676355134,6270718.9610823775,present,0.05229934739261221
-2280996,45,770157.0322414322,6270718.432929441,present,0.07909006075195248
-2280996,46,770157.8968473511,6270717.904776504,present,0.02805115582039811
-2280996,47,770158.76145327,6270717.376623567,present,0.11808910903452874
-2280996,48,770159.6260591889,6270716.84847063,present,0.06760764192042816
-2280996,49,770160.4906651077,6270716.320317693,present,0.05769633905149223
-2280996,50,770161.3552710265,6270715.792164757,present,0.053143829450853136
-2280996,51,770162.2198769454,6270715.26401182,present,0.1037985733079674
-2280996,52,770163.0844828642,6270714.735858883,present,0.024830616032473635
-2280996,53,770163.9490887831,6270714.207705946,present,0.07594301502173868
-2280996,54,770164.813694702,6270713.679553009,present,0.006321121995979799
-2280996,55,770165.6783006209,6270713.1514000725,present,0.12861115546344837
-2280996,56,770166.5429065397,6270712.623247135,present,0.06393831958998122
-2280996,57,770167.4075124586,6270712.095094198,present,0.027861041824121763
-2280996,58,770168.2721183775,6270711.566941261,present,0.05494070737045329
-2280996,59,770169.1367242964,6270711.038788325,present,0.05734314015803499
-2280996,60,770170.0013302153,6270710.510635388,present,0.00945861620869735
-2280996,61,770170.8659361341,6270709.982482451,present,0.06233832356345766
-2280996,62,770171.730542053,6270709.454329514,present,0.31442554599696076
-2280996,63,770172.5951479719,6270708.926176577,present,0.13169641033858692
-2280996,64,770173.4597538908,6270708.398023641,present,0.058837753929120495
-2280996,65,770174.3243598096,6270707.869870704,present,0.09692013835766479
-2280996,66,770175.1889657285,6270707.341717767,present,0.09814481674813169
-2280996,67,770176.0535716474,6270706.8135648295,present,0.1474378370894168
-2280996,68,770176.9181775663,6270706.285411893,present,0.364661094195701
-2280996,69,770177.7827834851,6270705.757258956,present,0.0572821341160846
-2280996,70,770178.647389404,6270705.229106019,present,0.31662694938350994
-2280996,71,770179.5119953229,6270704.700953082,present,0.2784032174668814
-2280996,72,770180.3766012418,6270704.172800145,present,0.25392725847821973
-2280996,73,770181.2412071606,6270703.644647209,present,0.3018552830701584
-2280996,74,770182.1058130794,6270703.116494272,present,0.09621139736300023
-2280996,75,770182.9704189983,6270702.588341335,present,0.03973176936634416
-2280996,76,770183.8350249171,6270702.060188398,present,0.13213785335971323
-2280995,0,770117.5074890623,6270740.705143877,present,0.1575603734071811
-2280995,1,770118.3646604026,6270740.165008512,present,0.36514357088386157
-2280995,2,770119.2218317431,6270739.624873147,present,0.4675904210532211
-2280995,3,770120.0790030836,6270739.084737782,present,0.33542451662554634
-2280995,4,770120.9361744241,6270738.544602416,present,0.3258729263801923
-2280995,5,770121.7933457645,6270738.0044670515,present,0.23028593505032008
-2280995,6,770122.650517105,6270737.4643316865,present,0.38901441054282687
-2280995,7,770123.5076884455,6270736.9241963215,present,0.2688959527000343
-2280995,8,770124.364859786,6270736.384060956,present,0.3948620859463303
-2280995,9,770125.2220311264,6270735.843925591,present,0.20949143058212014
-2280995,10,770126.0792024669,6270735.303790226,present,0.3918774912126161
-2280995,11,770126.9363738074,6270734.763654861,present,0.323549243627423
-2280995,12,770127.7935451479,6270734.223519495,present,0.351586999546797
-2280995,13,770128.6507164882,6270733.68338413,present,0.2861914845984771
-2280995,14,770129.5078878287,6270733.143248765,present,0.2083545029096985
-2280995,15,770130.3650591692,6270732.6031134,present,0.15447716934680455
-2280995,16,770131.2222305097,6270732.062978034,present,0.16782684442263834
-2280995,17,770132.0794018502,6270731.522842669,present,0.20925417097344007
-2280995,18,770132.9365731906,6270730.982707304,present,0.19614714693527002
-2280995,19,770133.7937445311,6270730.442571939,present,0.1491319611507106
-2280995,20,770134.6509158716,6270729.902436573,present,0.22630259455938467
-2280995,21,770135.5080872121,6270729.362301208,present,0.06469970739741901
-2280995,22,770136.3652585525,6270728.822165843,present,0.12651406701805215
-2280995,23,770137.222429893,6270728.282030478,present,0.0613096123715647
-2280995,24,770138.0796012335,6270727.741895112,present,0.1574129094668666
-2280995,25,770138.936772574,6270727.201759747,present,0.09848875325542768
-2280995,26,770139.7939439144,6270726.661624382,present,0.12581616675411061
-2280995,27,770140.6511152548,6270726.121489017,present,0.082469047522818
-2280995,28,770141.5082865953,6270725.581353651,present,0.1561210788309407
-2280995,29,770142.3654579358,6270725.041218286,present,0.12533406384545814
-2280995,30,770143.2226292762,6270724.501082921,present,0.12910379865082214
-2280995,31,770144.0798006167,6270723.960947556,present,0.17408181148514854
-2280995,32,770144.9369719572,6270723.4208121905,present,0.11780979382497617
-2280995,33,770145.7941432977,6270722.8806768255,present,0.06844708799915689
-2280995,34,770146.6513146381,6270722.340541461,present,0.14540396882702905
-2280995,35,770147.5084859786,6270721.800406096,present,0.23943153277165832
-2280995,36,770148.3656573191,6270721.26027073,present,0.061632707805954326
-2280995,37,770149.2228286596,6270720.720135365,present,0.047211204412701595
-2280995,38,770150.0800000001,6270720.18,present,0.12649110648772544
-2280995,39,770150.9371713405,6270719.639864635,present,0.14038473213406927
-2280995,40,770151.794342681,6270719.09972927,present,0.033600314035630664
-2280995,41,770152.6515140214,6270718.559593904,present,0.03986799950516282
-2280995,42,770153.508685362,6270718.019458539,present,0.12176314871530752
-2280995,43,770154.3658567023,6270717.479323174,present,0.03453263176773108
-2280995,44,770155.2230280428,6270716.939187809,present,0.0529226186914639
-2280995,45,770156.0801993833,6270716.399052443,present,0.010243304450756174
-2280995,46,770156.9373707238,6270715.858917078,present,0.031554651191196804
-2280995,47,770157.7945420642,6270715.318781713,present,0.039163890366353496
-2280995,48,770158.6517134047,6270714.778646348,present,0.10751182958237823
-2280995,49,770159.5088847452,6270714.238510982,present,0.02892309942437692
-2280995,50,770160.3660560857,6270713.698375617,present,0.05607961622374916
-2280995,51,770161.2232274261,6270713.158240252,present,0.057977726948024576
-2280995,52,770162.0803987666,6270712.618104887,present,0.0965450401167455
-2280995,53,770162.937570107,6270712.077969521,present,0.06803846436050232
-2280995,54,770163.7947414475,6270711.537834156,present,0.41016717136570885
-2280995,55,770164.6519127879,6270710.997698791,present,0.08954454319363507
-2280995,56,770165.5090841284,6270710.457563426,present,0.15059481177637435
-2280995,57,770166.3662554689,6270709.91742806,present,0.051632184920974974
-2280995,58,770167.2234268094,6270709.377292695,present,0.08379007955028692
-2280995,59,770168.0805981498,6270708.8371573305,present,0.04122423004082402
-2280995,60,770168.9377694903,6270708.2970219655,present,0.22015903694113378
-2280995,61,770169.7949408308,6270707.7568866,present,0.057100761813927876
-2280995,62,770170.6521121713,6270707.216751235,present,0.08759270185340862
-2280995,63,770171.5092835118,6270706.67661587,present,0.09950369559665223
-2280995,64,770172.3664548522,6270706.136480505,present,0.09275858268201467
-2280995,65,770173.2236261927,6270705.596345139,present,0.11241154753318544
-2280995,66,770174.0807975332,6270705.056209774,present,0.1540653078144939
-2280995,67,770174.9379688737,6270704.516074409,present,0.1297185451123758
-2280995,68,770175.795140214,6270703.975939044,ambiguous,0.5798538711042912
-2280995,69,770176.6523115545,6270703.435803678,present,0.23324126490711888
-2280995,70,770177.509482895,6270702.895668313,present,0.17841742055297657
-2280995,71,770178.3666542355,6270702.355532948,present,0.3636835997904557
-2280995,72,770179.2238255759,6270701.815397583,present,0.3525241869610484
-2280995,73,770180.0809969164,6270701.275262217,ambiguous,0.7748740067571174
-2280995,74,770180.9381682569,6270700.735126852,ambiguous,0.5536969563734468
-2280995,75,770181.7953395974,6270700.194991487,present,0.07656095735330297
-2280995,76,770182.6525109378,6270699.654856122,present,0.0451402742979368
-2280994,0,770115.6588858749,6270737.7412185185,present,0.10699603891459747
-2280994,1,770116.5252309835,6270737.215923294,present,0.05654908324337887
-2280994,2,770117.3915760921,6270736.690628069,present,0.020688192736886005
-2280994,3,770118.2579212006,6270736.165332845,present,0.09861757991683508
-2280994,4,770119.1242663092,6270735.640037621,present,0.11055943261291268
-2280994,5,770119.9906114177,6270735.114742397,present,0.07600203291283067
-2280994,6,770120.8569565263,6270734.589447173,present,0.0194106379755548
-2280994,7,770121.7233016349,6270734.064151949,present,0.07390698610302694
-2280994,8,770122.5896467434,6270733.538856725,present,0.050881938772396065
-2280994,9,770123.455991852,6270733.0135615,present,0.07367061494914753
-2280994,10,770124.3223369605,6270732.488266276,present,0.12175615375565148
-2280994,11,770125.1886820691,6270731.962971052,present,0.07671916889048275
-2280994,12,770126.0550271777,6270731.437675828,present,0.08500460171849444
-2280994,13,770126.9213722862,6270730.912380604,present,0.07239361185072453
-2280994,14,770127.7877173948,6270730.38708538,present,0.050213907390126586
-2280994,15,770128.6540625033,6270729.861790155,present,0.03604527560072326
-2280994,16,770129.5204076119,6270729.336494931,present,0.05555539097398037
-2280994,17,770130.3867527203,6270728.811199707,present,0.029002439327336503
-2280994,18,770131.253097829,6270728.285904483,present,0.14593736596055673
-2280994,19,770132.1194429375,6270727.760609259,present,0.039394679697821136
-2280994,20,770132.985788046,6270727.235314035,present,0.12676517608325885
-2280994,21,770133.8521331546,6270726.710018811,present,0.07282043755749668
-2280994,22,770134.7184782631,6270726.184723586,present,0.03711031928640929
-2280994,23,770135.5848233717,6270725.659428362,present,0.05965339647370874
-2280994,24,770136.4511684803,6270725.134133138,present,0.09599830076656539
-2280994,25,770137.3175135888,6270724.608837914,present,0.03753158388679416
-2280994,26,770138.1838586974,6270724.08354269,present,0.03971192265429043
-2280994,27,770139.0502038059,6270723.558247466,present,0.06484801317107888
-2280994,28,770139.9165489145,6270723.032952242,present,0.08683539318111237
-2280994,29,770140.7828940231,6270722.507657017,present,0.06978600354203168
-2280994,30,770141.6492391316,6270721.982361793,present,0.020894777352871183
-2280994,31,770142.5155842402,6270721.457066569,present,0.09446131862036848
-2280994,32,770143.3819293487,6270720.9317713445,present,0.022000772643927448
-2280994,33,770144.2482744573,6270720.40647612,present,0.047932432593067634
-2280994,34,770145.1146195659,6270719.881180896,present,0.12552740353019115
-2280994,35,770145.9809646744,6270719.355885671,present,0.09410670974348166
-2280994,36,770146.847309783,6270718.830590447,present,0.07268177134371709
-2280994,37,770147.7136548915,6270718.305295223,present,0.07853269306473888
-2280994,38,770148.5800000001,6270717.779999999,present,0.05999999959021807
-2280994,39,770149.4463451087,6270717.254704775,present,0.0287455120392015
-2280994,40,770150.3126902172,6270716.729409551,present,0.0027542509594037515
-2280994,41,770151.1790353258,6270716.204114327,present,0.12905069064616043
-2280994,42,770152.0453804343,6270715.678819102,present,0.017073613260761816
-2280994,43,770152.9117255429,6270715.153523878,present,0.0766665498481947
-2280994,44,770153.7780706515,6270714.628228654,present,0.08746967145698362
-2280994,45,770154.64441576,6270714.10293343,present,0.11529772332273211
-2280994,46,770155.5107608686,6270713.577638206,present,0.011987649383317442
-2280994,47,770156.377105977,6270713.052342982,present,0.09139125710983066
-2280994,48,770157.2434510856,6270712.527047757,present,0.07540350127103086
-2280994,49,770158.1097961942,6270712.001752533,present,0.05341715221404167
-2280994,50,770158.9761413027,6270711.476457309,present,0.05631698051790492
-2280994,51,770159.8424864113,6270710.951162085,present,0.055580270602928736
-2280994,52,770160.7088315198,6270710.425866861,present,0.09797001337892944
-2280994,53,770161.5751766284,6270709.900571637,present,0.11019670629653547
-2280994,54,770162.441521737,6270709.375276413,present,0.0483905511975279
-2280994,55,770163.3078668455,6270708.849981188,present,0.040747793457760605
-2280994,56,770164.1742119541,6270708.324685964,present,0.06740730320117601
-2280994,57,770165.0405570626,6270707.79939074,present,0.04395163348052176
-2280994,58,770165.9069021712,6270707.274095516,present,0.13762589889069626
-2280994,59,770166.7732472798,6270706.748800292,present,0.10099761293974623
-2280994,60,770167.6395923883,6270706.223505068,present,0.11695891420895764
-2280994,61,770168.5059374969,6270705.698209844,present,0.05988438798860741
-2280994,62,770169.3722826054,6270705.172914619,present,0.10481799029904118
-2280994,63,770170.238627714,6270704.647619395,present,0.03879791485974192
-2280994,64,770171.1049728225,6270704.122324171,present,0.07783484742774587
-2280994,65,770171.9713179311,6270703.5970289465,present,0.11339401075840388
-2280994,66,770172.8376630397,6270703.071733722,present,0.07513099715883373
-2280994,67,770173.7040081482,6270702.546438498,present,0.03777271979609025
-2280994,68,770174.5703532568,6270702.021143273,present,0.06447920615347465
-2280994,69,770175.4366983653,6270701.495848049,present,0.08679772598496095
-2280994,70,770176.3030434739,6270700.970552825,present,0.023416336588372524
-2280994,71,770177.1693885825,6270700.445257601,present,0.08076809378141744
-2280994,72,770178.035733691,6270699.919962377,present,0.09014490848298094
-2280994,73,770178.9020787996,6270699.394667153,present,0.045604501530745904
-2280994,74,770179.768423908,6270698.869371929,present,0.08109147089563491
-2280994,75,770180.6347690166,6270698.344076704,present,0.10613160583012773
-2280994,76,770181.5011141252,6270697.81878148,present,0.07771850685233432
-2280993,0,770114.415574947,6270735.966124465,present,0.1097822553107917
-2280993,1,770115.2791124485,6270735.436226452,present,0.03220629271980891
-2280993,2,770116.1426499499,6270734.90632844,present,0.09055117937717165
-2280993,3,770117.0061874512,6270734.376430428,present,0.05882564679416887
-2280993,4,770117.8697249526,6270733.846532416,present,0.035009367275423246
-2280993,5,770118.733262454,6270733.316634404,present,0.03352471638455761
-2280993,6,770119.5967999555,6270732.7867363915,present,0.09905550216150562
-2280993,7,770120.4603374568,6270732.2568383785,present,0.10386483414751331
-2280993,8,770121.3238749582,6270731.726940366,present,0.06425090641318501
-2280993,9,770122.1874124596,6270731.197042354,present,0.04616255050215015
-2280993,10,770123.050949961,6270730.667144342,present,0.09631339807596968
-2280993,11,770123.9144874624,6270730.13724633,present,0.12425658403594976
-2280993,12,770124.7780249638,6270729.607348318,present,0.021079982039554947
-2280993,13,770125.6415624652,6270729.077450305,present,0.07503116122456992
-2280993,14,770126.5050999665,6270728.547552293,present,0.09767149582785453
-2280993,15,770127.368637468,6270728.017654281,present,0.12672771271890093
-2280993,16,770128.2321749694,6270727.487756269,present,0.11898118753638155
-2280993,17,770129.0957124707,6270726.957858257,present,0.08181914850295699
-2280993,18,770129.9592499721,6270726.427960244,present,0.08709811934497817
-2280993,19,770130.8227874736,6270725.898062232,present,0.10881620028603597
-2280993,20,770131.686324975,6270725.36816422,present,0.04131006203205798
-2280993,21,770132.5498624763,6270724.838266208,present,0.04131886809864546
-2280993,22,770133.4133999777,6270724.308368196,present,0.13638294822601624
-2280993,23,770134.2769374792,6270723.778470184,present,0.09092053889615094
-2280993,24,770135.1404749805,6270723.248572171,present,0.020872266450577697
-2280993,25,770136.0040124819,6270722.718674159,present,0.09388150970218008
-2280993,26,770136.8675499833,6270722.188776147,present,0.07881423605712205
-2280993,27,770137.7310874847,6270721.658878135,present,0.09908268368105208
-2280993,28,770138.594624986,6270721.1289801225,present,0.12708485217082569
-2280993,29,770139.4581624875,6270720.59908211,present,0.0894655254768858
-2280993,30,770140.3216999889,6270720.069184097,present,0.043088291183480974
-2280993,31,770141.1852374902,6270719.539286085,present,0.09670515173475648
-2280993,32,770142.0487749917,6270719.009388073,present,0.1209316682599322
-2280993,33,770142.9123124931,6270718.479490061,present,0.0437465531501217
-2280993,34,770143.7758499945,6270717.949592049,present,0.05206336174074921
-2280993,35,770144.6393874958,6270717.419694037,present,0.040310616436685424
-2280993,36,770145.5029249972,6270716.889796024,present,0.06368294416219863
-2280993,37,770146.3664624987,6270716.359898012,present,0.042325328153024956
-2280993,38,770147.23,6270715.83,present,0.019999999552965164
-2280993,39,770148.0935375014,6270715.300101988,present,0.04163656704908404
-2280993,40,770148.9570750028,6270714.770203976,present,0.07292528245958341
-2280993,41,770149.8206125043,6270714.240305963,present,0.06749527005949413
-2280993,42,770150.6841500056,6270713.710407951,present,0.06055033471939999
-2280993,43,770151.547687507,6270713.180509939,present,0.04359823250257519
-2280993,44,770152.4112250084,6270712.650611927,present,0.0894070026674781
-2280993,45,770153.2747625099,6270712.120713915,present,0.08771827633441728
-2280993,46,770154.1383000112,6270711.590815903,present,0.0929978682894638
-2280993,47,770155.0018375126,6270711.06091789,present,0.04598374060028674
-2280993,48,770155.865375014,6270710.531019878,present,0.06918921884920379
-2280993,49,770156.7289125153,6270710.001121866,present,0.05954886727672875
-2280993,50,770157.5924500168,6270709.4712238535,present,0.13071839602343582
-2280993,51,770158.4559875182,6270708.9413258415,present,0.004225856660709963
-2280993,52,770159.3195250196,6270708.411427829,present,0.07205931756694023
-2280993,53,770160.1830625209,6270707.881529816,present,0.06094043013517898
-2280993,54,770161.0466000224,6270707.351631804,present,0.062488152897111605
-2280993,55,770161.9101375238,6270706.821733792,present,0.020212023604773727
-2280993,56,770162.7736750251,6270706.29183578,present,0.05370640939946439
-2280993,57,770163.6372125265,6270705.761937768,present,0.06314902284848678
-2280993,58,770164.500750028,6270705.232039756,present,0.1410647668427785
-2280993,59,770165.3642875294,6270704.702141743,present,0.08507374961304531
-2280993,60,770166.2278250307,6270704.172243731,present,0.07821058176549335
-2280993,61,770167.0913625321,6270703.642345719,present,0.10010287600505273
-2280993,62,770167.9549000335,6270703.112447707,present,0.026942727341439557
-2280993,63,770168.8184375349,6270702.582549695,present,0.18255638109522396
-2280993,64,770169.6819750363,6270702.052651682,present,0.07826981399419307
-2280993,65,770170.5455125377,6270701.52275367,present,0.05498716703496818
-2280993,66,770171.4090500391,6270700.992855658,present,0.06513458168855837
-2280993,67,770172.2725875404,6270700.462957646,present,0.04286781281596187
-2280993,68,770173.1361250419,6270699.933059634,present,0.05012088819576746
-2280993,69,770173.9996625433,6270699.403161622,present,0.07528383853431028
-2280993,70,770174.8632000446,6270698.873263609,present,0.017039573624561447
-2280993,71,770175.726737546,6270698.343365597,present,0.10026517026751731
-2280993,72,770176.5902750475,6270697.813467585,present,0.056846718950012684
-2280993,73,770177.4538125489,6270697.2835695725,present,0.07073174456499295
-2280993,74,770178.3173500502,6270696.75367156,present,0.08512647694853641
-2280993,75,770179.1808875516,6270696.223773548,present,0.0250715659742197
-2280993,76,770180.044425053,6270695.693875535,present,0.10031770801525632
-2280992,0,770112.915574947,6270733.866124465,present,0.05070062949225725
-2280992,1,770113.7791124485,6270733.336226452,present,0.14870292775978017
-2280992,2,770114.6426499499,6270732.80632844,present,0.018626131923802317
-2280992,3,770115.5061874512,6270732.276430428,present,0.09625366281749717
-2280992,4,770116.3697249526,6270731.746532416,present,0.03912999802172638
-2280992,5,770117.233262454,6270731.216634404,present,0.03550841386463868
-2280992,6,770118.0967999555,6270730.686736392,present,0.10410386135759844
-2280992,7,770118.9603374568,6270730.156838379,present,0.04000206314624864
-2280992,8,770119.8238749582,6270729.626940367,present,0.07863391656522209
-2280992,9,770120.6874124596,6270729.097042355,present,0.0887742379429246
-2280992,10,770121.550949961,6270728.567144343,present,0.02213464481205078
-2280992,11,770122.4144874624,6270728.037246331,present,0.023196438545189976
-2280992,12,770123.2780249638,6270727.507348319,present,0.1033200165504977
-2280992,13,770124.1415624652,6270726.977450306,present,0.048976673741268156
-2280992,14,770125.0050999665,6270726.447552294,present,0.08533860258961666
-2280992,15,770125.868637468,6270725.9176542815,present,0.13145046210706152
-2280992,16,770126.7321749694,6270725.387756269,present,0.12215725925311956
-2280992,17,770127.5957124707,6270724.857858257,present,0.1312376334539691
-2280992,18,770128.4592499721,6270724.327960244,present,0.15687380807650356
-2280992,19,770129.3227874736,6270723.798062232,present,0.04789595224868003
-2280992,20,770130.186324975,6270723.26816422,present,0.08953545995779798
-2280992,21,770131.0498624763,6270722.738266208,present,0.023069456720829454
-2280992,22,770131.9133999777,6270722.208368196,present,0.08341594017543942
-2280992,23,770132.7769374792,6270721.678470184,present,0.36570937976579304
-2280992,24,770133.6404749805,6270721.148572171,present,0.11048593193698683
-2280992,25,770134.5040124819,6270720.618674159,present,0.04779565283609299
-2280992,26,770135.3675499833,6270720.088776147,present,0.04129659343384131
-2280992,27,770136.2310874847,6270719.558878135,present,0.02385509391184432
-2280992,28,770137.094624986,6270719.028980123,present,0.03148211437952258
-2280992,29,770137.9581624875,6270718.499082111,present,0.033107581239156976
-2280992,30,770138.8216999889,6270717.969184098,present,0.08101971076436768
-2280992,31,770139.6852374902,6270717.439286086,present,0.07543117167436157
-2280992,32,770140.5487749917,6270716.909388074,present,0.05715926815532164
-2280992,33,770141.4123124931,6270716.379490062,present,0.10415233419783221
-2280992,34,770142.2758499945,6270715.84959205,present,0.0814181248598875
-2280992,35,770143.1393874958,6270715.319694038,present,0.058680162217777825
-2280992,36,770144.0029249972,6270714.789796025,present,0.05969672926643402
-2280992,37,770144.8664624987,6270714.2598980125,present,0.096968986267161
-2280992,38,770145.73,6270713.73,present,0.0921954444315063
-2280992,39,770146.5935375014,6270713.200101988,present,0.10334348802825609
-2280992,40,770147.4570750028,6270712.670203976,present,0.14655621122508067
-2280992,41,770148.3206125043,6270712.140305963,present,0.04938867710942336
-2280992,42,770149.1841500056,6270711.610407951,present,0.027572261614158163
-2280992,43,770150.047687507,6270711.080509939,present,0.029626167416205735
-2280992,44,770150.9112250084,6270710.550611927,present,0.08945371657809417
-2280992,45,770151.7747625099,6270710.020713915,present,0.018240605223241203
-2280992,46,770152.6383000112,6270709.490815903,present,0.04830690198459405
-2280992,47,770153.5018375126,6270708.96091789,present,0.10124745265774181
-2280992,48,770154.365375014,6270708.431019878,present,0.10745105324597888
-2280992,49,770155.2289125153,6270707.901121866,present,0.05155035922082574
-2280992,50,770156.0924500168,6270707.371223854,present,0.06929187485402899
-2280992,51,770156.9559875182,6270706.841325842,present,0.08477247075746741
-2280992,52,770157.8195250196,6270706.31142783,present,0.064567737175219
-2280992,53,770158.6830625209,6270705.781529817,present,0.082965037703235
-2280992,54,770159.5466000224,6270705.251631805,present,0.03663638112984272
-2280992,55,770160.4101375238,6270704.721733793,present,0.10370768734660082
-2280992,56,770161.2736750251,6270704.191835781,present,0.028865698434135008
-2280992,57,770162.1372125265,6270703.661937769,present,0.08941782853358582
-2280992,58,770163.000750028,6270703.1320397565,present,0.16773543119140802
-2280992,59,770163.8642875294,6270702.6021417435,present,0.045921750859649356
-2280992,60,770164.7278250307,6270702.0722437315,present,0.06414159797590645
-2280992,61,770165.5913625321,6270701.542345719,present,0.05192973820056671
-2280992,62,770166.4549000335,6270701.012447707,present,0.07261322586667461
-2280992,63,770167.3184375349,6270700.482549695,present,0.08628537931538599
-2280992,64,770168.1819750363,6270699.952651682,present,0.14253763001502667
-2280992,65,770169.0455125377,6270699.42275367,present,0.11202818091809334
-2280992,66,770169.9090500391,6270698.892855658,present,0.04689894947371564
-2280992,67,770170.7725875404,6270698.362957646,present,0.04316588180558219
-2280992,68,770171.6361250419,6270697.833059634,present,0.04523987784923225
-2280992,69,770172.4996625433,6270697.303161622,present,0.08959345882753911
-2280992,70,770173.3632000446,6270696.773263609,present,0.03548849271444236
-2280992,71,770174.226737546,6270696.243365597,present,0.043885869163414915
-2280992,72,770175.0902750475,6270695.713467585,present,0.08653285201565378
-2280992,73,770175.9538125489,6270695.183569573,present,0.05116743997859391
-2280992,74,770176.8173500502,6270694.653671561,present,0.0487786942530958
-2280992,75,770177.6808875516,6270694.123773549,present,0.009862879074429464
-2280992,76,770178.544425053,6270693.593875536,present,0.043215412930546454
-2280991,0,770111.9065790005,6270731.832793766,present,0.10226793470274585
-2280991,1,770112.7690374479,6270731.301141298,present,0.05646175131821116
-2280991,2,770113.6314958952,6270730.769488831,ambiguous,0.5258285561555568
-2280991,3,770114.4939543426,6270730.237836363,present,0.13008461587979805
-2280991,4,770115.3564127899,6270729.7061838955,present,0.06628103906841538
-2280991,5,770116.2188712372,6270729.174531428,present,0.09389275700465459
-2280991,6,770117.0813296846,6270728.642878961,present,0.049188502793650044
-2280991,7,770117.943788132,6270728.111226493,present,0.1209579030094075
-2280991,8,770118.8062465794,6270727.579574025,present,0.02375723980512393
-2280991,9,770119.6687050267,6270727.047921558,present,0.0883514450470478
-2280991,10,770120.5311634741,6270726.516269091,present,0.05087947918797737
-2280991,11,770121.3936219214,6270725.984616622,present,0.06879900480919221
-2280991,12,770122.2560803688,6270725.452964155,present,0.08074131187138599
-2280991,13,770123.1185388161,6270724.921311688,present,0.07241797674081009
-2280991,14,770123.9809972635,6270724.38965922,present,0.042901045168660217
-2280991,15,770124.8434557108,6270723.858006753,present,0.12956904559252483
-2280991,16,770125.7059141583,6270723.326354285,present,0.07269054538196412
-2280991,17,770126.5683726056,6270722.794701817,present,0.152573014766919
-2280991,18,770127.430831053,6270722.26304935,present,0.03307243656533016
-2280991,19,770128.2932895003,6270721.731396883,present,0.05784435770454014
-2280991,20,770129.1557479476,6270721.199744415,present,0.026136481271080002
-2280991,21,770130.018206395,6270720.668091947,present,0.043535893299805936
-2280991,22,770130.8806648423,6270720.13643948,present,0.09043746355204148
-2280991,23,770131.7431232897,6270719.604787013,present,0.08338458476410256
-2280991,24,770132.605581737,6270719.073134544,present,0.05342691863035786
-2280991,25,770133.4680401845,6270718.541482077,present,0.09207795814347444
-2280991,26,770134.3304986318,6270718.00982961,present,0.03563858787654797
-2280991,27,770135.1929570792,6270717.478177142,present,0.06853995513042996
-2280991,28,770136.0554155265,6270716.946524674,present,0.03378779178430144
-2280991,29,770136.9178739738,6270716.414872207,present,0.05981845007628035
-2280991,30,770137.7803324212,6270715.883219739,present,0.03820401143674085
-2280991,31,770138.6427908685,6270715.351567272,present,0.08577340429013758
-2280991,32,770139.5052493159,6270714.819914804,present,0.09029920940212427
-2280991,33,770140.3677077632,6270714.2882623365,present,0.03892704142321277
-2280991,34,770141.2301662107,6270713.756609869,present,0.06548410084712313
-2280991,35,770142.092624658,6270713.224957402,present,0.06256837674484271
-2280991,36,770142.9550831054,6270712.693304934,present,0.07310970656942523
-2280991,37,770143.8175415527,6270712.161652466,present,0.046253126682282555
-2280991,38,770144.68,6270711.629999999,present,0.0806225766195008
-2280991,39,770145.5424584474,6270711.098347532,present,0.1010093797046715
-2280991,40,770146.4049168947,6270710.566695064,present,0.11600624336224145
-2280991,41,770147.2673753421,6270710.035042596,present,0.00893439662104614
-2280991,42,770148.1298337894,6270709.503390129,present,0.13790349842059613
-2280991,43,770148.9922922369,6270708.971737661,present,0.05829624495233823
-2280991,44,770149.8547506842,6270708.440085194,present,0.13306545279089885
-2280991,45,770150.7172091316,6270707.908432726,present,0.025217446431276887
-2280991,46,770151.5796675789,6270707.3767802585,present,0.0807569482284921
-2280991,47,770152.4421260263,6270706.845127791,present,0.05619608398103622
-2280991,48,770153.3045844736,6270706.313475324,present,0.07854485925227836
-2280991,49,770154.167042921,6270705.781822856,present,0.08212540654701427
-2280991,50,770155.0295013683,6270705.250170388,present,0.1067891058811993
-2280991,51,770155.8919598156,6270704.718517921,present,0.07109016178910776
-2280991,52,770156.7544182631,6270704.186865454,present,0.11889850078868242
-2280991,53,770157.6168767104,6270703.655212985,present,0.006077018186989825
-2280991,54,770158.4793351578,6270703.123560518,present,0.08188334888409657
-2280991,55,770159.3417936051,6270702.591908051,present,0.04388573594599453
-2280991,56,770160.2042520525,6270702.060255583,present,0.10620159652974018
-2280991,57,770161.0667104998,6270701.528603115,present,0.050974418100995365
-2280991,58,770161.9291689472,6270700.996950648,present,0.07947347796183789
-2280991,59,770162.7916273945,6270700.4652981805,present,0.053846282916093814
-2280991,60,770163.6540858418,6270699.933645713,present,0.046058670642127784
-2280991,61,770164.5165442893,6270699.401993245,present,0.008720668917722047
-2280991,62,770165.3790027366,6270698.870340778,present,0.0610086776891154
-2280991,63,770166.241461184,6270698.33868831,present,0.042366094262764394
-2280991,64,770167.1039196313,6270697.807035843,present,0.09773348421239804
-2280991,65,770167.9663780787,6270697.275383376,present,0.0647900602975555
-2280991,66,770168.828836526,6270696.743730907,present,0.053743502210938925
-2280991,67,770169.6912949734,6270696.21207844,present,0.22779425799160433
-2280991,68,770170.5537534207,6270695.680425973,present,0.16925869645650987
-2280991,69,770171.416211868,6270695.148773505,present,0.06476851056008413
-2280991,70,770172.2786703155,6270694.617121037,present,0.05358506397066809
-2280991,71,770173.1411287629,6270694.08546857,present,0.11047562444743632
-2280991,72,770174.0035872102,6270693.553816102,present,0.01753910640474754
-2280991,73,770174.8660456575,6270693.022163635,present,0.07013478318382867
-2280991,74,770175.7285041049,6270692.490511167,present,0.1129350341911204
-2280991,75,770176.5909625522,6270691.9588587,present,0.029059868190170212
-2280991,76,770177.4534209996,6270691.427206232,present,0.06413900195378747
-2280990,0,770110.2155749471,6270729.666124464,present,0.11290118759158707
-2280990,1,770111.0791124485,6270729.136226451,present,0.10289316028860944
-2280990,2,770111.9426499498,6270728.606328439,present,0.09741926217427017
-2280990,3,770112.8061874512,6270728.076430427,present,0.027407495078452023
-2280990,4,770113.6697249527,6270727.546532415,present,0.030971776374774093
-2280990,5,770114.533262454,6270727.016634403,present,0.017072571279136913
-2280990,6,770115.3967999554,6270726.486736391,present,0.042627192689381144
-2280990,7,770116.2603374568,6270725.956838378,present,0.025887189043795507
-2280990,8,770117.1238749583,6270725.426940366,present,0.11217733527826704
-2280990,9,770117.9874124596,6270724.897042354,present,0.03986227936055154
-2280990,10,770118.850949961,6270724.367144342,present,0.08624233802710736
-2280990,11,770119.7144874624,6270723.8372463295,present,0.04310759097767893
-2280990,12,770120.5780249637,6270723.3073483175,present,0.08288099225725819
-2280990,13,770121.4415624652,6270722.7774503045,present,0.041742879373792306
-2280990,14,770122.3050999666,6270722.247552292,present,0.0677445341733774
-2280990,15,770123.168637468,6270721.71765428,present,0.0223872215682162
-2280990,16,770124.0321749693,6270721.187756268,present,0.003124872027616434
-2280990,17,770124.8957124708,6270720.657858256,present,0.08103164939407625
-2280990,18,770125.7592499722,6270720.127960243,present,0.12379121891432503
-2280990,19,770126.6227874735,6270719.598062231,present,0.12280276296821827
-2280990,20,770127.4863249749,6270719.068164219,present,0.054964479727389416
-2280990,21,770128.3498624763,6270718.538266207,present,0.02993738325702102
-2280990,22,770129.2133999778,6270718.008368195,present,0.026131548724153273
-2280990,23,770130.0769374791,6270717.478470183,present,0.09407570322335433
-2280990,24,770130.9404749805,6270716.94857217,present,0.04579837881968357
-2280990,25,770131.8040124819,6270716.418674158,present,0.08649813941022051
-2280990,26,770132.6675499832,6270715.888776146,present,0.09954554239169822
-2280990,27,770133.5310874847,6270715.358878134,present,0.05792670980768273
-2280990,28,770134.3946249861,6270714.828980122,present,0.06281816598025244
-2280990,29,770135.2581624875,6270714.29908211,present,0.018185666771042337
-2280990,30,770136.1216999888,6270713.769184097,present,0.038308700769378784
-2280990,31,770136.9852374903,6270713.239286085,present,0.06611140683045326
-2280990,32,770137.8487749917,6270712.709388073,present,0.009467658051369812
-2280990,33,770138.712312493,6270712.179490061,present,0.04242888918601162
-2280990,34,770139.5758499944,6270711.6495920485,present,0.04082921765055685
-2280990,35,770140.4393874959,6270711.119694036,present,0.07969639011947423
-2280990,36,770141.3029249973,6270710.589796023,present,0.07026488421795372
-2280990,37,770142.1664624986,6270710.059898011,present,0.08996758535473254
-2280990,38,770143.03,6270709.529999999,present,0.15620499327606852
-2280990,39,770143.8935375015,6270709.000101987,present,0.040418007253174765
-2280990,40,770144.7570750028,6270708.470203975,present,0.02879267070167232
-2280990,41,770145.6206125042,6270707.940305962,present,0.0713606236343418
-2280990,42,770146.4841500056,6270707.41040795,present,0.08395630537310994
-2280990,43,770147.347687507,6270706.880509938,present,0.12132606100290509
-2280990,44,770148.2112250084,6270706.350611926,present,0.039407118495806706
-2280990,45,770149.0747625098,6270705.820713914,present,0.07367530631320272
-2280990,46,770149.9383000112,6270705.290815902,present,0.11984540987403738
-2280990,47,770150.8018375125,6270704.760917889,present,0.011873046047056298
-2280990,48,770151.665375014,6270704.231019877,present,0.056651723752543584
-2280990,49,770152.5289125154,6270703.701121865,present,0.01257991308827141
-2280990,50,770153.3924500168,6270703.171223853,present,0.033614460012823956
-2280990,51,770154.2559875181,6270702.641325841,present,0.10150259289590668
-2280990,52,770155.1195250195,6270702.111427829,present,0.12314196013674182
-2280990,53,770155.983062521,6270701.581529816,present,0.1565608977860734
-2280990,54,770156.8466000223,6270701.051631804,present,0.05543256009494371
-2280990,55,770157.7101375237,6270700.521733792,present,0.1001324244342618
-2280990,56,770158.5736750251,6270699.9918357795,present,0.05488894642103152
-2280990,57,770159.4372125266,6270699.461937767,present,0.027884344930203198
-2280990,58,770160.3007500279,6270698.932039755,present,0.09480872447038732
-2280990,59,770161.1642875293,6270698.402141742,present,0.05702018331103786
-2280990,60,770162.0278250307,6270697.87224373,present,0.131144538018471
-2280990,61,770162.891362532,6270697.342345718,present,0.09235576961312539
-2280990,62,770163.7549000335,6270696.812447706,present,0.05950021445328493
-2280990,63,770164.6184375349,6270696.282549694,present,0.11960926784134769
-2280990,64,770165.4819750363,6270695.752651681,present,0.0793767584010508
-2280990,65,770166.3455125376,6270695.222753669,present,0.029951156052111773
-2280990,66,770167.2090500391,6270694.692855657,present,0.04524695140426549
-2280990,67,770168.0725875405,6270694.162957645,present,0.07323494547765766
-2280990,68,770168.9361250418,6270693.633059633,present,0.07644076583340254
-2280990,69,770169.7996625432,6270693.103161621,present,0.07880314765943919
-2280990,70,770170.6632000447,6270692.573263608,present,0.07327276217672223
-2280990,71,770171.5267375461,6270692.043365596,present,0.08342940839672786
-2280990,72,770172.3902750474,6270691.513467584,present,0.13830192937023386
-2280990,73,770173.2538125488,6270690.983569572,present,0.0468408928614096
-2280990,74,770174.1173500502,6270690.45367156,present,0.06856009173629063
-2280990,75,770174.9808875516,6270689.923773548,present,0.11106222488839948
-2280990,76,770175.844425053,6270689.393875535,present,0.0778053291589692
-2280989,0,770109.124975083,6270727.1998116,present,0.030223880611757174
-2280989,1,770109.9895810019,6270726.671658663,present,0.104780155054535
-2280989,2,770110.8541869208,6270726.143505726,present,0.10675608544254864
-2280989,3,770111.7187928396,6270725.615352789,present,0.06860333563331422
-2280989,4,770112.5833987584,6270725.087199853,present,0.02741137672410425
-2280989,5,770113.4480046773,6270724.559046916,present,0.13199876351657563
-2280989,6,770114.3126105962,6270724.030893979,present,0.0274039894341808
-2280989,7,770115.1772165151,6270723.502741042,present,0.06511249964265965
-2280989,8,770116.0418224339,6270722.9745881045,present,0.08582385542578518
-2280989,9,770116.9064283528,6270722.446435168,present,0.037378740759108735
-2280989,10,770117.7710342717,6270721.918282231,present,0.07227601719603548
-2280989,11,770118.6356401906,6270721.390129294,present,0.20965901791981986
-2280989,12,770119.5002461094,6270720.861976357,present,0.015445760627819547
-2280989,13,770120.3648520283,6270720.333823421,present,0.07633094643638502
-2280989,14,770121.2294579472,6270719.805670484,present,0.07519110246670406
-2280989,15,770122.0940638661,6270719.277517547,present,0.10771452451284204
-2280989,16,770122.958669785,6270718.74936461,present,0.027827687309150435
-2280989,17,770123.8232757038,6270718.221211673,present,0.0319278037058427
-2280989,18,770124.6878816227,6270717.693058737,present,0.12210362690527755
-2280989,19,770125.5524875416,6270717.1649058,present,0.044974644926675925
-2280989,20,770126.4170934604,6270716.6367528625,present,0.004357966531042638
-2280989,21,770127.2816993793,6270716.108599925,present,0.0501486923100202
-2280989,22,770128.1463052982,6270715.580446989,present,0.013701994658913719
-2280989,23,770129.0109112171,6270715.052294052,present,0.087710680855744
-2280989,24,770129.875517136,6270714.524141115,present,0.05061144769419236
-2280989,25,770130.7401230548,6270713.995988178,present,0.08973248491955342
-2280989,26,770131.6047289737,6270713.467835241,present,0.057561761372695426
-2280989,27,770132.4693348925,6270712.939682305,present,0.07093460676197197
-2280989,28,770133.3339408113,6270712.411529368,present,0.10186042743303726
-2280989,29,770134.1985467302,6270711.883376431,present,0.08577308302269625
-2280989,30,770135.0631526491,6270711.355223494,present,0.04825968966204469
-2280989,31,770135.927758568,6270710.827070557,present,0.10295384538219315
-2280989,32,770136.7923644868,6270710.29891762,present,0.32028125313206307
-2280989,33,770137.6569704057,6270709.770764683,present,0.1153220068913402
-2280989,34,770138.5215763246,6270709.242611746,present,0.06847350267924181
-2280989,35,770139.3861822435,6270708.714458809,present,0.11082681837317189
-2280989,36,770140.2507881623,6270708.186305873,present,0.08241728379608255
-2280989,37,770141.1153940812,6270707.658152936,present,0.07620275604343142
-2280989,38,770141.9800000001,6270707.129999999,present,0.1004987576832728
-2280989,39,770142.844605919,6270706.601847062,present,0.055990844078872774
-2280989,40,770143.7092118378,6270706.073694125,present,0.04935029419662111
-2280989,41,770144.5738177567,6270705.545541189,present,0.1092109021100577
-2280989,42,770145.4384236756,6270705.017388252,present,0.09977106477349516
-2280989,43,770146.3030295945,6270704.489235315,present,0.07697420393381581
-2280989,44,770147.1676355134,6270703.9610823775,present,0.0376510744345487
-2280989,45,770148.0322414322,6270703.432929441,present,0.04827912175246701
-2280989,46,770148.8968473511,6270702.904776504,present,0.13984789240043874
-2280989,47,770149.76145327,6270702.376623567,present,0.06339309332093486
-2280989,48,770150.6260591889,6270701.84847063,present,0.04430073843599833
-2280989,49,770151.4906651077,6270701.320317693,present,0.13107183214123216
-2280989,50,770152.3552710265,6270700.792164757,present,0.4193621089574665
-2280989,51,770153.2198769454,6270700.26401182,present,0.0968967760143228
-2280989,52,770154.0844828642,6270699.735858883,present,0.10046206991783624
-2280989,53,770154.9490887831,6270699.207705946,present,0.11159050948341086
-2280989,54,770155.813694702,6270698.679553009,present,0.04472680355595175
-2280989,55,770156.6783006209,6270698.1514000725,present,0.030510437575558765
-2280989,56,770157.5429065397,6270697.623247135,present,0.10295775746431857
-2280989,57,770158.4075124586,6270697.095094198,present,0.41346558519903315
-2280989,58,770159.2721183775,6270696.566941261,present,0.015252889309469091
-2280989,59,770160.1367242964,6270696.038788325,present,0.0444758837934943
-2280989,60,770161.0013302153,6270695.510635388,present,0.09753750820864174
-2280989,61,770161.8659361341,6270694.982482451,present,0.06765160566607459
-2280989,62,770162.730542053,6270694.454329514,present,0.058972999704031276
-2280989,63,770163.5951479719,6270693.926176577,present,0.0370605585855362
-2280989,64,770164.4597538908,6270693.398023641,present,0.008027414639721902
-2280989,65,770165.3243598096,6270692.869870704,present,0.08997639285537118
-2280989,66,770166.1889657285,6270692.341717767,present,0.0312461114111306
-2280989,67,770167.0535716474,6270691.8135648295,present,0.14271240521450818
-2280989,68,770167.9181775663,6270691.285411893,present,0.05406561853591744
-2280989,69,770168.7827834851,6270690.757258956,present,0.046078250667896906
-2280989,70,770169.647389404,6270690.229106019,present,0.06332825805004143
-2280989,71,770170.5119953229,6270689.700953082,present,0.13066964728595276
-2280989,72,770171.3766012418,6270689.172800145,present,0.04765923488363134
-2280989,73,770172.2412071606,6270688.644647209,present,0.04838175379936265
-2280989,74,770173.1058130794,6270688.116494272,present,0.034798291688947186
-2280989,75,770173.9704189983,6270687.588341335,present,0.013346662180952085
-2280989,76,770174.8350249171,6270687.060188398,present,0.11787249960562643
-2280988,0,770107.792892067,6270724.881969933,present,0.07433405232911522
-2280988,1,770108.6609738547,6270724.359549671,present,0.12781001581889206
-2280988,2,770109.5290556424,6270723.83712941,present,0.1391675468816075
-2280988,3,770110.3971374301,6270723.314709149,present,0.07291054186441852
-2280988,4,770111.2652192179,6270722.792288887,present,0.18362783742556893
-2280988,5,770112.1333010056,6270722.269868626,present,0.18526275653808874
-2280988,6,770113.0013827933,6270721.747448364,present,0.11899226628885817
-2280988,7,770113.869464581,6270721.225028103,present,0.10347608940989311
-2280988,8,770114.7375463687,6270720.702607842,present,0.059383393725051775
-2280988,9,770115.6056281565,6270720.18018758,present,0.05545506263112543
-2280988,10,770116.4737099442,6270719.657767319,present,0.06969774371967524
-2280988,11,770117.3417917319,6270719.135347058,present,0.02337198633854062
-2280988,12,770118.2098735196,6270718.612926796,present,0.01626617523578944
-2280988,13,770119.0779553073,6270718.090506535,present,0.03954635931410441
-2280988,14,770119.946037095,6270717.568086274,present,0.07216668525538449
-2280988,15,770120.8141188828,6270717.045666012,present,0.06473377455731713
-2280988,16,770121.6822006704,6270716.523245751,present,0.06794119955547197
-2280988,17,770122.5502824581,6270716.00082549,present,0.12126222813781218
-2280988,18,770123.4183642458,6270715.478405228,present,0.0726218127814885
-2280988,19,770124.2864460335,6270714.955984967,present,0.04661925053945691
-2280988,20,770125.1545278212,6270714.433564705,present,0.09742075899424958
-2280988,21,770126.022609609,6270713.911144444,present,0.022638554899764966
-2280988,22,770126.8906913967,6270713.388724183,present,0.08973370600179623
-2280988,23,770127.7587731844,6270712.866303921,present,0.1197819038683121
-2280988,24,770128.6268549721,6270712.34388366,present,0.047399317490037715
-2280988,25,770129.4949367598,6270711.821463399,present,0.018929097252000576
-2280988,26,770130.3630185475,6270711.299043137,present,0.09744076879017464
-2280988,27,770131.2311003353,6270710.776622876,present,0.07123542632077104
-2280988,28,770132.099182123,6270710.254202615,present,0.07658025025284705
-2280988,29,770132.9672639107,6270709.731782353,present,0.03746377212830202
-2280988,30,770133.8353456984,6270709.2093620915,present,0.011611529391980192
-2280988,31,770134.7034274861,6270708.68694183,present,0.018172054353306617
-2280988,32,770135.5715092738,6270708.164521568,present,0.15924475535147872
-2280988,33,770136.4395910616,6270707.642101307,present,0.051460188867172595
-2280988,34,770137.3076728493,6270707.119681045,present,0.25249339514809255
-2280988,35,770138.175754637,6270706.597260784,present,0.09893602560061877
-2280988,36,770139.0438364247,6270706.074840523,present,0.02963634213568233
-2280988,37,770139.9119182124,6270705.552420261,present,0.1132904827647453
-2280988,38,770140.78,6270705.03,present,0.07615773134357162
-2280988,39,770141.6480817877,6270704.507579739,present,0.01108006044031294
-2280988,40,770142.5161635755,6270703.985159477,present,0.06471067600132888
-2280988,41,770143.3842453632,6270703.462739216,present,0.07765111714114169
-2280988,42,770144.2523271509,6270702.940318955,present,0.040580179759771656
-2280988,43,770145.1204089386,6270702.417898693,present,0.0527222588242251
-2280988,44,770145.9884907263,6270701.895478432,present,0.08779857696537166
-2280988,45,770146.856572514,6270701.37305817,present,0.0895324322729435
-2280988,46,770147.7246543018,6270700.850637909,present,0.021156223931889213
-2280988,47,770148.5927360895,6270700.328217648,present,0.04240907150766968
-2280988,48,770149.4608178772,6270699.805797386,present,0.05201016768145067
-2280988,49,770150.3288996649,6270699.283377125,present,0.09800161215098269
-2280988,50,770151.1969814526,6270698.760956864,present,0.06791528584068346
-2280988,51,770152.0650632404,6270698.238536602,present,0.07163371278028297
-2280988,52,770152.9331450281,6270697.716116341,present,0.08456941732201129
-2280988,53,770153.8012268158,6270697.19369608,present,0.05451558654146044
-2280988,54,770154.6693086035,6270696.671275818,present,0.062194095110264795
-2280988,55,770155.5373903912,6270696.148855557,present,0.18633297117860975
-2280988,56,770156.405472179,6270695.626435296,present,0.26592364165425003
-2280988,57,770157.2735539667,6270695.104015034,present,0.15580571199823512
-2280988,58,770158.1416357544,6270694.581594773,ambiguous,0.6018836808485093
-2280988,59,770159.0097175421,6270694.059174511,present,0.019176590930716407
-2280988,60,770159.8777993298,6270693.53675425,present,0.09609299332511599
-2280988,61,770160.7458811174,6270693.014333989,present,0.04779882227598338
-2280988,62,770161.6139629051,6270692.491913727,present,0.03483459006905693
-2280988,63,770162.4820446928,6270691.9694934655,present,0.029864468436914596
-2280988,64,770163.3501264806,6270691.447073204,present,0.14433691165931534
-2280988,65,770164.2182082683,6270690.924652942,present,0.18409740031180677
-2280988,66,770165.086290056,6270690.402232681,present,0.06486536937918531
-2280988,67,770165.9543718437,6270689.87981242,present,0.06218992974217873
-2280988,68,770166.8224536314,6270689.357392158,present,0.0786155136638334
-2280988,69,770167.6905354192,6270688.834971897,present,0.1264786346823522
-2280988,70,770168.5586172069,6270688.312551636,present,0.037499458607333454
-2280988,71,770169.4266989946,6270687.790131374,present,0.07594603127579193
-2280988,72,770170.2947807823,6270687.267711113,present,0.10755407129835524
-2280988,73,770171.16286257,6270686.745290851,present,0.10395683115535806
-2280988,74,770172.0309443577,6270686.22287059,present,0.1738995227662233
-2280988,75,770172.8990261455,6270685.700450329,present,0.07783190394049143
-2280988,76,770173.7671079332,6270685.178030067,present,0.12384298428877488
-2280987,0,770106.6821090727,6270723.324150756,present,0.09522258294067738
-2280987,1,770107.543895676,6270722.791409946,present,0.09648746090269325
-2280987,2,770108.4056822794,6270722.258669137,present,0.010365434646358218
-2280987,3,770109.2674688827,6270721.725928327,present,0.10703055071061232
-2280987,4,770110.1292554861,6270721.193187518,present,0.03913752934546873
-2280987,5,770110.9910420894,6270720.660446709,present,0.12144310342941571
-2280987,6,770111.8528286928,6270720.127705899,present,0.06205739253193096
-2280987,7,770112.7146152961,6270719.59496509,present,0.1412895201685833
-2280987,8,770113.5764018995,6270719.062224281,present,0.09398621849636231
-2280987,9,770114.4381885029,6270718.529483471,present,0.07048023991750671
-2280987,10,770115.2999751063,6270717.996742662,present,0.07779840677046888
-2280987,11,770116.1617617096,6270717.464001853,present,0.018286325356459483
-2280987,12,770117.023548313,6270716.931261043,present,0.05383634976003965
-2280987,13,770117.8853349163,6270716.398520234,present,0.09970655048761529
-2280987,14,770118.7471215196,6270715.865779425,present,0.03636224780516555
-2280987,15,770119.608908123,6270715.333038615,present,0.0638770609283743
-2280987,16,770120.4706947263,6270714.800297806,present,0.06268266432960701
-2280987,17,770121.3324813297,6270714.267556996,present,0.0909440056016112
-2280987,18,770122.194267933,6270713.734816187,present,0.1148379753515124
-2280987,19,770123.0560545364,6270713.202075378,present,0.0660871316480331
-2280987,20,770123.9178411397,6270712.669334568,present,0.08286246662396973
-2280987,21,770124.7796277431,6270712.136593759,present,0.10838578187299107
-2280987,22,770125.6414143464,6270711.60385295,present,0.035321217237530185
-2280987,23,770126.5032009498,6270711.07111214,present,0.033219571357464055
-2280987,24,770127.3649875531,6270710.538371331,present,0.06552450862728391
-2280987,25,770128.2267741564,6270710.005630522,present,0.05689826372780932
-2280987,26,770129.0885607598,6270709.472889712,present,0.07378188320270171
-2280987,27,770129.9503473631,6270708.940148903,present,0.06369822209765882
-2280987,28,770130.8121339665,6270708.407408094,present,0.04264533130853135
-2280987,29,770131.6739205699,6270707.874667284,present,0.02992099400368164
-2280987,30,770132.5357071733,6270707.341926475,present,0.05488982444833598
-2280987,31,770133.3974937766,6270706.809185665,present,0.1532201730502061
-2280987,32,770134.25928038,6270706.276444856,present,0.11013262293052394
-2280987,33,770135.1210669833,6270705.743704047,present,0.05483249717241399
-2280987,34,770135.9828535867,6270705.210963237,present,0.22153357020513276
-2280987,35,770136.84464019,6270704.678222428,present,0.26636577701633096
-2280987,36,770137.7064267934,6270704.145481619,present,0.04815266146447837
-2280987,37,770138.5682133967,6270703.612740809,present,0.06753256856942001
-2280987,38,770139.43,6270703.08,present,0.11704699939523333
-2280987,39,770140.2917866034,6270702.547259191,present,0.010961557311940729
-2280987,40,770141.1535732067,6270702.014518381,present,0.036705953641351124
-2280987,41,770142.0153598101,6270701.481777572,present,0.10415327848415097
-2280987,42,770142.8771464134,6270700.949036763,present,0.09899406040916636
-2280987,43,770143.7389330168,6270700.416295953,present,0.06894644712798109
-2280987,44,770144.6007196201,6270699.883555144,present,0.076417680804324
-2280987,45,770145.4625062235,6270699.350814335,present,0.02954416343592411
-2280987,46,770146.3242928268,6270698.818073525,present,0.04118626690550858
-2280987,47,770147.1860794302,6270698.285332716,present,0.024507784835463828
-2280987,48,770148.0478660336,6270697.752591906,present,0.07790915975570271
-2280987,49,770148.909652637,6270697.219851097,present,0.031341332425736015
-2280987,50,770149.7714392403,6270696.687110288,present,0.08174904325245087
-2280987,51,770150.6332258437,6270696.154369478,present,0.14407621422973937
-2280987,52,770151.495012447,6270695.621628669,ambiguous,0.8189673027602198
-2280987,53,770152.3567990504,6270695.08888786,present,0.06680830769951897
-2280987,54,770153.2185856537,6270694.55614705,present,0.09890338734860352
-2280987,55,770154.080372257,6270694.023406241,present,0.04602401692071011
-2280987,56,770154.9421588604,6270693.490665432,present,0.09215824768323212
-2280987,57,770155.8039454637,6270692.957924622,ambiguous,0.7665761740617122
-2280987,58,770156.6657320671,6270692.425183813,present,0.07007901768961507
-2280987,59,770157.5275186704,6270691.892443004,present,0.03478311555319
-2280987,60,770158.3893052738,6270691.359702194,present,0.05069560089865405
-2280987,61,770159.2510918771,6270690.826961385,present,0.08300457588984002
-2280987,62,770160.1128784805,6270690.294220575,present,0.04517509093125415
-2280987,63,770160.9746650838,6270689.761479766,present,0.09758273141635418
-2280987,64,770161.8364516872,6270689.228738957,ambiguous,0.8105188045142433
-2280987,65,770162.6982382905,6270688.695998147,present,0.0258770918385752
-2280987,66,770163.5600248938,6270688.163257338,present,0.05085147794619176
-2280987,67,770164.4218114972,6270687.630516529,present,0.08245289729766847
-2280987,68,770165.2835981007,6270687.097775719,present,0.0181362211051708
-2280987,69,770166.145384704,6270686.56503491,present,0.09167702005029209
-2280987,70,770167.0071713073,6270686.032294101,present,0.06205739248910593
-2280987,71,770167.8689579107,6270685.499553291,ambiguous,0.8056814209623891
-2280987,72,770168.730744514,6270684.966812482,present,0.4664070503986941
-2280987,73,770169.5925311174,6270684.434071673,present,0.024204379625542085
-2280987,74,770170.4543177207,6270683.901330863,present,0.11813620205808797
-2280987,75,770171.3161043241,6270683.368590054,present,0.09374034857301738
-2280987,76,770172.1778909274,6270682.835849244,present,0.05090151543933093
-2280986,0,770106.0477170006,6270720.645557243,present,0.07595030664343647
-2280986,1,770106.9099112139,6270720.113142383,present,0.08841940341368677
-2280986,2,770107.7721054272,6270719.580727523,present,0.4732839253495125
-2280986,3,770108.6342996405,6270719.048312664,ambiguous,0.5370502282639078
-2280986,4,770109.4964938539,6270718.515897804,present,0.03696735676689395
-2280986,5,770110.3586880672,6270717.983482944,present,0.1865203759604445
-2280986,6,770111.2208822805,6270717.451068085,present,0.053201522317451996
-2280986,7,770112.0830764938,6270716.918653225,present,0.03892486228840927
-2280986,8,770112.9452707071,6270716.3862383645,present,0.043526722090964115
-2280986,9,770113.8074649205,6270715.853823504,present,0.022273588021142595
-2280986,10,770114.6696591338,6270715.321408645,present,0.020389583551586793
-2280986,11,770115.5318533471,6270714.788993785,present,0.008208557894131023
-2280986,12,770116.3940475604,6270714.256578925,present,0.07082418530351019
-2280986,13,770117.2562417737,6270713.724164066,present,0.10435090963543689
-2280986,14,770118.118435987,6270713.191749206,present,0.07088035822649856
-2280986,15,770118.9806302004,6270712.659334346,present,0.05148346517092412
-2280986,16,770119.8428244137,6270712.126919486,present,0.043173001110302985
-2280986,17,770120.705018627,6270711.5945046265,present,0.028886903317264068
-2280986,18,770121.5672128403,6270711.062089766,present,0.16860980875606965
-2280986,19,770122.4294070536,6270710.529674906,present,0.02810236922800255
-2280986,20,770123.291601267,6270709.997260047,present,0.08286344994779883
-2280986,21,770124.1537954803,6270709.464845187,present,0.025439541996861808
-2280986,22,770125.0159896936,6270708.932430327,present,0.06445633622113409
-2280986,23,770125.8781839069,6270708.400015467,present,0.04181609600429109
-2280986,24,770126.7403781202,6270707.867600608,present,0.06852180704752026
-2280986,25,770127.6025723335,6270707.335185748,present,0.05829384316318549
-2280986,26,770128.4647665469,6270706.8027708875,present,0.055118614035297116
-2280986,27,770129.3269607602,6270706.270356028,present,0.04241026717536872
-2280986,28,770130.1891549735,6270705.737941168,present,0.06855520324319196
-2280986,29,770131.0513491868,6270705.205526308,present,0.09109072883606699
-2280986,30,770131.9135434001,6270704.673111448,present,0.12578214997000353
-2280986,31,770132.7757376134,6270704.140696589,present,0.09913464615828778
-2280986,32,770133.6379318268,6270703.608281729,present,0.05831841283502012
-2280986,33,770134.5001260401,6270703.075866869,present,0.06714188535247156
-2280986,34,770135.3623202534,6270702.54345201,present,0.1069084188671765
-2280986,35,770136.2245144667,6270702.0110371495,present,0.10938941647952727
-2280986,36,770137.08670868,6270701.478622289,present,0.10217489696282504
-2280986,37,770137.9489028933,6270700.946207429,present,0.029150657546569002
-2280986,38,770138.8110971068,6270700.41379257,present,0.07380072540500589
-2280986,39,770139.6732913201,6270699.88137771,present,0.07005037076878134
-2280986,40,770140.5354855334,6270699.34896285,present,0.019492821340233186
-2280986,41,770141.3976797467,6270698.81654799,present,0.09606156840486016
-2280986,42,770142.25987396,6270698.284133131,present,0.05487575049972828
-2280986,43,770143.1220681734,6270697.751718271,present,0.07272655077961095
-2280986,44,770143.9842623867,6270697.2193034105,present,0.09203857021339384
-2280986,45,770144.8464566,6270696.686888551,present,0.021041144834064454
-2280986,46,770145.7086508133,6270696.154473691,present,0.06448780649760762
-2280986,47,770146.5708450266,6270695.622058831,present,0.11927069165921775
-2280986,48,770147.43303924,6270695.089643971,present,0.06621786338406035
-2280986,49,770148.2952334533,6270694.557229112,present,0.00892463413139698
-2280986,50,770149.1574276666,6270694.024814252,present,0.04654439486787185
-2280986,51,770150.0196218799,6270693.492399392,present,0.04034430090286787
-2280986,52,770150.8818160932,6270692.959984533,present,0.043953294540835235
-2280986,53,770151.7440103065,6270692.427569672,present,0.03285748656578788
-2280986,54,770152.6062045199,6270691.895154812,present,0.06659928556490712
-2280986,55,770153.4683987332,6270691.362739952,present,0.034781099912768815
-2280986,56,770154.3305929465,6270690.830325093,present,0.07032759301598299
-2280986,57,770155.1927871598,6270690.297910233,present,0.05108543995897884
-2280986,58,770156.0549813731,6270689.765495373,present,0.0656204285778992
-2280986,59,770156.9171755865,6270689.233080514,present,0.007473727639840785
-2280986,60,770157.7793697998,6270688.700665654,present,0.05811849491778267
-2280986,61,770158.6415640131,6270688.168250794,present,0.11079436249000875
-2280986,62,770159.5037582264,6270687.6358359335,present,0.14902539584124158
-2280986,63,770160.3659524397,6270687.103421074,present,0.07475284655830643
-2280986,64,770161.228146653,6270686.571006214,present,0.04280877055947097
-2280986,65,770162.0903408664,6270686.038591354,present,0.07641268191138087
-2280986,66,770162.9525350797,6270685.506176495,present,0.0939979412906446
-2280986,67,770163.814729293,6270684.973761635,present,0.1071352771962321
-2280986,68,770164.6769235063,6270684.441346775,present,0.039268394304836175
-2280986,69,770165.5391177196,6270683.908931915,present,0.008975383700727715
-2280986,70,770166.401311933,6270683.376517056,present,0.0835233993415997
-2280986,71,770167.2635061463,6270682.844102195,present,0.05680087673687033
-2280986,72,770168.1257003596,6270682.311687335,present,0.06372499786499936
-2280986,73,770168.9878945729,6270681.779272476,present,0.03901252980973497
-2280986,74,770169.8500887862,6270681.246857616,present,0.09599170290727428
-2280986,75,770170.7122829995,6270680.714442756,present,0.04718404960126133
