{
  "type": "FeatureCollection",
  "features": [
    {
      "type": "Feature",
      "geometry": {
        "type": "Polygon",
        "coordinates": [
          [
            [
              770170.3300000001,
              6270804.779999999
            ],
            [
              770171.53,
              6270803.88
            ],
            [
              770173.6300000001,
              6270802.68
            ],
            [
              770174.2300000001,
              6270802.38
            ],
            [
              770175.43,
              6270801.779999999
            ],
            [
              770176.3300000001,
              6270801.18
            ],
            [
              770177.53,
              6270800.279999999
            ],
            [
              770178.43,
              6270799.68
            ],
            [
              770179.93,
              6270798.779999999
            ],
            [
              770180.8300000001,
              6270798.18
            ],
            [
              770182.3300000001,
              6270797.279999999
            ],
            [
              770182.93,
              6270796.98
            ],
            [
              770185.3300000001,
              6270795.779999999
            ],
            [
              770187.43,
              6270794.279999999
            ],
            [
              770188.6300000001,
              6270793.68
            ],
            [
              770189.2300000001,
              6270793.38
            ],
            [
              770190.1300000001,
              6270792.779999999
            ],
            [
              770192.2300000001,
              6270791.279999999
            ],
            [
              770193.7300000001,
              6270790.38
            ],
            [
              770196.1300000001,
              6270788.88
            ],
            [
              770197.3300000001,
              6270788.279999999
            ],
            [
              770198.8300000001,
              6270787.38
            ],
            [
              770199.4300000002,
              6270787.08
            ],
            [
              770200.03,
              6270786.779999999
            ],
            [
              770201.8300000001,
              6270785.58
            ],
            [
              770203.9300000002,
              6270784.38
            ],
            [
              770206.03,
              6270783.18
            ],
            [
              770206.3300000001,
              6270782.58
            ],
            [
              770206.3300000001,
              6270782.279999999
            ],
            [
              770205.4300000002,
              6270781.98
            ],
            [
              770204.8300000001,
              6270782.279999999
            ],
            [
              770203.3300000001,
              6270782.88
            ],
            [
              770200.6300000001,
              6270784.68
            ],
            [
              770197.9300000002,
              6270786.779999999
            ],
            [
              770197.03,
              6270787.38
            ],
            [
              770196.1300000001,
              6270787.98
            ],
            [
              770195.2300000001,
              6270788.58
            ],
            [
              770193.7300000001,
              6270789.48
            ],
            [
              770193.1300000001,
              6270789.779999999
            ],
            [
              770192.53,
              6270790.08
            ],
            [
              770191.03,
              6270790.98
            ],
            [
              770189.2300000001,
              6270792.18
            ],
            [
              770188.6300000001,
              6270792.48
            ],
            [
              770187.7300000001,
              6270793.08
            ],
            [
              770186.2300000001,
              6270793.98
            ],
            [
              770184.7300000001,
              6270794.88
            ],
            [
              770184.1300000001,
              6270795.18
            ],
            [
              770183.2300000001,
              6270795.779999999
            ],
            [
              770181.43,
              6270796.98
            ],
            [
              770179.93,
              6270797.88
            ],
            [
              770177.8300000001,
              6270799.08
            ],
            [
              770176.03,
              6270800.279999999
            ],
            [
              770174.53,
              6270801.18
            ],
            [
              770173.3300000001,
              6270801.779999999
            ],
            [
              770170.93,
              6270803.279999999
            ],
            [
              770169.7300000001,
              6270804.18
            ],
            [
              770168.2300000001,
              6270805.08
            ],
            [
              770166.7300000001,
              6270805.68
            ],
            [
              770163.1300000001,
              6270807.779999999
            ],
            [
              770160.7300000001,
              6270809.58
            ],
            [
              770160.43,
              6270810.18
            ],
            [
              770161.93,
              6270810.48
            ],
            [
              770164.03,
              6270808.68
            ],
            [
              770165.53,
              6270807.779999999
            ],
            [
              770166.1300000001,
              6270807.48
            ],
            [
              770169.1300000001,
              6270805.68
            ],
            [
              770170.3300000001,
              6270804.779999999
            ]
          ]
        ]
      },
      "properties": {
        "row_id": -2281028,
        "n_voxels": 542
      }
    },
    {
      "type": "Feature",
      "geometry": {
        "type": "Polygon",
        "coordinates": [
          [
            [
              770165.8300000001,
              6270803.58
            ],
            [
              770163.7300000001,
              6270804.779999999
            ],
            [
              770162.2300000001,
              6270805.68
            ],
            [
              770159.2300000001,
              6270807.779999999
            ],
            [
              770159.2300000001,
              6270808.08
            ],
            [
              770159.53,
              6270808.68
            ],
            [
              770161.6300000001,
              6270807.18
            ],
            [
              770163.1300000001,
              6270806.279999999
            ],
            [
              770164.6300000001,
              6270805.38
            ],
            [
              770166.7300000001,
              6270804.18
            ],
            [
              770168.53,
              6270802.98
            ],
            [
              770169.43,
              6270802.38
            ],
            [
              770170.93,
              6270801.48
            ],
            [
              770172.7300000001,
              6270800.58
            ],
            [
              770176.6300000001,
              6270798.18
            ],
            [
              770177.53,
              6270797.58
            ],
            [
              770178.43,
              6270796.98
            ],
            [
              770179.3300000001,
              6270796.38
            ],
            [
              770180.2300000001,
              6270795.779999999
            ],
            [
              770182.3300000001,
              6270794.58
            ],
            [
              770182.93,
              6270794.279999999
            ],
            [
              770184.7300000001,
              6270793.38
            ],
            [
              770187.43,
              6270791.58
            ],
            [
              770188.03,
              6270791.279999999
            ],
            [
              770189.2300000001,
              6270790.38
            ],
            [
              770191.6300000001,
              6270788.88
            ],
            [
              770193.1300000001,
              6270787.98
            ],
            [
              770194.03,
              6270787.38
            ],
            [
              770195.8300000001,
              6270786.48
            ],
            [
              770196.7300000001,
              6270785.88
            ],
            [
              770198.2300000001,
              6270784.98
            ],
            [
              770199.1300000001,
              6270784.38
            ],
            [
              770201.8300000001,
              6270782.88
            ],
            [
              770202.7300000001,
              6270782.279999999
            ],
            [
              770204.2300000001,
              6270781.38
            ],
            [
              770206.0299999969,
              6270780.180000002
            ],
            [
              770206.6300000001,
              6270779.88
            ],
            [
              770207.2300000001,
              6270779.58
            ],
            [
              770208.4300000002,
              6270778.68
            ],
            [
              770211.1300000001,
              6270777.18
            ],
            [
              770211.7300000001,
              6270776.88
            ],
            [
              770213.53,
              6270775.68
            ],
            [
              770215.3300000001,
              6270774.48
            ],
            [
              770215.9300000002,
              6270774.18
            ],
            [
              770216.8300000001,
              6270773.58
            ],
            [
              770217.7300000001,
              6270772.98
            ],
            [
              770219.2300000001,
              6270772.08
            ],
            [
              770220.4300000002,
              6270771.48
            ],
            [
              770221.3300000001,
              6270770.88
            ],
            [
              770222.53,
              6270769.98
            ],
            [
              770224.03,
              6270769.08
            ],
            [
              770224.6300000001,
              6270768.779999999
            ],
            [
              770225.2300000001,
              6270768.48
            ],
            [
              770225.8300000001,
              6270767.88
            ],
            [
              770225.53,
              6270767.58
            ],
            [
              770224.6300000001,
              6270767.58
            ],
            [
              770222.8300000001,
              6270768.779999999
            ],
            [
              770221.6300000001,
              6270769.68
            ],
            [
              770220.1300000001,
              6270770.58
            ],
            [
              770219.53,
              6270770.88
            ],
            [
              770216.8300000001,
              6270772.68
            ],
            [
              770215.9300000002,
              6270773.279999999
            ],
            [
              770213.8300000001,
              6270774.48
            ],
            [
              770213.2300000001,
              6270774.779999999
            ],
            [
              770211.7300000001,
              6270775.68
            ],
            [
              770210.8300000001,
              6270776.279999999
            ],
            [
              770207.2300000001,
              6270778.38
            ],
            [
              770206.6300000001,
              6270778.68
            ],
            [
              770205.7300000001,
              6270779.279999999
            ],
            [
              770203.9300000002,
              6270780.48
            ],
            [
              770203.3300000001,
              6270780.779999999
            ],
            [
              770201.8300000001,
              6270781.68
            ],
            [
              770201.2300000001,
              6270781.98
            ],
            [
              770198.8300000001,
              6270783.48
            ],
            [
              770197.3300000001,
              6270784.38
            ],
            [
              770195.8300000001,
              6270785.279999999
            ],
            [
              770194.93,
              6270785.88
            ],
            [
              770194.03,
              6270786.48
            ],
            [
              770192.53,
              6270787.38
            ],
            [
              770191.03,
              6270788.279999999
            ],
            [
              770189.53,
              6270789.18
            ],
            [
              770188.93,
              6270789.48
            ],
            [
              770186.8300000001,
              6270790.68
            ],
            [
              770185.3300000001,
              6270791.88
            ],
            [
              770182.93,
              6270793.08
            ],
            [
              770181.7300000001,
              6270793.98
            ],
            [
              770179.6300000001,
              6270795.18
            ],
            [
              770177.8300000001,
              6270796.38
            ],
            [
              770177.2300000001,
              6270796.68
            ],
            [
              770176.6300000001,
              6270796.98
            ],
            [
              770175.1300000001,
              6270797.88
            ],
            [
              770174.2300000001,
              6270798.48
            ],
            [
              770172.7300000001,
              6270799.38
            ],
            [
              770171.2300000001,
              6270800.279999999
            ],
            [
              770170.03,
              6270801.18
            ],
            [
              770168.53,
              6270802.08
            ],
            [
              770167.93,
              6270802.38
            ],
            [
              770165.8300000001,
              6270803.58
            ]
          ]
        ]
      },
      "properties": {
        "row_id": -2281027,
        "n_voxels": 711
      }
    },
    {
      "type": "Feature",
      "geometry": {
        "type": "Polygon",
        "coordinates": [
          [
            [
              770159.2300000001,
              6270804.48
            ],
            [
              770158.3300000001,
              6270805.08
            ],
            [
              770157.7300000001,
              6270805.68
            ],
            [
              770158.3300000001,
              6270805.98
            ],
            [
              770158.93,
              6270805.98
            ],
            [
              770159.8300000001,
              6270805.38
            ],
            [
              770161.3300000001,
              6270804.48
            ],
            [
              770162.2300000001,
              6270803.88
            ],
            [
              770163.1300000001,
              6270803.279999999
            ],
            [
              770164.93,
              6270802.08
            ],
            [
              770165.53,
              6270801.779999999
            ],
            [
              770167.3300000001,
              6270800.88
            ],
            [
              770168.2300000001,
              6270800.279999999
            ],
            [
              770170.03,
              6270799.08
            ],
            [
              770171.8300000001,
              6270798.18
            ],
            [
              770175.1300000001,
              6270796.08
            ],
            [
              770176.03,
              6270795.48
            ],
            [
              770176.93,
              6270794.88
            ],
            [
              770178.7300000001,
              6270793.98
            ],
            [
              770181.43,
              6270792.18
            ],
            [
              770182.3300000001,
              6270791.58
            ],
            [
              770183.8300000001,
              6270790.68
            ],
            [
              770185.6300000001,
              6270789.779999999
            ],
            [
              770186.53,
              6270789.18
            ],
            [
              770188.03,
              6270788.279999999
            ],
            [
              770189.2300000001,
              6270787.68
            ],
            [
              770191.3300000001,
              6270786.18
            ],
            [
              770192.2300000001,
              6270785.58
            ],
            [
              770193.7300000001,
              6270784.68
            ],
            [
              770195.2300000001,
              6270783.779999999
            ],
            [
              770195.8300000001,
              6270783.48
            ],
            [
              770196.7300000001,
              6270782.88
            ],
            [
              770198.2300000001,
              6270781.98
            ],
            [
              770200.03,
              6270780.779999999
            ],
            [
              770202.1300000001,
              6270779.58
            ],
            [
              770204.2300000001,
              6270778.38
            ],
            [
              770206.3300000001,
              6270777.18
            ],
            [
              770208.4300000002,
              6270775.68
            ],
            [
              770210.2300000001,
              6270774.48
            ],
            [
              770212.9300000002,
              6270772.68
            ],
            [
              770213.53,
              6270772.38
            ],
            [
              770217.4300000002,
              6270769.98
            ],
            [
              770218.03,
              6270769.68
            ],
            [
              770218.6300000001,
              6270769.38
            ],
            [
              770219.2300000001,
              6270769.08
            ],
            [
              770221.3300000001,
              6270767.88
            ],
            [
              770223.7300000001,
              6270766.38
            ],
            [
              770224.3300000001,
              6270766.08
            ],
            [
              770224.3300000001,
              6270765.48
            ],
            [
              770224.03,
              6270765.18
            ],
            [
              770222.8300000001,
              6270765.779999999
            ],
            [
              770221.3300000001,
              6270766.68
            ],
            [
              770218.9300000002,
              6270768.18
            ],
            [
              770218.03,
              6270768.779999999
            ],
            [
              770217.4300000002,
              6270769.38
            ],
            [
              770213.2300000001,
              6270771.779999999
            ],
            [
              770209.6300000001,
              6270773.88
            ],
            [
              770208.1300000001,
              6270774.779999999
            ],
            [
              770206.03,
              6270775.98
            ],
            [
              770205.1300000001,
              6270776.58
            ],
            [
              770204.2300000001,
              6270777.18
            ],
            [
              770203.3300000001,
              6270777.779999999
            ],
            [
              770202.4300000002,
              6270778.38
            ],
            [
              770200.9300000002,
              6270779.279999999
            ],
            [
              770200.3300000001,
              6270779.58
            ],
            [
              770199.4300000002,
              6270780.18
            ],
            [
              770197.9300000002,
              6270781.08
            ],
            [
              770196.1300000001,
              6270781.98
            ],
            [
              770195.2300000001,
              6270782.58
            ],
            [
              770193.1300000001,
              6270784.08
            ],
            [
              770191.93,
              6270784.68
            ],
            [
              770190.43,
              6270785.58
            ],
            [
              770188.6300000001,
              6270786.779999999
            ],
            [
              770188.03,
              6270787.08
            ],
            [
              770187.43,
              6270787.38
            ],
            [
              770185.93,
              6270788.279999999
            ],
            [
              770185.03,
              6270788.88
            ],
            [
              770184.1300000001,
              6270789.48
            ],
            [
              770182.6300000001,
              6270790.38
            ],
            [
              770182.03,
              6270790.68
            ],
            [
              770180.53,
              6270791.58
            ],
            [
              770179.6300000001,
              6270792.18
            ],
            [
              770178.1300000001,
              6270793.08
            ],
            [
              770176.6300000001,
              6270793.98
            ],
            [
              770175.43,
              6270794.58
            ],
            [
              770173.6300000001,
              6270795.779999999
            ],
            [
              770171.8300000001,
              6270796.98
            ],
            [
              770171.2300000001,
              6270797.279999999
            ],
            [
              770169.7300000001,
              6270798.18
            ],
            [
              770167.3300000001,
              6270799.68
            ],
            [
              770166.7300000001,
              6270799.98
            ],
            [
              770166.1300000001,
              6270800.279999999
            ],
            [
              770164.3300000001,
              6270801.48
            ],
            [
              770162.53,
              6270802.68
            ],
            [
              770160.1300000001,
              6270803.88
            ],
            [
              770159.2300000001,
              6270804.48
            ]
          ]
        ]
      },
      "properties": {
        "row_id": -2281026,
        "n_voxels": 708
      }
    },
    {
      "type": "Feature",
      "geometry": {
        "type": "Polygon",
        "coordinates": [
          [
            [
              770161.03,
              6270800.58
            ],
            [
              770158.03,
              6270802.38
            ],
            [
              770156.8300000001,
              6270803.279999999
            ],
            [
              770156.8300000001,
              6270803.58
            ],
            [
              770157.7300000001,
              6270803.58
            ],
            [
              770159.2300000001,
              6270802.98
            ],
            [
              770161.93,
              6270801.18
            ],
            [
              770164.3300000001,
              6270799.68
            ],
            [
              770165.2300000001,
              6270799.08
            ],
            [
              770168.53,
              6270797.279999999
            ],
            [
              770169.43,
              6270796.68
            ],
            [
              770170.93,
              6270795.779999999
            ],
            [
              770171.8300000001,
              6270795.18
            ],
            [
              770173.3300000001,
              6270794.279999999
            ],
            [
              770174.2300000001,
              6270793.68
            ],
            [
              770175.1300000001,
              6270793.08
            ],
            [
              770176.03,
              6270792.48
            ],
            [
              770177.53,
              6270791.58
            ],
            [
              770179.3300000001,
              6270790.68
            ],
            [
              770179.93,
              6270790.38
            ],
            [
              770180.8300000001,
              6270789.779999999
            ],
            [
              770181.7300000001,
              6270789.18
            ],
            [
              770183.8300000001,
              6270787.98
            ],
            [
              770185.93,
              6270786.48
            ],
            [
              770186.53,
              6270786.18
            ],
            [
              770188.03,
              6270785.279999999
            ],
            [
              770188.6300000001,
              6270784.98
            ],
            [
              770189.53,
              6270784.38
            ],
            [
              770191.3300000001,
              6270783.18
            ],
            [
              770192.53,
              6270782.58
            ],
            [
              770193.43,
              6270781.98
            ],
            [
              770194.93,
              6270781.08
            ],
            [
              770196.4300000002,
              6270780.18
            ],
            [
              770198.2300000001,
              6270778.98
            ],
            [
              770198.8300000001,
              6270778.68
            ],
            [
              770199.7300000001,
              6270778.08
            ],
            [
              770200.6300000001,
              6270777.48
            ],
            [
              770202.1300000001,
              6270776.58
            ],
            [
              770204.2300000001,
              6270775.38
            ],
            [
              770204.8300000001,
              6270775.08
            ],
            [
              770206.3300000001,
              6270774.18
            ],
            [
              770207.53,
              6270773.279999999
            ],
            [
              770209.03,
              6270772.38
            ],
            [
              770209.6300000001,
              6270772.08
            ],
            [
              770211.1300000001,
              6270771.18
            ],
            [
              770212.9300000002,
              6270769.98
            ],
            [
              770213.53,
              6270769.68
            ],
            [
              770215.6300000001,
              6270768.18
            ],
            [
              770218.3300000001,
              6270766.68
            ],
            [
              770219.8300000001,
              6270765.779999999
            ],
            [
              770220.7300000001,
              6270765.18
            ],
            [
              770221.3300000001,
              6270764.58
            ],
            [
              770221.3300000001,
              6270763.98
            ],
            [
              770221.03,
              6270763.98
            ],
            [
              770220.4300000002,
              6270764.279999999
            ],
            [
              770217.4300000002,
              6270766.08
            ],
            [
              770216.8300000001,
              6270766.38
            ],
            [
              770214.4300000002,
              6270767.58
            ],
            [
              770213.2300000001,
              6270768.48
            ],
            [
              770210.2300000001,
              6270770.58
            ],
            [
              770208.7300000001,
              6270771.48
            ],
            [
              770206.9300000002,
              6270772.68
            ],
            [
              770205.4300000002,
              6270773.58
            ],
            [
              770203.9300000002,
              6270774.48
            ],
            [
              770203.03,
              6270775.08
            ],
            [
              770202.1300000001,
              6270775.68
            ],
            [
              770201.2300000001,
              6270776.279999999
            ],
            [
              770199.1300000001,
              6270777.48
            ],
            [
              770197.6300000001,
              6270778.38
            ],
            [
              770195.53,
              6270779.58
            ],
            [
              770194.3300000001,
              6270780.18
            ],
            [
              770192.8300000001,
              6270781.38
            ],
            [
              770191.3300000001,
              6270782.279999999
            ],
            [
              770189.53,
              6270783.18
            ],
            [
              770188.6300000001,
              6270783.779999999
            ],
            [
              770186.2300000001,
              6270785.279999999
            ],
            [
              770184.7300000001,
              6270786.18
            ],
            [
              770183.8300000001,
              6270786.779999999
            ],
            [
              770182.3300000001,
              6270787.68
            ],
            [
              770180.53,
              6270788.88
            ],
            [
              770179.93,
              6270789.18
            ],
            [
              770179.3300000001,
              6270789.48
            ],
            [
              770177.8300000001,
              6270790.38
            ],
            [
              770177.2300000001,
              6270790.68
            ],
            [
              770174.2300000001,
              6270792.48
            ],
            [
              770172.7300000001,
              6270793.38
            ],
            [
              770170.6300000001,
              6270794.88
            ],
            [
              770169.43,
              6270795.48
            ],
            [
              770168.2300000001,
              6270796.08
            ],
            [
              770167.03,
              6270796.98
            ],
            [
              770165.2300000001,
              6270798.18
            ],
            [
              770162.8300000001,
              6270799.68
            ],
            [
              770161.03,
              6270800.58
            ]
          ]
        ]
      },
      "properties": {
        "row_id": -2281025,
        "n_voxels": 705
      }
    },
    {
      "type": "Feature",
      "geometry": {
        "type": "Polygon",
        "coordinates": [
          [
            [
              770164.03,
              6270795.779999999
            ],
            [
              770162.53,
              6270796.68
            ],
            [
              770161.3300000001,
              6270797.58
            ],
            [
              770159.2300000001,
              6270798.779999999
            ],
            [
              770157.1300000001,
              6270799.98
            ],
            [
              770155.6300000001,
              6270800.88
            ],
            [
              770155.03,
              6270801.18
            ],
            [
              770155.03,
              6270801.779999999
            ],
            [
              770155.3300000001,
              6270802.08
            ],
            [
              770157.1300000001,
              6270801.48
            ],
            [
              770159.53,
              6270799.68
            ],
            [
              770161.3300000001,
              6270798.48
            ],
            [
              770163.43,
              6270797.279999999
            ],
            [
              770164.3300000001,
              6270796.68
            ],
            [
              770165.2300000001,
              6270796.08
            ],
            [
              770167.03,
              6270795.18
            ],
            [
              770168.8300000001,
              6270793.98
            ],
            [
              770169.43,
              6270793.68
            ],
            [
              770170.3300000001,
              6270793.08
            ],
            [
              770171.2300000001,
              6270792.48
            ],
            [
              770172.1300000001,
              6270791.88
            ],
            [
              770173.93,
              6270790.98
            ],
            [
              770175.43,
              6270790.08
            ],
            [
              770177.53,
              6270788.58
            ],
            [
              770178.1300000001,
              6270788.279999999
            ],
            [
              770179.93,
              6270787.38
            ],
            [
              770181.1300000001,
              6270786.48
            ],
            [
              770183.2300000001,
              6270785.279999999
            ],
            [
              770184.1300000001,
              6270784.68
            ],
            [
              770185.6300000001,
              6270783.779999999
            ],
            [
              770187.43,
              6270782.58
            ],
            [
              770188.93,
              6270781.68
            ],
            [
              770190.43,
              6270780.779999999
            ],
            [
              770191.93,
              6270779.88
            ],
            [
              770193.7300000001,
              6270778.68
            ],
            [
              770195.53,
              6270777.48
            ],
            [
              770196.1300000001,
              6270777.18
            ],
            [
              770197.3300000001,
              6270776.58
            ],
            [
              770198.53,
              6270775.68
            ],
            [
              770200.03,
              6270774.779999999
            ],
            [
              770200.6300000001,
              6270774.48
            ],
            [
              770202.4300000002,
              6270773.279999999
            ],
            [
              770204.2300000001,
              6270772.08
            ],
            [
              770205.4300000002,
              6270771.48
            ],
            [
              770206.9300000002,
              6270770.58
            ],
            [
              770208.1300000001,
              6270769.98
            ],
            [
              770209.03,
              6270769.38
            ],
            [
              770210.53,
              6270768.48
            ],
            [
              770211.1300000001,
              6270768.18
            ],
            [
              770212.6300000001,
              6270767.279999999
            ],
            [
              770215.03,
              6270766.08
            ],
            [
              770216.8300000001,
              6270764.58
            ],
            [
              770218.6300000001,
              6270763.38
            ],
            [
              770219.8300000001,
              6270762.779999999
            ],
            [
              770221.03,
              6270761.88
            ],
            [
              770221.6300000001,
              6270761.279999999
            ],
            [
              770221.6300000001,
              6270760.98
            ],
            [
              770220.7300000001,
              6270760.68
            ],
            [
              770219.8300000001,
              6270761.279999999
            ],
            [
              770218.3300000001,
              6270762.48
            ],
            [
              770217.4300000002,
              6270763.08
            ],
            [
              770216.8300000001,
              6270763.38
            ],
            [
              770215.03,
              6270764.279999999
            ],
            [
              770213.2300000001,
              6270765.48
            ],
            [
              770212.6300000001,
              6270765.779999999
            ],
            [
              770208.4300000002,
              6270768.48
            ],
            [
              770207.53,
              6270769.08
            ],
            [
              770206.6300000001,
              6270769.68
            ],
            [
              770205.1300000001,
              6270770.58
            ],
            [
              770202.7300000001,
              6270772.08
            ],
            [
              770202.1300000001,
              6270772.38
            ],
            [
              770200.9300000002,
              6270773.279999999
            ],
            [
              770198.8300000001,
              6270774.48
            ],
            [
              770198.2300000001,
              6270774.779999999
            ],
            [
              770196.7300000001,
              6270775.68
            ],
            [
              770194.93,
              6270776.88
            ],
            [
              770193.7300000001,
              6270777.48
            ],
            [
              770192.8300000001,
              6270778.08
            ],
            [
              770191.03,
              6270779.279999999
            ],
            [
              770190.43,
              6270779.58
            ],
            [
              770187.7300000001,
              6270781.38
            ],
            [
              770187.1300000001,
              6270781.68
            ],
            [
              770185.3300000001,
              6270782.88
            ],
            [
              770184.1300000001,
              6270783.48
            ],
            [
              770182.93,
              6270784.08
            ],
            [
              770180.8300000001,
              6270785.58
            ],
            [
              770180.2300000001,
              6270785.88
            ],
            [
              770178.7300000001,
              6270786.779999999
            ],
            [
              770176.93,
              6270787.98
            ],
            [
              770176.3300000001,
              6270788.279999999
            ],
            [
              770175.1300000001,
              6270788.88
            ],
            [
              770173.3300000001,
              6270790.08
            ],
            [
              770172.43,
              6270790.68
            ],
            [
              770170.93,
              6270791.58
            ],
            [
              770170.03,
              6270792.18
            ],
            [
              770167.6300000001,
              6270793.38
            ],
            [
              770166.43,
              6270794.279999999
            ],
            [
              770164.93,
              6270795.18
            ],
            [
              770164.03,
              6270795.779999999
            ]
          ]
        ]
      },
      "properties": {
        "row_id": -2281024,
        "n_voxels": 809
      }
    },
    {
      "type": "Feature",
      "geometry": {
        "type": "Polygon",
        "coordinates": [
          [
            [
              770161.3300000001,
              6270794.58
            ],
            [
              770158.93,
              6270796.38
            ],
            [
              770157.7300000001,
              6270796.98
            ],
            [
              770156.8300000001,
              6270797.58
            ],
            [
              770154.7300000001,
              6270798.779999999
            ],
            [
              770154.43,
              6270799.08
            ],
            [
              770154.43,
              6270800.279999999
            ],
            [
              770154.7300000001,
              6270800.279999999
            ],
            [
              770155.3300000001,
              6270799.68
            ],
            [
              770157.43,
              6270797.88
            ],
            [
              770158.93,
              6270796.98
            ],
            [
              770159.53,
              6270796.68
            ],
            [
              770160.43,
              6270796.08
            ],
            [
              770161.93,
              6270795.18
            ],
            [
              770163.43,
              6270794.279999999
            ],
            [
              770164.03,
              6270793.98
            ],
            [
              770165.8300000001,
              6270792.779999999
            ],
            [
              770166.43,
              6270792.48
            ],
            [
              770168.2300000001,
              6270791.279999999
            ],
            [
              770170.3300000001,
              6270790.08
            ],
            [
              770171.8300000001,
              6270789.18
            ],
            [
              770172.43,
              6270788.88
            ],
            [
              770174.8300000001,
              6270787.68
            ],
            [
              770176.3300000001,
              6270786.48
            ],
            [
              770177.8300000001,
              6270785.58
            ],
            [
              770179.3300000001,
              6270784.68
            ],
            [
              770181.43,
              6270783.48
            ],
            [
              770182.3300000001,
              6270782.88
            ],
            [
              770184.43,
              6270781.68
            ],
            [
              770185.03,
              6270781.38
            ],
            [
              770187.1300000001,
              6270779.88
            ],
            [
              770188.3300000001,
              6270779.279999999
            ],
            [
              770190.1300000001,
              6270778.08
            ],
            [
              770191.6300000001,
              6270777.18
            ],
            [
              770192.2300000001,
              6270776.88
            ],
            [
              770193.1300000001,
              6270776.279999999
            ],
            [
              770196.1300000001,
              6270774.48
            ],
            [
              770196.7300000001,
              6270774.18
            ],
            [
              770197.9300000002,
              6270773.58
            ],
            [
              770200.03,
              6270772.08
            ],
            [
              770202.7300000001,
              6270770.58
            ],
            [
              770206.6300000001,
              6270768.18
            ],
            [
              770207.8300000001,
              6270767.279999999
            ],
            [
              770209.3300000001,
              6270766.38
            ],
            [
              770210.2300000001,
              6270765.779999999
            ],
            [
              770211.7300000001,
              6270764.88
            ],
            [
              770213.53,
              6270763.68
            ],
            [
              770215.6300000001,
              6270762.48
            ],
            [
              770216.2300000001,
              6270762.18
            ],
            [
              770218.6300000001,
              6270760.68
            ],
            [
              770219.2300000001,
              6270760.38
            ],
            [
              770219.8300000001,
              6270760.08
            ],
            [
              770220.1300000001,
              6270759.779999999
            ],
            [
              770220.1300000001,
              6270759.18
            ],
            [
              770219.8300000001,
              6270758.88
            ],
            [
              770219.53,
              6270758.88
            ],
            [
              770218.6300000001,
              6270759.48
            ],
            [
              770216.8300000001,
              6270760.68
            ],
            [
              770216.2300000001,
              6270760.98
            ],
            [
              770215.03,
              6270761.88
            ],
            [
              770212.9300000002,
              6270763.08
            ],
            [
              770212.3300000001,
              6270763.38
            ],
            [
              770211.4299999945,
              6270763.980000003
            ],
            [
              770209.3300000001,
              6270765.18
            ],
            [
              770207.53,
              6270766.38
            ],
            [
              770206.9300000002,
              6270766.68
            ],
            [
              770206.3300000001,
              6270766.98
            ],
            [
              770205.4300000002,
              6270767.58
            ],
            [
              770203.3300000001,
              6270769.08
            ],
            [
              770202.1300000001,
              6270769.68
            ],
            [
              770201.53,
              6270769.98
            ],
            [
              770199.7300000001,
              6270771.18
            ],
            [
              770198.8300000001,
              6270771.779999999
            ],
            [
              770197.3300000001,
              6270772.68
            ],
            [
              770196.4300000002,
              6270773.279999999
            ],
            [
              770194.93,
              6270774.18
            ],
            [
              770192.8300000001,
              6270775.38
            ],
            [
              770191.93,
              6270775.98
            ],
            [
              770190.43,
              6270776.88
            ],
            [
              770188.3300000001,
              6270778.08
            ],
            [
              770187.43,
              6270778.68
            ],
            [
              770186.53,
              6270779.279999999
            ],
            [
              770185.03,
              6270780.18
            ],
            [
              770184.43,
              6270780.48
            ],
            [
              770183.53,
              6270781.08
            ],
            [
              770182.03,
              6270781.98
            ],
            [
              770180.8300000001,
              6270782.58
            ],
            [
              770179.03,
              6270783.779999999
            ],
            [
              770177.53,
              6270784.68
            ],
            [
              770176.03,
              6270785.58
            ],
            [
              770174.53,
              6270786.48
            ],
            [
              770172.43,
              6270787.98
            ],
            [
              770171.8300000001,
              6270788.279999999
            ],
            [
              770170.3300000001,
              6270789.18
            ],
            [
              770169.7300000001,
              6270789.48
            ],
            [
              770167.3300000001,
              6270790.98
            ],
            [
              770166.43,
              6270791.58
            ],
            [
              770164.6300000001,
              6270792.779999999
            ],
            [
              770163.1300000001,
              6270793.68
            ],
            [
              770161.3300000001,
              6270794.58
            ]
          ]
        ]
      },
      "properties": {
        "row_id": -2281023,
        "n_voxels": 698
      }
    },
    {
      "type": "Feature",
      "geometry": {
        "type": "Polygon",
        "coordinates": [
          [
            [
              770153.53,
              6270796.38
            ],
            [
              770152.6300000001,
              6270797.279999999
            ],
            [
              770152.3300000001,
              6270797.58
            ],
            [
              770152.3300000001,
              6270797.88
            ],
            [
              770153.2300000001,
              6270798.18
            ],
            [
              770154.7300000001,
              6270796.68
            ],
            [
              770157.1300000001,
              6270795.18
            ],
            [
              770158.6300000001,
              6270794.279999999
            ],
            [
              770159.8300000001,
              6270793.68
            ],
            [
              770161.6300000001,
              6270792.779999999
            ],
            [
              770163.43,
              6270791.58
            ],
            [
              770165.2300000001,
              6270790.38
            ],
            [
              770167.03,
              6270789.18
            ],
            [
              770169.1300000001,
              6270787.98
            ],
            [
              770170.03,
              6270787.38
            ],
            [
              770172.1300000001,
              6270786.18
            ],
            [
              770175.43,
              6270784.38
            ],
            [
              770176.6300000001,
              6270783.48
            ],
            [
              770179.6300000001,
              6270781.68
            ],
            [
              770181.7300000001,
              6270780.48
            ],
            [
              770182.6300000001,
              6270779.88
            ],
            [
              770184.1300000001,
              6270778.98
            ],
            [
              770184.7300000001,
              6270778.68
            ],
            [
              770186.8300000001,
              6270777.18
            ],
            [
              770187.43,
              6270776.88
            ],
            [
              770189.2300000001,
              6270775.68
            ],
            [
              770190.7300000001,
              6270774.779999999
            ],
            [
              770191.3300000001,
              6270774.48
            ],
            [
              770191.93,
              6270774.18
            ],
            [
              770192.8300000001,
              6270773.58
            ],
            [
              770194.3300000001,
              6270772.68
            ],
            [
              770196.1300000001,
              6270771.48
            ],
            [
              770198.53,
              6270770.279999999
            ],
            [
              770200.03,
              6270769.08
            ],
            [
              770201.53,
              6270768.18
            ],
            [
              770202.1300000001,
              6270767.88
            ],
            [
              770203.6300000001,
              6270766.98
            ],
            [
              770205.1300000001,
              6270766.08
            ],
            [
              770207.8300000001,
              6270764.58
            ],
            [
              770210.53,
              6270762.779999999
            ],
            [
              770211.7300000001,
              6270762.18
            ],
            [
              770213.2300000001,
              6270760.98
            ],
            [
              770214.7300000001,
              6270760.08
            ],
            [
              770215.9300000002,
              6270759.48
            ],
            [
              770217.7300000001,
              6270758.279999999
            ],
            [
              770218.9300000002,
              6270757.68
            ],
            [
              770219.2300000001,
              6270757.38
            ],
            [
              770218.6300000001,
              6270756.779999999
            ],
            [
              770217.7300000001,
              6270757.08
            ],
            [
              770215.9300000002,
              6270757.98
            ],
            [
              770213.8300000001,
              6270759.48
            ],
            [
              770212.3300000001,
              6270760.38
            ],
            [
              770210.2300000001,
              6270761.58
            ],
            [
              770208.1300000001,
              6270763.08
            ],
            [
              770206.6300000001,
              6270763.98
            ],
            [
              770204.53,
              6270765.18
            ],
            [
              770202.4300000002,
              6270766.68
            ],
            [
              770201.8300000001,
              6270766.98
            ],
            [
              770199.1300000001,
              6270768.18
            ],
            [
              770196.7300000001,
              6270769.98
            ],
            [
              770195.8300000001,
              6270770.58
            ],
            [
              770193.43,
              6270772.08
            ],
            [
              770191.6300000001,
              6270773.279999999
            ],
            [
              770190.43,
              6270773.88
            ],
            [
              770189.2300000001,
              6270774.779999999
            ],
            [
              770187.1300000001,
              6270775.98
            ],
            [
              770186.53,
              6270776.279999999
            ],
            [
              770184.7300000001,
              6270777.48
            ],
            [
              770182.93,
              6270778.38
            ],
            [
              770181.1300000001,
              6270779.58
            ],
            [
              770179.03,
              6270780.779999999
            ],
            [
              770178.43,
              6270781.08
            ],
            [
              770177.2300000001,
              6270781.98
            ],
            [
              770176.3300000001,
              6270782.58
            ],
            [
              770174.2300000001,
              6270783.779999999
            ],
            [
              770172.1300000001,
              6270785.279999999
            ],
            [
              770171.53,
              6270785.58
            ],
            [
              770170.3300000001,
              6270786.18
            ],
            [
              770169.7300000001,
              6270786.48
            ],
            [
              770168.53,
              6270787.38
            ],
            [
              770167.03,
              6270788.279999999
            ],
            [
              770166.43,
              6270788.58
            ],
            [
              770163.7300000001,
              6270790.08
            ],
            [
              770161.93,
              6270791.279999999
            ],
            [
              770160.43,
              6270792.18
            ],
            [
              770158.3300000001,
              6270793.38
            ],
            [
              770155.93,
              6270795.18
            ],
            [
              770153.53,
              6270796.38
            ]
          ]
        ]
      },
      "properties": {
        "row_id": -2281022,
        "n_voxels": 752
      }
    },
    {
      "type": "Feature",
      "geometry": {
        "type": "Polygon",
        "coordinates": [
          [
            [
              770160.1300000001,
              6270789.48
            ],
            [
              770158.3300000001,
              6270790.68
            ],
            [
              770156.8300000001,
              6270791.58
            ],
            [
              770154.7300000001,
              6270792.779999999
            ],
            [
              770153.53,
              6270793.68
            ],
            [
              770152.6300000001,
              6270794.279999999
            ],
            [
              770152.3300000001,
              6270794.58
            ],
            [
              770152.3300000001,
              6270794.88
            ],
            [
              770152.93,
              6270794.88
            ],
            [
              770153.8300000001,
              6270794.58
            ],
            [
              770156.2300000001,
              6270792.779999999
            ],
            [
              770156.8300000001,
              6270792.48
            ],
            [
              770158.93,
              6270790.98
            ],
            [
              770159.53,
              6270790.68
            ],
            [
              770161.3300000001,
              6270789.779999999
            ],
            [
              770162.8300000001,
              6270788.88
            ],
            [
              770164.6300000001,
              6270787.68
            ],
            [
              770165.2300000001,
              6270787.38
            ],
            [
              770167.3300000001,
              6270785.88
            ],
            [
              770167.93,
              6270785.58
            ],
            [
              770169.7300000001,
              6270784.68
            ],
            [
              770170.3300000001,
              6270784.38
            ],
            [
              770171.53,
              6270783.48
            ],
            [
              770174.8300000001,
              6270781.38
            ],
            [
              770175.43,
              6270781.08
            ],
            [
              770175.7300000001,
              6270780.779999999
            ],
            [
              770181.43,
              6270777.48
            ],
            [
              770182.03,
              6270777.18
            ],
            [
              770182.6300000001,
              6270776.88
            ],
            [
              770183.2300000001,
              6270776.58
            ],
            [
              770183.8300000001,
              6270776.279999999
            ],
            [
              770184.7300000001,
              6270775.68
            ],
            [
              770185.6300000001,
              6270775.08
            ],
            [
              770186.53,
              6270774.48
            ],
            [
              770187.43,
              6270773.88
            ],
            [
              770188.3300000001,
              6270773.279999999
            ],
            [
              770189.8300000001,
              6270772.38
            ],
            [
              770191.3300000001,
              6270771.48
            ],
            [
              770194.03,
              6270769.98
            ],
            [
              770195.8300000001,
              6270768.779999999
            ],
            [
              770196.7300000001,
              6270768.18
            ],
            [
              770198.8300000001,
              6270766.98
            ],
            [
              770199.4300000002,
              6270766.68
            ],
            [
              770200.3300000001,
              6270766.08
            ],
            [
              770201.8300000001,
              6270765.18
            ],
            [
              770203.6300000001,
              6270763.98
            ],
            [
              770205.7300000001,
              6270762.779999999
            ],
            [
              770207.53,
              6270761.58
            ],
            [
              770208.4300000002,
              6270760.98
            ],
            [
              770209.9300000002,
              6270760.08
            ],
            [
              770211.4300000002,
              6270759.18
            ],
            [
              770212.03,
              6270758.88
            ],
            [
              770213.53,
              6270757.98
            ],
            [
              770215.3300000001,
              6270756.779999999
            ],
            [
              770216.2300000001,
              6270756.18
            ],
            [
              770217.1300000001,
              6270755.58
            ],
            [
              770217.7300000001,
              6270754.98
            ],
            [
              770217.4300000002,
              6270754.68
            ],
            [
              770216.8300000001,
              6270754.68
            ],
            [
              770215.3300000001,
              6270755.58
            ],
            [
              770213.2300000001,
              6270756.779999999
            ],
            [
              770211.1300000001,
              6270758.279999999
            ],
            [
              770210.2300000001,
              6270758.88
            ],
            [
              770208.7300000001,
              6270759.779999999
            ],
            [
              770208.1300000001,
              6270760.08
            ],
            [
              770206.6300000001,
              6270760.98
            ],
            [
              770205.7300000001,
              6270761.58
            ],
            [
              770204.8300000001,
              6270762.18
            ],
            [
              770203.3300000001,
              6270763.08
            ],
            [
              770202.4300000002,
              6270763.68
            ],
            [
              770200.9300000002,
              6270764.58
            ],
            [
              770199.4300000002,
              6270765.48
            ],
            [
              770197.9300000002,
              6270766.38
            ],
            [
              770196.7300000001,
              6270767.279999999
            ],
            [
              770195.2300000001,
              6270768.18
            ],
            [
              770194.6300000001,
              6270768.48
            ],
            [
              770194.03,
              6270768.779999999
            ],
            [
              770192.8300000001,
              6270769.38
            ],
            [
              770190.7300000001,
              6270770.88
            ],
            [
              770188.6300000001,
              6270772.08
            ],
            [
              770186.530000002,
              6270773.579999998
            ],
            [
              770185.93,
              6270773.88
            ],
            [
              770185.3300000001,
              6270774.18
            ],
            [
              770183.8300000001,
              6270775.08
            ],
            [
              770182.03,
              6270775.98
            ],
            [
              770175.43,
              6270780.18
            ],
            [
              770171.53,
              6270782.58
            ],
            [
              770170.93,
              6270782.88
            ],
            [
              770170.3300000001,
              6270783.18
            ],
            [
              770169.7300000001,
              6270783.48
            ],
            [
              770167.6300000001,
              6270784.98
            ],
            [
              770164.6300000001,
              6270786.779999999
            ],
            [
              770162.8300000001,
              6270787.98
            ],
            [
              770161.3300000001,
              6270788.88
            ],
            [
              770160.1300000001,
              6270789.48
            ]
          ]
        ]
      },
      "properties": {
        "row_id": -2281021,
        "n_voxels": 616
      }
    },
    {
      "type": "Feature",
      "geometry": {
        "type": "Polygon",
        "coordinates": [
          [
            [
              770155.3300000001,
              6270789.48
            ],
            [
              770154.43,
              6270790.08
            ],
            [
              770153.53,
              6270790.68
            ],
            [
              770152.03,
              6270791.58
            ],
            [
              770150.8300000001,
              6270792.18
            ],
            [
              770149.93,
              6270792.779999999
            ],
            [
              770149.6300000001,
              6270793.08
            ],
            [
              770149.6300000001,
              6270793.38
            ],
            [
              770150.8300000001,
              6270793.38
            ],
            [
              770151.7300000001,
              6270792.779999999
            ],
            [
              770153.8300000001,
              6270791.58
            ],
            [
              770154.7300000001,
              6270790.98
            ],
            [
              770155.6300000001,
              6270790.38
            ],
            [
              770157.43,
              6270789.48
            ],
            [
              770158.3300000001,
              6270788.88
            ],
            [
              770160.43,
              6270787.68
            ],
            [
              770162.53,
              6270786.18
            ],
            [
              770164.3300000001,
              6270784.98
            ],
            [
              770165.8300000001,
              6270784.08
            ],
            [
              770167.3300000001,
              6270783.18
            ],
            [
              770169.1300000001,
              6270781.98
            ],
            [
              770170.3300000001,
              6270781.38
            ],
            [
              770171.8300000001,
              6270780.48
            ],
            [
              770172.43,
              6270780.18
            ],
            [
              770173.6300000001,
              6270779.58
            ],
            [
              770175.1300000001,
              6270778.38
            ],
            [
              770176.03,
              6270777.779999999
            ],
            [
              770177.8300000001,
              6270776.88
            ],
            [
              770178.7300000001,
              6270776.279999999
            ],
            [
              770180.2300000001,
              6270775.38
            ],
            [
              770182.03,
              6270774.18
            ],
            [
              770182.6300000001,
              6270773.88
            ],
            [
              770183.2300000001,
              6270773.58
            ],
            [
              770185.03,
              6270772.38
            ],
            [
              770186.53,
              6270771.48
            ],
            [
              770187.43,
              6270770.88
            ],
            [
              770189.8300000001,
              6270769.68
            ],
            [
              770192.53,
              6270767.88
            ],
            [
              770193.43,
              6270767.279999999
            ],
            [
              770194.93,
              6270766.38
            ],
            [
              770196.4300000002,
              6270765.48
            ],
            [
              770197.9300000002,
              6270764.58
            ],
            [
              770199.7300000001,
              6270763.38
            ],
            [
              770201.2300000001,
              6270762.48
            ],
            [
              770201.8300000001,
              6270762.18
            ],
            [
              770202.4300000002,
              6270761.88
            ],
            [
              770204.53,
              6270760.68
            ],
            [
              770207.53,
              6270758.88
            ],
            [
              770208.4300000002,
              6270758.279999999
            ],
            [
              770209.3300000001,
              6270757.68
            ],
            [
              770211.1300000001,
              6270756.48
            ],
            [
              770212.03,
              6270755.88
            ],
            [
              770212.9300000002,
              6270755.279999999
            ],
            [
              770214.4300000002,
              6270754.38
            ],
            [
              770215.03,
              6270754.08
            ],
            [
              770215.9300000002,
              6270753.18
            ],
            [
              770216.53,
              6270752.58
            ],
            [
              770215.6300000001,
              6270752.88
            ],
            [
              770214.7300000001,
              6270753.18
            ],
            [
              770213.2300000001,
              6270754.08
            ],
            [
              770212.3300000001,
              6270754.68
            ],
            [
              770211.4300000002,
              6270755.279999999
            ],
            [
              770209.9300000002,
              6270756.18
            ],
            [
              770209.03,
              6270756.779999999
            ],
            [
              770207.53,
              6270757.68
            ],
            [
              770206.3300000001,
              6270758.279999999
            ],
            [
              770204.53,
              6270759.48
            ],
            [
              770202.4300000002,
              6270760.68
            ],
            [
              770201.8300000001,
              6270760.98
            ],
            [
              770200.9300000002,
              6270761.58
            ],
            [
              770199.4300000002,
              6270762.48
            ],
            [
              770197.3300000001,
              6270763.68
            ],
            [
              770196.4300000002,
              6270764.279999999
            ],
            [
              770194.6300000001,
              6270765.48
            ],
            [
              770194.03,
              6270765.779999999
            ],
            [
              770192.53,
              6270766.68
            ],
            [
              770191.3300000001,
              6270767.58
            ],
            [
              770189.2300000001,
              6270768.779999999
            ],
            [
              770187.1300000001,
              6270769.98
            ],
            [
              770186.53,
              6270770.279999999
            ],
            [
              770184.43,
              6270771.779999999
            ],
            [
              770183.8300000001,
              6270772.08
            ],
            [
              770183.2300000001,
              6270772.38
            ],
            [
              770182.03,
              6270773.279999999
            ],
            [
              770180.53,
              6270774.18
            ],
            [
              770179.93,
              6270774.48
            ],
            [
              770177.8300000001,
              6270775.68
            ],
            [
              770176.03,
              6270776.88
            ],
            [
              770173.6300000001,
              6270778.08
            ],
            [
              770172.43,
              6270778.98
            ],
            [
              770171.53,
              6270779.58
            ],
            [
              770169.7300000001,
              6270780.779999999
            ],
            [
              770168.53,
              6270781.38
            ],
            [
              770167.93,
              6270781.68
            ],
            [
              770166.1300000001,
              6270782.88
            ],
            [
              770165.53,
              6270783.18
            ],
            [
              770163.7300000001,
              6270784.38
            ],
            [
              770163.1300000001,
              6270784.68
            ],
            [
              770161.3300000001,
              6270785.88
            ],
            [
              770160.7300000001,
              6270786.18
            ],
            [
              770159.2300000001,
              6270787.08
            ],
            [
              770158.6300000001,
              6270787.38
            ],
            [
              770157.7300000001,
              6270787.98
            ],
            [
              770156.2300000001,
              6270788.88
            ],
            [
              770155.3300000001,
              6270789.48
            ]
          ]
        ]
      },
      "properties": {
        "row_id": -2281020,
        "n_voxels": 798
      }
    },
    {
      "type": "Feature",
      "geometry": {
        "type": "Polygon",
        "coordinates": [
          [
            [
              770160.43,
              6270783.48
            ],
            [
              770155.93,
              6270786.18
            ],
            [
              770152.3300000001,
              6270788.58
            ],
            [
              770151.43,
              6270789.18
            ],
            [
              770149.6300000001,
              6270790.08
            ],
            [
              770149.03,
              6270790.38
            ],
            [
              770149.03,
              6270791.279999999
            ],
            [
              770149.3300000001,
              6270791.279999999
            ],
            [
              770150.2300000001,
              6270790.68
            ],
            [
              770152.03,
              6270789.48
            ],
            [
              770155.93,
              6270787.38
            ],
            [
              770156.8300000001,
              6270786.779999999
            ],
            [
              770160.1300000001,
              6270784.68
            ],
            [
              770160.7300000001,
              6270784.38
            ],
            [
              770162.8300000001,
              6270783.18
            ],
            [
              770163.7300000001,
              6270782.58
            ],
            [
              770165.53,
              6270781.38
            ],
            [
              770166.1300000001,
              6270781.08
            ],
            [
              770167.6300000001,
              6270780.18
            ],
            [
              770170.3300000001,
              6270778.38
            ],
            [
              770171.53,
              6270777.779999999
            ],
            [
              770173.03,
              6270776.88
            ],
            [
              770174.2300000001,
              6270775.98
            ],
            [
              770175.7300000001,
              6270775.08
            ],
            [
              770176.3300000001,
              6270774.779999999
            ],
            [
              770177.53,
              6270774.18
            ],
            [
              770180.2300000001,
              6270772.38
            ],
            [
              770181.1300000001,
              6270771.779999999
            ],
            [
              770182.6300000001,
              6270770.88
            ],
            [
              770184.1300000001,
              6270769.98
            ],
            [
              770186.8300000001,
              6270768.48
            ],
            [
              770187.7300000001,
              6270767.88
            ],
            [
              770189.2300000001,
              6270766.98
            ],
            [
              770190.1300000001,
              6270766.38
            ],
            [
              770192.53,
              6270764.88
            ],
            [
              770193.1300000001,
              6270764.279999999
            ],
            [
              770198.2300000001,
              6270761.279999999
            ],
            [
              770198.8300000001,
              6270760.98
            ],
            [
              770200.3300000001,
              6270760.08
            ],
            [
              770201.8300000001,
              6270759.18
            ],
            [
              770203.6300000001,
              6270757.98
            ],
            [
              770204.2300000001,
              6270757.68
            ],
            [
              770205.7300000001,
              6270756.779999999
            ],
            [
              770207.2300000001,
              6270755.88
            ],
            [
              770209.9300000002,
              6270754.08
            ],
            [
              770210.53,
              6270753.779999999
            ],
            [
              770211.4300000002,
              6270753.18
            ],
            [
              770214.4300000002,
              6270751.68
            ],
            [
              770215.03,
              6270750.779999999
            ],
            [
              770214.4300000002,
              6270750.18
            ],
            [
              770214.1300000001,
              6270750.18
            ],
            [
              770212.3300000001,
              6270751.38
            ],
            [
              770210.2300000001,
              6270752.88
            ],
            [
              770208.1300000001,
              6270754.38
            ],
            [
              770207.53,
              6270754.68
            ],
            [
              770206.9300000002,
              6270754.98
            ],
            [
              770204.8300000001,
              6270756.18
            ],
            [
              770201.8300000001,
              6270757.98
            ],
            [
              770199.4300000002,
              6270759.48
            ],
            [
              770197.9300000002,
              6270760.68
            ],
            [
              770192.2300000001,
              6270763.98
            ],
            [
              770191.03,
              6270764.88
            ],
            [
              770189.53,
              6270765.779999999
            ],
            [
              770188.93,
              6270766.08
            ],
            [
              770187.43,
              6270766.98
            ],
            [
              770186.2300000001,
              6270767.88
            ],
            [
              770183.53,
              6270769.38
            ],
            [
              770182.93,
              6270769.68
            ],
            [
              770182.03,
              6270770.279999999
            ],
            [
              770180.53,
              6270771.18
            ],
            [
              770179.6300000001,
              6270771.779999999
            ],
            [
              770177.53,
              6270772.98
            ],
            [
              770176.6300000001,
              6270773.58
            ],
            [
              770174.2300000001,
              6270774.779999999
            ],
            [
              770173.03,
              6270775.68
            ],
            [
              770171.2300000001,
              6270776.88
            ],
            [
              770169.7300000001,
              6270777.779999999
            ],
            [
              770166.7300000001,
              6270779.58
            ],
            [
              770164.6300000001,
              6270780.779999999
            ],
            [
              770162.53,
              6270782.279999999
            ],
            [
              770160.43,
              6270783.48
            ]
          ]
        ]
      },
      "properties": {
        "row_id": -2281019,
        "n_voxels": 559
      }
    },
    {
      "type": "Feature",
      "geometry": {
        "type": "Polygon",
        "coordinates": [
          [
            [
              770148.1300000001,
              6270787.98
            ],
            [
              770147.2300000001,
              6270788.58
            ],
            [
              770147.53,
              6270788.88
            ],
            [
              770148.1300000001,
              6270789.18
            ],
            [
              770148.43,
              6270789.18
            ],
            [
              770151.7300000001,
              6270786.779999999
            ],
            [
              770152.93,
              6270786.18
            ],
            [
              770153.8300000001,
              6270785.58
            ],
            [
              770154.7300000001,
              6270784.98
            ],
            [
              770156.2300000001,
              6270784.08
            ],
            [
              770157.43,
              6270783.48
            ],
            [
              770158.3300000001,
              6270782.88
            ],
            [
              770159.8300000001,
              6270781.98
            ],
            [
              770161.93,
              6270780.779999999
            ],
            [
              770163.43,
              6270779.88
            ],
            [
              770164.3300000001,
              6270779.279999999
            ],
            [
              770165.8300000001,
              6270778.38
            ],
            [
              770167.6300000001,
              6270777.18
            ],
            [
              770170.3300000001,
              6270775.68
            ],
            [
              770172.43,
              6270774.48
            ],
            [
              770174.2300000001,
              6270773.279999999
            ],
            [
              770177.2300000001,
              6270771.48
            ],
            [
              770179.03,
              6270770.279999999
            ],
            [
              770179.6300000001,
              6270769.98
            ],
            [
              770181.43,
              6270768.779999999
            ],
            [
              770182.3300000001,
              6270768.18
            ],
            [
              770183.8300000001,
              6270767.279999999
            ],
            [
              770185.3300000001,
              6270766.38
            ],
            [
              770187.1300000001,
              6270765.18
            ],
            [
              770188.6300000001,
              6270764.279999999
            ],
            [
              770189.2300000001,
              6270763.98
            ],
            [
              770191.03,
              6270762.779999999
            ],
            [
              770192.2300000001,
              6270762.18
            ],
            [
              770194.3300000001,
              6270760.68
            ],
            [
              770194.93,
              6270760.38
            ],
            [
              770195.53,
              6270760.08
            ],
            [
              770197.3300000001,
              6270759.18
            ],
            [
              770199.4300000002,
              6270757.68
            ],
            [
              770200.03,
              6270757.38
            ],
            [
              770201.2300000001,
              6270756.779999999
            ],
            [
              770202.4300000002,
              6270755.88
            ],
            [
              770203.9300000002,
              6270754.98
            ],
            [
              770206.3300000001,
              6270753.779999999
            ],
            [
              770209.3300000001,
              6270751.68
            ],
            [
              770210.2300000001,
              6270751.08
            ],
            [
              770212.3300000001,
              6270749.58
            ],
            [
              770213.53,
              6270748.68
            ],
            [
              770212.6300000001,
              6270748.38
            ],
            [
              770210.53,
              6270749.58
            ],
            [
              770207.8300000001,
              6270751.38
            ],
            [
              770204.8300000001,
              6270753.18
            ],
            [
              770203.3300000001,
              6270754.08
            ],
            [
              770202.1300000001,
              6270754.98
            ],
            [
              770200.6300000001,
              6270755.88
            ],
            [
              770199.7300000001,
              6270756.48
            ],
            [
              770198.8300000001,
              6270757.08
            ],
            [
              770197.3300000001,
              6270757.98
            ],
            [
              770196.4300000002,
              6270758.58
            ],
            [
              770194.6300000001,
              6270759.48
            ],
            [
              770192.8300000001,
              6270760.68
            ],
            [
              770191.03,
              6270761.88
            ],
            [
              770190.43,
              6270762.18
            ],
            [
              770189.8300000001,
              6270762.48
            ],
            [
              770187.43,
              6270763.98
            ],
            [
              770185.93,
              6270764.88
            ],
            [
              770185.03,
              6270765.48
            ],
            [
              770183.53,
              6270766.38
            ],
            [
              770182.6300000001,
              6270766.98
            ],
            [
              770180.8300000001,
              6270767.88
            ],
            [
              770178.43,
              6270769.38
            ],
            [
              770177.53,
              6270769.98
            ],
            [
              770176.6300000001,
              6270770.58
            ],
            [
              770175.7300000001,
              6270771.18
            ],
            [
              770174.8300000001,
              6270771.779999999
            ],
            [
              770173.93,
              6270772.38
            ],
            [
              770172.43,
              6270773.279999999
            ],
            [
              770171.8300000001,
              6270773.58
            ],
            [
              770170.3300000001,
              6270774.48
            ],
            [
              770169.1300000001,
              6270775.38
            ],
            [
              770168.2300000001,
              6270775.98
            ],
            [
              770165.8300000001,
              6270777.18
            ],
            [
              770164.6300000001,
              6270778.08
            ],
            [
              770163.1300000001,
              6270778.98
            ],
            [
              770162.53,
              6270779.279999999
            ],
            [
              770159.8300000001,
              6270780.779999999
            ],
            [
              770158.03,
              6270781.98
            ],
            [
              770157.1300000001,
              6270782.58
            ],
            [
              770155.6300000001,
              6270783.48
            ],
            [
              770153.8300000001,
              6270784.68
            ],
            [
              770153.2300000001,
              6270784.98
            ],
            [
              770151.1300000001,
              6270786.18
            ],
            [
              770149.3300000001,
              6270787.08
            ],
            [
              770148.1300000001,
              6270787.98
            ]
          ]
        ]
      },
      "properties": {
        "row_id": -2281018,
        "n_voxels": 748
      }
    },
    {
      "type": "Feature",
      "geometry": {
        "type": "Polygon",
        "coordinates": [
          [
            [
              770148.1300000001,
              6270784.98
            ],
            [
              770146.93,
              6270785.58
            ],
            [
              770146.03,
              6270786.18
            ],
            [
              770145.7300000001,
              6270786.48
            ],
            [
              770145.7300000001,
              6270786.779999999
            ],
            [
              770146.3300000001,
              6270787.08
            ],
            [
              770147.53,
              6270786.48
            ],
            [
              770149.3300000001,
              6270785.279999999
            ],
            [
              770151.7300000001,
              6270783.779999999
            ],
            [
              770152.93,
              6270783.18
            ],
            [
              770154.43,
              6270782.279999999
            ],
            [
              770155.03,
              6270781.98
            ],
            [
              770157.1300000001,
              6270780.779999999
            ],
            [
              770158.03,
              6270780.18
            ],
            [
              770159.8300000001,
              6270778.98
            ],
            [
              770160.43,
              6270778.68
            ],
            [
              770163.1300000001,
              6270776.88
            ],
            [
              770163.7300000001,
              6270776.58
            ],
            [
              770164.3300000001,
              6270776.279999999
            ],
            [
              770164.93,
              6270775.98
            ],
            [
              770165.53,
              6270775.68
            ],
            [
              770166.7300000001,
              6270774.779999999
            ],
            [
              770169.1300000001,
              6270773.58
            ],
            [
              770171.2300000001,
              6270772.38
            ],
            [
              770173.6300000001,
              6270770.58
            ],
            [
              770174.2300000001,
              6270770.279999999
            ],
            [
              770176.03,
              6270769.08
            ],
            [
              770177.53,
              6270768.18
            ],
            [
              770178.1300000001,
              6270767.88
            ],
            [
              770179.03,
              6270767.279999999
            ],
            [
              770180.53,
              6270766.38
            ],
            [
              770182.3300000001,
              6270765.18
            ],
            [
              770182.93,
              6270764.88
            ],
            [
              770184.43,
              6270763.98
            ],
            [
              770186.2300000001,
              6270762.779999999
            ],
            [
              770187.43,
              6270762.18
            ],
            [
              770188.3300000001,
              6270761.58
            ],
            [
              770189.2300000001,
              6270760.98
            ],
            [
              770190.1300000001,
              6270760.38
            ],
            [
              770191.6300000001,
              6270759.48
            ],
            [
              770192.8300000001,
              6270758.88
            ],
            [
              770194.03,
              6270758.279999999
            ],
            [
              770194.6300000001,
              6270757.98
            ],
            [
              770196.7300000001,
              6270756.48
            ],
            [
              770199.1300000001,
              6270754.98
            ],
            [
              770200.3300000001,
              6270754.38
            ],
            [
              770202.7300000001,
              6270752.88
            ],
            [
              770206.6300000001,
              6270750.48
            ],
            [
              770207.8300000001,
              6270749.58
            ],
            [
              770211.4300000002,
              6270747.779999999
            ],
            [
              770212.03,
              6270746.88
            ],
            [
              770212.03,
              6270746.58
            ],
            [
              770211.7300000001,
              6270746.279999999
            ],
            [
              770211.4300000002,
              6270746.279999999
            ],
            [
              770209.6300000001,
              6270747.48
            ],
            [
              770208.1300000001,
              6270748.38
            ],
            [
              770207.53,
              6270748.68
            ],
            [
              770206.3300000001,
              6270749.58
            ],
            [
              770204.2300000001,
              6270750.779999999
            ],
            [
              770203.3300000001,
              6270751.38
            ],
            [
              770201.8300000001,
              6270752.279999999
            ],
            [
              770200.3300000001,
              6270753.18
            ],
            [
              770199.7300000001,
              6270753.48
            ],
            [
              770199.1300000001,
              6270753.779999999
            ],
            [
              770197.3300000001,
              6270754.98
            ],
            [
              770195.2300000001,
              6270756.18
            ],
            [
              770194.3300000001,
              6270756.779999999
            ],
            [
              770192.53,
              6270757.98
            ],
            [
              770189.53,
              6270759.779999999
            ],
            [
              770188.3300000001,
              6270760.38
            ],
            [
              770187.7300000001,
              6270760.68
            ],
            [
              770185.03,
              6270762.48
            ],
            [
              770184.43,
              6270762.779999999
            ],
            [
              770182.93,
              6270763.38
            ],
            [
              770180.2300000001,
              6270765.18
            ],
            [
              770177.8300000001,
              6270766.98
            ],
            [
              770176.93,
              6270767.58
            ],
            [
              770175.43,
              6270768.48
            ],
            [
              770174.8300000001,
              6270768.779999999
            ],
            [
              770173.3300000001,
              6270769.68
            ],
            [
              770172.7300000001,
              6270769.98
            ],
            [
              770170.93,
              6270771.18
            ],
            [
              770169.43,
              6270772.08
            ],
            [
              770168.53,
              6270772.68
            ],
            [
              770167.6300000001,
              6270773.279999999
            ],
            [
              770165.53,
              6270774.48
            ],
            [
              770164.03,
              6270775.38
            ],
            [
              770163.43,
              6270775.68
            ],
            [
              770162.53,
              6270776.279999999
            ],
            [
              770161.6300000001,
              6270776.88
            ],
            [
              770159.8300000001,
              6270778.08
            ],
            [
              770159.2300000001,
              6270778.38
            ],
            [
              770157.7300000001,
              6270779.279999999
            ],
            [
              770155.6300000001,
              6270780.48
            ],
            [
              770154.7300000001,
              6270781.08
            ],
            [
              770152.93,
              6270782.279999999
            ],
            [
              770152.3300000001,
              6270782.58
            ],
            [
              770151.7300000001,
              6270782.88
            ],
            [
              770150.53,
              6270783.48
            ],
            [
              770148.1300000001,
              6270784.98
            ]
          ]
        ]
      },
      "properties": {
        "row_id": -2281017,
        "n_voxels": 755
      }
    },
    {
      "type": "Feature",
      "geometry": {
        "type": "Polygon",
        "coordinates": [
          [
            [
              770151.43,
              6270780.18
            ],
            [
              770149.93,
              6270781.08
            ],
            [
              770148.7300000001,
              6270781.98
            ],
            [
              770145.7300000001,
              6270783.48
            ],
            [
              770144.8300000001,
              6270784.38
            ],
            [
              770144.53,
              6270784.68
            ],
            [
              770144.53,
              6270784.98
            ],
            [
              770144.8300000001,
              6270785.279999999
            ],
            [
              770146.3300000001,
              6270784.38
            ],
            [
              770148.1300000001,
              6270783.18
            ],
            [
              770149.93,
              6270781.98
            ],
            [
              770151.43,
              6270781.08
            ],
            [
              770152.93,
              6270780.18
            ],
            [
              770153.53,
              6270779.88
            ],
            [
              770154.1300000001,
              6270779.58
            ],
            [
              770155.93,
              6270778.68
            ],
            [
              770156.53,
              6270778.38
            ],
            [
              770158.03,
              6270777.779999999
            ],
            [
              770160.7300000001,
              6270775.68
            ],
            [
              770163.1300000001,
              6270774.48
            ],
            [
              770164.6300000001,
              6270773.58
            ],
            [
              770169.43,
              6270770.58
            ],
            [
              770170.6300000001,
              6270769.98
            ],
            [
              770172.7300000001,
              6270768.779999999
            ],
            [
              770176.3300000001,
              6270766.38
            ],
            [
              770180.53,
              6270763.68
            ],
            [
              770181.43,
              6270763.08
            ],
            [
              770184.7300000001,
              6270761.279999999
            ],
            [
              770187.1300000001,
              6270759.779999999
            ],
            [
              770188.6300000001,
              6270758.58
            ],
            [
              770191.93,
              6270756.48
            ],
            [
              770193.43,
              6270755.58
            ],
            [
              770195.8300000001,
              6270754.38
            ],
            [
              770197.6300000001,
              6270753.18
            ],
            [
              770198.2300000001,
              6270752.88
            ],
            [
              770199.4300000002,
              6270751.98
            ],
            [
              770200.3300000001,
              6270751.38
            ],
            [
              770201.2300000001,
              6270750.779999999
            ],
            [
              770202.7300000001,
              6270749.88
            ],
            [
              770204.2300000001,
              6270748.98
            ],
            [
              770205.1300000001,
              6270748.38
            ],
            [
              770207.53,
              6270747.18
            ],
            [
              770209.6300000001,
              6270745.68
            ],
            [
              770210.2300000001,
              6270745.379999999
            ],
            [
              770211.1300000001,
              6270744.48
            ],
            [
              770211.1300000001,
              6270744.18
            ],
            [
              770210.8300000001,
              6270743.879999999
            ],
            [
              770210.2300000001,
              6270744.18
            ],
            [
              770208.7300000001,
              6270745.08
            ],
            [
              770207.2300000001,
              6270745.98
            ],
            [
              770205.7300000001,
              6270746.88
            ],
            [
              770204.53,
              6270747.48
            ],
            [
              770202.7300000001,
              6270748.68
            ],
            [
              770202.1300000001,
              6270748.98
            ],
            [
              770200.9300000002,
              6270749.88
            ],
            [
              770198.8300000001,
              6270751.08
            ],
            [
              770197.3300000001,
              6270751.98
            ],
            [
              770195.2300000001,
              6270753.48
            ],
            [
              770194.03,
              6270754.08
            ],
            [
              770192.8300000001,
              6270754.68
            ],
            [
              770191.93,
              6270755.279999999
            ],
            [
              770191.03,
              6270755.88
            ],
            [
              770190.1300000001,
              6270756.48
            ],
            [
              770188.3300000001,
              6270757.38
            ],
            [
              770187.7300000001,
              6270757.68
            ],
            [
              770184.43,
              6270759.779999999
            ],
            [
              770183.8300000001,
              6270760.08
            ],
            [
              770181.7300000001,
              6270761.58
            ],
            [
              770180.2300000001,
              6270762.48
            ],
            [
              770177.53,
              6270763.98
            ],
            [
              770174.8300000001,
              6270765.779999999
            ],
            [
              770172.7300000001,
              6270766.98
            ],
            [
              770171.53,
              6270767.88
            ],
            [
              770170.03,
              6270768.779999999
            ],
            [
              770168.2300000001,
              6270769.98
            ],
            [
              770166.7300000001,
              6270770.88
            ],
            [
              770166.1300000001,
              6270771.18
            ],
            [
              770164.93,
              6270771.779999999
            ],
            [
              770164.3300000001,
              6270772.08
            ],
            [
              770163.43,
              6270772.68
            ],
            [
              770161.93,
              6270773.58
            ],
            [
              770160.7300000001,
              6270774.48
            ],
            [
              770159.2300000001,
              6270775.38
            ],
            [
              770158.6300000001,
              6270775.68
            ],
            [
              770157.7300000001,
              6270776.279999999
            ],
            [
              770155.03,
              6270777.48
            ],
            [
              770152.3300000001,
              6270779.58
            ],
            [
              770151.43,
              6270780.18
            ]
          ]
        ]
      },
      "properties": {
        "row_id": -2281016,
        "n_voxels": 859
      }
    },
    {
      "type": "Feature",
      "geometry": {
        "type": "Polygon",
        "coordinates": [
          [
            [
              770144.8300000001,
              6270781.08
            ],
            [
              770144.2300000001,
              6270781.38
            ],
            [
              770143.3300000001,
              6270782.279999999
            ],
            [
              770143.3300000001,
              6270782.88
            ],
            [
              770143.6300000001,
              6270782.88
            ],
            [
              770144.53,
              6270782.58
            ],
            [
              770146.03,
              6270781.68
            ],
            [
              770147.8300000001,
              6270780.48
            ],
            [
              770149.3300000001,
              6270779.58
            ],
            [
              770150.53,
              6270778.98
            ],
            [
              770152.6300000001,
              6270777.48
            ],
            [
              770154.4299999945,
              6270776.280000003
            ],
            [
              770155.03,
              6270775.98
            ],
            [
              770156.8300000001,
              6270775.08
            ],
            [
              770158.03,
              6270774.18
            ],
            [
              770158.93,
              6270773.58
            ],
            [
              770159.8300000001,
              6270772.98
            ],
            [
              770161.6300000001,
              6270772.08
            ],
            [
              770162.8300000001,
              6270771.48
            ],
            [
              770164.93,
              6270769.98
            ],
            [
              770167.93,
              6270768.779999999
            ],
            [
              770168.53,
              6270768.18
            ],
            [
              770170.6300000001,
              6270766.68
            ],
            [
              770171.8300000001,
              6270765.779999999
            ],
            [
              770173.3300000001,
              6270764.88
            ],
            [
              770175.43,
              6270763.68
            ],
            [
              770176.93,
              6270762.779999999
            ],
            [
              770177.8300000001,
              6270762.18
            ],
            [
              770179.6300000001,
              6270760.98
            ],
            [
              770181.1300000001,
              6270760.08
            ],
            [
              770181.7300000001,
              6270759.779999999
            ],
            [
              770182.3300000001,
              6270759.48
            ],
            [
              770183.2300000001,
              6270758.88
            ],
            [
              770184.1300000001,
              6270758.279999999
            ],
            [
              770185.6300000001,
              6270757.38
            ],
            [
              770187.1300000001,
              6270756.48
            ],
            [
              770187.7300000001,
              6270756.18
            ],
            [
              770190.1300000001,
              6270754.68
            ],
            [
              770190.7300000001,
              6270754.38
            ],
            [
              770191.93,
              6270753.48
            ],
            [
              770193.7300000001,
              6270752.279999999
            ],
            [
              770196.1300000001,
              6270751.08
            ],
            [
              770197.9300000002,
              6270749.88
            ],
            [
              770199.7300000001,
              6270748.68
            ],
            [
              770200.3300000001,
              6270748.38
            ],
            [
              770202.4300000002,
              6270747.48
            ],
            [
              770205.4300000002,
              6270745.08
            ],
            [
              770206.03,
              6270744.779999999
            ],
            [
              770208.1300000001,
              6270743.58
            ],
            [
              770209.3300000001,
              6270742.98
            ],
            [
              770209.9300000002,
              6270742.08
            ],
            [
              770209.03,
              6270741.779999999
            ],
            [
              770208.7300000001,
              6270741.779999999
            ],
            [
              770207.53,
              6270742.68
            ],
            [
              770205.4300000002,
              6270744.18
            ],
            [
              770202.7300000001,
              6270745.98
            ],
            [
              770201.53,
              6270746.58
            ],
            [
              770200.6300000001,
              6270747.18
            ],
            [
              770198.8300000001,
              6270748.38
            ],
            [
              770197.9300000002,
              6270748.98
            ],
            [
              770195.8300000001,
              6270750.18
            ],
            [
              770195.2300000001,
              6270750.48
            ],
            [
              770193.7300000001,
              6270751.38
            ],
            [
              770192.8300000001,
              6270751.98
            ],
            [
              770191.93,
              6270752.58
            ],
            [
              770191.03,
              6270753.18
            ],
            [
              770188.93,
              6270754.38
            ],
            [
              770187.7300000001,
              6270754.98
            ],
            [
              770186.53,
              6270755.88
            ],
            [
              770185.03,
              6270756.779999999
            ],
            [
              770184.43,
              6270757.08
            ],
            [
              770183.53,
              6270757.68
            ],
            [
              770182.03,
              6270758.58
            ],
            [
              770180.53,
              6270759.48
            ],
            [
              770178.43,
              6270760.68
            ],
            [
              770177.8300000001,
              6270760.98
            ],
            [
              770177.2300000001,
              6270761.279999999
            ],
            [
              770175.43,
              6270762.48
            ],
            [
              770174.53,
              6270763.08
            ],
            [
              770173.3300000001,
              6270763.98
            ],
            [
              770171.8300000001,
              6270764.88
            ],
            [
              770171.2300000001,
              6270765.18
            ],
            [
              770170.03,
              6270765.779999999
            ],
            [
              770167.6300000001,
              6270767.279999999
            ],
            [
              770166.43,
              6270768.18
            ],
            [
              770164.03,
              6270769.38
            ],
            [
              770161.93,
              6270770.88
            ],
            [
              770161.3300000001,
              6270771.18
            ],
            [
              770160.7300000001,
              6270771.48
            ],
            [
              770160.1300000001,
              6270771.779999999
            ],
            [
              770158.3300000001,
              6270772.98
            ],
            [
              770155.93,
              6270774.18
            ],
            [
              770154.43,
              6270775.38
            ],
            [
              770152.6300000001,
              6270776.58
            ],
            [
              770150.53,
              6270777.779999999
            ],
            [
              770147.2300000001,
              6270779.58
            ],
            [
              770144.8300000001,
              6270781.08
            ]
          ]
        ]
      },
      "properties": {
        "row_id": -2281015,
        "n_voxels": 726
      }
    },
    {
      "type": "Feature",
      "geometry": {
        "type": "Polygon",
        "coordinates": [
          [
            [
              770144.2300000001,
              6270778.38
            ],
            [
              770142.7300000001,
              6270779.279999999
            ],
            [
              770142.43,
              6270779.58
            ],
            [
              770141.8300000001,
              6270780.48
            ],
            [
              770142.7300000001,
              6270780.48
            ],
            [
              770144.2300000001,
              6270779.88
            ],
            [
              770145.43,
              6270778.98
            ],
            [
              770146.93,
              6270777.779999999
            ],
            [
              770148.43,
              6270776.88
            ],
            [
              770149.93,
              6270775.98
            ],
            [
              770151.43,
              6270775.08
            ],
            [
              770152.93,
              6270774.18
            ],
            [
              770155.03,
              6270772.98
            ],
            [
              770156.8300000001,
              6270771.779999999
            ],
            [
              770157.7300000001,
              6270771.18
            ],
            [
              770159.2300000001,
              6270770.279999999
            ],
            [
              770159.8300000001,
              6270769.98
            ],
            [
              770160.43,
              6270769.68
            ],
            [
              770162.8300000001,
              6270768.18
            ],
            [
              770163.43,
              6270767.88
            ],
            [
              770164.3300000001,
              6270767.279999999
            ],
            [
              770166.1300000001,
              6270766.08
            ],
            [
              770166.7300000001,
              6270765.779999999
            ],
            [
              770168.2300000001,
              6270764.88
            ],
            [
              770168.8300000001,
              6270764.58
            ],
            [
              770170.93,
              6270763.38
            ],
            [
              770173.03,
              6270761.88
            ],
            [
              770173.6300000001,
              6270761.58
            ],
            [
              770174.8300000001,
              6270760.98
            ],
            [
              770175.43,
              6270760.68
            ],
            [
              770176.3300000001,
              6270760.08
            ],
            [
              770179.6300000001,
              6270757.98
            ],
            [
              770181.1300000001,
              6270757.08
            ],
            [
              770182.03,
              6270756.48
            ],
            [
              770182.93,
              6270755.88
            ],
            [
              770185.3300000001,
              6270754.38
            ],
            [
              770185.93,
              6270754.08
            ],
            [
              770186.8300000001,
              6270753.48
            ],
            [
              770188.3300000001,
              6270752.58
            ],
            [
              770188.93,
              6270752.279999999
            ],
            [
              770189.53,
              6270751.98
            ],
            [
              770190.43,
              6270751.38
            ],
            [
              770191.3300000001,
              6270750.779999999
            ],
            [
              770192.8300000001,
              6270749.88
            ],
            [
              770193.43,
              6270749.58
            ],
            [
              770194.6300000001,
              6270748.98
            ],
            [
              770195.53,
              6270748.38
            ],
            [
              770197.6300000001,
              6270746.88
            ],
            [
              770199.4300000002,
              6270745.98
            ],
            [
              770200.3300000001,
              6270745.379999999
            ],
            [
              770201.2300000001,
              6270744.779999999
            ],
            [
              770203.3300000001,
              6270743.58
            ],
            [
              770205.7300000001,
              6270742.379999999
            ],
            [
              770207.53,
              6270740.879999999
            ],
            [
              770208.1300000001,
              6270740.279999999
            ],
            [
              770208.1300000001,
              6270739.68
            ],
            [
              770207.8300000001,
              6270739.68
            ],
            [
              770207.2300000001,
              6270739.98
            ],
            [
              770205.1300000001,
              6270741.18
            ],
            [
              770203.3300000001,
              6270742.379999999
            ],
            [
              770202.7300000001,
              6270742.68
            ],
            [
              770200.3300000001,
              6270744.18
            ],
            [
              770199.4300000002,
              6270744.779999999
            ],
            [
              770198.53,
              6270745.379999999
            ],
            [
              770195.8300000001,
              6270747.18
            ],
            [
              770194.6300000001,
              6270747.779999999
            ],
            [
              770192.8300000001,
              6270748.98
            ],
            [
              770192.2300000001,
              6270749.279999999
            ],
            [
              770189.2300000001,
              6270751.08
            ],
            [
              770187.7300000001,
              6270751.98
            ],
            [
              770185.93,
              6270753.18
            ],
            [
              770185.3300000001,
              6270753.48
            ],
            [
              770184.7300000001,
              6270753.779999999
            ],
            [
              770182.6300000001,
              6270754.98
            ],
            [
              770180.53,
              6270756.48
            ],
            [
              770179.93,
              6270756.779999999
            ],
            [
              770179.03,
              6270757.38
            ],
            [
              770176.93,
              6270758.58
            ],
            [
              770176.3300000001,
              6270758.88
            ],
            [
              770174.8300000001,
              6270759.779999999
            ],
            [
              770173.3300000001,
              6270760.68
            ],
            [
              770172.7300000001,
              6270760.98
            ],
            [
              770170.6300000001,
              6270762.48
            ],
            [
              770169.1300000001,
              6270763.38
            ],
            [
              770167.93,
              6270763.98
            ],
            [
              770166.1300000001,
              6270765.18
            ],
            [
              770164.03,
              6270766.38
            ],
            [
              770161.6300000001,
              6270767.88
            ],
            [
              770160.7300000001,
              6270768.48
            ],
            [
              770159.2300000001,
              6270769.38
            ],
            [
              770158.6300000001,
              6270769.68
            ],
            [
              770156.8300000001,
              6270770.88
            ],
            [
              770156.2300000001,
              6270771.18
            ],
            [
              770154.7300000001,
              6270771.779999999
            ],
            [
              770152.93,
              6270773.279999999
            ],
            [
              770151.43,
              6270774.18
            ],
            [
              770150.8300000001,
              6270774.48
            ],
            [
              770150.2300000001,
              6270774.779999999
            ],
            [
              770147.2300000001,
              6270776.58
            ],
            [
              770145.43,
              6270777.779999999
            ],
            [
              770144.2300000001,
              6270778.38
            ]
          ]
        ]
      },
      "properties": {
        "row_id": -2281014,
        "n_voxels": 713
      }
    },
    {
      "type": "Feature",
      "geometry": {
        "type": "Polygon",
        "coordinates": [
          [
            [
              770145.1300000001,
              6270775.38
            ],
            [
              770144.53,
              6270775.68
            ],
            [
              770143.03,
              6270776.58
            ],
            [
              770141.53,
              6270777.48
            ],
            [
              770140.6300000001,
              6270778.38
            ],
            [
              770140.6300000001,
              6270778.68
            ],
            [
              770140.93,
              6270778.98
            ],
            [
              770141.2300000001,
              6270778.98
            ],
            [
              770142.1300000001,
              6270778.68
            ],
            [
              770145.1300000001,
              6270776.279999999
            ],
            [
              770146.03,
              6270775.68
            ],
            [
              770147.8300000001,
              6270774.779999999
            ],
            [
              770150.2300000001,
              6270773.279999999
            ],
            [
              770150.8300000001,
              6270772.98
            ],
            [
              770152.03,
              6270772.08
            ],
            [
              770154.1300000001,
              6270770.88
            ],
            [
              770156.8300000001,
              6270769.38
            ],
            [
              770158.03,
              6270768.48
            ],
            [
              770158.93,
              6270767.88
            ],
            [
              770160.43,
              6270766.98
            ],
            [
              770161.93,
              6270766.08
            ],
            [
              770162.53,
              6270765.779999999
            ],
            [
              770164.6300000001,
              6270764.58
            ],
            [
              770165.53,
              6270763.98
            ],
            [
              770167.6300000001,
              6270762.48
            ],
            [
              770168.2300000001,
              6270762.18
            ],
            [
              770169.43,
              6270761.58
            ],
            [
              770171.53,
              6270760.08
            ],
            [
              770173.3300000001,
              6270759.18
            ],
            [
              770175.1300000001,
              6270757.98
            ],
            [
              770176.03,
              6270757.38
            ],
            [
              770176.93,
              6270756.779999999
            ],
            [
              770178.7300000001,
              6270755.88
            ],
            [
              770179.93,
              6270755.279999999
            ],
            [
              770180.8300000001,
              6270754.68
            ],
            [
              770183.2300000001,
              6270753.18
            ],
            [
              770185.6300000001,
              6270751.68
            ],
            [
              770188.03,
              6270749.88
            ],
            [
              770188.6300000001,
              6270749.58
            ],
            [
              770191.6300000001,
              6270748.08
            ],
            [
              770192.8300000001,
              6270747.18
            ],
            [
              770195.2300000001,
              6270745.68
            ],
            [
              770195.8300000001,
              6270745.379999999
            ],
            [
              770197.9300000002,
              6270743.879999999
            ],
            [
              770198.53,
              6270743.58
            ],
            [
              770199.1300000001,
              6270743.279999999
            ],
            [
              770200.03,
              6270742.68
            ],
            [
              770202.1300000001,
              6270741.48
            ],
            [
              770202.7300000001,
              6270741.18
            ],
            [
              770204.8300000001,
              6270739.98
            ],
            [
              770205.7300000001,
              6270739.379999999
            ],
            [
              770206.6300000001,
              6270738.779999999
            ],
            [
              770207.2300000001,
              6270738.18
            ],
            [
              770206.3300000001,
              6270737.879999999
            ],
            [
              770205.7300000001,
              6270738.18
            ],
            [
              770204.2300000001,
              6270739.08
            ],
            [
              770202.4300000002,
              6270740.279999999
            ],
            [
              770201.8300000001,
              6270740.58
            ],
            [
              770200.03,
              6270741.779999999
            ],
            [
              770198.8300000001,
              6270742.379999999
            ],
            [
              770197.9300000002,
              6270742.68
            ],
            [
              770195.53,
              6270744.18
            ],
            [
              770192.8300000001,
              6270745.98
            ],
            [
              770191.6300000001,
              6270746.58
            ],
            [
              770189.8300000001,
              6270748.08
            ],
            [
              770188.03,
              6270749.279999999
            ],
            [
              770187.43,
              6270749.58
            ],
            [
              770186.8300000001,
              6270749.88
            ],
            [
              770185.03,
              6270750.779999999
            ],
            [
              770183.53,
              6270751.68
            ],
            [
              770181.7300000001,
              6270752.88
            ],
            [
              770180.8300000001,
              6270753.48
            ],
            [
              770179.93,
              6270754.08
            ],
            [
              770178.43,
              6270754.98
            ],
            [
              770177.53,
              6270755.58
            ],
            [
              770174.2300000001,
              6270757.38
            ],
            [
              770173.3300000001,
              6270757.98
            ],
            [
              770172.43,
              6270758.58
            ],
            [
              770169.43,
              6270760.08
            ],
            [
              770168.53,
              6270760.98
            ],
            [
              770164.93,
              6270763.08
            ],
            [
              770164.3300000001,
              6270763.38
            ],
            [
              770163.1300000001,
              6270764.279999999
            ],
            [
              770161.03,
              6270765.48
            ],
            [
              770160.1300000001,
              6270766.08
            ],
            [
              770158.6300000001,
              6270766.98
            ],
            [
              770157.7300000001,
              6270767.58
            ],
            [
              770155.93,
              6270768.779999999
            ],
            [
              770155.3300000001,
              6270769.08
            ],
            [
              770153.8300000001,
              6270769.98
            ],
            [
              770152.3300000001,
              6270770.88
            ],
            [
              770150.8300000001,
              6270771.779999999
            ],
            [
              770148.1300000001,
              6270773.279999999
            ],
            [
              770146.6300000001,
              6270774.48
            ],
            [
              770145.1300000001,
              6270775.38
            ]
          ]
        ]
      },
      "properties": {
        "row_id": -2281013,
        "n_voxels": 747
      }
    },
    {
      "type": "Feature",
      "geometry": {
        "type": "Polygon",
        "coordinates": [
          [
            [
              770140.03,
              6270775.08
            ],
            [
              770139.43,
              6270775.68
            ],
            [
              770139.1300000001,
              6270776.279999999
            ],
            [
              770139.43,
              6270776.88
            ],
            [
              770141.2300000001,
              6270775.98
            ],
            [
              770141.8300000001,
              6270775.68
            ],
            [
              770144.2300000001,
              6270773.88
            ],
            [
              770146.03,
              6270772.68
            ],
            [
              770147.53,
              6270771.779999999
            ],
            [
              770149.03,
              6270770.88
            ],
            [
              770149.93,
              6270770.279999999
            ],
            [
              770151.43,
              6270769.38
            ],
            [
              770152.03,
              6270769.08
            ],
            [
              770154.1300000001,
              6270767.88
            ],
            [
              770157.43,
              6270766.08
            ],
            [
              770158.6300000001,
              6270765.18
            ],
            [
              770160.1300000001,
              6270764.279999999
            ],
            [
              770161.6300000001,
              6270763.38
            ],
            [
              770163.43,
              6270762.18
            ],
            [
              770164.03,
              6270761.88
            ],
            [
              770164.93,
              6270761.279999999
            ],
            [
              770166.43,
              6270760.38
            ],
            [
              770167.93,
              6270759.48
            ],
            [
              770170.03,
              6270758.279999999
            ],
            [
              770173.3300000001,
              6270756.48
            ],
            [
              770176.03,
              6270754.38
            ],
            [
              770177.2300000001,
              6270753.779999999
            ],
            [
              770178.1300000001,
              6270753.18
            ],
            [
              770179.6300000001,
              6270752.279999999
            ],
            [
              770181.43,
              6270751.08
            ],
            [
              770182.03,
              6270750.779999999
            ],
            [
              770182.6300000001,
              6270750.48
            ],
            [
              770183.2300000001,
              6270750.18
            ],
            [
              770184.7300000001,
              6270749.279999999
            ],
            [
              770186.53,
              6270748.08
            ],
            [
              770189.53,
              6270746.58
            ],
            [
              770190.43,
              6270745.98
            ],
            [
              770193.43,
              6270744.18
            ],
            [
              770194.6300000001,
              6270743.58
            ],
            [
              770198.2300000001,
              6270740.879999999
            ],
            [
              770199.4300000002,
              6270740.279999999
            ],
            [
              770202.7300000001,
              6270738.18
            ],
            [
              770203.9300000002,
              6270737.58
            ],
            [
              770205.4300000002,
              6270736.379999999
            ],
            [
              770205.4300000002,
              6270735.48
            ],
            [
              770204.8300000001,
              6270735.779999999
            ],
            [
              770203.3300000001,
              6270736.68
            ],
            [
              770202.1300000001,
              6270737.279999999
            ],
            [
              770201.2300000001,
              6270737.879999999
            ],
            [
              770200.3300000001,
              6270738.48
            ],
            [
              770199.4300000002,
              6270739.08
            ],
            [
              770197.3300000001,
              6270740.279999999
            ],
            [
              770196.4300000002,
              6270740.879999999
            ],
            [
              770195.2300000001,
              6270741.779999999
            ],
            [
              770193.7300000001,
              6270742.68
            ],
            [
              770193.1300000001,
              6270742.98
            ],
            [
              770192.2300000001,
              6270743.58
            ],
            [
              770190.7300000001,
              6270744.48
            ],
            [
              770190.1300000001,
              6270744.779999999
            ],
            [
              770188.03,
              6270745.98
            ],
            [
              770186.2300000001,
              6270747.18
            ],
            [
              770185.03,
              6270747.779999999
            ],
            [
              770183.2300000001,
              6270748.98
            ],
            [
              770181.43,
              6270749.88
            ],
            [
              770179.6300000001,
              6270751.08
            ],
            [
              770178.1300000001,
              6270751.98
            ],
            [
              770176.6300000001,
              6270752.88
            ],
            [
              770175.1300000001,
              6270753.779999999
            ],
            [
              770173.3300000001,
              6270754.98
            ],
            [
              770171.8300000001,
              6270755.88
            ],
            [
              770170.3300000001,
              6270756.779999999
            ],
            [
              770168.53,
              6270757.98
            ],
            [
              770167.6300000001,
              6270758.58
            ],
            [
              770165.8300000001,
              6270759.48
            ],
            [
              770163.7300000001,
              6270760.98
            ],
            [
              770163.1300000001,
              6270761.279999999
            ],
            [
              770162.53,
              6270761.58
            ],
            [
              770161.93,
              6270761.88
            ],
            [
              770161.03,
              6270762.48
            ],
            [
              770158.93,
              6270763.68
            ],
            [
              770158.03,
              6270764.279999999
            ],
            [
              770157.1300000001,
              6270764.88
            ],
            [
              770156.2300000001,
              6270765.48
            ],
            [
              770154.1300000001,
              6270766.68
            ],
            [
              770152.6300000001,
              6270767.58
            ],
            [
              770150.8300000001,
              6270768.779999999
            ],
            [
              770149.93,
              6270769.38
            ],
            [
              770148.43,
              6270770.279999999
            ],
            [
              770147.2300000001,
              6270770.88
            ],
            [
              770145.7300000001,
              6270771.779999999
            ],
            [
              770143.3300000001,
              6270773.279999999
            ],
            [
              770142.7300000001,
              6270773.58
            ],
            [
              770141.2300000001,
              6270774.48
            ],
            [
              770140.03,
              6270775.08
            ]
          ]
        ]
      },
      "properties": {
        "row_id": -2281012,
        "n_voxels": 832
      }
    },
    {
      "type": "Feature",
      "geometry": {
        "type": "Polygon",
        "coordinates": [
          [
            [
              770142.43,
              6270770.88
            ],
            [
              770140.6300000001,
              6270772.08
            ],
            [
              770139.1300000001,
              6270772.98
            ],
            [
              770138.2300000001,
              6270773.58
            ],
            [
              770138.2300000001,
              6270773.88
            ],
            [
              770138.8300000001,
              6270774.18
            ],
            [
              770139.43,
              6270773.88
            ],
            [
              770141.2300000001,
              6270772.68
            ],
            [
              770141.8300000001,
              6270772.38
            ],
            [
              770143.3300000001,
              6270771.48
            ],
            [
              770144.2300000001,
              6270770.88
            ],
            [
              770145.7300000001,
              6270769.98
            ],
            [
              770146.93,
              6270769.38
            ],
            [
              770148.43,
              6270768.48
            ],
            [
              770149.93,
              6270767.58
            ],
            [
              770150.53,
              6270767.279999999
            ],
            [
              770151.1300000001,
              6270766.98
            ],
            [
              770153.8300000001,
              6270765.18
            ],
            [
              770154.43,
              6270764.88
            ],
            [
              770155.93,
              6270763.98
            ],
            [
              770157.43,
              6270763.08
            ],
            [
              770158.03,
              6270762.779999999
            ],
            [
              770159.2300000001,
              6270762.18
            ],
            [
              770161.3300000001,
              6270760.68
            ],
            [
              770163.1300000001,
              6270759.48
            ],
            [
              770163.7300000001,
              6270759.18
            ],
            [
              770164.3300000001,
              6270758.88
            ],
            [
              770165.2300000001,
              6270758.279999999
            ],
            [
              770167.3300000001,
              6270757.08
            ],
            [
              770168.53,
              6270756.18
            ],
            [
              770169.43,
              6270755.58
            ],
            [
              770170.93,
              6270754.68
            ],
            [
              770173.03,
              6270753.48
            ],
            [
              770174.2300000001,
              6270752.58
            ],
            [
              770175.7300000001,
              6270751.68
            ],
            [
              770176.93,
              6270751.08
            ],
            [
              770179.3300000001,
              6270749.58
            ],
            [
              770179.93,
              6270749.279999999
            ],
            [
              770180.8300000001,
              6270748.68
            ],
            [
              770182.6300000001,
              6270747.48
            ],
            [
              770183.53,
              6270746.88
            ],
            [
              770185.3300000001,
              6270745.98
            ],
            [
              770186.53,
              6270745.08
            ],
            [
              770188.03,
              6270744.18
            ],
            [
              770189.2300000001,
              6270743.279999999
            ],
            [
              770190.1300000001,
              6270742.68
            ],
            [
              770191.03,
              6270742.08
            ],
            [
              770194.03,
              6270740.279999999
            ],
            [
              770195.53,
              6270739.379999999
            ],
            [
              770196.4300000002,
              6270738.779999999
            ],
            [
              770198.53,
              6270737.58
            ],
            [
              770200.03,
              6270736.68
            ],
            [
              770200.6300000001,
              6270736.379999999
            ],
            [
              770201.2300000001,
              6270736.08
            ],
            [
              770201.8300000001,
              6270735.779999999
            ],
            [
              770202.1300000001,
              6270735.18
            ],
            [
              770202.1300000001,
              6270734.879999999
            ],
            [
              770201.8300000001,
              6270734.879999999
            ],
            [
              770200.3300000001,
              6270735.779999999
            ],
            [
              770199.7300000001,
              6270736.08
            ],
            [
              770198.2300000001,
              6270736.98
            ],
            [
              770197.9300000002,
              6270737.279999999
            ],
            [
              770195.53,
              6270739.08
            ],
            [
              770193.43,
              6270739.98
            ],
            [
              770191.03,
              6270741.48
            ],
            [
              770190.43,
              6270741.779999999
            ],
            [
              770188.6300000001,
              6270742.68
            ],
            [
              770187.43,
              6270743.279999999
            ],
            [
              770185.3300000001,
              6270744.779999999
            ],
            [
              770184.43,
              6270745.379999999
            ],
            [
              770182.93,
              6270746.279999999
            ],
            [
              770182.3300000001,
              6270746.58
            ],
            [
              770180.8300000001,
              6270747.48
            ],
            [
              770180.2300000001,
              6270747.779999999
            ],
            [
              770178.7300000001,
              6270748.68
            ],
            [
              770177.8300000001,
              6270749.279999999
            ],
            [
              770176.93,
              6270749.88
            ],
            [
              770174.8300000001,
              6270751.08
            ],
            [
              770173.3300000001,
              6270751.98
            ],
            [
              770170.6300000001,
              6270753.779999999
            ],
            [
              770169.7300000001,
              6270754.38
            ],
            [
              770167.3300000001,
              6270755.88
            ],
            [
              770166.7300000001,
              6270756.18
            ],
            [
              770165.8300000001,
              6270756.779999999
            ],
            [
              770163.7300000001,
              6270757.98
            ],
            [
              770162.8300000001,
              6270758.58
            ],
            [
              770161.93,
              6270759.18
            ],
            [
              770161.03,
              6270759.779999999
            ],
            [
              770158.93,
              6270760.98
            ],
            [
              770156.8300000001,
              6270762.18
            ],
            [
              770155.3300000001,
              6270763.08
            ],
            [
              770154.1300000001,
              6270763.98
            ],
            [
              770151.1300000001,
              6270765.779999999
            ],
            [
              770150.53,
              6270766.08
            ],
            [
              770149.93,
              6270766.38
            ],
            [
              770149.3300000001,
              6270766.68
            ],
            [
              770147.2300000001,
              6270768.18
            ],
            [
              770145.7300000001,
              6270769.08
            ],
            [
              770144.2300000001,
              6270769.98
            ],
            [
              770143.6300000001,
              6270770.279999999
            ],
            [
              770142.43,
              6270770.88
            ]
          ]
        ]
      },
      "properties": {
        "row_id": -2281011,
        "n_voxels": 680
      }
    },
    {
      "type": "Feature",
      "geometry": {
        "type": "Polygon",
        "coordinates": [
          [
            [
              770138.8300000001,
              6270770.279999999
            ],
            [
              770137.6300000001,
              6270771.18
            ],
            [
              770136.7300000001,
              6270772.08
            ],
            [
              770137.6300000001,
              6270772.08
            ],
            [
              770139.1300000001,
              6270771.18
            ],
            [
              770141.8300000001,
              6270769.68
            ],
            [
              770143.03,
              6270769.08
            ],
            [
              770144.8300000001,
              6270767.58
            ],
            [
              770147.8300000001,
              6270766.08
            ],
            [
              770149.93,
              6270764.58
            ],
            [
              770150.53,
              6270764.279999999
            ],
            [
              770151.43,
              6270763.68
            ],
            [
              770152.93,
              6270762.779999999
            ],
            [
              770153.53,
              6270762.48
            ],
            [
              770155.03,
              6270761.58
            ],
            [
              770154.43,
              6270761.88
            ],
            [
              770155.6300000001,
              6270761.279999999
            ],
            [
              770157.7300000001,
              6270760.08
            ],
            [
              770159.53,
              6270758.88
            ],
            [
              770160.43,
              6270758.279999999
            ],
            [
              770162.2300000001,
              6270757.08
            ],
            [
              770163.7300000001,
              6270756.18
            ],
            [
              770165.2300000001,
              6270755.279999999
            ],
            [
              770165.8300000001,
              6270754.98
            ],
            [
              770166.43,
              6270754.68
            ],
            [
              770167.3300000001,
              6270754.08
            ],
            [
              770168.2300000001,
              6270753.48
            ],
            [
              770169.1300000001,
              6270752.88
            ],
            [
              770170.03,
              6270752.279999999
            ],
            [
              770172.43,
              6270750.779999999
            ],
            [
              770174.2300000001,
              6270749.88
            ],
            [
              770176.03,
              6270748.68
            ],
            [
              770177.53,
              6270747.779999999
            ],
            [
              770178.43,
              6270747.18
            ],
            [
              770181.1300000001,
              6270745.68
            ],
            [
              770182.6300000001,
              6270744.779999999
            ],
            [
              770184.1300000001,
              6270743.879999999
            ],
            [
              770185.03,
              6270743.279999999
            ],
            [
              770186.8300000001,
              6270742.08
            ],
            [
              770189.8300000001,
              6270740.279999999
            ],
            [
              770192.2300000001,
              6270738.779999999
            ],
            [
              770194.03,
              6270737.58
            ],
            [
              770195.8300000001,
              6270736.379999999
            ],
            [
              770197.9300000002,
              6270735.18
            ],
            [
              770199.7300000001,
              6270733.98
            ],
            [
              770201.8300000001,
              6270732.779999999
            ],
            [
              770202.4300000002,
              6270732.48
            ],
            [
              770203.03,
              6270732.18
            ],
            [
              770203.03,
              6270731.58
            ],
            [
              770202.7300000001,
              6270731.279999999
            ],
            [
              770202.1300000001,
              6270731.279999999
            ],
            [
              770199.4300000002,
              6270733.379999999
            ],
            [
              770197.03,
              6270734.879999999
            ],
            [
              770196.4300000002,
              6270735.18
            ],
            [
              770194.93,
              6270736.08
            ],
            [
              770193.43,
              6270736.98
            ],
            [
              770192.8300000001,
              6270737.279999999
            ],
            [
              770191.93,
              6270737.879999999
            ],
            [
              770189.53,
              6270739.68
            ],
            [
              770188.3300000001,
              6270740.279999999
            ],
            [
              770186.2300000001,
              6270741.48
            ],
            [
              770184.7300000001,
              6270742.379999999
            ],
            [
              770184.1300000001,
              6270742.68
            ],
            [
              770182.6300000001,
              6270743.58
            ],
            [
              770181.1300000001,
              6270744.48
            ],
            [
              770179.93,
              6270745.379999999
            ],
            [
              770178.43,
              6270746.279999999
            ],
            [
              770177.8300000001,
              6270746.58
            ],
            [
              770176.6300000001,
              6270747.18
            ],
            [
              770174.2300000001,
              6270748.68
            ],
            [
              770172.7300000001,
              6270749.58
            ],
            [
              770170.93,
              6270750.779999999
            ],
            [
              770170.3300000001,
              6270751.08
            ],
            [
              770167.93,
              6270752.58
            ],
            [
              770167.03,
              6270753.18
            ],
            [
              770165.53,
              6270754.08
            ],
            [
              770164.3300000001,
              6270754.68
            ],
            [
              770162.2300000001,
              6270755.88
            ],
            [
              770160.43,
              6270757.08
            ],
            [
              770158.03,
              6270758.58
            ],
            [
              770156.2300000001,
              6270759.779999999
            ],
            [
              770155.6300000001,
              6270760.08
            ],
            [
              770155.03,
              6270760.38
            ],
            [
              770153.2300000001,
              6270761.58
            ],
            [
              770152.3300000001,
              6270762.18
            ],
            [
              770150.8300000001,
              6270763.08
            ],
            [
              770150.2300000001,
              6270763.38
            ],
            [
              770147.2300000001,
              6270765.18
            ],
            [
              770144.8300000001,
              6270766.68
            ],
            [
              770143.93,
              6270767.279999999
            ],
            [
              770142.1300000001,
              6270768.18
            ],
            [
              770140.03,
              6270769.68
            ],
            [
              770138.8300000001,
              6270770.279999999
            ]
          ]
        ]
      },
      "properties": {
        "row_id": -2281010,
        "n_voxels": 673
      }
    },
    {
      "type": "Feature",
      "geometry": {
        "type": "Polygon",
        "coordinates": [
          [
            [
              770140.6300000001,
              6270766.38
            ],
            [
              770139.7300000001,
              6270766.98
            ],
            [
              770137.93,
              6270767.88
            ],
            [
              770136.43,
              6270768.48
            ],
            [
              770135.53,
              6270769.38
            ],
            [
              770135.23,
              6270769.98
            ],
            [
              770136.1300000001,
              6270770.279999999
            ],
            [
              770136.43,
              6270770.279999999
            ],
            [
              770137.93,
              6270769.08
            ],
            [
              770142.43,
              6270766.38
            ],
            [
              770143.6300000001,
              6270765.48
            ],
            [
              770145.1300000001,
              6270764.58
            ],
            [
              770146.6300000001,
              6270763.68
            ],
            [
              770148.43,
              6270762.779999999
            ],
            [
              770151.43,
              6270760.68
            ],
            [
              770152.03,
              6270760.38
            ],
            [
              770153.8300000001,
              6270759.18
            ],
            [
              770154.43,
              6270758.88
            ],
            [
              770155.03,
              6270758.58
            ],
            [
              770156.8300000001,
              6270757.38
            ],
            [
              770158.03,
              6270756.779999999
            ],
            [
              770159.8300000001,
              6270755.58
            ],
            [
              770160.7300000001,
              6270754.98
            ],
            [
              770162.53,
              6270754.08
            ],
            [
              770164.03,
              6270753.18
            ],
            [
              770165.53,
              6270752.279999999
            ],
            [
              770166.7300000001,
              6270751.38
            ],
            [
              770168.2300000001,
              6270750.48
            ],
            [
              770170.3300000001,
              6270749.279999999
            ],
            [
              770172.1300000001,
              6270748.08
            ],
            [
              770173.03,
              6270747.48
            ],
            [
              770174.53,
              6270746.58
            ],
            [
              770176.03,
              6270745.68
            ],
            [
              770176.6300000001,
              6270745.379999999
            ],
            [
              770177.2300000001,
              6270745.08
            ],
            [
              770177.8300000001,
              6270744.779999999
            ],
            [
              770179.03,
              6270743.879999999
            ],
            [
              770180.53,
              6270742.98
            ],
            [
              770181.43,
              6270742.379999999
            ],
            [
              770182.93,
              6270741.48
            ],
            [
              770184.43,
              6270740.58
            ],
            [
              770185.03,
              6270740.279999999
            ],
            [
              770186.8300000001,
              6270739.08
            ],
            [
              770187.7300000001,
              6270738.48
            ],
            [
              770189.53,
              6270737.279999999
            ],
            [
              770192.53,
              6270735.779999999
            ],
            [
              770193.1300000001,
              6270735.18
            ],
            [
              770195.53,
              6270733.379999999
            ],
            [
              770196.7300000001,
              6270732.779999999
            ],
            [
              770198.2300000001,
              6270731.879999999
            ],
            [
              770200.03,
              6270730.98
            ],
            [
              770201.53,
              6270730.08
            ],
            [
              770201.53,
              6270729.779999999
            ],
            [
              770201.2300000001,
              6270729.48
            ],
            [
              770200.6300000001,
              6270729.18
            ],
            [
              770196.7300000001,
              6270732.18
            ],
            [
              770195.53,
              6270732.779999999
            ],
            [
              770194.93,
              6270733.08
            ],
            [
              770193.1300000001,
              6270734.279999999
            ],
            [
              770192.2300000001,
              6270734.879999999
            ],
            [
              770189.8300000001,
              6270736.08
            ],
            [
              770187.43,
              6270737.879999999
            ],
            [
              770186.2300000001,
              6270738.48
            ],
            [
              770184.7300000001,
              6270739.379999999
            ],
            [
              770184.1300000001,
              6270739.68
            ],
            [
              770183.53,
              6270739.98
            ],
            [
              770181.1300000001,
              6270741.48
            ],
            [
              770179.3300000001,
              6270742.68
            ],
            [
              770178.7300000001,
              6270742.98
            ],
            [
              770177.8300000001,
              6270743.58
            ],
            [
              770176.3300000001,
              6270744.48
            ],
            [
              770175.7300000001,
              6270744.779999999
            ],
            [
              770174.2300000001,
              6270745.68
            ],
            [
              770173.6300000001,
              6270745.98
            ],
            [
              770172.1300000001,
              6270746.88
            ],
            [
              770170.3300000001,
              6270748.08
            ],
            [
              770168.2300000001,
              6270749.279999999
            ],
            [
              770166.43,
              6270750.48
            ],
            [
              770165.53,
              6270751.08
            ],
            [
              770164.03,
              6270751.98
            ],
            [
              770162.53,
              6270752.88
            ],
            [
              770160.43,
              6270754.08
            ],
            [
              770158.3300000001,
              6270755.279999999
            ],
            [
              770157.43,
              6270755.88
            ],
            [
              770155.93,
              6270756.779999999
            ],
            [
              770155.03,
              6270757.38
            ],
            [
              770154.1300000001,
              6270757.98
            ],
            [
              770152.6300000001,
              6270758.88
            ],
            [
              770151.7300000001,
              6270759.48
            ],
            [
              770148.1300000001,
              6270761.58
            ],
            [
              770147.2300000001,
              6270762.18
            ],
            [
              770146.3300000001,
              6270762.779999999
            ],
            [
              770144.8300000001,
              6270763.68
            ],
            [
              770144.2300000001,
              6270763.98
            ],
            [
              770143.03,
              6270764.58
            ],
            [
              770142.1300000001,
              6270765.18
            ],
            [
              770140.6300000001,
              6270766.38
            ]
          ]
        ]
      },
      "properties": {
        "row_id": -2281009,
        "n_voxels": 708
      }
    },
    {
      "type": "Feature",
      "geometry": {
        "type": "Polygon",
        "coordinates": [
          [
            [
              770134.03,
              6270767.58
            ],
            [
              770134.3300000001,
              6270767.88
            ],
            [
              770134.93,
              6270767.88
            ],
            [
              770136.43,
              6270767.279999999
            ],
            [
              770138.8300000001,
              6270765.779999999
            ],
            [
              770141.2300000001,
              6270764.279999999
            ],
            [
              770141.8300000001,
              6270763.98
            ],
            [
              770143.6300000001,
              6270762.779999999
            ],
            [
              770144.2300000001,
              6270762.48
            ],
            [
              770146.6300000001,
              6270760.98
            ],
            [
              770149.03,
              6270759.48
            ],
            [
              770150.8300000001,
              6270758.58
            ],
            [
              770152.93,
              6270757.08
            ],
            [
              770154.1300000001,
              6270756.48
            ],
            [
              770155.6300000001,
              6270755.58
            ],
            [
              770157.43,
              6270754.38
            ],
            [
              770158.03,
              6270754.08
            ],
            [
              770160.43,
              6270752.58
            ],
            [
              770162.53,
              6270751.38
            ],
            [
              770166.1300000001,
              6270749.279999999
            ],
            [
              770168.2300000001,
              6270747.779999999
            ],
            [
              770169.1300000001,
              6270747.18
            ],
            [
              770170.6300000001,
              6270746.279999999
            ],
            [
              770171.8300000001,
              6270745.68
            ],
            [
              770173.3300000001,
              6270744.48
            ],
            [
              770175.7300000001,
              6270743.279999999
            ],
            [
              770177.53,
              6270742.08
            ],
            [
              770178.7300000001,
              6270741.18
            ],
            [
              770179.6300000001,
              6270740.58
            ],
            [
              770181.1300000001,
              6270739.68
            ],
            [
              770182.3300000001,
              6270739.08
            ],
            [
              770183.8300000001,
              6270738.18
            ],
            [
              770184.43,
              6270737.879999999
            ],
            [
              770185.3300000001,
              6270737.279999999
            ],
            [
              770186.2300000001,
              6270736.68
            ],
            [
              770188.3300000001,
              6270735.48
            ],
            [
              770190.7300000001,
              6270734.279999999
            ],
            [
              770193.7300000001,
              6270732.18
            ],
            [
              770195.2300000001,
              6270731.279999999
            ],
            [
              770196.4300000002,
              6270730.68
            ],
            [
              770198.53,
              6270728.879999999
            ],
            [
              770198.8300000001,
              6270728.58
            ],
            [
              770199.1300000001,
              6270728.279999999
            ],
            [
              770199.1300000001,
              6270727.98
            ],
            [
              770198.53,
              6270727.98
            ],
            [
              770196.7300000001,
              6270728.879999999
            ],
            [
              770195.8300000001,
              6270729.48
            ],
            [
              770193.43,
              6270730.98
            ],
            [
              770191.93,
              6270731.58
            ],
            [
              770191.03,
              6270732.18
            ],
            [
              770189.53,
              6270733.08
            ],
            [
              770188.93,
              6270733.379999999
            ],
            [
              770187.1300000001,
              6270734.58
            ],
            [
              770186.53,
              6270734.879999999
            ],
            [
              770184.43,
              6270736.379999999
            ],
            [
              770183.2300000001,
              6270736.98
            ],
            [
              770182.03,
              6270737.879999999
            ],
            [
              770179.3300000001,
              6270739.379999999
            ],
            [
              770178.1300000001,
              6270740.279999999
            ],
            [
              770176.3300000001,
              6270741.48
            ],
            [
              770174.2300000001,
              6270742.68
            ],
            [
              770170.03,
              6270745.08
            ],
            [
              770169.43,
              6270745.379999999
            ],
            [
              770167.6300000001,
              6270746.58
            ],
            [
              770164.3300000001,
              6270748.38
            ],
            [
              770161.93,
              6270750.18
            ],
            [
              770161.03,
              6270750.779999999
            ],
            [
              770156.8300000001,
              6270753.18
            ],
            [
              770152.93,
              6270755.58
            ],
            [
              770150.53,
              6270756.779999999
            ],
            [
              770148.1300000001,
              6270758.58
            ],
            [
              770147.2300000001,
              6270759.18
            ],
            [
              770145.1300000001,
              6270760.38
            ],
            [
              770142.7300000001,
              6270761.58
            ],
            [
              770141.2300000001,
              6270762.779999999
            ],
            [
              770139.43,
              6270763.98
            ],
            [
              770138.8300000001,
              6270764.279999999
            ],
            [
              770137.6300000001,
              6270764.88
            ],
            [
              770135.8300000001,
              6270765.779999999
            ],
            [
              770134.3300000001,
              6270766.98
            ],
            [
              770134.03,
              6270767.58
            ]
          ]
        ]
      },
      "properties": {
        "row_id": -2281008,
        "n_voxels": 850
      }
    },
    {
      "type": "Feature",
      "geometry": {
        "type": "Polygon",
        "coordinates": [
          [
            [
              770140.3300000001,
              6270760.08
            ],
            [
              770137.3300000001,
              6270762.18
            ],
            [
              770135.53,
              6270763.38
            ],
            [
              770134.3300000001,
              6270764.58
            ],
            [
              770134.3300000001,
              6270765.18
            ],
            [
              770134.93,
              6270765.18
            ],
            [
              770135.8300000001,
              6270764.58
            ],
            [
              770136.7300000001,
              6270763.98
            ],
            [
              770137.93,
              6270763.08
            ],
            [
              770140.03,
              6270761.58
            ],
            [
              770142.1300000001,
              6270760.38
            ],
            [
              770144.2300000001,
              6270759.48
            ],
            [
              770145.43,
              6270758.58
            ],
            [
              770146.93,
              6270757.68
            ],
            [
              770147.53,
              6270757.38
            ],
            [
              770149.93,
              6270755.88
            ],
            [
              770152.03,
              6270754.68
            ],
            [
              770152.6300000001,
              6270754.38
            ],
            [
              770154.1300000001,
              6270753.48
            ],
            [
              770155.3300000001,
              6270752.88
            ],
            [
              770156.2300000001,
              6270752.279999999
            ],
            [
              770158.6300000001,
              6270750.779999999
            ],
            [
              770159.53,
              6270750.18
            ],
            [
              770161.03,
              6270749.279999999
            ],
            [
              770162.53,
              6270748.38
            ],
            [
              770163.1300000001,
              6270748.08
            ],
            [
              770165.53,
              6270746.58
            ],
            [
              770167.6300000001,
              6270745.08
            ],
            [
              770168.8300000001,
              6270744.48
            ],
            [
              770170.93,
              6270742.98
            ],
            [
              770172.1300000001,
              6270742.379999999
            ],
            [
              770173.6300000001,
              6270741.779999999
            ],
            [
              770176.6300000001,
              6270739.68
            ],
            [
              770177.53,
              6270739.08
            ],
            [
              770179.03,
              6270738.18
            ],
            [
              770180.2300000001,
              6270737.58
            ],
            [
              770184.43,
              6270734.879999999
            ],
            [
              770185.3300000001,
              6270734.279999999
            ],
            [
              770187.43,
              6270733.08
            ],
            [
              770188.3300000001,
              6270732.48
            ],
            [
              770190.43,
              6270730.98
            ],
            [
              770192.53,
              6270729.779999999
            ],
            [
              770193.43,
              6270729.18
            ],
            [
              770195.2300000001,
              6270728.279999999
            ],
            [
              770197.03,
              6270727.08
            ],
            [
              770198.53,
              6270726.18
            ],
            [
              770198.53,
              6270725.58
            ],
            [
              770198.2300000001,
              6270725.58
            ],
            [
              770196.4300000002,
              6270725.879999999
            ],
            [
              770195.53,
              6270726.48
            ],
            [
              770193.43,
              6270727.68
            ],
            [
              770191.3300000001,
              6270729.18
            ],
            [
              770190.7300000001,
              6270729.48
            ],
            [
              770187.43,
              6270730.98
            ],
            [
              770183.53,
              6270733.68
            ],
            [
              770180.8300000001,
              6270735.48
            ],
            [
              770177.2300000001,
              6270737.58
            ],
            [
              770176.3300000001,
              6270738.18
            ],
            [
              770174.8300000001,
              6270739.08
            ],
            [
              770173.03,
              6270740.279999999
            ],
            [
              770172.43,
              6270740.58
            ],
            [
              770171.53,
              6270741.18
            ],
            [
              770169.7300000001,
              6270742.08
            ],
            [
              770169.1300000001,
              6270742.379999999
            ],
            [
              770168.2300000001,
              6270743.279999999
            ],
            [
              770166.7300000001,
              6270744.48
            ],
            [
              770164.3300000001,
              6270745.68
            ],
            [
              770163.43,
              6270745.98
            ],
            [
              770161.93,
              6270747.18
            ],
            [
              770159.53,
              6270748.68
            ],
            [
              770158.93,
              6270748.98
            ],
            [
              770155.93,
              6270750.779999999
            ],
            [
              770155.03,
              6270751.38
            ],
            [
              770153.2300000001,
              6270752.58
            ],
            [
              770151.7300000001,
              6270753.48
            ],
            [
              770151.1300000001,
              6270753.779999999
            ],
            [
              770150.2300000001,
              6270754.38
            ],
            [
              770147.53,
              6270755.58
            ],
            [
              770146.03,
              6270756.779999999
            ],
            [
              770145.1300000001,
              6270757.38
            ],
            [
              770141.53,
              6270759.48
            ],
            [
              770140.3300000001,
              6270760.08
            ]
          ]
        ]
      },
      "properties": {
        "row_id": -2281007,
        "n_voxels": 891
      }
    },
    {
      "type": "Feature",
      "geometry": {
        "type": "Polygon",
        "coordinates": [
          [
            [
              770136.7300000001,
              6270761.279999999
            ],
            [
              770138.8300000001,
              6270760.08
            ],
            [
              770141.53,
              6270758.279999999
            ],
            [
              770143.3300000001,
              6270757.08
            ],
            [
              770143.93,
              6270756.779999999
            ],
            [
              770145.43,
              6270755.88
            ],
            [
              770147.53,
              6270754.38
            ],
            [
              770148.7300000001,
              6270753.779999999
            ],
            [
              770149.3300000001,
              6270753.48
            ],
            [
              770151.1300000001,
              6270752.279999999
            ],
            [
              770152.3300000001,
              6270751.68
            ],
            [
              770152.93,
              6270751.38
            ],
            [
              770155.6300000001,
              6270749.88
            ],
            [
              770157.43,
              6270748.68
            ],
            [
              770159.2300000001,
              6270747.48
            ],
            [
              770161.3300000001,
              6270745.98
            ],
            [
              770160.7300000001,
              6270746.279999999
            ],
            [
              770161.93,
              6270745.68
            ],
            [
              770162.53,
              6270745.379999999
            ],
            [
              770164.6300000001,
              6270744.18
            ],
            [
              770166.43,
              6270742.98
            ],
            [
              770167.6300000001,
              6270742.379999999
            ],
            [
              770168.8300000001,
              6270741.48
            ],
            [
              770171.53,
              6270739.98
            ],
            [
              770172.43,
              6270739.68
            ],
            [
              770175.7300000001,
              6270737.279999999
            ],
            [
              770177.8300000001,
              6270735.779999999
            ],
            [
              770179.3300000001,
              6270734.879999999
            ],
            [
              770180.53,
              6270734.279999999
            ],
            [
              770181.1300000001,
              6270733.98
            ],
            [
              770182.3300000001,
              6270733.08
            ],
            [
              770184.7300000001,
              6270731.879999999
            ],
            [
              770186.53,
              6270730.68
            ],
            [
              770187.7300000001,
              6270729.779999999
            ],
            [
              770190.43,
              6270727.98
            ],
            [
              770191.93,
              6270727.379999999
            ],
            [
              770195.8300000001,
              6270724.98
            ],
            [
              770196.1300000001,
              6270724.68
            ],
            [
              770196.1300000001,
              6270724.379999999
            ],
            [
              770195.8300000001,
              6270723.779999999
            ],
            [
              770195.53,
              6270723.779999999
            ],
            [
              770194.93,
              6270724.08
            ],
            [
              770194.3300000001,
              6270724.379999999
            ],
            [
              770192.8300000001,
              6270724.98
            ],
            [
              770190.43,
              6270726.48
            ],
            [
              770189.2300000001,
              6270727.08
            ],
            [
              770185.93,
              6270729.18
            ],
            [
              770184.43,
              6270730.08
            ],
            [
              770184.1300000001,
              6270730.379999999
            ],
            [
              770181.7300000001,
              6270732.18
            ],
            [
              770178.7300000001,
              6270733.68
            ],
            [
              770177.8300000001,
              6270734.279999999
            ],
            [
              770174.8300000001,
              6270736.379999999
            ],
            [
              770173.3300000001,
              6270737.279999999
            ],
            [
              770172.43,
              6270737.879999999
            ],
            [
              770170.6300000001,
              6270738.779999999
            ],
            [
              770169.7300000001,
              6270739.08
            ],
            [
              770168.8300000001,
              6270739.68
            ],
            [
              770165.8300000001,
              6270742.08
            ],
            [
              770165.2300000001,
              6270742.379999999
            ],
            [
              770164.3300000001,
              6270742.98
            ],
            [
              770161.3300000001,
              6270744.48
            ],
            [
              770158.03,
              6270746.279999999
            ],
            [
              770155.3300000001,
              6270748.08
            ],
            [
              770153.2300000001,
              6270749.58
            ],
            [
              770152.6300000001,
              6270749.88
            ],
            [
              770150.53,
              6270751.08
            ],
            [
              770149.3300000001,
              6270751.68
            ],
            [
              770147.8300000001,
              6270752.58
            ],
            [
              770145.7300000001,
              6270754.08
            ],
            [
              770143.3300000001,
              6270755.58
            ],
            [
              770141.8300000001,
              6270756.48
            ],
            [
              770140.6300000001,
              6270757.38
            ],
            [
              770139.7300000001,
              6270757.98
            ],
            [
              770138.8300000001,
              6270758.58
            ],
            [
              770136.7300000001,
              6270759.779999999
            ],
            [
              770132.23,
              6270762.18
            ],
            [
              770131.93,
              6270763.68
            ],
            [
              770132.8300000001,
              6270763.68
            ],
            [
              770134.3300000001,
              6270762.779999999
            ],
            [
              770136.7300000001,
              6270761.279999999
            ]
          ]
        ]
      },
      "properties": {
        "row_id": -2281006,
        "n_voxels": 888
      }
    },
    {
      "type": "Feature",
      "geometry": {
        "type": "Polygon",
        "coordinates": [
          [
            [
              770129.8300000001,
              6270761.279999999
            ],
            [
              770129.8300000001,
              6270761.88
            ],
            [
              770130.43,
              6270762.18
            ],
            [
              770131.6300000001,
              6270761.279999999
            ],
            [
              770133.1300000001,
              6270760.38
            ],
            [
              770133.73,
              6270760.08
            ],
            [
              770134.6300000001,
              6270759.48
            ],
            [
              770136.43,
              6270758.279999999
            ],
            [
              770137.93,
              6270757.38
            ],
            [
              770139.7300000001,
              6270756.18
            ],
            [
              770140.93,
              6270755.58
            ],
            [
              770141.8300000001,
              6270754.98
            ],
            [
              770143.6300000001,
              6270753.779999999
            ],
            [
              770144.2300000001,
              6270753.48
            ],
            [
              770145.43,
              6270752.58
            ],
            [
              770146.3300000001,
              6270751.98
            ],
            [
              770147.2300000001,
              6270751.38
            ],
            [
              770148.7300000001,
              6270750.48
            ],
            [
              770149.3300000001,
              6270750.18
            ],
            [
              770150.2300000001,
              6270749.58
            ],
            [
              770151.7300000001,
              6270748.68
            ],
            [
              770152.3300000001,
              6270748.38
            ],
            [
              770154.1300000001,
              6270747.18
            ],
            [
              770155.03,
              6270746.58
            ],
            [
              770157.1300000001,
              6270745.379999999
            ],
            [
              770158.6300000001,
              6270744.48
            ],
            [
              770159.53,
              6270743.879999999
            ],
            [
              770160.43,
              6270743.279999999
            ],
            [
              770161.93,
              6270742.379999999
            ],
            [
              770162.8300000001,
              6270741.779999999
            ],
            [
              770164.6300000001,
              6270740.879999999
            ],
            [
              770166.43,
              6270739.68
            ],
            [
              770168.8300000001,
              6270738.18
            ],
            [
              770171.2300000001,
              6270736.68
            ],
            [
              770172.7300000001,
              6270735.779999999
            ],
            [
              770173.6300000001,
              6270735.18
            ],
            [
              770175.1300000001,
              6270734.279999999
            ],
            [
              770176.6300000001,
              6270733.379999999
            ],
            [
              770177.2300000001,
              6270733.08
            ],
            [
              770178.43,
              6270732.18
            ],
            [
              770179.93,
              6270731.279999999
            ],
            [
              770180.53,
              6270730.98
            ],
            [
              770181.1300000001,
              6270730.68
            ],
            [
              770182.3300000001,
              6270729.779999999
            ],
            [
              770184.1300000001,
              6270728.58
            ],
            [
              770185.93,
              6270727.68
            ],
            [
              770187.1300000001,
              6270726.779999999
            ],
            [
              770188.6300000001,
              6270725.879999999
            ],
            [
              770192.2300000001,
              6270723.48
            ],
            [
              770195.2300000001,
              6270721.98
            ],
            [
              770195.8300000001,
              6270721.379999999
            ],
            [
              770196.1300000001,
              6270721.08
            ],
            [
              770196.1300000001,
              6270720.779999999
            ],
            [
              770195.53,
              6270720.779999999
            ],
            [
              770192.2300000001,
              6270723.18
            ],
            [
              770191.6300000001,
              6270723.48
            ],
            [
              770188.93,
              6270724.98
            ],
            [
              770188.3300000001,
              6270725.279999999
            ],
            [
              770185.93,
              6270726.779999999
            ],
            [
              770184.1300000001,
              6270727.68
            ],
            [
              770182.93,
              6270728.58
            ],
            [
              770180.8300000001,
              6270729.779999999
            ],
            [
              770180.2300000001,
              6270730.08
            ],
            [
              770179.3300000001,
              6270730.68
            ],
            [
              770177.8300000001,
              6270731.58
            ],
            [
              770176.6300000001,
              6270732.18
            ],
            [
              770173.03,
              6270734.279999999
            ],
            [
              770170.6300000001,
              6270735.779999999
            ],
            [
              770167.6300000001,
              6270737.58
            ],
            [
              770166.1300000001,
              6270738.779999999
            ],
            [
              770164.3300000001,
              6270739.98
            ],
            [
              770163.7300000001,
              6270740.279999999
            ],
            [
              770162.8300000001,
              6270740.879999999
            ],
            [
              770161.3300000001,
              6270741.779999999
            ],
            [
              770159.2300000001,
              6270742.98
            ],
            [
              770158.3300000001,
              6270743.58
            ],
            [
              770157.43,
              6270744.18
            ],
            [
              770155.93,
              6270745.08
            ],
            [
              770155.3300000001,
              6270745.379999999
            ],
            [
              770153.8300000001,
              6270746.279999999
            ],
            [
              770153.2300000001,
              6270746.58
            ],
            [
              770151.43,
              6270747.779999999
            ],
            [
              770149.3300000001,
              6270748.98
            ],
            [
              770148.1300000001,
              6270749.88
            ],
            [
              770147.2300000001,
              6270750.48
            ],
            [
              770146.3300000001,
              6270751.08
            ],
            [
              770144.8300000001,
              6270751.98
            ],
            [
              770143.6300000001,
              6270752.58
            ],
            [
              770142.1300000001,
              6270753.48
            ],
            [
              770139.43,
              6270755.279999999
            ],
            [
              770138.8300000001,
              6270755.58
            ],
            [
              770137.93,
              6270756.18
            ],
            [
              770137.03,
              6270756.779999999
            ],
            [
              770135.53,
              6270757.68
            ],
            [
              770134.3300000001,
              6270758.279999999
            ],
            [
              770133.73,
              6270758.58
            ],
            [
              770132.53,
              6270759.18
            ],
            [
              770131.03,
              6270760.08
            ],
            [
              770129.8300000001,
              6270761.279999999
            ]
          ]
        ]
      },
      "properties": {
        "row_id": -2281005,
        "n_voxels": 707
      }
    },
    {
      "type": "Feature",
      "geometry": {
        "type": "Polygon",
        "coordinates": [
          [
            [
              770131.03,
              6270757.38
            ],
            [
              770129.23,
              6270758.279999999
            ],
            [
              770128.6300000001,
              6270758.88
            ],
            [
              770128.6300000001,
              6270759.48
            ],
            [
              770129.53,
              6270759.48
            ],
            [
              770130.43,
              6270758.88
            ],
            [
              770131.93,
              6270757.98
            ],
            [
              770133.43,
              6270757.08
            ],
            [
              770134.93,
              6270756.18
            ],
            [
              770135.8300000001,
              6270755.58
            ],
            [
              770137.3300000001,
              6270754.68
            ],
            [
              770139.7300000001,
              6270753.48
            ],
            [
              770141.8300000001,
              6270751.98
            ],
            [
              770143.3300000001,
              6270751.08
            ],
            [
              770143.93,
              6270750.779999999
            ],
            [
              770144.8300000001,
              6270750.18
            ],
            [
              770146.03,
              6270749.279999999
            ],
            [
              770147.53,
              6270748.38
            ],
            [
              770148.7300000001,
              6270747.779999999
            ],
            [
              770151.43,
              6270745.98
            ],
            [
              770152.03,
              6270745.68
            ],
            [
              770152.6300000001,
              6270745.379999999
            ],
            [
              770154.43,
              6270744.18
            ],
            [
              770155.93,
              6270743.279999999
            ],
            [
              770156.8300000001,
              6270742.68
            ],
            [
              770158.93,
              6270741.48
            ],
            [
              770160.43,
              6270740.58
            ],
            [
              770161.93,
              6270739.68
            ],
            [
              770163.43,
              6270738.779999999
            ],
            [
              770164.3300000001,
              6270738.18
            ],
            [
              770166.1300000001,
              6270736.98
            ],
            [
              770166.7300000001,
              6270736.68
            ],
            [
              770167.93,
              6270736.08
            ],
            [
              770170.93,
              6270733.98
            ],
            [
              770172.1300000001,
              6270733.379999999
            ],
            [
              770173.03,
              6270732.779999999
            ],
            [
              770174.53,
              6270731.879999999
            ],
            [
              770176.03,
              6270730.98
            ],
            [
              770178.1300000001,
              6270729.779999999
            ],
            [
              770179.6300000001,
              6270728.58
            ],
            [
              770181.1300000001,
              6270727.68
            ],
            [
              770181.7300000001,
              6270727.379999999
            ],
            [
              770183.2300000001,
              6270726.48
            ],
            [
              770184.1300000001,
              6270725.879999999
            ],
            [
              770186.8300000001,
              6270724.08
            ],
            [
              770187.43,
              6270723.779999999
            ],
            [
              770188.93,
              6270722.879999999
            ],
            [
              770189.8300000001,
              6270722.279999999
            ],
            [
              770191.3300000001,
              6270721.379999999
            ],
            [
              770192.2300000001,
              6270720.779999999
            ],
            [
              770194.6300000001,
              6270719.58
            ],
            [
              770194.6300000001,
              6270718.98
            ],
            [
              770193.43,
              6270718.98
            ],
            [
              770190.7300000001,
              6270721.08
            ],
            [
              770189.2300000001,
              6270721.98
            ],
            [
              770187.7300000001,
              6270722.879999999
            ],
            [
              770184.1300000001,
              6270725.279999999
            ],
            [
              770183.53,
              6270725.58
            ],
            [
              770182.93,
              6270725.879999999
            ],
            [
              770181.43,
              6270726.779999999
            ],
            [
              770180.8300000001,
              6270727.08
            ],
            [
              770179.93,
              6270727.68
            ],
            [
              770177.8300000001,
              6270728.879999999
            ],
            [
              770177.2300000001,
              6270729.18
            ],
            [
              770174.2300000001,
              6270730.98
            ],
            [
              770173.03,
              6270731.58
            ],
            [
              770170.3300000001,
              6270733.379999999
            ],
            [
              770169.7300000001,
              6270733.68
            ],
            [
              770167.93,
              6270734.879999999
            ],
            [
              770167.3300000001,
              6270735.18
            ],
            [
              770165.8300000001,
              6270736.08
            ],
            [
              770164.93,
              6270736.68
            ],
            [
              770163.43,
              6270737.58
            ],
            [
              770161.93,
              6270738.48
            ],
            [
              770160.43,
              6270739.379999999
            ],
            [
              770159.53,
              6270739.98
            ],
            [
              770158.03,
              6270740.879999999
            ],
            [
              770157.43,
              6270741.18
            ],
            [
              770156.8300000001,
              6270741.48
            ],
            [
              770155.93,
              6270742.08
            ],
            [
              770155.03,
              6270742.68
            ],
            [
              770154.1300000001,
              6270743.279999999
            ],
            [
              770151.7300000001,
              6270744.779999999
            ],
            [
              770151.1300000001,
              6270745.08
            ],
            [
              770150.53,
              6270745.379999999
            ],
            [
              770148.7300000001,
              6270746.58
            ],
            [
              770147.8300000001,
              6270747.18
            ],
            [
              770145.43,
              6270748.38
            ],
            [
              770144.2300000001,
              6270749.279999999
            ],
            [
              770142.7300000001,
              6270750.18
            ],
            [
              770141.53,
              6270750.779999999
            ],
            [
              770139.1300000001,
              6270752.58
            ],
            [
              770137.6300000001,
              6270753.48
            ],
            [
              770137.03,
              6270753.779999999
            ],
            [
              770135.53,
              6270754.68
            ],
            [
              770134.03,
              6270755.58
            ],
            [
              770133.1300000001,
              6270756.18
            ],
            [
              770131.6300000001,
              6270757.08
            ],
            [
              770131.03,
              6270757.38
            ]
          ]
        ]
      },
      "properties": {
        "row_id": -2281004,
        "n_voxels": 718
      }
    },
    {
      "type": "Feature",
      "geometry": {
        "type": "Polygon",
        "coordinates": [
          [
            [
              770131.6300000001,
              6270754.08
            ],
            [
              770131.03,
              6270754.38
            ],
            [
              770130.1300000001,
              6270754.98
            ],
            [
              770129.23,
              6270755.58
            ],
            [
              770128.3300000001,
              6270756.18
            ],
            [
              770127.43,
              6270756.779999999
            ],
            [
              770127.1300000001,
              6270757.08
            ],
            [
              770127.43,
              6270757.38
            ],
            [
              770127.73,
              6270757.38
            ],
            [
              770128.3300000001,
              6270757.08
            ],
            [
              770129.53,
              6270756.48
            ],
            [
              770131.03,
              6270755.58
            ],
            [
              770132.8300000001,
              6270754.38
            ],
            [
              770133.43,
              6270754.08
            ],
            [
              770134.6300000001,
              6270753.48
            ],
            [
              770137.03,
              6270751.98
            ],
            [
              770138.8300000001,
              6270750.779999999
            ],
            [
              770140.3300000001,
              6270749.88
            ],
            [
              770141.2300000001,
              6270749.279999999
            ],
            [
              770142.7300000001,
              6270748.38
            ],
            [
              770143.3300000001,
              6270748.08
            ],
            [
              770145.7300000001,
              6270746.58
            ],
            [
              770146.3300000001,
              6270746.279999999
            ],
            [
              770148.43,
              6270744.779999999
            ],
            [
              770149.03,
              6270744.48
            ],
            [
              770149.93,
              6270743.879999999
            ],
            [
              770151.43,
              6270742.98
            ],
            [
              770154.43,
              6270741.18
            ],
            [
              770157.1300000001,
              6270739.68
            ],
            [
              770159.2300000001,
              6270738.18
            ],
            [
              770159.8300000001,
              6270737.879999999
            ],
            [
              770160.7300000001,
              6270737.279999999
            ],
            [
              770162.2300000001,
              6270736.379999999
            ],
            [
              770164.3300000001,
              6270735.18
            ],
            [
              770165.2300000001,
              6270734.58
            ],
            [
              770166.1300000001,
              6270733.98
            ],
            [
              770167.6300000001,
              6270733.08
            ],
            [
              770168.53,
              6270732.48
            ],
            [
              770172.43,
              6270730.379999999
            ],
            [
              770174.2300000001,
              6270728.879999999
            ],
            [
              770175.7300000001,
              6270727.98
            ],
            [
              770176.93,
              6270727.379999999
            ],
            [
              770178.7300000001,
              6270726.18
            ],
            [
              770179.6300000001,
              6270725.58
            ],
            [
              770181.1300000001,
              6270724.68
            ],
            [
              770185.93,
              6270721.68
            ],
            [
              770188.03,
              6270720.18
            ],
            [
              770190.1300000001,
              6270718.98
            ],
            [
              770192.53,
              6270717.48
            ],
            [
              770193.1300000001,
              6270717.18
            ],
            [
              770193.1300000001,
              6270716.58
            ],
            [
              770191.93,
              6270717.18
            ],
            [
              770190.1300000001,
              6270718.379999999
            ],
            [
              770187.7300000001,
              6270719.879999999
            ],
            [
              770185.93,
              6270721.08
            ],
            [
              770180.8300000001,
              6270724.08
            ],
            [
              770180.2300000001,
              6270724.379999999
            ],
            [
              770178.1300000001,
              6270725.58
            ],
            [
              770176.3300000001,
              6270726.779999999
            ],
            [
              770173.93,
              6270727.98
            ],
            [
              770172.7300000001,
              6270728.879999999
            ],
            [
              770170.6300000001,
              6270730.379999999
            ],
            [
              770169.43,
              6270730.98
            ],
            [
              770168.8300000001,
              6270731.279999999
            ],
            [
              770166.7300000001,
              6270732.48
            ],
            [
              770164.3300000001,
              6270733.98
            ],
            [
              770162.8300000001,
              6270734.879999999
            ],
            [
              770161.03,
              6270736.08
            ],
            [
              770160.43,
              6270736.379999999
            ],
            [
              770159.53,
              6270736.98
            ],
            [
              770158.6300000001,
              6270737.58
            ],
            [
              770157.1300000001,
              6270738.48
            ],
            [
              770156.53,
              6270738.779999999
            ],
            [
              770155.6300000001,
              6270739.379999999
            ],
            [
              770153.53,
              6270740.58
            ],
            [
              770152.03,
              6270741.48
            ],
            [
              770150.53,
              6270742.379999999
            ],
            [
              770149.6300000001,
              6270742.98
            ],
            [
              770148.1300000001,
              6270743.879999999
            ],
            [
              770147.2300000001,
              6270744.48
            ],
            [
              770146.3300000001,
              6270745.08
            ],
            [
              770144.53,
              6270745.98
            ],
            [
              770141.8300000001,
              6270747.779999999
            ],
            [
              770141.2300000001,
              6270748.08
            ],
            [
              770139.43,
              6270749.279999999
            ],
            [
              770137.93,
              6270750.18
            ],
            [
              770136.43,
              6270751.08
            ],
            [
              770134.6300000001,
              6270752.279999999
            ],
            [
              770133.1300000001,
              6270753.18
            ],
            [
              770131.6300000001,
              6270754.08
            ]
          ]
        ]
      },
      "properties": {
        "row_id": -2281003,
        "n_voxels": 637
      }
    },
    {
      "type": "Feature",
      "geometry": {
        "type": "Polygon",
        "coordinates": [
          [
            [
              770127.1300000001,
              6270753.48
            ],
            [
              770126.53,
              6270754.08
            ],
            [
              770125.93,
              6270754.68
            ],
            [
              770125.93,
              6270754.98
            ],
            [
              770126.23,
              6270755.279999999
            ],
            [
              770127.73,
              6270754.68
            ],
            [
              770129.8300000001,
              6270753.48
            ],
            [
              770132.8300000001,
              6270751.68
            ],
            [
              770134.6300000001,
              6270750.48
            ],
            [
              770136.43,
              6270749.58
            ],
            [
              770138.8300000001,
              6270747.779999999
            ],
            [
              770139.43,
              6270747.48
            ],
            [
              770140.93,
              6270746.58
            ],
            [
              770143.93,
              6270744.779999999
            ],
            [
              770144.8300000001,
              6270744.18
            ],
            [
              770146.6300000001,
              6270742.98
            ],
            [
              770148.1300000001,
              6270742.08
            ],
            [
              770148.7300000001,
              6270741.779999999
            ],
            [
              770150.2300000001,
              6270740.879999999
            ],
            [
              770151.1300000001,
              6270740.279999999
            ],
            [
              770154.7300000001,
              6270738.18
            ],
            [
              770158.6300000001,
              6270735.779999999
            ],
            [
              770161.03,
              6270734.279999999
            ],
            [
              770163.43,
              6270732.779999999
            ],
            [
              770164.3300000001,
              6270732.18
            ],
            [
              770165.2300000001,
              6270731.58
            ],
            [
              770166.1300000001,
              6270730.98
            ],
            [
              770167.93,
              6270730.08
            ],
            [
              770168.8300000001,
              6270729.48
            ],
            [
              770170.3300000001,
              6270728.58
            ],
            [
              770172.1300000001,
              6270727.379999999
            ],
            [
              770172.7300000001,
              6270727.08
            ],
            [
              770173.3300000001,
              6270726.779999999
            ],
            [
              770175.43,
              6270725.279999999
            ],
            [
              770177.2300000001,
              6270724.379999999
            ],
            [
              770179.03,
              6270723.18
            ],
            [
              770180.2300000001,
              6270722.58
            ],
            [
              770181.43,
              6270721.68
            ],
            [
              770182.93,
              6270720.779999999
            ],
            [
              770184.43,
              6270719.879999999
            ],
            [
              770185.3300000001,
              6270719.279999999
            ],
            [
              770187.1300000001,
              6270718.08
            ],
            [
              770187.7300000001,
              6270717.779999999
            ],
            [
              770189.2300000001,
              6270716.879999999
            ],
            [
              770190.1300000001,
              6270716.279999999
            ],
            [
              770191.6300000001,
              6270715.379999999
            ],
            [
              770192.2300000001,
              6270715.08
            ],
            [
              770191.93,
              6270714.48
            ],
            [
              770191.3300000001,
              6270714.48
            ],
            [
              770190.43,
              6270715.08
            ],
            [
              770188.6300000001,
              6270716.279999999
            ],
            [
              770186.8300000001,
              6270717.48
            ],
            [
              770186.2300000001,
              6270717.779999999
            ],
            [
              770184.43,
              6270718.68
            ],
            [
              770181.7300000001,
              6270720.18
            ],
            [
              770179.3300000001,
              6270721.98
            ],
            [
              770177.8300000001,
              6270722.879999999
            ],
            [
              770175.43,
              6270724.08
            ],
            [
              770173.6300000001,
              6270725.279999999
            ],
            [
              770171.8300000001,
              6270726.48
            ],
            [
              770170.93,
              6270727.08
            ],
            [
              770169.43,
              6270727.98
            ],
            [
              770167.93,
              6270728.879999999
            ],
            [
              770166.7300000001,
              6270729.48
            ],
            [
              770166.1300000001,
              6270729.779999999
            ],
            [
              770164.3300000001,
              6270730.98
            ],
            [
              770163.43,
              6270731.58
            ],
            [
              770161.93,
              6270732.48
            ],
            [
              770160.7300000001,
              6270733.379999999
            ],
            [
              770159.2300000001,
              6270734.279999999
            ],
            [
              770158.6300000001,
              6270734.58
            ],
            [
              770157.43,
              6270735.18
            ],
            [
              770156.2300000001,
              6270736.08
            ],
            [
              770154.7300000001,
              6270736.98
            ],
            [
              770154.1300000001,
              6270737.279999999
            ],
            [
              770153.53,
              6270737.58
            ],
            [
              770151.43,
              6270739.08
            ],
            [
              770150.8300000001,
              6270739.379999999
            ],
            [
              770150.2300000001,
              6270739.68
            ],
            [
              770148.7300000001,
              6270740.58
            ],
            [
              770147.8300000001,
              6270741.18
            ],
            [
              770146.3300000001,
              6270742.08
            ],
            [
              770144.2300000001,
              6270743.279999999
            ],
            [
              770143.3300000001,
              6270743.879999999
            ],
            [
              770141.8300000001,
              6270744.779999999
            ],
            [
              770140.03,
              6270745.98
            ],
            [
              770138.8300000001,
              6270746.58
            ],
            [
              770137.93,
              6270747.18
            ],
            [
              770136.7300000001,
              6270748.08
            ],
            [
              770134.6300000001,
              6270749.279999999
            ],
            [
              770133.73,
              6270749.88
            ],
            [
              770132.23,
              6270750.779999999
            ],
            [
              770130.43,
              6270751.98
            ],
            [
              770129.8300000001,
              6270752.279999999
            ],
            [
              770128.6300000001,
              6270752.88
            ],
            [
              770127.1300000001,
              6270753.48
            ]
          ]
        ]
      },
      "properties": {
        "row_id": -2281002,
        "n_voxels": 776
      }
    },
    {
      "type": "Feature",
      "geometry": {
        "type": "Polygon",
        "coordinates": [
          [
            [
              770129.8300000001,
              6270749.279999999
            ],
            [
              770129.23,
              6270749.58
            ],
            [
              770128.3300000001,
              6270750.18
            ],
            [
              770125.6300000001,
              6270751.68
            ],
            [
              770125.03,
              6270752.279999999
            ],
            [
              770124.73,
              6270752.88
            ],
            [
              770125.03,
              6270753.18
            ],
            [
              770126.23,
              6270752.58
            ],
            [
              770126.8300000001,
              6270752.279999999
            ],
            [
              770128.6300000001,
              6270751.08
            ],
            [
              770129.23,
              6270750.779999999
            ],
            [
              770130.73,
              6270749.88
            ],
            [
              770131.6300000001,
              6270749.279999999
            ],
            [
              770133.73,
              6270748.08
            ],
            [
              770134.6300000001,
              6270747.48
            ],
            [
              770137.03,
              6270745.98
            ],
            [
              770137.6300000001,
              6270745.68
            ],
            [
              770138.2300000001,
              6270745.379999999
            ],
            [
              770140.6300000001,
              6270743.879999999
            ],
            [
              770142.43,
              6270742.68
            ],
            [
              770143.03,
              6270742.379999999
            ],
            [
              770144.53,
              6270741.48
            ],
            [
              770146.3300000001,
              6270740.279999999
            ],
            [
              770146.93,
              6270739.98
            ],
            [
              770149.6300000001,
              6270738.48
            ],
            [
              770150.8300000001,
              6270737.58
            ],
            [
              770151.7300000001,
              6270736.98
            ],
            [
              770153.2300000001,
              6270736.08
            ],
            [
              770155.03,
              6270734.879999999
            ],
            [
              770155.6300000001,
              6270734.58
            ],
            [
              770157.7300000001,
              6270733.379999999
            ],
            [
              770159.8300000001,
              6270732.18
            ],
            [
              770161.03,
              6270731.279999999
            ],
            [
              770161.93,
              6270730.68
            ],
            [
              770162.8300000001,
              6270730.08
            ],
            [
              770164.6300000001,
              6270729.18
            ],
            [
              770165.53,
              6270728.879999999
            ],
            [
              770167.6300000001,
              6270727.379999999
            ],
            [
              770168.53,
              6270726.779999999
            ],
            [
              770170.3300000001,
              6270725.58
            ],
            [
              770172.1300000001,
              6270724.68
            ],
            [
              770174.2300000001,
              6270723.48
            ],
            [
              770175.7300000001,
              6270722.279999999
            ],
            [
              770176.93,
              6270721.379999999
            ],
            [
              770178.43,
              6270720.48
            ],
            [
              770180.53,
              6270719.279999999
            ],
            [
              770181.43,
              6270718.68
            ],
            [
              770182.93,
              6270717.779999999
            ],
            [
              770184.7300000001,
              6270716.58
            ],
            [
              770185.93,
              6270715.98
            ],
            [
              770187.43,
              6270715.08
            ],
            [
              770188.03,
              6270714.779999999
            ],
            [
              770188.6300000001,
              6270714.48
            ],
            [
              770189.8300000001,
              6270713.58
            ],
            [
              770190.7300000001,
              6270712.98
            ],
            [
              770190.7300000001,
              6270712.379999999
            ],
            [
              770190.43,
              6270712.379999999
            ],
            [
              770189.53,
              6270712.98
            ],
            [
              770188.03,
              6270713.879999999
            ],
            [
              770187.43,
              6270714.18
            ],
            [
              770186.8300000001,
              6270714.48
            ],
            [
              770186.2300000001,
              6270714.779999999
            ],
            [
              770185.3300000001,
              6270715.379999999
            ],
            [
              770183.8300000001,
              6270716.279999999
            ],
            [
              770182.3300000001,
              6270717.18
            ],
            [
              770181.43,
              6270717.779999999
            ],
            [
              770179.6300000001,
              6270718.68
            ],
            [
              770178.43,
              6270719.58
            ],
            [
              770176.93,
              6270720.48
            ],
            [
              770176.03,
              6270721.08
            ],
            [
              770175.1300000001,
              6270721.68
            ],
            [
              770174.2300000001,
              6270722.279999999
            ],
            [
              770172.43,
              6270723.18
            ],
            [
              770170.6300000001,
              6270724.379999999
            ],
            [
              770169.43,
              6270724.98
            ],
            [
              770167.3300000001,
              6270726.48
            ],
            [
              770166.7300000001,
              6270726.779999999
            ],
            [
              770164.6300000001,
              6270727.98
            ],
            [
              770163.7300000001,
              6270728.58
            ],
            [
              770162.2300000001,
              6270729.48
            ],
            [
              770160.43,
              6270730.68
            ],
            [
              770158.6300000001,
              6270731.58
            ],
            [
              770155.93,
              6270733.379999999
            ],
            [
              770155.3300000001,
              6270733.68
            ],
            [
              770154.7300000001,
              6270733.98
            ],
            [
              770153.2300000001,
              6270734.879999999
            ],
            [
              770152.03,
              6270735.779999999
            ],
            [
              770149.93,
              6270736.98
            ],
            [
              770148.1300000001,
              6270738.18
            ],
            [
              770146.03,
              6270739.379999999
            ],
            [
              770143.93,
              6270740.58
            ],
            [
              770142.7300000001,
              6270741.48
            ],
            [
              770140.3300000001,
              6270742.98
            ],
            [
              770138.8300000001,
              6270743.879999999
            ],
            [
              770138.2300000001,
              6270744.18
            ],
            [
              770136.7300000001,
              6270745.08
            ],
            [
              770133.73,
              6270746.88
            ],
            [
              770132.53,
              6270747.48
            ],
            [
              770131.3300000001,
              6270748.38
            ],
            [
              770129.8300000001,
              6270749.279999999
            ]
          ]
        ]
      },
      "properties": {
        "row_id": -2281001,
        "n_voxels": 754
      }
    },
    {
      "type": "Feature",
      "geometry": {
        "type": "Polygon",
        "coordinates": [
          [
            [
              770123.8300000001,
              6270750.18
            ],
            [
              770123.53,
              6270750.48
            ],
            [
              770123.53,
              6270751.08
            ],
            [
              770123.8300000001,
              6270751.38
            ],
            [
              770124.1300000001,
              6270751.38
            ],
            [
              770125.3300000001,
              6270750.48
            ],
            [
              770127.1300000001,
              6270749.279999999
            ],
            [
              770127.73,
              6270748.98
            ],
            [
              770128.3300000001,
              6270748.68
            ],
            [
              770130.1300000001,
              6270747.48
            ],
            [
              770131.03,
              6270746.88
            ],
            [
              770131.93,
              6270746.279999999
            ],
            [
              770134.03,
              6270745.08
            ],
            [
              770136.1300000001,
              6270743.879999999
            ],
            [
              770137.6300000001,
              6270742.98
            ],
            [
              770139.7300000001,
              6270741.779999999
            ],
            [
              770142.7300000001,
              6270739.98
            ],
            [
              770145.43,
              6270738.18
            ],
            [
              770146.93,
              6270737.279999999
            ],
            [
              770148.7300000001,
              6270736.08
            ],
            [
              770150.8300000001,
              6270734.879999999
            ],
            [
              770151.7300000001,
              6270734.279999999
            ],
            [
              770154.43,
              6270732.779999999
            ],
            [
              770156.53,
              6270731.58
            ],
            [
              770158.3300000001,
              6270730.08
            ],
            [
              770160.43,
              6270728.879999999
            ],
            [
              770161.3300000001,
              6270728.279999999
            ],
            [
              770162.2300000001,
              6270727.68
            ],
            [
              770163.7300000001,
              6270726.779999999
            ],
            [
              770165.53,
              6270725.879999999
            ],
            [
              770167.3300000001,
              6270724.68
            ],
            [
              770168.8300000001,
              6270723.779999999
            ],
            [
              770169.43,
              6270723.48
            ],
            [
              770170.93,
              6270722.58
            ],
            [
              770171.53,
              6270722.279999999
            ],
            [
              770174.2300000001,
              6270720.48
            ],
            [
              770176.03,
              6270719.279999999
            ],
            [
              770177.53,
              6270718.379999999
            ],
            [
              770179.03,
              6270717.48
            ],
            [
              770180.8300000001,
              6270716.279999999
            ],
            [
              770182.03,
              6270715.68
            ],
            [
              770183.8300000001,
              6270714.48
            ],
            [
              770184.7300000001,
              6270713.879999999
            ],
            [
              770186.53,
              6270712.98
            ],
            [
              770188.3300000001,
              6270711.779999999
            ],
            [
              770188.93,
              6270711.18
            ],
            [
              770188.93,
              6270710.879999999
            ],
            [
              770188.6300000001,
              6270710.58
            ],
            [
              770188.3300000001,
              6270710.58
            ],
            [
              770187.7300000001,
              6270710.879999999
            ],
            [
              770186.53,
              6270711.779999999
            ],
            [
              770184.7300000001,
              6270712.98
            ],
            [
              770184.1300000001,
              6270713.279999999
            ],
            [
              770182.6300000001,
              6270714.18
            ],
            [
              770181.1300000001,
              6270715.08
            ],
            [
              770180.2300000001,
              6270715.68
            ],
            [
              770178.43,
              6270716.879999999
            ],
            [
              770177.8300000001,
              6270717.18
            ],
            [
              770176.6300000001,
              6270717.779999999
            ],
            [
              770175.43,
              6270718.68
            ],
            [
              770173.6300000001,
              6270719.879999999
            ],
            [
              770173.03,
              6270720.18
            ],
            [
              770172.43,
              6270720.48
            ],
            [
              770170.93,
              6270721.379999999
            ],
            [
              770168.8300000001,
              6270722.58
            ],
            [
              770167.93,
              6270723.18
            ],
            [
              770167.03,
              6270723.779999999
            ],
            [
              770165.53,
              6270724.68
            ],
            [
              770164.93,
              6270724.98
            ],
            [
              770163.1300000001,
              6270726.18
            ],
            [
              770161.93,
              6270726.779999999
            ],
            [
              770159.53,
              6270728.279999999
            ],
            [
              770157.7300000001,
              6270729.48
            ],
            [
              770156.2300000001,
              6270730.379999999
            ],
            [
              770153.8300000001,
              6270731.879999999
            ],
            [
              770151.7300000001,
              6270733.08
            ],
            [
              770150.2300000001,
              6270733.98
            ],
            [
              770148.7300000001,
              6270734.879999999
            ],
            [
              770146.93,
              6270736.08
            ],
            [
              770144.8300000001,
              6270737.58
            ],
            [
              770143.03,
              6270738.48
            ],
            [
              770141.8300000001,
              6270739.08
            ],
            [
              770140.6300000001,
              6270739.98
            ],
            [
              770139.7300000001,
              6270740.58
            ],
            [
              770138.8300000001,
              6270741.18
            ],
            [
              770137.3300000001,
              6270742.08
            ],
            [
              770136.7300000001,
              6270742.379999999
            ],
            [
              770135.8300000001,
              6270742.98
            ],
            [
              770134.3300000001,
              6270743.879999999
            ],
            [
              770133.73,
              6270744.18
            ],
            [
              770133.1300000001,
              6270744.48
            ],
            [
              770132.53,
              6270744.779999999
            ],
            [
              770131.3300000001,
              6270745.379999999
            ],
            [
              770129.23,
              6270746.88
            ],
            [
              770128.3300000001,
              6270747.48
            ],
            [
              770126.8300000001,
              6270748.38
            ],
            [
              770126.23,
              6270748.68
            ],
            [
              770125.6300000001,
              6270748.98
            ],
            [
              770123.8300000001,
              6270750.18
            ]
          ]
        ]
      },
      "properties": {
        "row_id": -2281000,
        "n_voxels": 761
      }
    },
    {
      "type": "Feature",
      "geometry": {
        "type": "Polygon",
        "coordinates": [
          [
            [
              770121.73,
              6270748.68
            ],
            [
              770122.03,
              6270748.98
            ],
            [
              770122.6300000001,
              6270749.279999999
            ],
            [
              770123.23,
              6270748.98
            ],
            [
              770124.43,
              6270748.08
            ],
            [
              770125.3300000001,
              6270747.48
            ],
            [
              770128.03,
              6270745.68
            ],
            [
              770128.6300000001,
              6270745.379999999
            ],
            [
              770129.23,
              6270745.08
            ],
            [
              770129.8300000001,
              6270744.779999999
            ],
            [
              770131.6300000001,
              6270743.58
            ],
            [
              770132.23,
              6270743.279999999
            ],
            [
              770133.43,
              6270742.68
            ],
            [
              770134.3300000001,
              6270742.08
            ],
            [
              770135.8300000001,
              6270741.18
            ],
            [
              770137.03,
              6270740.279999999
            ],
            [
              770138.53,
              6270739.379999999
            ],
            [
              770139.43,
              6270738.779999999
            ],
            [
              770140.93,
              6270737.879999999
            ],
            [
              770141.53,
              6270737.58
            ],
            [
              770142.43,
              6270736.98
            ],
            [
              770143.93,
              6270736.08
            ],
            [
              770144.53,
              6270735.779999999
            ],
            [
              770145.1300000001,
              6270735.48
            ],
            [
              770146.6300000001,
              6270734.58
            ],
            [
              770148.43,
              6270733.379999999
            ],
            [
              770149.93,
              6270732.48
            ],
            [
              770150.53,
              6270732.18
            ],
            [
              770151.43,
              6270731.58
            ],
            [
              770152.3300000001,
              6270730.98
            ],
            [
              770154.1300000001,
              6270729.779999999
            ],
            [
              770154.7300000001,
              6270729.48
            ],
            [
              770156.2300000001,
              6270728.58
            ],
            [
              770157.1300000001,
              6270727.98
            ],
            [
              770158.6300000001,
              6270727.08
            ],
            [
              770159.8300000001,
              6270726.48
            ],
            [
              770161.03,
              6270725.58
            ],
            [
              770162.8300000001,
              6270724.379999999
            ],
            [
              770163.43,
              6270724.08
            ],
            [
              770164.03,
              6270723.779999999
            ],
            [
              770165.53,
              6270722.879999999
            ],
            [
              770167.03,
              6270721.98
            ],
            [
              770168.8300000001,
              6270720.779999999
            ],
            [
              770170.03,
              6270719.879999999
            ],
            [
              770172.1300000001,
              6270718.68
            ],
            [
              770173.03,
              6270718.08
            ],
            [
              770175.1300000001,
              6270716.879999999
            ],
            [
              770177.53,
              6270715.379999999
            ],
            [
              770178.7300000001,
              6270714.779999999
            ],
            [
              770180.53,
              6270713.58
            ],
            [
              770182.3300000001,
              6270712.379999999
            ],
            [
              770182.93,
              6270712.08
            ],
            [
              770184.1300000001,
              6270711.48
            ],
            [
              770185.3300000001,
              6270710.58
            ],
            [
              770186.8300000001,
              6270709.68
            ],
            [
              770187.43,
              6270709.379999999
            ],
            [
              770188.3300000001,
              6270708.779999999
            ],
            [
              770188.3300000001,
              6270708.48
            ],
            [
              770187.7300000001,
              6270708.18
            ],
            [
              770185.93,
              6270709.379999999
            ],
            [
              770185.3300000001,
              6270709.68
            ],
            [
              770184.7300000001,
              6270709.98
            ],
            [
              770183.2300000001,
              6270710.879999999
            ],
            [
              770182.6300000001,
              6270711.18
            ],
            [
              770181.7300000001,
              6270711.779999999
            ],
            [
              770180.8300000001,
              6270712.379999999
            ],
            [
              770179.3300000001,
              6270713.279999999
            ],
            [
              770177.2300000001,
              6270714.48
            ],
            [
              770176.03,
              6270715.379999999
            ],
            [
              770174.53,
              6270716.279999999
            ],
            [
              770173.3300000001,
              6270716.879999999
            ],
            [
              770171.53,
              6270718.08
            ],
            [
              770170.3300000001,
              6270718.68
            ],
            [
              770168.53,
              6270719.879999999
            ],
            [
              770167.03,
              6270720.779999999
            ],
            [
              770166.1300000001,
              6270721.379999999
            ],
            [
              770164.3300000001,
              6270722.58
            ],
            [
              770162.8300000001,
              6270723.48
            ],
            [
              770161.03,
              6270724.379999999
            ],
            [
              770159.2300000001,
              6270725.58
            ],
            [
              770158.3300000001,
              6270726.18
            ],
            [
              770156.2300000001,
              6270727.379999999
            ],
            [
              770155.03,
              6270727.98
            ],
            [
              770151.43,
              6270730.08
            ],
            [
              770151.1300000001,
              6270730.379999999
            ],
            [
              770148.7300000001,
              6270732.18
            ],
            [
              770148.1300000001,
              6270732.48
            ],
            [
              770147.2300000001,
              6270733.08
            ],
            [
              770145.7300000001,
              6270733.98
            ],
            [
              770144.53,
              6270734.58
            ],
            [
              770142.7300000001,
              6270735.779999999
            ],
            [
              770142.1300000001,
              6270736.08
            ],
            [
              770140.6300000001,
              6270736.98
            ],
            [
              770139.1300000001,
              6270737.879999999
            ],
            [
              770138.2300000001,
              6270738.48
            ],
            [
              770135.8300000001,
              6270739.98
            ],
            [
              770134.6300000001,
              6270740.58
            ],
            [
              770133.73,
              6270741.18
            ],
            [
              770130.1300000001,
              6270743.279999999
            ],
            [
              770128.3300000001,
              6270744.48
            ],
            [
              770123.53,
              6270747.18
            ],
            [
              770121.73,
              6270748.68
            ]
          ]
        ]
      },
      "properties": {
        "row_id": -2280999,
        "n_voxels": 773
      }
    },
    {
      "type": "Feature",
      "geometry": {
        "type": "Polygon",
        "coordinates": [
          [
            [
              770120.8300000001,
              6270746.88
            ],
            [
              770121.73,
              6270746.58
            ],
            [
              770123.8300000001,
              6270745.68
            ],
            [
              770125.6300000001,
              6270744.48
            ],
            [
              770129.53,
              6270742.379999999
            ],
            [
              770134.03,
              6270739.379999999
            ],
            [
              770135.53,
              6270738.18
            ],
            [
              770137.3300000001,
              6270736.98
            ],
            [
              770137.93,
              6270736.68
            ],
            [
              770140.3300000001,
              6270735.48
            ],
            [
              770141.8300000001,
              6270734.58
            ],
            [
              770143.6300000001,
              6270733.379999999
            ],
            [
              770144.2300000001,
              6270733.08
            ],
            [
              770145.7300000001,
              6270732.18
            ],
            [
              770146.93,
              6270731.279999999
            ],
            [
              770149.03,
              6270730.08
            ],
            [
              770149.93,
              6270729.48
            ],
            [
              770150.8300000001,
              6270728.879999999
            ],
            [
              770152.93,
              6270727.379999999
            ],
            [
              770155.6300000001,
              6270726.18
            ],
            [
              770157.43,
              6270724.98
            ],
            [
              770159.53,
              6270723.779999999
            ],
            [
              770162.53,
              6270721.68
            ],
            [
              770164.93,
              6270720.18
            ],
            [
              770165.53,
              6270719.879999999
            ],
            [
              770167.3300000001,
              6270718.68
            ],
            [
              770169.1300000001,
              6270717.779999999
            ],
            [
              770170.03,
              6270717.18
            ],
            [
              770171.8300000001,
              6270715.98
            ],
            [
              770172.43,
              6270715.68
            ],
            [
              770173.3300000001,
              6270715.08
            ],
            [
              770174.2300000001,
              6270714.48
            ],
            [
              770175.1300000001,
              6270713.879999999
            ],
            [
              770176.6300000001,
              6270712.98
            ],
            [
              770177.2300000001,
              6270712.68
            ],
            [
              770178.7300000001,
              6270711.779999999
            ],
            [
              770179.6300000001,
              6270711.18
            ],
            [
              770181.1300000001,
              6270710.279999999
            ],
            [
              770182.6300000001,
              6270709.379999999
            ],
            [
              770184.1300000001,
              6270708.48
            ],
            [
              770186.53,
              6270706.98
            ],
            [
              770186.8300000001,
              6270706.379999999
            ],
            [
              770186.8300000001,
              6270706.08
            ],
            [
              770186.53,
              6270705.779999999
            ],
            [
              770184.7300000001,
              6270706.98
            ],
            [
              770183.2300000001,
              6270707.879999999
            ],
            [
              770182.03,
              6270708.779999999
            ],
            [
              770179.93,
              6270709.98
            ],
            [
              770179.3300000001,
              6270710.279999999
            ],
            [
              770177.53,
              6270711.48
            ],
            [
              770176.03,
              6270712.379999999
            ],
            [
              770174.2300000001,
              6270713.58
            ],
            [
              770172.1300000001,
              6270714.779999999
            ],
            [
              770170.93,
              6270715.379999999
            ],
            [
              770169.43,
              6270716.279999999
            ],
            [
              770167.93,
              6270717.18
            ],
            [
              770166.7300000001,
              6270718.08
            ],
            [
              770165.2300000001,
              6270718.98
            ],
            [
              770164.03,
              6270719.58
            ],
            [
              770162.53,
              6270720.48
            ],
            [
              770160.7300000001,
              6270721.68
            ],
            [
              770158.6300000001,
              6270722.879999999
            ],
            [
              770157.7300000001,
              6270723.48
            ],
            [
              770156.8300000001,
              6270724.08
            ],
            [
              770155.3300000001,
              6270724.98
            ],
            [
              770153.53,
              6270726.18
            ],
            [
              770151.43,
              6270727.379999999
            ],
            [
              770150.8300000001,
              6270727.68
            ],
            [
              770149.93,
              6270728.279999999
            ],
            [
              770147.53,
              6270729.48
            ],
            [
              770144.8300000001,
              6270731.279999999
            ],
            [
              770143.93,
              6270731.879999999
            ],
            [
              770143.03,
              6270732.48
            ],
            [
              770141.2300000001,
              6270733.379999999
            ],
            [
              770140.03,
              6270734.279999999
            ],
            [
              770137.93,
              6270735.48
            ],
            [
              770136.7300000001,
              6270736.379999999
            ],
            [
              770135.23,
              6270737.279999999
            ],
            [
              770133.43,
              6270738.18
            ],
            [
              770131.03,
              6270739.68
            ],
            [
              770128.3300000001,
              6270741.18
            ],
            [
              770126.8300000001,
              6270742.379999999
            ],
            [
              770125.3300000001,
              6270743.279999999
            ],
            [
              770122.6300000001,
              6270744.48
            ],
            [
              770120.8300000001,
              6270745.98
            ],
            [
              770120.8300000001,
              6270746.88
            ]
          ]
        ]
      },
      "properties": {
        "row_id": -2280998,
        "n_voxels": 823
      }
    },
    {
      "type": "Feature",
      "geometry": {
        "type": "Polygon",
        "coordinates": [
          [
            [
              770125.3300000001,
              6270740.279999999
            ],
            [
              770124.73,
              6270740.58
            ],
            [
              770123.23,
              6270741.48
            ],
            [
              770121.73,
              6270742.379999999
            ],
            [
              770119.6300000001,
              6270743.879999999
            ],
            [
              770119.6300000001,
              6270744.18
            ],
            [
              770119.93,
              6270744.48
            ],
            [
              770120.8300000001,
              6270744.48
            ],
            [
              770122.3300000001,
              6270743.279999999
            ],
            [
              770124.43,
              6270742.08
            ],
            [
              770125.3300000001,
              6270741.48
            ],
            [
              770127.43,
              6270739.98
            ],
            [
              770128.03,
              6270739.68
            ],
            [
              770128.6300000001,
              6270739.379999999
            ],
            [
              770129.23,
              6270739.08
            ],
            [
              770131.03,
              6270737.879999999
            ],
            [
              770131.6300000001,
              6270737.58
            ],
            [
              770133.1300000001,
              6270736.68
            ],
            [
              770134.3300000001,
              6270736.08
            ],
            [
              770136.7300000001,
              6270734.58
            ],
            [
              770137.93,
              6270733.98
            ],
            [
              770139.1300000001,
              6270733.08
            ],
            [
              770140.3300000001,
              6270732.18
            ],
            [
              770141.8300000001,
              6270731.279999999
            ],
            [
              770142.43,
              6270730.98
            ],
            [
              770143.03,
              6270730.68
            ],
            [
              770143.93,
              6270730.08
            ],
            [
              770145.43,
              6270729.18
            ],
            [
              770146.6300000001,
              6270728.58
            ],
            [
              770148.43,
              6270727.379999999
            ],
            [
              770150.8300000001,
              6270725.879999999
            ],
            [
              770151.43,
              6270725.58
            ],
            [
              770152.03,
              6270725.279999999
            ],
            [
              770153.2300000001,
              6270724.68
            ],
            [
              770154.43,
              6270724.08
            ],
            [
              770157.1300000001,
              6270722.279999999
            ],
            [
              770158.6300000001,
              6270721.379999999
            ],
            [
              770161.3300000001,
              6270719.58
            ],
            [
              770162.53,
              6270718.98
            ],
            [
              770163.7300000001,
              6270718.08
            ],
            [
              770164.6300000001,
              6270717.48
            ],
            [
              770166.1300000001,
              6270716.58
            ],
            [
              770167.03,
              6270715.98
            ],
            [
              770167.93,
              6270715.379999999
            ],
            [
              770169.43,
              6270714.48
            ],
            [
              770170.03,
              6270714.18
            ],
            [
              770172.7300000001,
              6270712.379999999
            ],
            [
              770175.1300000001,
              6270710.879999999
            ],
            [
              770175.7300000001,
              6270710.58
            ],
            [
              770177.8300000001,
              6270709.379999999
            ],
            [
              770178.43,
              6270709.08
            ],
            [
              770179.93,
              6270707.879999999
            ],
            [
              770180.8300000001,
              6270707.279999999
            ],
            [
              770184.43,
              6270705.18
            ],
            [
              770185.03,
              6270704.879999999
            ],
            [
              770185.6300000001,
              6270704.58
            ],
            [
              770185.3300000001,
              6270703.98
            ],
            [
              770185.03,
              6270703.98
            ],
            [
              770184.43,
              6270704.279999999
            ],
            [
              770184.1300000001,
              6270704.58
            ],
            [
              770179.93,
              6270707.279999999
            ],
            [
              770177.2300000001,
              6270708.779999999
            ],
            [
              770175.43,
              6270709.98
            ],
            [
              770174.8300000001,
              6270710.279999999
            ],
            [
              770172.7300000001,
              6270711.48
            ],
            [
              770169.1300000001,
              6270713.58
            ],
            [
              770167.03,
              6270714.779999999
            ],
            [
              770165.8300000001,
              6270715.68
            ],
            [
              770164.3300000001,
              6270716.58
            ],
            [
              770162.53,
              6270717.779999999
            ],
            [
              770161.93,
              6270718.08
            ],
            [
              770160.7300000001,
              6270718.68
            ],
            [
              770159.8300000001,
              6270719.279999999
            ],
            [
              770158.6300000001,
              6270720.18
            ],
            [
              770157.1300000001,
              6270721.08
            ],
            [
              770156.53,
              6270721.379999999
            ],
            [
              770154.43,
              6270722.58
            ],
            [
              770152.93,
              6270723.48
            ],
            [
              770151.43,
              6270724.379999999
            ],
            [
              770149.3300000001,
              6270725.879999999
            ],
            [
              770148.7300000001,
              6270726.18
            ],
            [
              770148.1300000001,
              6270726.48
            ],
            [
              770145.7300000001,
              6270727.98
            ],
            [
              770144.8300000001,
              6270728.58
            ],
            [
              770143.03,
              6270729.779999999
            ],
            [
              770143.6300000001,
              6270729.48
            ],
            [
              770142.43,
              6270730.08
            ],
            [
              770141.8300000001,
              6270730.379999999
            ],
            [
              770139.7300000001,
              6270731.279999999
            ],
            [
              770137.3300000038,
              6270733.079999997
            ],
            [
              770136.7300000001,
              6270733.379999999
            ],
            [
              770134.03,
              6270735.18
            ],
            [
              770133.43,
              6270735.48
            ],
            [
              770132.8300000001,
              6270735.779999999
            ],
            [
              770132.23,
              6270736.08
            ],
            [
              770131.6300000001,
              6270736.379999999
            ],
            [
              770129.8300000001,
              6270737.58
            ],
            [
              770128.03,
              6270738.779999999
            ],
            [
              770127.43,
              6270739.08
            ],
            [
              770126.8300000001,
              6270739.379999999
            ],
            [
              770125.3300000001,
              6270740.279999999
            ]
          ]
        ]
      },
      "properties": {
        "row_id": -2280997,
        "n_voxels": 679
      }
    },
    {
      "type": "Feature",
      "geometry": {
        "type": "Polygon",
        "coordinates": [
          [
            [
              770120.23,
              6270740.58
            ],
            [
              770119.03,
              6270741.18
            ],
            [
              770118.43,
              6270741.48
            ],
            [
              770117.8300000001,
              6270742.08
            ],
            [
              770117.8300000001,
              6270742.379999999
            ],
            [
              770118.1300000001,
              6270742.68
            ],
            [
              770118.73,
              6270742.68
            ],
            [
              770119.93,
              6270742.08
            ],
            [
              770120.8300000001,
              6270741.48
            ],
            [
              770122.3300000001,
              6270740.279999999
            ],
            [
              770123.23,
              6270739.68
            ],
            [
              770124.43,
              6270739.08
            ],
            [
              770125.3300000001,
              6270738.48
            ],
            [
              770126.8300000001,
              6270737.58
            ],
            [
              770127.43,
              6270737.279999999
            ],
            [
              770128.93,
              6270736.379999999
            ],
            [
              770130.1300000001,
              6270735.779999999
            ],
            [
              770132.53,
              6270734.279999999
            ],
            [
              770134.3300000001,
              6270733.08
            ],
            [
              770134.93,
              6270732.779999999
            ],
            [
              770136.43,
              6270732.18
            ],
            [
              770138.2300000001,
              6270730.68
            ],
            [
              770139.1300000001,
              6270730.08
            ],
            [
              770140.6300000001,
              6270729.18
            ],
            [
              770141.2300000001,
              6270728.879999999
            ],
            [
              770142.43,
              6270728.279999999
            ],
            [
              770143.6300000001,
              6270727.379999999
            ],
            [
              770144.53,
              6270726.779999999
            ],
            [
              770146.3300000001,
              6270725.58
            ],
            [
              770146.93,
              6270725.279999999
            ],
            [
              770148.43,
              6270724.379999999
            ],
            [
              770149.93,
              6270723.48
            ],
            [
              770151.43,
              6270722.58
            ],
            [
              770152.93,
              6270721.68
            ],
            [
              770154.1300000001,
              6270721.08
            ],
            [
              770156.2300000001,
              6270719.879999999
            ],
            [
              770157.43,
              6270718.98
            ],
            [
              770159.8300000001,
              6270717.48
            ],
            [
              770161.93,
              6270716.279999999
            ],
            [
              770163.43,
              6270715.379999999
            ],
            [
              770164.6300000001,
              6270714.779999999
            ],
            [
              770166.7300000001,
              6270713.279999999
            ],
            [
              770167.3300000001,
              6270712.98
            ],
            [
              770168.2300000001,
              6270712.379999999
            ],
            [
              770170.03,
              6270711.18
            ],
            [
              770171.53,
              6270710.279999999
            ],
            [
              770172.43,
              6270709.68
            ],
            [
              770174.8300000001,
              6270708.18
            ],
            [
              770176.3300000001,
              6270707.279999999
            ],
            [
              770178.1300000001,
              6270706.379999999
            ],
            [
              770179.93,
              6270704.879999999
            ],
            [
              770180.8300000001,
              6270704.279999999
            ],
            [
              770182.03,
              6270703.68
            ],
            [
              770183.53,
              6270703.08
            ],
            [
              770184.1300000001,
              6270701.879999999
            ],
            [
              770183.2300000001,
              6270701.879999999
            ],
            [
              770181.43,
              6270703.379999999
            ],
            [
              770178.7300000001,
              6270704.879999999
            ],
            [
              770177.2300000001,
              6270705.779999999
            ],
            [
              770175.7300000001,
              6270706.68
            ],
            [
              770175.1300000001,
              6270706.98
            ],
            [
              770173.3300000001,
              6270708.18
            ],
            [
              770171.2300000001,
              6270709.68
            ],
            [
              770170.03,
              6270710.279999999
            ],
            [
              770169.43,
              6270710.58
            ],
            [
              770168.2300000001,
              6270711.18
            ],
            [
              770165.2300000001,
              6270712.98
            ],
            [
              770164.3300000001,
              6270713.58
            ],
            [
              770162.8300000001,
              6270714.48
            ],
            [
              770161.3300000001,
              6270715.379999999
            ],
            [
              770159.8300000001,
              6270716.279999999
            ],
            [
              770157.7300000001,
              6270717.48
            ],
            [
              770156.53,
              6270718.379999999
            ],
            [
              770155.03,
              6270719.279999999
            ],
            [
              770154.43,
              6270719.58
            ],
            [
              770152.03,
              6270721.08
            ],
            [
              770151.43,
              6270721.379999999
            ],
            [
              770150.2300000001,
              6270722.279999999
            ],
            [
              770149.3300000001,
              6270722.879999999
            ],
            [
              770147.2300000001,
              6270724.08
            ],
            [
              770146.3300000001,
              6270724.68
            ],
            [
              770145.43,
              6270725.279999999
            ],
            [
              770144.53,
              6270725.879999999
            ],
            [
              770143.6300000001,
              6270726.48
            ],
            [
              770142.7300000001,
              6270727.08
            ],
            [
              770140.93,
              6270727.98
            ],
            [
              770137.93,
              6270729.779999999
            ],
            [
              770137.03,
              6270730.379999999
            ],
            [
              770135.53,
              6270731.279999999
            ],
            [
              770134.03,
              6270732.18
            ],
            [
              770132.23,
              6270733.379999999
            ],
            [
              770131.03,
              6270733.98
            ],
            [
              770129.53,
              6270734.879999999
            ],
            [
              770128.6300000001,
              6270735.48
            ],
            [
              770127.1300000001,
              6270736.379999999
            ],
            [
              770126.53,
              6270736.68
            ],
            [
              770125.6300000001,
              6270737.279999999
            ],
            [
              770124.1300000001,
              6270738.18
            ],
            [
              770121.73,
              6270739.68
            ],
            [
              770120.23,
              6270740.58
            ]
          ]
        ]
      },
      "properties": {
        "row_id": -2280996,
        "n_voxels": 721
      }
    },
    {
      "type": "Feature",
      "geometry": {
        "type": "Polygon",
        "coordinates": [
          [
            [
              770119.3300000001,
              6270738.18
            ],
            [
              770117.8300000001,
              6270738.779999999
            ],
            [
              770116.93,
              6270739.98
            ],
            [
              770116.93,
              6270740.279999999
            ],
            [
              770117.23,
              6270740.879999999
            ],
            [
              770118.73,
              6270739.68
            ],
            [
              770120.53,
              6270738.48
            ],
            [
              770121.1300000001,
              6270738.18
            ],
            [
              770121.73,
              6270737.879999999
            ],
            [
              770123.53,
              6270736.68
            ],
            [
              770125.3300000001,
              6270735.779999999
            ],
            [
              770126.53,
              6270734.879999999
            ],
            [
              770128.3300000001,
              6270733.68
            ],
            [
              770128.93,
              6270733.379999999
            ],
            [
              770129.53,
              6270733.08
            ],
            [
              770131.3300000001,
              6270731.879999999
            ],
            [
              770133.43,
              6270730.68
            ],
            [
              770134.3300000001,
              6270730.08
            ],
            [
              770135.8300000001,
              6270729.18
            ],
            [
              770137.3300000001,
              6270728.279999999
            ],
            [
              770138.8300000001,
              6270727.379999999
            ],
            [
              770139.43,
              6270727.08
            ],
            [
              770140.3300000001,
              6270726.48
            ],
            [
              770142.1300000001,
              6270725.279999999
            ],
            [
              770143.03,
              6270724.68
            ],
            [
              770144.53,
              6270723.779999999
            ],
            [
              770145.1300000001,
              6270723.48
            ],
            [
              770145.7300000001,
              6270723.18
            ],
            [
              770146.93,
              6270722.279999999
            ],
            [
              770149.03,
              6270721.08
            ],
            [
              770149.6300000001,
              6270720.779999999
            ],
            [
              770150.2300000001,
              6270720.48
            ],
            [
              770151.1300000001,
              6270719.879999999
            ],
            [
              770152.6300000001,
              6270718.98
            ],
            [
              770153.8300000001,
              6270718.379999999
            ],
            [
              770155.6300000001,
              6270717.18
            ],
            [
              770157.43,
              6270715.98
            ],
            [
              770158.93,
              6270715.08
            ],
            [
              770160.43,
              6270714.18
            ],
            [
              770161.03,
              6270713.879999999
            ],
            [
              770161.93,
              6270713.279999999
            ],
            [
              770163.1300000001,
              6270712.379999999
            ],
            [
              770166.1300000001,
              6270710.879999999
            ],
            [
              770167.6300000001,
              6270709.98
            ],
            [
              770169.7300000001,
              6270708.48
            ],
            [
              770170.6300000001,
              6270707.879999999
            ],
            [
              770172.43,
              6270706.68
            ],
            [
              770175.43,
              6270704.879999999
            ],
            [
              770177.53,
              6270703.68
            ],
            [
              770181.43,
              6270700.98
            ],
            [
              770182.03,
              6270700.68
            ],
            [
              770182.93,
              6270700.08
            ],
            [
              770182.93,
              6270699.48
            ],
            [
              770182.6300000001,
              6270699.48
            ],
            [
              770181.43,
              6270700.379999999
            ],
            [
              770178.7300000001,
              6270702.18
            ],
            [
              770177.53,
              6270703.08
            ],
            [
              770175.1300000001,
              6270704.279999999
            ],
            [
              770174.53,
              6270704.58
            ],
            [
              770173.03,
              6270705.48
            ],
            [
              770172.43,
              6270705.779999999
            ],
            [
              770170.93,
              6270706.68
            ],
            [
              770169.43,
              6270707.58
            ],
            [
              770168.53,
              6270708.18
            ],
            [
              770167.03,
              6270709.08
            ],
            [
              770165.53,
              6270709.98
            ],
            [
              770164.3300000001,
              6270710.879999999
            ],
            [
              770162.8300000001,
              6270711.779999999
            ],
            [
              770161.3300000001,
              6270712.68
            ],
            [
              770160.7300000001,
              6270712.98
            ],
            [
              770158.93,
              6270713.879999999
            ],
            [
              770157.1300000001,
              6270715.08
            ],
            [
              770155.93,
              6270715.68
            ],
            [
              770154.7300000001,
              6270716.58
            ],
            [
              770153.2300000001,
              6270717.48
            ],
            [
              770152.3300000001,
              6270718.08
            ],
            [
              770150.8300000001,
              6270718.98
            ],
            [
              770150.2300000001,
              6270719.279999999
            ],
            [
              770149.03,
              6270719.879999999
            ],
            [
              770146.6300000001,
              6270721.379999999
            ],
            [
              770146.03,
              6270721.68
            ],
            [
              770143.93,
              6270723.18
            ],
            [
              770143.3300000001,
              6270723.48
            ],
            [
              770141.53,
              6270724.68
            ],
            [
              770140.93,
              6270724.98
            ],
            [
              770139.43,
              6270725.879999999
            ],
            [
              770138.53,
              6270726.48
            ],
            [
              770137.6300000001,
              6270727.08
            ],
            [
              770136.1300000001,
              6270727.98
            ],
            [
              770135.53,
              6270728.279999999
            ],
            [
              770134.93,
              6270728.58
            ],
            [
              770133.1300000001,
              6270729.779999999
            ],
            [
              770132.53,
              6270730.08
            ],
            [
              770131.93,
              6270730.379999999
            ],
            [
              770129.8300000001,
              6270731.879999999
            ],
            [
              770129.23,
              6270732.18
            ],
            [
              770128.6300000001,
              6270732.48
            ],
            [
              770127.43,
              6270733.379999999
            ],
            [
              770125.03,
              6270734.58
            ],
            [
              770124.1300000001,
              6270735.18
            ],
            [
              770122.6300000001,
              6270736.08
            ],
            [
              770121.43,
              6270736.98
            ],
            [
              770119.3300000001,
              6270738.18
            ]
          ]
        ]
      },
      "properties": {
        "row_id": -2280995,
        "n_voxels": 705
      }
    },
    {
      "type": "Feature",
      "geometry": {
        "type": "Polygon",
        "coordinates": [
          [
            [
              770119.3300000001,
              6270735.18
            ],
            [
              770118.43,
              6270735.779999999
            ],
            [
              770116.93,
              6270736.68
            ],
            [
              770116.3300000001,
              6270736.98
            ],
            [
              770115.43,
              6270737.58
            ],
            [
              770115.43,
              6270737.879999999
            ],
            [
              770115.73,
              6270738.18
            ],
            [
              770116.03,
              6270738.18
            ],
            [
              770117.53,
              6270737.279999999
            ],
            [
              770118.1300000001,
              6270736.98
            ],
            [
              770119.6300000001,
              6270736.08
            ],
            [
              770120.53,
              6270735.48
            ],
            [
              770122.03,
              6270734.58
            ],
            [
              770124.43,
              6270733.379999999
            ],
            [
              770125.6300000001,
              6270732.779999999
            ],
            [
              770128.03,
              6270730.98
            ],
            [
              770129.53,
              6270730.08
            ],
            [
              770131.3300000001,
              6270728.879999999
            ],
            [
              770131.93,
              6270728.58
            ],
            [
              770132.8300000001,
              6270727.98
            ],
            [
              770134.93,
              6270726.779999999
            ],
            [
              770137.03,
              6270725.58
            ],
            [
              770140.3300000001,
              6270723.48
            ],
            [
              770141.2300000001,
              6270722.879999999
            ],
            [
              770144.2300000001,
              6270721.08
            ],
            [
              770146.3300000001,
              6270719.879999999
            ],
            [
              770147.8300000001,
              6270718.98
            ],
            [
              770149.6300000001,
              6270717.779999999
            ],
            [
              770151.43,
              6270716.58
            ],
            [
              770152.03,
              6270716.279999999
            ],
            [
              770153.53,
              6270715.379999999
            ],
            [
              770154.1300000001,
              6270715.08
            ],
            [
              770156.8300000001,
              6270713.279999999
            ],
            [
              770158.03,
              6270712.68
            ],
            [
              770159.8300000001,
              6270711.48
            ],
            [
              770161.03,
              6270710.879999999
            ],
            [
              770163.1300000001,
              6270709.379999999
            ],
            [
              770163.7300000001,
              6270709.08
            ],
            [
              770164.3300000001,
              6270708.779999999
            ],
            [
              770165.53,
              6270707.879999999
            ],
            [
              770167.3300000001,
              6270706.68
            ],
            [
              770167.93,
              6270706.379999999
            ],
            [
              770170.6300000001,
              6270704.879999999
            ],
            [
              770173.03,
              6270703.379999999
            ],
            [
              770173.6300000001,
              6270703.08
            ],
            [
              770177.2300000001,
              6270701.279999999
            ],
            [
              770180.53,
              6270698.879999999
            ],
            [
              770181.1300000001,
              6270698.279999999
            ],
            [
              770181.7300000001,
              6270697.68
            ],
            [
              770181.43,
              6270697.379999999
            ],
            [
              770181.1300000001,
              6270697.379999999
            ],
            [
              770179.3300000001,
              6270698.279999999
            ],
            [
              770177.2300000001,
              6270699.779999999
            ],
            [
              770176.6300000001,
              6270700.08
            ],
            [
              770175.7300000001,
              6270700.68
            ],
            [
              770174.8300000001,
              6270701.279999999
            ],
            [
              770173.3300000001,
              6270702.18
            ],
            [
              770172.43,
              6270702.779999999
            ],
            [
              770170.6300000001,
              6270703.68
            ],
            [
              770168.8300000001,
              6270704.879999999
            ],
            [
              770167.3300000001,
              6270705.779999999
            ],
            [
              770164.93,
              6270707.279999999
            ],
            [
              770164.03,
              6270707.879999999
            ],
            [
              770162.53,
              6270708.779999999
            ],
            [
              770161.93,
              6270709.08
            ],
            [
              770161.3300000001,
              6270709.379999999
            ],
            [
              770160.7300000001,
              6270709.68
            ],
            [
              770159.53,
              6270710.279999999
            ],
            [
              770157.7300000001,
              6270711.48
            ],
            [
              770156.53,
              6270712.379999999
            ],
            [
              770155.03,
              6270713.279999999
            ],
            [
              770153.53,
              6270714.18
            ],
            [
              770152.3300000001,
              6270714.779999999
            ],
            [
              770151.1300000001,
              6270715.68
            ],
            [
              770150.2300000001,
              6270716.279999999
            ],
            [
              770148.7300000001,
              6270717.18
            ],
            [
              770147.2300000001,
              6270718.08
            ],
            [
              770146.6300000001,
              6270718.379999999
            ],
            [
              770145.7300000001,
              6270718.98
            ],
            [
              770144.2300000001,
              6270719.879999999
            ],
            [
              770143.6300000001,
              6270720.18
            ],
            [
              770142.1300000001,
              6270721.08
            ],
            [
              770140.3300000001,
              6270722.279999999
            ],
            [
              770139.43,
              6270722.879999999
            ],
            [
              770137.93,
              6270723.779999999
            ],
            [
              770137.03,
              6270724.379999999
            ],
            [
              770134.93,
              6270725.58
            ],
            [
              770132.53,
              6270727.08
            ],
            [
              770130.73,
              6270728.279999999
            ],
            [
              770129.53,
              6270728.879999999
            ],
            [
              770128.6300000001,
              6270729.48
            ],
            [
              770127.1300000001,
              6270730.379999999
            ],
            [
              770125.93,
              6270731.279999999
            ],
            [
              770124.43,
              6270732.18
            ],
            [
              770123.8300000001,
              6270732.48
            ],
            [
              770123.23,
              6270732.779999999
            ],
            [
              770121.73,
              6270733.68
            ],
            [
              770119.3300000001,
              6270735.18
            ]
          ]
        ]
      },
      "properties": {
        "row_id": -2280994,
        "n_voxels": 782
      }
    },
    {
      "type": "Feature",
      "geometry": {
        "type": "Polygon",
        "coordinates": [
          [
            [
              770121.1300000001,
              6270730.98
            ],
            [
              770119.3300000001,
              6270732.18
            ],
            [
              770118.43,
              6270732.779999999
            ],
            [
              770117.53,
              6270733.379999999
            ],
            [
              770116.03,
              6270734.279999999
            ],
            [
              770115.1300000001,
              6270734.879999999
            ],
            [
              770114.23,
              6270735.48
            ],
            [
              770114.23,
              6270736.08
            ],
            [
              770114.8300000001,
              6270736.08
            ],
            [
              770116.3300000001,
              6270735.48
            ],
            [
              770118.43,
              6270733.98
            ],
            [
              770119.3300000001,
              6270733.379999999
            ],
            [
              770122.03,
              6270731.879999999
            ],
            [
              770123.23,
              6270730.98
            ],
            [
              770124.1300000001,
              6270730.379999999
            ],
            [
              770125.6300000001,
              6270729.48
            ],
            [
              770126.8300000001,
              6270728.879999999
            ],
            [
              770127.73,
              6270728.279999999
            ],
            [
              770129.8300000001,
              6270727.08
            ],
            [
              770131.3300000001,
              6270726.18
            ],
            [
              770133.1300000001,
              6270724.98
            ],
            [
              770134.3300000001,
              6270724.379999999
            ],
            [
              770136.1300000001,
              6270723.18
            ],
            [
              770137.03,
              6270722.58
            ],
            [
              770138.53,
              6270721.68
            ],
            [
              770139.1300000001,
              6270721.379999999
            ],
            [
              770140.93,
              6270720.18
            ],
            [
              770142.43,
              6270719.279999999
            ],
            [
              770143.03,
              6270718.98
            ],
            [
              770143.6300000001,
              6270718.68
            ],
            [
              770145.1300000001,
              6270717.779999999
            ],
            [
              770146.93,
              6270716.58
            ],
            [
              770148.1300000001,
              6270715.98
            ],
            [
              770149.6300000001,
              6270714.779999999
            ],
            [
              770151.1300000001,
              6270713.879999999
            ],
            [
              770151.7300000001,
              6270713.58
            ],
            [
              770152.6300000001,
              6270712.98
            ],
            [
              770154.1300000001,
              6270712.08
            ],
            [
              770155.6300000001,
              6270711.18
            ],
            [
              770157.7300000001,
              6270709.98
            ],
            [
              770158.3300000001,
              6270709.68
            ],
            [
              770160.43,
              6270708.48
            ],
            [
              770164.03,
              6270706.08
            ],
            [
              770165.8300000001,
              6270704.879999999
            ],
            [
              770166.43,
              6270704.58
            ],
            [
              770168.2300000001,
              6270703.379999999
            ],
            [
              770169.7300000001,
              6270702.48
            ],
            [
              770170.6300000001,
              6270701.879999999
            ],
            [
              770171.53,
              6270701.279999999
            ],
            [
              770173.03,
              6270700.379999999
            ],
            [
              770174.8300000001,
              6270699.48
            ],
            [
              770176.6300000001,
              6270698.279999999
            ],
            [
              770179.03,
              6270696.779999999
            ],
            [
              770180.2300000001,
              6270695.879999999
            ],
            [
              770180.2300000001,
              6270695.58
            ],
            [
              770179.3300000001,
              6270695.58
            ],
            [
              770177.8300000001,
              6270696.48
            ],
            [
              770177.2300000001,
              6270696.779999999
            ],
            [
              770175.43,
              6270697.98
            ],
            [
              770174.8300000001,
              6270698.279999999
            ],
            [
              770173.03,
              6270699.18
            ],
            [
              770171.8300000001,
              6270700.08
            ],
            [
              770170.3300000001,
              6270700.98
            ],
            [
              770167.3300000001,
              6270702.779999999
            ],
            [
              770166.1300000001,
              6270703.68
            ],
            [
              770165.2300000001,
              6270704.279999999
            ],
            [
              770162.8300000001,
              6270705.779999999
            ],
            [
              770160.43,
              6270707.279999999
            ],
            [
              770159.8300000001,
              6270707.58
            ],
            [
              770158.93,
              6270708.18
            ],
            [
              770156.8300000001,
              6270709.379999999
            ],
            [
              770154.1300000001,
              6270710.879999999
            ],
            [
              770152.6300000001,
              6270711.779999999
            ],
            [
              770151.43,
              6270712.68
            ],
            [
              770149.6300000001,
              6270713.879999999
            ],
            [
              770149.03,
              6270714.18
            ],
            [
              770148.43,
              6270714.48
            ],
            [
              770146.6300000001,
              6270715.68
            ],
            [
              770146.03,
              6270715.98
            ],
            [
              770145.1300000001,
              6270716.58
            ],
            [
              770143.6300000001,
              6270717.48
            ],
            [
              770141.8300000001,
              6270718.68
            ],
            [
              770140.3300000001,
              6270719.58
            ],
            [
              770138.8300000001,
              6270720.48
            ],
            [
              770138.2300000001,
              6270720.779999999
            ],
            [
              770136.43,
              6270721.98
            ],
            [
              770135.23,
              6270722.58
            ],
            [
              770133.43,
              6270723.779999999
            ],
            [
              770132.8300000001,
              6270724.08
            ],
            [
              770131.03,
              6270725.279999999
            ],
            [
              770130.1300000001,
              6270725.879999999
            ],
            [
              770128.3300000001,
              6270726.779999999
            ],
            [
              770126.53,
              6270727.98
            ],
            [
              770125.93,
              6270728.279999999
            ],
            [
              770125.3300000001,
              6270728.58
            ],
            [
              770123.53,
              6270729.779999999
            ],
            [
              770122.3300000001,
              6270730.379999999
            ],
            [
              770121.1300000001,
              6270730.98
            ]
          ]
        ]
      },
      "properties": {
        "row_id": -2280993,
        "n_voxels": 734
      }
    },
    {
      "type": "Feature",
      "geometry": {
        "type": "Polygon",
        "coordinates": [
          [
            [
              770116.3300000001,
              6270731.279999999
            ],
            [
              770115.73,
              6270731.58
            ],
            [
              770115.1300000001,
              6270731.879999999
            ],
            [
              770113.6300000001,
              6270732.779999999
            ],
            [
              770113.03,
              6270733.08
            ],
            [
              770112.73,
              6270733.379999999
            ],
            [
              770112.73,
              6270733.98
            ],
            [
              770113.03,
              6270733.98
            ],
            [
              770113.3300000001,
              6270733.98
            ],
            [
              770114.53,
              6270733.379999999
            ],
            [
              770115.43,
              6270732.779999999
            ],
            [
              770117.53,
              6270731.58
            ],
            [
              770119.03,
              6270730.68
            ],
            [
              770119.6300000001,
              6270730.379999999
            ],
            [
              770120.23,
              6270730.08
            ],
            [
              770122.03,
              6270728.879999999
            ],
            [
              770122.6300000001,
              6270728.58
            ],
            [
              770124.43,
              6270727.379999999
            ],
            [
              770125.03,
              6270727.08
            ],
            [
              770126.8300000001,
              6270725.879999999
            ],
            [
              770127.73,
              6270725.279999999
            ],
            [
              770129.53,
              6270724.08
            ],
            [
              770130.1300000001,
              6270723.779999999
            ],
            [
              770131.6300000001,
              6270722.879999999
            ],
            [
              770134.03,
              6270721.379999999
            ],
            [
              770134.6300000001,
              6270721.08
            ],
            [
              770135.23,
              6270720.779999999
            ],
            [
              770135.8300000001,
              6270720.48
            ],
            [
              770136.43,
              6270720.18
            ],
            [
              770137.6300000001,
              6270719.279999999
            ],
            [
              770140.93,
              6270717.48
            ],
            [
              770141.8300000001,
              6270716.879999999
            ],
            [
              770143.3300000001,
              6270715.98
            ],
            [
              770145.1300000001,
              6270714.779999999
            ],
            [
              770146.03,
              6270714.18
            ],
            [
              770147.8300000001,
              6270713.279999999
            ],
            [
              770149.3300000001,
              6270712.08
            ],
            [
              770150.2300000001,
              6270711.48
            ],
            [
              770151.1300000001,
              6270710.879999999
            ],
            [
              770152.93,
              6270709.98
            ],
            [
              770153.8300000001,
              6270709.379999999
            ],
            [
              770155.6300000001,
              6270708.18
            ],
            [
              770157.1300000001,
              6270707.279999999
            ],
            [
              770158.03,
              6270706.68
            ],
            [
              770159.53,
              6270705.779999999
            ],
            [
              770160.1300000001,
              6270705.48
            ],
            [
              770161.03,
              6270704.879999999
            ],
            [
              770163.1300000001,
              6270703.68
            ],
            [
              770164.6300000001,
              6270702.779999999
            ],
            [
              770167.6300000001,
              6270701.279999999
            ],
            [
              770168.8300000001,
              6270700.379999999
            ],
            [
              770169.7300000001,
              6270699.779999999
            ],
            [
              770172.43,
              6270697.98
            ],
            [
              770173.03,
              6270697.68
            ],
            [
              770175.1300000001,
              6270696.18
            ],
            [
              770176.93,
              6270694.98
            ],
            [
              770177.8300000001,
              6270694.379999999
            ],
            [
              770178.7300000001,
              6270693.48
            ],
            [
              770178.1300000001,
              6270693.48
            ],
            [
              770176.6300000001,
              6270694.08
            ],
            [
              770174.8300000001,
              6270695.279999999
            ],
            [
              770173.3300000001,
              6270696.48
            ],
            [
              770171.8300000001,
              6270697.379999999
            ],
            [
              770171.2300000001,
              6270697.68
            ],
            [
              770170.3300000001,
              6270698.279999999
            ],
            [
              770168.8300000001,
              6270699.18
            ],
            [
              770167.93,
              6270699.779999999
            ],
            [
              770166.43,
              6270700.68
            ],
            [
              770165.2300000001,
              6270701.279999999
            ],
            [
              770163.43,
              6270702.48
            ],
            [
              770161.6300000001,
              6270703.379999999
            ],
            [
              770159.53,
              6270704.879999999
            ],
            [
              770158.03,
              6270705.779999999
            ],
            [
              770157.43,
              6270706.08
            ],
            [
              770155.6300000001,
              6270707.279999999
            ],
            [
              770153.53,
              6270708.48
            ],
            [
              770152.03,
              6270709.379999999
            ],
            [
              770151.43,
              6270709.68
            ],
            [
              770149.03,
              6270711.18
            ],
            [
              770147.53,
              6270712.08
            ],
            [
              770145.43,
              6270713.58
            ],
            [
              770143.6300000001,
              6270714.48
            ],
            [
              770141.8300000001,
              6270715.68
            ],
            [
              770141.2300000001,
              6270715.98
            ],
            [
              770139.43,
              6270717.18
            ],
            [
              770137.3300000001,
              6270718.379999999
            ],
            [
              770135.8300000001,
              6270719.279999999
            ],
            [
              770134.03,
              6270720.48
            ],
            [
              770131.6300000001,
              6270721.98
            ],
            [
              770131.03,
              6270722.279999999
            ],
            [
              770129.8300000001,
              6270722.879999999
            ],
            [
              770127.43,
              6270724.68
            ],
            [
              770126.8300000001,
              6270724.98
            ],
            [
              770126.23,
              6270725.279999999
            ],
            [
              770125.03,
              6270725.879999999
            ],
            [
              770124.43,
              6270726.18
            ],
            [
              770122.03,
              6270727.68
            ],
            [
              770120.53,
              6270728.58
            ],
            [
              770119.03,
              6270729.48
            ],
            [
              770117.8300000001,
              6270730.379999999
            ],
            [
              770116.3300000001,
              6270731.279999999
            ]
          ]
        ]
      },
      "properties": {
        "row_id": -2280992,
        "n_voxels": 736
      }
    },
    {
      "type": "Feature",
      "geometry": {
        "type": "Polygon",
        "coordinates": [
          [
            [
              770117.8300000001,
              6270727.379999999
            ],
            [
              770116.6300000001,
              6270727.98
            ],
            [
              770115.1300000001,
              6270728.879999999
            ],
            [
              770113.93,
              6270729.779999999
            ],
            [
              770112.1300000001,
              6270730.98
            ],
            [
              770111.53,
              6270731.279999999
            ],
            [
              770111.8300000001,
              6270731.879999999
            ],
            [
              770112.1300000001,
              6270731.879999999
            ],
            [
              770113.3300000001,
              6270731.279999999
            ],
            [
              770115.1300000001,
              6270730.08
            ],
            [
              770116.6300000001,
              6270729.18
            ],
            [
              770117.23,
              6270728.879999999
            ],
            [
              770119.03,
              6270727.68
            ],
            [
              770120.23,
              6270726.779999999
            ],
            [
              770121.73,
              6270725.879999999
            ],
            [
              770122.3300000001,
              6270725.58
            ],
            [
              770122.93,
              6270725.279999999
            ],
            [
              770124.43,
              6270724.379999999
            ],
            [
              770125.93,
              6270723.48
            ],
            [
              770128.03,
              6270722.279999999
            ],
            [
              770130.43,
              6270720.779999999
            ],
            [
              770131.6300000001,
              6270720.18
            ],
            [
              770132.53,
              6270719.58
            ],
            [
              770134.3300000001,
              6270718.379999999
            ],
            [
              770134.93,
              6270718.08
            ],
            [
              770136.1300000001,
              6270717.18
            ],
            [
              770137.6300000001,
              6270716.279999999
            ],
            [
              770138.2300000001,
              6270715.98
            ],
            [
              770139.7300000001,
              6270715.08
            ],
            [
              770140.6300000001,
              6270714.48
            ],
            [
              770141.53,
              6270713.879999999
            ],
            [
              770143.03,
              6270712.98
            ],
            [
              770143.93,
              6270712.379999999
            ],
            [
              770145.43,
              6270711.48
            ],
            [
              770146.03,
              6270711.18
            ],
            [
              770147.53,
              6270710.279999999
            ],
            [
              770150.53,
              6270708.48
            ],
            [
              770152.03,
              6270707.58
            ],
            [
              770155.3300000001,
              6270705.48
            ],
            [
              770156.53,
              6270704.58
            ],
            [
              770159.8300000001,
              6270702.779999999
            ],
            [
              770161.93,
              6270701.279999999
            ],
            [
              770163.7300000001,
              6270700.379999999
            ],
            [
              770166.43,
              6270698.879999999
            ],
            [
              770169.7300000001,
              6270696.779999999
            ],
            [
              770172.7300000001,
              6270694.68
            ],
            [
              770173.3300000001,
              6270694.379999999
            ],
            [
              770173.93,
              6270694.08
            ],
            [
              770174.53,
              6270693.779999999
            ],
            [
              770175.43,
              6270693.18
            ],
            [
              770176.3300000001,
              6270692.58
            ],
            [
              770177.2300000001,
              6270691.98
            ],
            [
              770177.53,
              6270691.68
            ],
            [
              770177.53,
              6270691.379999999
            ],
            [
              770176.6300000001,
              6270691.379999999
            ],
            [
              770176.03,
              6270691.68
            ],
            [
              770175.43,
              6270691.98
            ],
            [
              770173.3300000001,
              6270693.48
            ],
            [
              770170.93,
              6270694.98
            ],
            [
              770168.8300000001,
              6270696.18
            ],
            [
              770168.2300000001,
              6270696.48
            ],
            [
              770167.03,
              6270697.379999999
            ],
            [
              770164.3300000001,
              6270698.879999999
            ],
            [
              770162.8300000001,
              6270699.779999999
            ],
            [
              770162.2300000001,
              6270700.08
            ],
            [
              770161.3300000001,
              6270700.68
            ],
            [
              770159.2300000001,
              6270701.879999999
            ],
            [
              770158.3300000001,
              6270702.48
            ],
            [
              770157.1300000001,
              6270703.379999999
            ],
            [
              770155.3300000001,
              6270704.58
            ],
            [
              770154.1300000001,
              6270705.18
            ],
            [
              770152.93,
              6270705.779999999
            ],
            [
              770151.43,
              6270706.98
            ],
            [
              770150.53,
              6270707.58
            ],
            [
              770149.93,
              6270707.879999999
            ],
            [
              770148.7300000001,
              6270708.48
            ],
            [
              770148.1300000001,
              6270708.779999999
            ],
            [
              770146.3300000001,
              6270709.98
            ],
            [
              770145.7300000001,
              6270710.279999999
            ],
            [
              770145.1300000001,
              6270710.58
            ],
            [
              770143.93,
              6270711.18
            ],
            [
              770142.43,
              6270712.379999999
            ],
            [
              770140.03,
              6270713.58
            ],
            [
              770138.8300000001,
              6270714.48
            ],
            [
              770137.03,
              6270715.68
            ],
            [
              770136.43,
              6270715.98
            ],
            [
              770134.93,
              6270716.879999999
            ],
            [
              770133.43,
              6270717.779999999
            ],
            [
              770132.53,
              6270718.379999999
            ],
            [
              770130.73,
              6270719.279999999
            ],
            [
              770129.53,
              6270720.18
            ],
            [
              770128.6300000001,
              6270720.779999999
            ],
            [
              770126.8300000001,
              6270721.98
            ],
            [
              770126.23,
              6270722.279999999
            ],
            [
              770125.6300000001,
              6270722.58
            ],
            [
              770124.43,
              6270723.18
            ],
            [
              770122.6300000001,
              6270724.379999999
            ],
            [
              770120.8300000001,
              6270725.58
            ],
            [
              770120.23,
              6270725.879999999
            ],
            [
              770118.43,
              6270727.08
            ],
            [
              770117.8300000001,
              6270727.379999999
            ]
          ]
        ]
      },
      "properties": {
        "row_id": -2280991,
        "n_voxels": 720
      }
    },
    {
      "type": "Feature",
      "geometry": {
        "type": "Polygon",
        "coordinates": [
          [
            [
              770113.3300000001,
              6270727.379999999
            ],
            [
              770111.8300000001,
              6270728.279999999
            ],
            [
              770110.3300000001,
              6270729.18
            ],
            [
              770110.03,
              6270729.48
            ],
            [
              770110.03,
              6270729.779999999
            ],
            [
              770111.23,
              6270729.779999999
            ],
            [
              770112.43,
              6270729.18
            ],
            [
              770113.03,
              6270728.879999999
            ],
            [
              770115.1300000001,
              6270727.379999999
            ],
            [
              770116.93,
              6270726.18
            ],
            [
              770117.53,
              6270725.879999999
            ],
            [
              770118.43,
              6270725.279999999
            ],
            [
              770119.93,
              6270724.379999999
            ],
            [
              770122.03,
              6270723.18
            ],
            [
              770122.93,
              6270722.58
            ],
            [
              770124.1300000001,
              6270721.68
            ],
            [
              770125.6300000001,
              6270720.779999999
            ],
            [
              770127.1300000001,
              6270719.879999999
            ],
            [
              770128.6300000001,
              6270718.98
            ],
            [
              770129.53,
              6270718.379999999
            ],
            [
              770131.03,
              6270717.48
            ],
            [
              770133.1300000001,
              6270716.279999999
            ],
            [
              770134.03,
              6270715.68
            ],
            [
              770135.8300000001,
              6270714.779999999
            ],
            [
              770137.03,
              6270713.879999999
            ],
            [
              770137.93,
              6270713.279999999
            ],
            [
              770138.8300000001,
              6270712.68
            ],
            [
              770140.3300000001,
              6270711.779999999
            ],
            [
              770140.93,
              6270711.48
            ],
            [
              770142.7300000001,
              6270710.279999999
            ],
            [
              770143.3300000001,
              6270709.98
            ],
            [
              770144.2300000001,
              6270709.379999999
            ],
            [
              770145.7300000001,
              6270708.48
            ],
            [
              770147.8300000001,
              6270707.279999999
            ],
            [
              770148.7300000001,
              6270706.68
            ],
            [
              770151.1300000001,
              6270705.18
            ],
            [
              770152.6300000001,
              6270704.279999999
            ],
            [
              770154.1300000001,
              6270703.379999999
            ],
            [
              770156.53,
              6270702.18
            ],
            [
              770159.2300000001,
              6270700.08
            ],
            [
              770159.8300000001,
              6270699.779999999
            ],
            [
              770161.3300000001,
              6270699.18
            ],
            [
              770163.43,
              6270697.68
            ],
            [
              770165.53,
              6270696.18
            ],
            [
              770166.1300000001,
              6270695.879999999
            ],
            [
              770167.03,
              6270695.279999999
            ],
            [
              770168.53,
              6270694.379999999
            ],
            [
              770170.03,
              6270693.48
            ],
            [
              770171.8300000001,
              6270692.279999999
            ],
            [
              770173.6300000001,
              6270691.379999999
            ],
            [
              770175.7300000001,
              6270689.879999999
            ],
            [
              770176.03,
              6270689.58
            ],
            [
              770176.03,
              6270689.279999999
            ],
            [
              770175.7300000001,
              6270688.98
            ],
            [
              770175.43,
              6270688.98
            ],
            [
              770174.2300000001,
              6270689.58
            ],
            [
              770173.3300000001,
              6270690.18
            ],
            [
              770172.1300000001,
              6270691.08
            ],
            [
              770170.6300000001,
              6270691.98
            ],
            [
              770169.1300000001,
              6270692.879999999
            ],
            [
              770168.2300000001,
              6270693.48
            ],
            [
              770166.1300000001,
              6270694.68
            ],
            [
              770164.93,
              6270695.58
            ],
            [
              770162.8300000001,
              6270696.779999999
            ],
            [
              770161.6300000001,
              6270697.68
            ],
            [
              770159.8300000001,
              6270698.879999999
            ],
            [
              770159.2300000001,
              6270699.18
            ],
            [
              770157.7300000001,
              6270700.08
            ],
            [
              770157.1300000001,
              6270700.379999999
            ],
            [
              770155.3300000001,
              6270701.58
            ],
            [
              770152.93,
              6270702.779999999
            ],
            [
              770151.1300000001,
              6270703.98
            ],
            [
              770149.3300000001,
              6270705.18
            ],
            [
              770148.43,
              6270705.779999999
            ],
            [
              770146.93,
              6270706.68
            ],
            [
              770145.43,
              6270707.58
            ],
            [
              770144.2300000001,
              6270708.18
            ],
            [
              770142.43,
              6270709.379999999
            ],
            [
              770140.6300000001,
              6270710.58
            ],
            [
              770139.1300000001,
              6270711.48
            ],
            [
              770137.93,
              6270712.08
            ],
            [
              770135.53,
              6270713.58
            ],
            [
              770134.03,
              6270714.48
            ],
            [
              770132.8300000001,
              6270715.379999999
            ],
            [
              770131.3300000001,
              6270716.279999999
            ],
            [
              770129.53,
              6270717.18
            ],
            [
              770128.93,
              6270717.48
            ],
            [
              770127.73,
              6270718.379999999
            ],
            [
              770126.8300000001,
              6270718.98
            ],
            [
              770125.3300000001,
              6270719.879999999
            ],
            [
              770123.23,
              6270721.08
            ],
            [
              770120.8300000001,
              6270722.58
            ],
            [
              770118.73,
              6270723.779999999
            ],
            [
              770117.8300000001,
              6270724.379999999
            ],
            [
              770116.93,
              6270724.98
            ],
            [
              770116.03,
              6270725.58
            ],
            [
              770114.23,
              6270726.779999999
            ],
            [
              770113.3300000001,
              6270727.379999999
            ]
          ]
        ]
      },
      "properties": {
        "row_id": -2280990,
        "n_voxels": 797
      }
    },
    {
      "type": "Feature",
      "geometry": {
        "type": "Polygon",
        "coordinates": [
          [
            [
              770113.93,
              6270723.779999999
            ],
            [
              770111.8300000001,
              6270725.279999999
            ],
            [
              770109.43,
              6270726.48
            ],
            [
              770109.1300000001,
              6270726.779999999
            ],
            [
              770108.8300000001,
              6270727.379999999
            ],
            [
              770109.1300000001,
              6270727.68
            ],
            [
              770109.73,
              6270727.68
            ],
            [
              770110.3300000001,
              6270727.379999999
            ],
            [
              770112.1300000001,
              6270726.18
            ],
            [
              770113.03,
              6270725.58
            ],
            [
              770113.93,
              6270724.98
            ],
            [
              770115.43,
              6270724.08
            ],
            [
              770116.6300000001,
              6270723.48
            ],
            [
              770118.1300000001,
              6270722.58
            ],
            [
              770119.93,
              6270721.379999999
            ],
            [
              770120.53,
              6270721.08
            ],
            [
              770121.73,
              6270720.18
            ],
            [
              770123.8300000001,
              6270718.98
            ],
            [
              770124.43,
              6270718.68
            ],
            [
              770125.03,
              6270718.379999999
            ],
            [
              770126.8300000001,
              6270717.18
            ],
            [
              770127.73,
              6270716.58
            ],
            [
              770128.6300000001,
              6270715.98
            ],
            [
              770130.1300000001,
              6270715.08
            ],
            [
              770132.23,
              6270713.879999999
            ],
            [
              770132.8300000001,
              6270713.58
            ],
            [
              770134.03,
              6270712.68
            ],
            [
              770136.1300000001,
              6270711.48
            ],
            [
              770137.93,
              6270710.279999999
            ],
            [
              770138.8300000001,
              6270709.68
            ],
            [
              770140.6300000001,
              6270708.779999999
            ],
            [
              770141.53,
              6270708.18
            ],
            [
              770142.43,
              6270707.58
            ],
            [
              770143.3300000001,
              6270706.98
            ],
            [
              770144.53,
              6270706.08
            ],
            [
              770146.93,
              6270704.879999999
            ],
            [
              770149.6300000001,
              6270703.08
            ],
            [
              770150.8300000001,
              6270702.48
            ],
            [
              770151.7300000001,
              6270701.879999999
            ],
            [
              770152.93,
              6270700.98
            ],
            [
              770154.43,
              6270700.08
            ],
            [
              770155.03,
              6270699.779999999
            ],
            [
              770157.7300000001,
              6270698.279999999
            ],
            [
              770160.7300000001,
              6270696.48
            ],
            [
              770161.6300000001,
              6270695.879999999
            ],
            [
              770163.7300000001,
              6270694.379999999
            ],
            [
              770164.6300000001,
              6270693.779999999
            ],
            [
              770166.1300000001,
              6270692.879999999
            ],
            [
              770167.03,
              6270692.279999999
            ],
            [
              770169.43,
              6270691.08
            ],
            [
              770170.3300000001,
              6270690.48
            ],
            [
              770173.03,
              6270688.68
            ],
            [
              770174.53,
              6270687.779999999
            ],
            [
              770175.1300000001,
              6270687.18
            ],
            [
              770175.1300000001,
              6270686.879999999
            ],
            [
              770174.2300000001,
              6270686.879999999
            ],
            [
              770172.43,
              6270688.08
            ],
            [
              770171.2300000001,
              6270688.98
            ],
            [
              770169.7300000001,
              6270689.879999999
            ],
            [
              770169.1300000001,
              6270690.18
            ],
            [
              770167.6300000001,
              6270691.08
            ],
            [
              770166.1300000001,
              6270691.98
            ],
            [
              770165.2300000001,
              6270692.58
            ],
            [
              770163.7300000001,
              6270693.48
            ],
            [
              770162.2300000001,
              6270694.379999999
            ],
            [
              770161.03,
              6270694.98
            ],
            [
              770159.53,
              6270696.18
            ],
            [
              770156.8300000001,
              6270697.68
            ],
            [
              770156.2300000001,
              6270697.98
            ],
            [
              770155.6300000001,
              6270698.279999999
            ],
            [
              770154.43,
              6270699.18
            ],
            [
              770152.93,
              6270700.08
            ],
            [
              770151.1300000001,
              6270701.279999999
            ],
            [
              770149.6300000001,
              6270702.18
            ],
            [
              770147.53,
              6270703.379999999
            ],
            [
              770146.03,
              6270704.279999999
            ],
            [
              770144.2300000001,
              6270705.48
            ],
            [
              770142.7300000001,
              6270706.379999999
            ],
            [
              770141.2300000001,
              6270707.279999999
            ],
            [
              770139.7300000001,
              6270708.18
            ],
            [
              770137.6300000001,
              6270709.379999999
            ],
            [
              770135.53,
              6270710.879999999
            ],
            [
              770134.3300000001,
              6270711.48
            ],
            [
              770131.93,
              6270712.98
            ],
            [
              770131.3300000001,
              6270713.279999999
            ],
            [
              770130.1300000001,
              6270714.18
            ],
            [
              770128.6300000001,
              6270715.08
            ],
            [
              770125.93,
              6270716.58
            ],
            [
              770124.1300000001,
              6270717.48
            ],
            [
              770122.93,
              6270718.379999999
            ],
            [
              770122.03,
              6270718.98
            ],
            [
              770121.1300000001,
              6270719.58
            ],
            [
              770119.6300000001,
              6270720.48
            ],
            [
              770117.8300000001,
              6270721.68
            ],
            [
              770117.23,
              6270721.98
            ],
            [
              770116.6300000001,
              6270722.279999999
            ],
            [
              770115.73,
              6270722.879999999
            ],
            [
              770113.93,
              6270723.779999999
            ]
          ]
        ]
      },
      "properties": {
        "row_id": -2280989,
        "n_voxels": 682
      }
    },
    {
      "type": "Feature",
      "geometry": {
        "type": "Polygon",
        "coordinates": [
          [
            [
              770114.53,
              6270720.48
            ],
            [
              770111.53,
              6270722.58
            ],
            [
              770110.6300000001,
              6270723.18
            ],
            [
              770108.8300000001,
              6270724.08
            ],
            [
              770107.6300000001,
              6270724.68
            ],
            [
              770107.6300000001,
              6270724.98
            ],
            [
              770107.93,
              6270725.279999999
            ],
            [
              770108.8300000001,
              6270725.279999999
            ],
            [
              770109.73,
              6270724.98
            ],
            [
              770111.53,
              6270723.779999999
            ],
            [
              770114.53,
              6270721.68
            ],
            [
              770115.1300000001,
              6270721.379999999
            ],
            [
              770115.73,
              6270721.08
            ],
            [
              770116.6300000001,
              6270720.48
            ],
            [
              770117.53,
              6270719.879999999
            ],
            [
              770119.3300000001,
              6270718.68
            ],
            [
              770119.93,
              6270718.379999999
            ],
            [
              770121.43,
              6270717.48
            ],
            [
              770122.6300000001,
              6270716.879999999
            ],
            [
              770123.8300000001,
              6270715.98
            ],
            [
              770125.3300000001,
              6270715.08
            ],
            [
              770126.23,
              6270714.48
            ],
            [
              770127.73,
              6270713.58
            ],
            [
              770129.8300000001,
              6270712.08
            ],
            [
              770130.43,
              6270711.779999999
            ],
            [
              770131.93,
              6270710.879999999
            ],
            [
              770133.43,
              6270709.98
            ],
            [
              770134.93,
              6270709.08
            ],
            [
              770136.43,
              6270708.18
            ],
            [
              770138.2300000001,
              6270706.98
            ],
            [
              770140.3300000001,
              6270706.08
            ],
            [
              770141.53,
              6270705.18
            ],
            [
              770143.93,
              6270703.68
            ],
            [
              770145.1300000001,
              6270702.779999999
            ],
            [
              770146.93,
              6270701.58
            ],
            [
              770146.3300000001,
              6270701.879999999
            ],
            [
              770147.53,
              6270701.279999999
            ],
            [
              770148.1300000001,
              6270700.98
            ],
            [
              770148.7300000001,
              6270700.68
            ],
            [
              770150.2300000001,
              6270699.779999999
            ],
            [
              770151.1300000001,
              6270699.18
            ],
            [
              770152.6300000001,
              6270698.279999999
            ],
            [
              770154.43,
              6270697.08
            ],
            [
              770155.03,
              6270696.779999999
            ],
            [
              770156.2300000001,
              6270695.879999999
            ],
            [
              770158.93,
              6270694.379999999
            ],
            [
              770160.1300000001,
              6270693.779999999
            ],
            [
              770161.93,
              6270692.58
            ],
            [
              770163.43,
              6270691.68
            ],
            [
              770165.2300000001,
              6270690.779999999
            ],
            [
              770166.7300000001,
              6270689.879999999
            ],
            [
              770168.2300000001,
              6270688.68
            ],
            [
              770170.6300000001,
              6270687.48
            ],
            [
              770172.1300000001,
              6270686.279999999
            ],
            [
              770173.6300000001,
              6270685.379999999
            ],
            [
              770173.93,
              6270685.08
            ],
            [
              770173.6300000001,
              6270684.779999999
            ],
            [
              770173.3300000001,
              6270684.779999999
            ],
            [
              770171.2300000001,
              6270685.68
            ],
            [
              770169.7300000001,
              6270686.879999999
            ],
            [
              770168.2300000001,
              6270687.779999999
            ],
            [
              770167.03,
              6270688.379999999
            ],
            [
              770166.43,
              6270688.68
            ],
            [
              770164.6300000001,
              6270689.879999999
            ],
            [
              770164.03,
              6270690.18
            ],
            [
              770162.2300000001,
              6270691.379999999
            ],
            [
              770161.6300000001,
              6270691.68
            ],
            [
              770160.1300000001,
              6270692.58
            ],
            [
              770159.2300000001,
              6270693.18
            ],
            [
              770157.1300000001,
              6270694.68
            ],
            [
              770155.93,
              6270695.279999999
            ],
            [
              770155.3300000001,
              6270695.58
            ],
            [
              770153.8300000001,
              6270696.48
            ],
            [
              770152.03,
              6270697.68
            ],
            [
              770151.43,
              6270697.98
            ],
            [
              770150.8300000001,
              6270698.279999999
            ],
            [
              770148.1300000001,
              6270700.08
            ],
            [
              770146.93,
              6270700.68
            ],
            [
              770146.03,
              6270701.279999999
            ],
            [
              770144.53,
              6270702.18
            ],
            [
              770143.6300000001,
              6270702.779999999
            ],
            [
              770141.8300000001,
              6270703.98
            ],
            [
              770141.2300000001,
              6270704.279999999
            ],
            [
              770140.03,
              6270704.879999999
            ],
            [
              770138.8300000001,
              6270705.779999999
            ],
            [
              770136.43,
              6270707.279999999
            ],
            [
              770135.8300000001,
              6270707.58
            ],
            [
              770134.3300000001,
              6270708.48
            ],
            [
              770132.23,
              6270709.68
            ],
            [
              770130.73,
              6270710.58
            ],
            [
              770129.8300000001,
              6270711.18
            ],
            [
              770128.6300000001,
              6270712.08
            ],
            [
              770126.23,
              6270713.279999999
            ],
            [
              770125.03,
              6270714.18
            ],
            [
              770123.53,
              6270715.08
            ],
            [
              770121.73,
              6270715.98
            ],
            [
              770119.3300000001,
              6270717.48
            ],
            [
              770117.8300000001,
              6270718.379999999
            ],
            [
              770115.1300000001,
              6270720.18
            ],
            [
              770114.53,
              6270720.48
            ]
          ]
        ]
      },
      "properties": {
        "row_id": -2280988,
        "n_voxels": 715
      }
    },
    {
      "type": "Feature",
      "geometry": {
        "type": "Polygon",
        "coordinates": [
          [
            [
              770112.43,
              6270718.98
            ],
            [
              770110.3300000001,
              6270720.18
            ],
            [
              770109.43,
              6270720.779999999
            ],
            [
              770107.6300000001,
              6270721.98
            ],
            [
              770106.73,
              6270722.58
            ],
            [
              770106.43,
              6270722.879999999
            ],
            [
              770106.43,
              6270723.48
            ],
            [
              770107.03,
              6270723.48
            ],
            [
              770108.23,
              6270722.879999999
            ],
            [
              770109.43,
              6270721.98
            ],
            [
              770111.23,
              6270720.779999999
            ],
            [
              770112.73,
              6270719.879999999
            ],
            [
              770113.93,
              6270719.279999999
            ],
            [
              770115.73,
              6270718.08
            ],
            [
              770116.93,
              6270717.18
            ],
            [
              770118.43,
              6270716.279999999
            ],
            [
              770119.03,
              6270715.98
            ],
            [
              770120.8300000001,
              6270714.779999999
            ],
            [
              770121.73,
              6270714.18
            ],
            [
              770123.23,
              6270713.279999999
            ],
            [
              770125.3300000001,
              6270712.08
            ],
            [
              770126.23,
              6270711.48
            ],
            [
              770127.73,
              6270710.58
            ],
            [
              770129.23,
              6270709.68
            ],
            [
              770130.73,
              6270709.08
            ],
            [
              770132.8300000001,
              6270707.58
            ],
            [
              770134.3300000001,
              6270706.68
            ],
            [
              770135.53,
              6270705.779999999
            ],
            [
              770137.03,
              6270704.879999999
            ],
            [
              770138.2300000001,
              6270704.279999999
            ],
            [
              770138.8300000001,
              6270703.98
            ],
            [
              770140.03,
              6270703.379999999
            ],
            [
              770142.43,
              6270701.58
            ],
            [
              770145.7300000001,
              6270699.779999999
            ],
            [
              770147.2300000001,
              6270698.879999999
            ],
            [
              770148.7300000001,
              6270697.68
            ],
            [
              770150.2300000001,
              6270696.779999999
            ],
            [
              770152.93,
              6270695.279999999
            ],
            [
              770155.3300000001,
              6270693.779999999
            ],
            [
              770157.1300000001,
              6270692.58
            ],
            [
              770158.6300000001,
              6270691.68
            ],
            [
              770160.1300000001,
              6270690.779999999
            ],
            [
              770160.7300000001,
              6270690.48
            ],
            [
              770163.7300000001,
              6270688.68
            ],
            [
              770165.53,
              6270687.48
            ],
            [
              770166.7300000001,
              6270686.879999999
            ],
            [
              770170.3300000001,
              6270684.779999999
            ],
            [
              770172.1300000001,
              6270683.279999999
            ],
            [
              770172.43,
              6270682.68
            ],
            [
              770171.53,
              6270682.68
            ],
            [
              770169.7300000001,
              6270683.879999999
            ],
            [
              770166.43,
              6270685.98
            ],
            [
              770165.8300000001,
              6270686.279999999
            ],
            [
              770164.3300000001,
              6270687.18
            ],
            [
              770163.7300000001,
              6270687.48
            ],
            [
              770163.1300000001,
              6270687.779999999
            ],
            [
              770160.43,
              6270689.58
            ],
            [
              770159.8300000001,
              6270689.879999999
            ],
            [
              770158.3300000001,
              6270690.779999999
            ],
            [
              770157.43,
              6270691.379999999
            ],
            [
              770154.7300000001,
              6270693.18
            ],
            [
              770153.53,
              6270693.779999999
            ],
            [
              770149.6300000001,
              6270696.18
            ],
            [
              770148.7300000001,
              6270696.779999999
            ],
            [
              770146.93,
              6270697.98
            ],
            [
              770145.7300000001,
              6270698.58
            ],
            [
              770145.1300000001,
              6270698.879999999
            ],
            [
              770143.03,
              6270700.379999999
            ],
            [
              770142.43,
              6270700.68
            ],
            [
              770140.93,
              6270701.58
            ],
            [
              770139.43,
              6270702.48
            ],
            [
              770138.8300000001,
              6270702.779999999
            ],
            [
              770137.93,
              6270703.379999999
            ],
            [
              770135.23,
              6270705.18
            ],
            [
              770134.6300000001,
              6270705.48
            ],
            [
              770133.1300000001,
              6270706.379999999
            ],
            [
              770132.23,
              6270706.98
            ],
            [
              770129.23,
              6270708.48
            ],
            [
              770128.03,
              6270709.379999999
            ],
            [
              770127.1300000001,
              6270709.98
            ],
            [
              770125.3300000001,
              6270711.18
            ],
            [
              770124.43,
              6270711.779999999
            ],
            [
              770122.3300000001,
              6270712.98
            ],
            [
              770120.53,
              6270713.58
            ],
            [
              770119.03,
              6270714.779999999
            ],
            [
              770117.23,
              6270715.98
            ],
            [
              770115.73,
              6270716.879999999
            ],
            [
              770114.53,
              6270717.48
            ],
            [
              770113.6300000001,
              6270718.08
            ],
            [
              770112.43,
              6270718.98
            ]
          ]
        ]
      },
      "properties": {
        "row_id": -2280987,
        "n_voxels": 639
      }
    },
    {
      "type": "Feature",
      "geometry": {
        "type": "Polygon",
        "coordinates": [
          [
            [
              770109.1300000001,
              6270718.08
            ],
            [
              770106.43,
              6270719.58
            ],
            [
              770105.8300000001,
              6270720.48
            ],
            [
              770105.8300000001,
              6270720.779999999
            ],
            [
              770106.43,
              6270720.779999999
            ],
            [
              770107.3300000001,
              6270720.18
            ],
            [
              770109.73,
              6270718.68
            ],
            [
              770111.53,
              6270717.48
            ],
            [
              770112.1300000001,
              6270717.18
            ],
            [
              770113.93,
              6270716.279999999
            ],
            [
              770116.03,
              6270714.779999999
            ],
            [
              770118.1300000001,
              6270713.58
            ],
            [
              770121.43,
              6270711.779999999
            ],
            [
              770122.93,
              6270710.879999999
            ],
            [
              770124.43,
              6270709.68
            ],
            [
              770125.3300000001,
              6270709.08
            ],
            [
              770126.23,
              6270708.48
            ],
            [
              770128.3300000001,
              6270707.279999999
            ],
            [
              770129.53,
              6270706.68
            ],
            [
              770131.6300000001,
              6270705.48
            ],
            [
              770134.03,
              6270703.98
            ],
            [
              770136.7300000001,
              6270702.18
            ],
            [
              770138.2300000001,
              6270701.279999999
            ],
            [
              770139.1300000001,
              6270700.68
            ],
            [
              770140.03,
              6270700.08
            ],
            [
              770140.93,
              6270699.48
            ],
            [
              770142.43,
              6270698.58
            ],
            [
              770143.3300000001,
              6270697.98
            ],
            [
              770144.8300000001,
              6270697.08
            ],
            [
              770145.43,
              6270696.779999999
            ],
            [
              770147.53,
              6270695.58
            ],
            [
              770149.3300000001,
              6270694.379999999
            ],
            [
              770149.93,
              6270694.08
            ],
            [
              770151.7300000001,
              6270692.879999999
            ],
            [
              770152.93,
              6270692.279999999
            ],
            [
              770154.1300000001,
              6270691.379999999
            ],
            [
              770155.6300000001,
              6270690.48
            ],
            [
              770156.8300000001,
              6270689.879999999
            ],
            [
              770158.03,
              6270688.98
            ],
            [
              770159.53,
              6270688.08
            ],
            [
              770161.6300000001,
              6270686.879999999
            ],
            [
              770163.1300000001,
              6270685.98
            ],
            [
              770163.7300000001,
              6270685.68
            ],
            [
              770165.53,
              6270684.48
            ],
            [
              770168.53,
              6270682.68
            ],
            [
              770170.03,
              6270681.779999999
            ],
            [
              770170.93,
              6270681.18
            ],
            [
              770170.93,
              6270680.58
            ],
            [
              770170.3300000001,
              6270680.58
            ],
            [
              770169.1300000001,
              6270681.18
            ],
            [
              770168.2300000001,
              6270681.779999999
            ],
            [
              770166.43,
              6270682.98
            ],
            [
              770165.8300000001,
              6270683.279999999
            ],
            [
              770165.2300000001,
              6270683.58
            ],
            [
              770163.7300000001,
              6270684.48
            ],
            [
              770161.3300000001,
              6270685.68
            ],
            [
              770159.53,
              6270686.879999999
            ],
            [
              770158.3300000001,
              6270687.779999999
            ],
            [
              770156.8300000001,
              6270688.68
            ],
            [
              770154.7300000001,
              6270690.18
            ],
            [
              770154.1300000001,
              6270690.48
            ],
            [
              770152.03,
              6270691.68
            ],
            [
              770151.43,
              6270691.98
            ],
            [
              770149.6300000001,
              6270693.18
            ],
            [
              770148.1300000001,
              6270694.08
            ],
            [
              770147.53,
              6270694.379999999
            ],
            [
              770146.03,
              6270695.279999999
            ],
            [
              770145.1300000001,
              6270695.879999999
            ],
            [
              770143.3300000001,
              6270697.08
            ],
            [
              770142.7300000001,
              6270697.379999999
            ],
            [
              770140.6300000001,
              6270698.58
            ],
            [
              770138.8300000001,
              6270699.779999999
            ],
            [
              770138.2300000001,
              6270700.08
            ],
            [
              770136.43,
              6270701.279999999
            ],
            [
              770134.3300000001,
              6270702.48
            ],
            [
              770132.23,
              6270703.68
            ],
            [
              770131.3300000001,
              6270704.279999999
            ],
            [
              770129.53,
              6270705.48
            ],
            [
              770128.93,
              6270705.779999999
            ],
            [
              770128.03,
              6270706.379999999
            ],
            [
              770127.1300000001,
              6270706.98
            ],
            [
              770125.6300000001,
              6270707.879999999
            ],
            [
              770124.1300000001,
              6270708.779999999
            ],
            [
              770122.6300000001,
              6270709.68
            ],
            [
              770122.03,
              6270709.98
            ],
            [
              770119.93,
              6270711.48
            ],
            [
              770119.3300000001,
              6270711.779999999
            ],
            [
              770118.73,
              6270712.08
            ],
            [
              770117.53,
              6270712.68
            ],
            [
              770116.3300000001,
              6270713.58
            ],
            [
              770115.1300000001,
              6270714.48
            ],
            [
              770113.6300000001,
              6270715.379999999
            ],
            [
              770112.43,
              6270715.98
            ],
            [
              770110.93,
              6270716.879999999
            ],
            [
              770110.03,
              6270717.48
            ],
            [
              770109.1300000001,
              6270718.08
            ]
          ]
        ]
      },
      "properties": {
        "row_id": -2280986,
        "n_voxels": 753
      }
    }
  ]
}