x,y,count,cluster
770170.3300000001,6270680.58,2,
770170.6300000001,6270680.58,2,
770170.93,6270680.58,3,
770170.03,6270680.879999999,1,
770170.3300000001,6270680.879999999,6,
770170.6300000001,6270680.879999999,5,
770170.93,6270680.879999999,3,
770169.1300000001,6270681.18,2,
770169.43,6270681.18,1,
770169.7300000001,6270681.18,4,
770170.03,6270681.18,6,
770170.3300000001,6270681.18,2,
770170.6300000001,6270681.18,6,
770170.93,6270681.18,3,
770168.8300000001,6270681.48,3,
770169.1300000001,6270681.48,3,
770169.43,6270681.48,4,
770169.7300000001,6270681.48,4,
770170.03,6270681.48,3,
770170.3300000001,6270681.48,2,
770168.2300000001,6270681.779999999,2,
770168.53,6270681.779999999,1,
770168.8300000001,6270681.779999999,6,
770169.1300000001,6270681.779999999,5,
770169.43,6270681.779999999,3,
770169.7300000001,6270681.779999999,3,
770170.03,6270681.779999999,1,
770167.93,6270682.08,2,
770168.2300000001,6270682.08,1,
770168.53,6270682.08,6,
770168.8300000001,6270682.08,2,
770169.1300000001,6270682.08,4,
770169.43,6270682.08,1,
770167.6300000001,6270682.379999999,4,
770167.93,6270682.379999999,4,
770168.2300000001,6270682.379999999,4,
770168.53,6270682.379999999,4,
770168.8300000001,6270682.379999999,4,
770167.03,6270682.68,3,
770167.3300000001,6270682.68,3,
770167.6300000001,6270682.68,6,
770167.93,6270682.68,4,
770168.2300000001,6270682.68,2,
770168.53,6270682.68,1,
770171.53,6270682.68,1,
770172.1300000001,6270682.68,1,
770172.43,6270682.68,2,
770166.43,6270682.98,2,
770166.7300000001,6270682.98,1,
770167.03,6270682.98,6,
770167.3300000001,6270682.98,6,
770167.6300000001,6270682.98,2,
770171.2300000001,6270682.98,1,
770171.53,6270682.98,3,
770171.8300000001,6270682.98,7,
770172.1300000001,6270682.98,4,
770165.8300000001,6270683.279999999,2,
770166.1300000001,6270683.279999999,3,
770166.43,6270683.279999999,2,
770166.7300000001,6270683.279999999,5,
770167.03,6270683.279999999,2,
770171.2300000001,6270683.279999999,3,
770171.53,6270683.279999999,5,
770171.8300000001,6270683.279999999,2,
770172.1300000001,6270683.279999999,1,
770165.2300000001,6270683.58,1,
770165.53,6270683.58,1,
770165.8300000001,6270683.58,4,
770166.1300000001,6270683.58,5,
770166.43,6270683.58,4,
770166.7300000001,6270683.58,2,
770170.3300000001,6270683.58,2,
770170.93,6270683.58,4,
770171.2300000001,6270683.58,4,
770171.53,6270683.58,4,
770164.93,6270683.879999999,2,
770165.2300000001,6270683.879999999,2,
770165.53,6270683.879999999,5,
770165.8300000001,6270683.879999999,7,
770166.1300000001,6270683.879999999,3,
770169.7300000001,6270683.879999999,2,
770170.03,6270683.879999999,2,
770170.3300000001,6270683.879999999,3,
770170.6300000001,6270683.879999999,6,
770170.93,6270683.879999999,3,
770171.2300000001,6270683.879999999,5,
770164.3300000001,6270684.18,3,
770164.6300000001,6270684.18,4,
770164.93,6270684.18,3,
770165.2300000001,6270684.18,3,
770165.53,6270684.18,3,
770165.8300000001,6270684.18,2,
770169.7300000001,6270684.18,7,
770170.03,6270684.18,4,
770170.3300000001,6270684.18,4,
770170.6300000001,6270684.18,2,
770170.93,6270684.18,2,
770163.7300000001,6270684.48,3,
770164.03,6270684.48,3,
770164.3300000001,6270684.48,5,
770164.6300000001,6270684.48,3,
770164.93,6270684.48,3,
770165.2300000001,6270684.48,3,
770165.53,6270684.48,1,
770169.43,6270684.48,6,
770169.7300000001,6270684.48,4,
770170.03,6270684.48,5,
770170.3300000001,6270684.48,1,
770163.43,6270684.779999999,3,
770163.7300000001,6270684.779999999,4,
770164.03,6270684.779999999,3,
770164.3300000001,6270684.779999999,5,
770164.6300000001,6270684.779999999,6,
770164.93,6270684.779999999,3,
770169.1300000001,6270684.779999999,1,
770169.43,6270684.779999999,3,
770169.7300000001,6270684.779999999,3,
770170.3300000001,6270684.779999999,1,
770173.3300000001,6270684.779999999,1,
770173.6300000001,6270684.779999999,1,
770162.8300000001,6270685.08,2,
770163.1300000001,6270685.08,4,
770163.43,6270685.08,2,
770163.7300000001,6270685.08,2,
770164.03,6270685.08,4,
770173.3300000001,6270685.08,4,
770173.6300000001,6270685.08,4,
770173.93,6270685.08,1,
770162.53,6270685.379999999,3,
770162.8300000001,6270685.379999999,6,
770163.1300000001,6270685.379999999,5,
770163.43,6270685.379999999,7,
770163.7300000001,6270685.379999999,2,
770164.03,6270685.379999999,1,
770172.43,6270685.379999999,3,
770172.7300000001,6270685.379999999,2,
770173.03,6270685.379999999,2,
770173.3300000001,6270685.379999999,4,
770173.6300000001,6270685.379999999,2,
770161.3300000001,6270685.68,2,
770161.93,6270685.68,1,
770162.2300000001,6270685.68,4,
770162.53,6270685.68,5,
770162.8300000001,6270685.68,6,
770163.1300000001,6270685.68,1,
770163.43,6270685.68,1,
770163.7300000001,6270685.68,1,
770171.2300000001,6270685.68,1,
770171.53,6270685.68,1,
770172.1300000001,6270685.68,4,
770172.43,6270685.68,4,
770172.7300000001,6270685.68,5,
770161.3300000001,6270685.98,4,
770161.6300000001,6270685.98,6,
770161.93,6270685.98,4,
770162.2300000001,6270685.98,5,
770162.53,6270685.98,4,
770162.8300000001,6270685.98,4,
770163.1300000001,6270685.98,1,
770166.43,6270685.98,1,
770166.7300000001,6270685.98,2,
770167.03,6270685.98,3,
770167.3300000001,6270685.98,2,
770171.2300000001,6270685.98,3,
770171.53,6270685.98,1,
770171.8300000001,6270685.98,6,
770172.1300000001,6270685.98,3,
770172.43,6270685.98,1,
770160.7300000001,6270686.279999999,1,
770161.03,6270686.279999999,3,
770161.3300000001,6270686.279999999,8,
770161.6300000001,6270686.279999999,3,
770161.93,6270686.279999999,5,
770162.2300000001,6270686.279999999,5,
770162.53,6270686.279999999,5,
770165.8300000001,6270686.279999999,1,
770166.1300000001,6270686.279999999,1,
770166.43,6270686.279999999,5,
770166.7300000001,6270686.279999999,6,
770167.03,6270686.279999999,2,
770167.3300000001,6270686.279999999,2,
770170.6300000001,6270686.279999999,1,
770170.93,6270686.279999999,3,
770171.2300000001,6270686.279999999,4,
770171.53,6270686.279999999,6,
770171.8300000001,6270686.279999999,2,
770172.1300000001,6270686.279999999,1,
770160.43,6270686.58,2,
770160.7300000001,6270686.58,4,
770161.03,6270686.58,5,
770161.3300000001,6270686.58,5,
770161.6300000001,6270686.58,5,
770165.53,6270686.58,1,
770165.8300000001,6270686.58,1,
770166.1300000001,6270686.58,6,
770166.43,6270686.58,6,
770166.7300000001,6270686.58,3,
770167.03,6270686.58,2,
770170.3300000001,6270686.58,5,
770170.6300000001,6270686.58,2,
770170.93,6270686.58,4,
770171.2300000001,6270686.58,2,
770171.53,6270686.58,1,
770159.53,6270686.879999999,1,
770160.1300000001,6270686.879999999,3,
770160.43,6270686.879999999,3,
770160.7300000001,6270686.879999999,3,
770161.03,6270686.879999999,5,
770161.3300000001,6270686.879999999,2,
770161.6300000001,6270686.879999999,1,
770164.93,6270686.879999999,1,
770165.2300000001,6270686.879999999,4,
770165.53,6270686.879999999,3,
770165.8300000001,6270686.879999999,6,
770166.1300000001,6270686.879999999,2,
770166.7300000001,6270686.879999999,1,
770169.7300000001,6270686.879999999,1,
770170.03,6270686.879999999,3,
770170.3300000001,6270686.879999999,5,
770170.6300000001,6270686.879999999,5,
770171.2300000001,6270686.879999999,1,
770174.2300000001,6270686.879999999,1,
770174.53,6270686.879999999,3,
770174.8300000001,6270686.879999999,3,
770175.1300000001,6270686.879999999,1,
770159.2300000001,6270687.18,2,
770159.8300000001,6270687.18,3,
770160.1300000001,6270687.18,5,
770160.43,6270687.18,7,
770164.3300000001,6270687.18,2,
770164.6300000001,6270687.18,2,
770164.93,6270687.18,5,
770165.2300000001,6270687.18,4,
770165.53,6270687.18,4,
770165.8300000001,6270687.18,2,
770169.43,6270687.18,3,
770169.7300000001,6270687.18,3,
770170.03,6270687.18,6,
770170.3300000001,6270687.18,4,
770170.6300000001,6270687.18,4,
770170.93,6270687.18,3,
770174.2300000001,6270687.18,2,
770174.53,6270687.18,3,
770174.8300000001,6270687.18,2,
770175.1300000001,6270687.18,1,
770158.93,6270687.48,2,
770159.2300000001,6270687.48,2,
770159.53,6270687.48,6,
770159.8300000001,6270687.48,5,
770160.1300000001,6270687.48,4,
770160.43,6270687.48,1,
770163.7300000001,6270687.48,1,
770164.03,6270687.48,3,
770164.3300000001,6270687.48,3,
770164.6300000001,6270687.48,5,
770164.93,6270687.48,6,
770165.2300000001,6270687.48,4,
770165.53,6270687.48,1,
770168.8300000001,6270687.48,2,
770169.1300000001,6270687.48,3,
770169.43,6270687.48,4,
770169.7300000001,6270687.48,6,
770170.03,6270687.48,1,
770170.3300000001,6270687.48,4,
770170.6300000001,6270687.48,1,
770173.93,6270687.48,2,
770174.2300000001,6270687.48,3,
770174.53,6270687.48,4,
770158.3300000001,6270687.779999999,1,
770158.6300000001,6270687.779999999,1,
770158.93,6270687.779999999,3,
770159.2300000001,6270687.779999999,5,
770159.53,6270687.779999999,4,
770159.8300000001,6270687.779999999,4,
770163.1300000001,6270687.779999999,1,
770163.43,6270687.779999999,1,
770163.7300000001,6270687.779999999,3,
770164.03,6270687.779999999,3,
770164.3300000001,6270687.779999999,5,
770164.6300000001,6270687.779999999,1,
770164.93,6270687.779999999,1,
770168.2300000001,6270687.779999999,2,
770168.53,6270687.779999999,6,
770168.8300000001,6270687.779999999,3,
770169.1300000001,6270687.779999999,4,
770169.43,6270687.779999999,2,
770169.7300000001,6270687.779999999,1,
770173.3300000001,6270687.779999999,2,
770173.6300000001,6270687.779999999,4,
770173.93,6270687.779999999,4,
770174.2300000001,6270687.779999999,2,
770174.53,6270687.779999999,3,
770158.03,6270688.08,1,
770158.3300000001,6270688.08,4,
770158.6300000001,6270688.08,5,
770158.93,6270688.08,3,
770159.2300000001,6270688.08,3,
770159.53,6270688.08,2,
770163.1300000001,6270688.08,4,
770163.43,6270688.08,5,
770163.7300000001,6270688.08,5,
770164.03,6270688.08,4,
770164.3300000001,6270688.08,2,
770167.93,6270688.08,3,
770168.2300000001,6270688.08,3,
770168.53,6270688.08,3,
770168.8300000001,6270688.08,5,
770169.1300000001,6270688.08,2,
770172.43,6270688.08,2,
770172.7300000001,6270688.08,4,
770173.03,6270688.08,5,
770173.3300000001,6270688.08,4,
770173.6300000001,6270688.08,3,
770173.93,6270688.08,2,
770157.7300000001,6270688.379999999,2,
770158.03,6270688.379999999,6,
770158.3300000001,6270688.379999999,3,
770158.6300000001,6270688.379999999,4,
770158.93,6270688.379999999,5,
770162.8300000001,6270688.379999999,1,
770163.1300000001,6270688.379999999,4,
770163.43,6270688.379999999,5,
770164.03,6270688.379999999,1,
770167.03,6270688.379999999,1,
770167.3300000001,6270688.379999999,2,
770167.6300000001,6270688.379999999,4,
770167.93,6270688.379999999,1,
770168.2300000001,6270688.379999999,4,
770168.53,6270688.379999999,5,
770172.43,6270688.379999999,5,
770172.7300000001,6270688.379999999,5,
770173.03,6270688.379999999,4,
770173.3300000001,6270688.379999999,4,
770156.8300000001,6270688.68,1,
770157.1300000001,6270688.68,1,
770157.43,6270688.68,6,
770157.7300000001,6270688.68,3,
770158.03,6270688.68,3,
770158.3300000001,6270688.68,5,
770162.2300000001,6270688.68,1,
770162.8300000001,6270688.68,6,
770163.1300000001,6270688.68,3,
770163.43,6270688.68,1,
770163.7300000001,6270688.68,2,
770166.43,6270688.68,2,
770166.7300000001,6270688.68,1,
770167.03,6270688.68,5,
770167.3300000001,6270688.68,4,
770167.6300000001,6270688.68,5,
770167.93,6270688.68,4,
770168.2300000001,6270688.68,4,
770172.1300000001,6270688.68,5,
770172.43,6270688.68,5,
770172.7300000001,6270688.68,3,
770173.03,6270688.68,6,
770156.53,6270688.98,3,
770156.8300000001,6270688.98,4,
770157.1300000001,6270688.98,3,
770157.43,6270688.98,3,
770157.7300000001,6270688.98,7,
770158.03,6270688.98,2,
770166.43,6270688.98,2,
770166.7300000001,6270688.98,5,
770167.03,6270688.98,3,
770167.3300000001,6270688.98,6,
770171.2300000001,6270688.98,2,
770171.53,6270688.98,3,
770171.8300000001,6270688.98,1,
770172.1300000001,6270688.98,1,
770175.43,6270688.98,1,
770175.7300000001,6270688.98,4,
770156.2300000001,6270689.279999999,1,
770156.53,6270689.279999999,5,
770156.8300000001,6270689.279999999,4,
770157.1300000001,6270689.279999999,4,
770157.43,6270689.279999999,3,
770165.8300000001,6270689.279999999,2,
770166.1300000001,6270689.279999999,3,
770166.43,6270689.279999999,4,
770166.7300000001,6270689.279999999,4,
770167.03,6270689.279999999,2,
770170.93,6270689.279999999,2,
770171.2300000001,6270689.279999999,5,
770171.53,6270689.279999999,3,
770171.8300000001,6270689.279999999,2,
770175.1300000001,6270689.279999999,1,
770175.43,6270689.279999999,3,
770175.7300000001,6270689.279999999,6,
770176.03,6270689.279999999,1,
770155.93,6270689.58,5,
770156.2300000001,6270689.58,6,
770156.53,6270689.58,1,
770156.8300000001,6270689.58,3,
770160.43,6270689.58,1,
770160.7300000001,6270689.58,1,
770161.03,6270689.58,2,
770165.2300000001,6270689.58,2,
770165.53,6270689.58,5,
770165.8300000001,6270689.58,4,
770166.1300000001,6270689.58,6,
770166.43,6270689.58,4,
770170.3300000001,6270689.58,1,
770170.6300000001,6270689.58,2,
770171.2300000001,6270689.58,1,
770174.2300000001,6270689.58,1,
770174.53,6270689.58,1,
770174.8300000001,6270689.58,6,
770175.1300000001,6270689.58,4,
770175.43,6270689.58,4,
770175.7300000001,6270689.58,3,
770176.03,6270689.58,3,
770155.3300000001,6270689.879999999,2,
770155.6300000001,6270689.879999999,4,
770155.93,6270689.879999999,5,
770156.2300000001,6270689.879999999,4,
770156.53,6270689.879999999,3,
770156.8300000001,6270689.879999999,1,
770159.8300000001,6270689.879999999,1,
770160.1300000001,6270689.879999999,6,
770160.43,6270689.879999999,5,
770160.7300000001,6270689.879999999,5,
770161.03,6270689.879999999,3,
770164.6300000001,6270689.879999999,2,
770164.93,6270689.879999999,3,
770165.2300000001,6270689.879999999,6,
770165.53,6270689.879999999,4,
770165.8300000001,6270689.879999999,4,
770166.1300000001,6270689.879999999,2,
770166.7300000001,6270689.879999999,1,
770169.7300000001,6270689.879999999,1,
770170.03,6270689.879999999,1,
770170.3300000001,6270689.879999999,5,
770170.6300000001,6270689.879999999,3,
770174.2300000001,6270689.879999999,3,
770174.53,6270689.879999999,3,
770174.8300000001,6270689.879999999,4,
770175.1300000001,6270689.879999999,3,
770175.43,6270689.879999999,4,
770175.7300000001,6270689.879999999,1,
770154.7300000001,6270690.18,1,
770155.03,6270690.18,5,
770155.3300000001,6270690.18,4,
770155.6300000001,6270690.18,4,
770155.93,6270690.18,2,
770159.53,6270690.18,2,
770159.8300000001,6270690.18,3,
770160.1300000001,6270690.18,3,
770160.43,6270690.18,6,
770160.7300000001,6270690.18,4,
770161.03,6270690.18,1,
770164.03,6270690.18,1,
770164.3300000001,6270690.18,1,
770164.6300000001,6270690.18,4,
770164.93,6270690.18,4,
770165.2300000001,6270690.18,3,
770165.53,6270690.18,1,
770165.8300000001,6270690.18,2,
770169.1300000001,6270690.18,1,
770169.43,6270690.18,4,
770169.7300000001,6270690.18,4,
770170.03,6270690.18,4,
770170.3300000001,6270690.18,1,
770173.3300000001,6270690.18,2,
770173.6300000001,6270690.18,1,
770173.93,6270690.18,3,
770174.2300000001,6270690.18,4,
770174.53,6270690.18,2,
770174.8300000001,6270690.18,6,
770154.1300000001,6270690.48,1,
770154.43,6270690.48,2,
770154.7300000001,6270690.48,4,
770155.03,6270690.48,2,
770155.3300000001,6270690.48,7,
770155.6300000001,6270690.48,3,
770159.2300000001,6270690.48,3,
770159.53,6270690.48,3,
770159.8300000001,6270690.48,4,
770160.1300000001,6270690.48,3,
770160.7300000001,6270690.48,1,
770163.7300000001,6270690.48,1,
770164.03,6270690.48,4,
770164.3300000001,6270690.48,3,
770164.6300000001,6270690.48,4,
770164.93,6270690.48,5,
770165.2300000001,6270690.48,3,
770168.8300000001,6270690.48,1,
770169.1300000001,6270690.48,5,
770169.43,6270690.48,3,
770169.7300000001,6270690.48,3,
770170.03,6270690.48,5,
770170.3300000001,6270690.48,1,
770173.03,6270690.48,1,
770173.3300000001,6270690.48,2,
770173.6300000001,6270690.48,4,
770173.93,6270690.48,5,
770174.2300000001,6270690.48,2,
770153.8300000001,6270690.779999999,2,
770154.1300000001,6270690.779999999,5,
770154.43,6270690.779999999,4,
770154.7300000001,6270690.779999999,4,
770155.03,6270690.779999999,3,
770158.3300000001,6270690.779999999,1,
770158.6300000001,6270690.779999999,2,
770158.93,6270690.779999999,7,
770159.2300000001,6270690.779999999,1,
770159.53,6270690.779999999,4,
770159.8300000001,6270690.779999999,3,
770160.1300000001,6270690.779999999,4,
770163.43,6270690.779999999,2,
770163.7300000001,6270690.779999999,7,
770164.03,6270690.779999999,4,
770164.3300000001,6270690.779999999,4,
770165.2300000001,6270690.779999999,1,
770168.8300000001,6270690.779999999,5,
770169.1300000001,6270690.779999999,3,
770169.43,6270690.779999999,4,
770169.7300000001,6270690.779999999,2,
770173.03,6270690.779999999,3,
770173.3300000001,6270690.779999999,7,
770173.6300000001,6270690.779999999,4,
770173.93,6270690.779999999,2,
770174.2300000001,6270690.779999999,2,
770153.2300000001,6270691.08,2,
770153.53,6270691.08,3,
770153.8300000001,6270691.08,6,
770154.1300000001,6270691.08,4,
770154.43,6270691.08,2,
770158.03,6270691.08,1,
770158.3300000001,6270691.08,4,
770158.6300000001,6270691.08,6,
770158.93,6270691.08,4,
770159.2300000001,6270691.08,5,
770159.53,6270691.08,1,
770162.8300000001,6270691.08,1,
770163.1300000001,6270691.08,2,
770163.43,6270691.08,4,
770163.7300000001,6270691.08,6,
770167.6300000001,6270691.08,2,
770167.93,6270691.08,4,
770168.2300000001,6270691.08,2,
770168.8300000001,6270691.08,3,
770169.1300000001,6270691.08,1,
770169.43,6270691.08,2,
770172.1300000001,6270691.08,1,
770172.43,6270691.08,2,
770172.7300000001,6270691.08,4,
770173.03,6270691.08,5,
770173.3300000001,6270691.08,1,
770173.6300000001,6270691.08,4,
770153.2300000001,6270691.379999999,5,
770153.53,6270691.379999999,5,
770153.8300000001,6270691.379999999,4,
770154.1300000001,6270691.379999999,2,
770157.43,6270691.379999999,1,
770157.7300000001,6270691.379999999,3,
770158.03,6270691.379999999,5,
770158.3300000001,6270691.379999999,5,
770158.6300000001,6270691.379999999,4,
770158.93,6270691.379999999,4,
770162.2300000001,6270691.379999999,2,
770162.53,6270691.379999999,3,
770162.8300000001,6270691.379999999,5,
770163.1300000001,6270691.379999999,5,
770163.43,6270691.379999999,4,
770167.3300000001,6270691.379999999,3,
770167.6300000001,6270691.379999999,5,
770167.93,6270691.379999999,8,
770171.8300000001,6270691.379999999,2,
770172.1300000001,6270691.379999999,3,
770172.43,6270691.379999999,5,
770172.7300000001,6270691.379999999,5,
770173.03,6270691.379999999,4,
770173.3300000001,6270691.379999999,1,
770173.6300000001,6270691.379999999,1,
770176.6300000001,6270691.379999999,2,
770176.93,6270691.379999999,2,
770177.2300000001,6270691.379999999,3,
770177.53,6270691.379999999,1,
770152.03,6270691.68,2,
770152.6300000001,6270691.68,1,
770152.93,6270691.68,1,
770153.53,6270691.68,1,
770157.43,6270691.68,1,
770157.7300000001,6270691.68,3,
770158.03,6270691.68,4,
770158.3300000001,6270691.68,3,
770158.6300000001,6270691.68,2,
770161.6300000001,6270691.68,3,
770161.93,6270691.68,3,
770162.2300000001,6270691.68,5,
770162.53,6270691.68,7,
770162.8300000001,6270691.68,4,
770163.1300000001,6270691.68,4,
770163.43,6270691.68,1,
770166.7300000001,6270691.68,3,
770167.03,6270691.68,3,
770167.3300000001,6270691.68,3,
770167.6300000001,6270691.68,6,
770167.93,6270691.68,3,
770171.53,6270691.68,3,
770171.8300000001,6270691.68,4,
770172.1300000001,6270691.68,3,
770172.43,6270691.68,4,
770172.7300000001,6270691.68,1,
770176.03,6270691.68,2,
770176.3300000001,6270691.68,2,
770176.6300000001,6270691.68,2,
770176.93,6270691.68,4,
770177.2300000001,6270691.68,4,
770177.53,6270691.68,2,
770151.43,6270691.98,1,
770151.7300000001,6270691.98,2,
770152.03,6270691.98,3,
770152.3300000001,6270691.98,4,
770152.6300000001,6270691.98,5,
770153.2300000001,6270691.98,2,
770156.8300000001,6270691.98,1,
770157.1300000001,6270691.98,2,
770157.43,6270691.98,5,
770157.7300000001,6270691.98,3,
770158.03,6270691.98,3,
770161.3300000001,6270691.98,3,
770161.6300000001,6270691.98,4,
770161.93,6270691.98,5,
770162.2300000001,6270691.98,1,
770162.53,6270691.98,4,
770162.8300000001,6270691.98,1,
770166.1300000001,6270691.98,1,
770166.43,6270691.98,3,
770166.7300000001,6270691.98,5,
770167.03,6270691.98,3,
770167.3300000001,6270691.98,3,
770170.6300000001,6270691.98,3,
770171.2300000001,6270691.98,4,
770171.53,6270691.98,5,
770171.8300000001,6270691.98,4,
770172.1300000001,6270691.98,1,
770175.43,6270691.98,2,
770175.7300000001,6270691.98,3,
770176.03,6270691.98,1,
770176.3300000001,6270691.98,4,
770176.6300000001,6270691.98,4,
770176.93,6270691.98,5,
770177.2300000001,6270691.98,1,
770151.1300000001,6270692.279999999,4,
770151.43,6270692.279999999,3,
770151.7300000001,6270692.279999999,4,
770152.03,6270692.279999999,5,
770152.3300000001,6270692.279999999,4,
770152.6300000001,6270692.279999999,2,
770152.93,6270692.279999999,1,
770156.53,6270692.279999999,1,
770156.8300000001,6270692.279999999,5,
770157.1300000001,6270692.279999999,5,
770157.43,6270692.279999999,3,
770161.03,6270692.279999999,4,
770161.3300000001,6270692.279999999,5,
770161.6300000001,6270692.279999999,3,
770161.93,6270692.279999999,4,
770162.2300000001,6270692.279999999,6,
770165.8300000001,6270692.279999999,2,
770166.1300000001,6270692.279999999,5,
770166.43,6270692.279999999,5,
770166.7300000001,6270692.279999999,5,
770167.03,6270692.279999999,1,
770170.6300000001,6270692.279999999,3,
770170.93,6270692.279999999,4,
770171.2300000001,6270692.279999999,4,
770171.53,6270692.279999999,4,
770171.8300000001,6270692.279999999,1,
770175.1300000001,6270692.279999999,1,
770175.43,6270692.279999999,4,
770175.7300000001,6270692.279999999,5,
770176.03,6270692.279999999,4,
770176.3300000001,6270692.279999999,4,
770176.6300000001,6270692.279999999,2,
770150.8300000001,6270692.58,4,
770151.1300000001,6270692.58,4,
770151.43,6270692.58,7,
770151.7300000001,6270692.58,5,
770152.03,6270692.58,3,
770156.53,6270692.58,4,
770156.8300000001,6270692.58,4,
770157.1300000001,6270692.58,1,
770160.1300000001,6270692.58,1,
770160.43,6270692.58,4,
770160.7300000001,6270692.58,4,
770161.03,6270692.58,6,
770161.3300000001,6270692.58,2,
770161.6300000001,6270692.58,3,
770161.93,6270692.58,1,
770165.2300000001,6270692.58,1,
770165.53,6270692.58,3,
770165.8300000001,6270692.58,6,
770166.1300000001,6270692.58,4,
770166.43,6270692.58,3,
770170.3300000001,6270692.58,4,
770170.6300000001,6270692.58,5,
770170.93,6270692.58,2,
770174.8300000001,6270692.58,1,
770175.1300000001,6270692.58,4,
770175.43,6270692.58,5,
770175.7300000001,6270692.58,2,
770176.03,6270692.58,4,
770176.3300000001,6270692.58,1,
770150.2300000001,6270692.879999999,3,
770150.53,6270692.879999999,2,
770150.8300000001,6270692.879999999,6,
770151.1300000001,6270692.879999999,4,
770151.43,6270692.879999999,1,
770151.7300000001,6270692.879999999,1,
770159.8300000001,6270692.879999999,1,
770160.1300000001,6270692.879999999,5,
770160.43,6270692.879999999,3,
770160.7300000001,6270692.879999999,4,
770161.03,6270692.879999999,2,
770161.3300000001,6270692.879999999,5,
770164.93,6270692.879999999,1,
770165.2300000001,6270692.879999999,2,
770165.53,6270692.879999999,6,
770165.8300000001,6270692.879999999,6,
770166.1300000001,6270692.879999999,1,
770169.1300000001,6270692.879999999,1,
770169.43,6270692.879999999,1,
770169.7300000001,6270692.879999999,5,
770170.03,6270692.879999999,4,
770170.3300000001,6270692.879999999,2,
770170.6300000001,6270692.879999999,2,
770174.53,6270692.879999999,2,
770174.8300000001,6270692.879999999,2,
770175.1300000001,6270692.879999999,5,
770175.43,6270692.879999999,4,
770149.6300000001,6270693.18,1,
770149.93,6270693.18,3,
770150.2300000001,6270693.18,3,
770150.53,6270693.18,6,
770150.8300000001,6270693.18,1,
770151.1300000001,6270693.18,2,
770154.7300000001,6270693.18,1,
770155.03,6270693.18,1,
770159.2300000001,6270693.18,1,
770159.53,6270693.18,2,
770159.8300000001,6270693.18,3,
770160.1300000001,6270693.18,3,
770160.43,6270693.18,4,
770160.7300000001,6270693.18,4,
770164.3300000001,6270693.18,2,
770164.6300000001,6270693.18,2,
770164.93,6270693.18,3,
770165.2300000001,6270693.18,4,
770165.53,6270693.18,2,
770169.1300000001,6270693.18,1,
770169.43,6270693.18,3,
770169.7300000001,6270693.18,4,
770170.03,6270693.18,3,
770174.2300000001,6270693.18,5,
770174.53,6270693.18,4,
770174.8300000001,6270693.18,3,
770175.1300000001,6270693.18,1,
770175.43,6270693.18,2,
770149.3300000001,6270693.48,2,
770149.6300000001,6270693.48,2,
770149.93,6270693.48,5,
770150.2300000001,6270693.48,6,
770150.53,6270693.48,3,
770154.43,6270693.48,2,
770154.7300000001,6270693.48,4,
770155.03,6270693.48,3,
770158.93,6270693.48,1,
770159.2300000001,6270693.48,5,
770159.53,6270693.48,4,
770159.8300000001,6270693.48,8,
770160.1300000001,6270693.48,3,
770163.7300000001,6270693.48,1,
770164.03,6270693.48,2,
770164.3300000001,6270693.48,6,
770164.6300000001,6270693.48,3,
770164.93,6270693.48,4,
770168.2300000001,6270693.48,1,
770168.53,6270693.48,2,
770168.8300000001,6270693.48,1,
770169.1300000001,6270693.48,5,
770169.43,6270693.48,4,
770169.7300000001,6270693.48,4,
770170.03,6270693.48,1,
770173.3300000001,6270693.48,1,
770173.6300000001,6270693.48,1,
770173.93,6270693.48,5,
770174.2300000001,6270693.48,5,
770174.53,6270693.48,2,
770174.8300000001,6270693.48,2,
770178.1300000001,6270693.48,6,
770178.43,6270693.48,2,
770178.7300000001,6270693.48,4,
770148.7300000001,6270693.779999999,1,
770149.03,6270693.779999999,3,
770149.3300000001,6270693.779999999,3,
770149.6300000001,6270693.779999999,3,
770149.93,6270693.779999999,3,
770150.2300000001,6270693.779999999,3,
770153.53,6270693.779999999,1,
770153.8300000001,6270693.779999999,2,
770154.1300000001,6270693.779999999,4,
770154.43,6270693.779999999,4,
770154.7300000001,6270693.779999999,3,
770155.03,6270693.779999999,1,
770155.3300000001,6270693.779999999,1,
770158.6300000001,6270693.779999999,4,
770158.93,6270693.779999999,3,
770159.2300000001,6270693.779999999,4,
770159.53,6270693.779999999,5,
770159.8300000001,6270693.779999999,3,
770160.1300000001,6270693.779999999,1,
770163.43,6270693.779999999,4,
770163.7300000001,6270693.779999999,4,
770164.03,6270693.779999999,4,
770164.3300000001,6270693.779999999,4,
770164.6300000001,6270693.779999999,6,
770168.2300000001,6270693.779999999,3,
770168.53,6270693.779999999,5,
770168.8300000001,6270693.779999999,4,
770169.1300000001,6270693.779999999,3,
770173.03,6270693.779999999,2,
770173.3300000001,6270693.779999999,3,
770173.6300000001,6270693.779999999,6,
770173.93,6270693.779999999,3,
770174.2300000001,6270693.779999999,1,
770174.53,6270693.779999999,1,
770177.53,6270693.779999999,2,
770177.8300000001,6270693.779999999,4,
770178.1300000001,6270693.779999999,4,
770178.43,6270693.779999999,2,
770148.1300000001,6270694.08,1,
770148.43,6270694.08,2,
770148.7300000001,6270694.08,4,
770149.03,6270694.08,5,
770149.3300000001,6270694.08,3,
770149.6300000001,6270694.08,2,
770149.93,6270694.08,1,
770153.2300000001,6270694.08,3,
770153.53,6270694.08,3,
770153.8300000001,6270694.08,4,
770154.1300000001,6270694.08,2,
770158.6300000001,6270694.08,1,
770158.93,6270694.08,5,
770163.1300000001,6270694.08,6,
770163.43,6270694.08,5,
770163.7300000001,6270694.08,3,
770164.03,6270694.08,3,
770167.3300000001,6270694.08,1,
770167.93,6270694.08,3,
770168.2300000001,6270694.08,6,
770168.53,6270694.08,2,
770168.8300000001,6270694.08,2,
770172.7300000001,6270694.08,4,
770173.03,6270694.08,5,
770173.3300000001,6270694.08,7,
770173.6300000001,6270694.08,2,
770173.93,6270694.08,2,
770176.6300000001,6270694.08,1,
770176.93,6270694.08,1,
770177.2300000001,6270694.08,3,
770177.53,6270694.08,3,
770177.8300000001,6270694.08,6,
770178.1300000001,6270694.08,2,
770147.53,6270694.379999999,1,
770148.1300000001,6270694.379999999,2,
770148.43,6270694.379999999,3,
770148.7300000001,6270694.379999999,4,
770149.03,6270694.379999999,5,
770149.3300000001,6270694.379999999,1,
770153.2300000001,6270694.379999999,5,
770153.53,6270694.379999999,4,
770153.8300000001,6270694.379999999,4,
770154.1300000001,6270694.379999999,1,
770158.6300000001,6270694.379999999,1,
770158.93,6270694.379999999,1,
770162.2300000001,6270694.379999999,1,
770162.53,6270694.379999999,4,
770162.8300000001,6270694.379999999,4,
770163.1300000001,6270694.379999999,2,
770163.43,6270694.379999999,4,
770163.7300000001,6270694.379999999,1,
770167.03,6270694.379999999,1,
770167.3300000001,6270694.379999999,2,
770167.6300000001,6270694.379999999,2,
770167.93,6270694.379999999,4,
770168.53,6270694.379999999,1,
770172.1300000001,6270694.379999999,2,
770172.43,6270694.379999999,6,
770172.7300000001,6270694.379999999,5,
770173.03,6270694.379999999,3,
770173.3300000001,6270694.379999999,1,
770176.3300000001,6270694.379999999,1,
770176.6300000001,6270694.379999999,2,
770176.93,6270694.379999999,4,
770177.2300000001,6270694.379999999,3,
770177.53,6270694.379999999,4,
770177.8300000001,6270694.379999999,1,
770147.2300000001,6270694.68,2,
770147.53,6270694.68,2,
770147.8300000001,6270694.68,4,
770148.1300000001,6270694.68,4,
770148.43,6270694.68,5,
770152.6300000001,6270694.68,5,
770152.93,6270694.68,4,
770157.1300000001,6270694.68,1,
770157.43,6270694.68,4,
770161.93,6270694.68,3,
770162.2300000001,6270694.68,2,
770162.53,6270694.68,3,
770162.8300000001,6270694.68,5,
770163.1300000001,6270694.68,5,
770166.1300000001,6270694.68,1,
770166.43,6270694.68,2,
770166.7300000001,6270694.68,1,
770167.03,6270694.68,5,
770167.3300000001,6270694.68,4,
770167.6300000001,6270694.68,5,
770172.1300000001,6270694.68,5,
770172.43,6270694.68,4,
770172.7300000001,6270694.68,3,
770176.03,6270694.68,2,
770176.3300000001,6270694.68,3,
770176.6300000001,6270694.68,3,
770176.93,6270694.68,5,
770177.2300000001,6270694.68,3,
770146.6300000001,6270694.98,3,
770146.93,6270694.98,4,
770147.2300000001,6270694.98,5,
770147.53,6270694.98,4,
770147.8300000001,6270694.98,5,
770148.1300000001,6270694.98,1,
770152.3300000001,6270694.98,5,
770152.6300000001,6270694.98,1,
770152.93,6270694.98,2,
770153.2300000001,6270694.98,1,
770156.8300000001,6270694.98,1,
770157.1300000001,6270694.98,2,
770157.43,6270694.98,2,
770161.03,6270694.98,1,
770161.6300000001,6270694.98,3,
770161.93,6270694.98,5,
770162.2300000001,6270694.98,4,
770162.53,6270694.98,3,
770166.1300000001,6270694.98,2,
770166.43,6270694.98,4,
770166.7300000001,6270694.98,4,
770167.03,6270694.98,3,
770167.3300000001,6270694.98,1,
770170.93,6270694.98,2,
770171.2300000001,6270694.98,3,
770171.53,6270694.98,2,
770171.8300000001,6270694.98,2,
770176.03,6270694.98,5,
770176.3300000001,6270694.98,6,
770176.6300000001,6270694.98,5,
770176.93,6270694.98,1,
770146.03,6270695.279999999,1,
770146.3300000001,6270695.279999999,3,
770146.6300000001,6270695.279999999,3,
770146.93,6270695.279999999,4,
770147.2300000001,6270695.279999999,5,
770147.53,6270695.279999999,2,
770147.8300000001,6270695.279999999,3,
770152.03,6270695.279999999,1,
770152.3300000001,6270695.279999999,1,
770152.6300000001,6270695.279999999,1,
770152.93,6270695.279999999,1,
770155.93,6270695.279999999,2,
770156.2300000001,6270695.279999999,1,
770161.03,6270695.279999999,4,
770161.3300000001,6270695.279999999,4,
770161.6300000001,6270695.279999999,5,
770161.93,6270695.279999999,4,
770162.2300000001,6270695.279999999,3,
770165.53,6270695.279999999,2,
770165.8300000001,6270695.279999999,4,
770166.1300000001,6270695.279999999,2,
770166.43,6270695.279999999,4,
770166.7300000001,6270695.279999999,1,
770167.03,6270695.279999999,1,
770170.6300000001,6270695.279999999,3,
770170.93,6270695.279999999,3,
770171.2300000001,6270695.279999999,5,
770171.53,6270695.279999999,3,
770174.8300000001,6270695.279999999,1,
770175.43,6270695.279999999,2,
770175.7300000001,6270695.279999999,3,
770176.03,6270695.279999999,8,
770176.3300000001,6270695.279999999,1,
770145.7300000001,6270695.58,3,
770146.03,6270695.58,4,
770146.3300000001,6270695.58,4,
770146.6300000001,6270695.58,4,
770146.93,6270695.58,4,
770147.2300000001,6270695.58,2,
770147.53,6270695.58,2,
770155.3300000001,6270695.58,1,
770155.6300000001,6270695.58,2,
770155.93,6270695.58,4,
770156.2300000001,6270695.58,3,
770160.43,6270695.58,1,
770160.7300000001,6270695.58,4,
770161.03,6270695.58,5,
770161.3300000001,6270695.58,5,
770161.6300000001,6270695.58,6,
770161.93,6270695.58,1,
770164.93,6270695.58,1,
770165.2300000001,6270695.58,1,
770165.53,6270695.58,2,
770165.8300000001,6270695.58,5,
770166.1300000001,6270695.58,5,
770166.43,6270695.58,2,
770170.3300000001,6270695.58,1,
770170.6300000001,6270695.58,1,
770170.93,6270695.58,5,
770174.8300000001,6270695.58,2,
770175.1300000001,6270695.58,3,
770175.43,6270695.58,4,
770175.7300000001,6270695.58,3,
770179.3300000001,6270695.58,2,
770179.6300000001,6270695.58,4,
770179.93,6270695.58,4,
770180.2300000001,6270695.58,5,
770145.1300000001,6270695.879999999,1,
770145.43,6270695.879999999,2,
770145.7300000001,6270695.879999999,4,
770146.03,6270695.879999999,3,
770146.3300000001,6270695.879999999,6,
770146.6300000001,6270695.879999999,3,
770155.3300000001,6270695.879999999,2,
770155.6300000001,6270695.879999999,4,
770155.93,6270695.879999999,5,
770156.2300000001,6270695.879999999,1,
770160.1300000001,6270695.879999999,4,
770160.43,6270695.879999999,5,
770160.7300000001,6270695.879999999,3,
770161.03,6270695.879999999,3,
770161.3300000001,6270695.879999999,3,
770161.6300000001,6270695.879999999,1,
770164.93,6270695.879999999,4,
770165.2300000001,6270695.879999999,5,
770165.53,6270695.879999999,5,
770165.8300000001,6270695.879999999,3,
770166.1300000001,6270695.879999999,1,
770169.7300000001,6270695.879999999,1,
770174.2300000001,6270695.879999999,1,
770174.53,6270695.879999999,3,
770174.8300000001,6270695.879999999,5,
770175.1300000001,6270695.879999999,4,
770175.43,6270695.879999999,5,
770179.03,6270695.879999999,1,
770179.3300000001,6270695.879999999,3,
770179.6300000001,6270695.879999999,6,
770179.93,6270695.879999999,2,
770180.2300000001,6270695.879999999,2,
770145.1300000001,6270696.18,3,
770145.43,6270696.18,5,
770145.7300000001,6270696.18,6,
770146.03,6270696.18,3,
770146.3300000001,6270696.18,1,
770149.6300000001,6270696.18,1,
770150.2300000001,6270696.18,1,
770150.53,6270696.18,4,
770154.43,6270696.18,1,
770154.7300000001,6270696.18,1,
770155.03,6270696.18,1,
770155.3300000001,6270696.18,2,
770159.53,6270696.18,1,
770159.8300000001,6270696.18,6,
770160.1300000001,6270696.18,5,
770160.43,6270696.18,6,
770160.7300000001,6270696.18,3,
770164.3300000001,6270696.18,2,
770164.6300000001,6270696.18,4,
770164.93,6270696.18,4,
770165.2300000001,6270696.18,4,
770165.53,6270696.18,1,
770168.8300000001,6270696.18,3,
770169.1300000001,6270696.18,3,
770169.43,6270696.18,4,
770173.93,6270696.18,3,
770174.2300000001,6270696.18,2,
770174.53,6270696.18,5,
770174.8300000001,6270696.18,3,
770175.1300000001,6270696.18,1,
770178.43,6270696.18,1,
770178.7300000001,6270696.18,3,
770179.03,6270696.18,1,
770179.3300000001,6270696.18,4,
770144.53,6270696.48,1,
770144.8300000001,6270696.48,2,
770145.1300000001,6270696.48,5,
770145.43,6270696.48,6,
770145.7300000001,6270696.48,3,
770149.93,6270696.48,3,
770150.2300000001,6270696.48,2,
770150.53,6270696.48,1,
770153.8300000001,6270696.48,1,
770154.1300000001,6270696.48,1,
770154.43,6270696.48,2,
770154.7300000001,6270696.48,6,
770155.03,6270696.48,1,
770155.3300000001,6270696.48,2,
770159.2300000001,6270696.48,4,
770159.53,6270696.48,5,
770159.8300000001,6270696.48,4,
770160.1300000001,6270696.48,6,
770160.43,6270696.48,1,
770160.7300000001,6270696.48,1,
770163.7300000001,6270696.48,2,
770164.03,6270696.48,2,
770164.3300000001,6270696.48,4,
770164.6300000001,6270696.48,4,
770164.93,6270696.48,1,
770168.2300000001,6270696.48,1,
770168.53,6270696.48,2,
770168.8300000001,6270696.48,2,
770169.1300000001,6270696.48,4,
770169.43,6270696.48,5,
770173.3300000001,6270696.48,3,
770173.6300000001,6270696.48,1,
770173.93,6270696.48,5,
770174.2300000001,6270696.48,3,
770174.53,6270696.48,2,
770177.8300000001,6270696.48,2,
770178.1300000001,6270696.48,4,
770178.43,6270696.48,3,
770178.7300000001,6270696.48,4,
770179.03,6270696.48,1,
770143.93,6270696.779999999,1,
770144.2300000001,6270696.779999999,4,
770144.53,6270696.779999999,3,
770144.8300000001,6270696.779999999,5,
770145.1300000001,6270696.779999999,4,
770145.43,6270696.779999999,1,
770148.7300000001,6270696.779999999,1,
770149.03,6270696.779999999,2,
770149.3300000001,6270696.779999999,4,
770149.6300000001,6270696.779999999,5,
770149.93,6270696.779999999,2,
770150.2300000001,6270696.779999999,1,
770153.53,6270696.779999999,2,
770153.8300000001,6270696.779999999,2,
770154.1300000001,6270696.779999999,4,
770154.43,6270696.779999999,4,
770154.7300000001,6270696.779999999,1,
770155.03,6270696.779999999,1,
770159.2300000001,6270696.779999999,4,
770159.53,6270696.779999999,4,
770159.8300000001,6270696.779999999,1,
770162.8300000001,6270696.779999999,1,
770163.1300000001,6270696.779999999,2,
770163.43,6270696.779999999,3,
770163.7300000001,6270696.779999999,4,
770164.03,6270696.779999999,6,
770164.3300000001,6270696.779999999,3,
770168.2300000001,6270696.779999999,4,
770168.53,6270696.779999999,5,
770168.8300000001,6270696.779999999,4,
770169.1300000001,6270696.779999999,2,
770169.7300000001,6270696.779999999,1,
770173.03,6270696.779999999,3,
770173.3300000001,6270696.779999999,3,
770173.6300000001,6270696.779999999,6,
770173.93,6270696.779999999,3,
770177.2300000001,6270696.779999999,1,
770177.53,6270696.779999999,1,
770177.8300000001,6270696.779999999,4,
770178.1300000001,6270696.779999999,7,
770178.43,6270696.779999999,4,
770178.7300000001,6270696.779999999,1,
770179.03,6270696.779999999,1,
770143.3300000001,6270697.08,3,
770143.6300000001,6270697.08,5,
770143.93,6270697.08,4,
770144.2300000001,6270697.08,4,
770144.53,6270697.08,7,
770144.8300000001,6270697.08,2,
770148.43,6270697.08,2,
770148.7300000001,6270697.08,2,
770149.03,6270697.08,4,
770149.3300000001,6270697.08,2,
770153.2300000001,6270697.08,4,
770153.53,6270697.08,5,
770153.8300000001,6270697.08,3,
770154.1300000001,6270697.08,3,
770154.43,6270697.08,1,
770162.8300000001,6270697.08,5,
770163.1300000001,6270697.08,1,
770163.43,6270697.08,4,
770163.7300000001,6270697.08,5,
770164.03,6270697.08,3,
770167.6300000001,6270697.08,1,
770167.93,6270697.08,6,
770168.2300000001,6270697.08,1,
770168.53,6270697.08,3,
770172.43,6270697.08,2,
770172.7300000001,6270697.08,5,
770173.03,6270697.08,4,
770173.3300000001,6270697.08,5,
770173.6300000001,6270697.08,2,
770176.93,6270697.08,3,
770177.2300000001,6270697.08,2,
770177.53,6270697.08,5,
770177.8300000001,6270697.08,3,
770178.1300000001,6270697.08,2,
770142.7300000001,6270697.379999999,2,
770143.03,6270697.379999999,3,
770143.3300000001,6270697.379999999,3,
770143.6300000001,6270697.379999999,5,
770143.93,6270697.379999999,4,
770144.2300000001,6270697.379999999,1,
770148.1300000001,6270697.379999999,1,
770148.43,6270697.379999999,5,
770148.7300000001,6270697.379999999,6,
770152.6300000001,6270697.379999999,1,
770152.93,6270697.379999999,3,
770153.2300000001,6270697.379999999,5,
770153.53,6270697.379999999,5,
770153.8300000001,6270697.379999999,2,
770158.03,6270697.379999999,1,
770158.6300000001,6270697.379999999,1,
770162.2300000001,6270697.379999999,3,
770162.53,6270697.379999999,5,
770162.8300000001,6270697.379999999,3,
770163.1300000001,6270697.379999999,6,
770163.43,6270697.379999999,1,
770167.03,6270697.379999999,1,
770167.3300000001,6270697.379999999,4,
770167.6300000001,6270697.379999999,5,
770167.93,6270697.379999999,6,
770168.2300000001,6270697.379999999,3,
770171.8300000001,6270697.379999999,1,
770172.1300000001,6270697.379999999,5,
770172.43,6270697.379999999,5,
770172.7300000001,6270697.379999999,7,
770173.03,6270697.379999999,2,
770176.6300000001,6270697.379999999,2,
770176.93,6270697.379999999,4,
770177.2300000001,6270697.379999999,3,
770177.53,6270697.379999999,3,
770177.8300000001,6270697.379999999,1,
770181.1300000001,6270697.379999999,1,
770181.43,6270697.379999999,1,
770142.43,6270697.68,1,
770142.7300000001,6270697.68,6,
770143.03,6270697.68,3,
770143.3300000001,6270697.68,6,
770143.6300000001,6270697.68,3,
770147.8300000001,6270697.68,2,
770148.1300000001,6270697.68,3,
770148.7300000001,6270697.68,1,
770152.03,6270697.68,3,
770152.3300000001,6270697.68,4,
770152.6300000001,6270697.68,5,
770152.93,6270697.68,4,
770153.2300000001,6270697.68,1,
770156.8300000001,6270697.68,1,
770157.1300000001,6270697.68,1,
770157.43,6270697.68,4,
770157.7300000001,6270697.68,3,
770158.03,6270697.68,1,
770161.6300000001,6270697.68,2,
770161.93,6270697.68,5,
770162.2300000001,6270697.68,4,
770162.53,6270697.68,2,
770162.8300000001,6270697.68,4,
770163.43,6270697.68,1,
770166.7300000001,6270697.68,2,
770167.03,6270697.68,5,
770167.3300000001,6270697.68,5,
770167.6300000001,6270697.68,2,
770167.93,6270697.68,1,
770171.2300000001,6270697.68,1,
770171.53,6270697.68,4,
770171.8300000001,6270697.68,5,
770172.1300000001,6270697.68,3,
770172.43,6270697.68,3,
770172.7300000001,6270697.68,1,
770173.03,6270697.68,1,
770176.03,6270697.68,1,
770176.3300000001,6270697.68,3,
770176.6300000001,6270697.68,3,
770176.93,6270697.68,6,
770181.1300000001,6270697.68,4,
770181.43,6270697.68,3,
770181.7300000001,6270697.68,2,
770141.8300000001,6270697.98,1,
770142.1300000001,6270697.98,4,
770142.43,6270697.98,4,
770142.7300000001,6270697.98,2,
770143.03,6270697.98,5,
770143.3300000001,6270697.98,2,
770146.93,6270697.98,2,
770147.2300000001,6270697.98,1,
770147.53,6270697.98,5,
770147.8300000001,6270697.98,5,
770148.1300000001,6270697.98,3,
770151.43,6270697.98,3,
770151.7300000001,6270697.98,2,
770152.03,6270697.98,3,
770152.3300000001,6270697.98,6,
770152.6300000001,6270697.98,5,
770152.93,6270697.98,1,
770156.2300000001,6270697.98,1,
770156.53,6270697.98,2,
770156.8300000001,6270697.98,1,
770157.1300000001,6270697.98,7,
770157.43,6270697.98,2,
770157.7300000001,6270697.98,2,
770161.3300000001,6270697.98,3,
770161.6300000001,6270697.98,3,
770161.93,6270697.98,4,
770162.2300000001,6270697.98,1,
770166.43,6270697.98,4,
770166.7300000001,6270697.98,4,
770167.03,6270697.98,3,
770167.3300000001,6270697.98,1,
770170.93,6270697.98,1,
770171.2300000001,6270697.98,6,
770171.53,6270697.98,2,
770171.8300000001,6270697.98,6,
770172.1300000001,6270697.98,4,
770172.43,6270697.98,1,
770175.43,6270697.98,1,
770175.7300000001,6270697.98,2,
770176.03,6270697.98,5,
770176.3300000001,6270697.98,3,
770176.6300000001,6270697.98,5,
770180.2300000001,6270697.98,2,
770180.53,6270697.98,4,
770180.8300000001,6270697.98,6,
770181.1300000001,6270697.98,2,
770181.43,6270697.98,4,
770141.53,6270698.279999999,4,
770141.8300000001,6270698.279999999,5,
770142.1300000001,6270698.279999999,3,
770142.43,6270698.279999999,5,
770142.7300000001,6270698.279999999,4,
770146.6300000001,6270698.279999999,2,
770146.93,6270698.279999999,3,
770147.2300000001,6270698.279999999,3,
770147.53,6270698.279999999,1,
770147.8300000001,6270698.279999999,1,
770150.8300000001,6270698.279999999,1,
770151.1300000001,6270698.279999999,2,
770151.43,6270698.279999999,3,
770151.7300000001,6270698.279999999,5,
770152.03,6270698.279999999,4,
770152.3300000001,6270698.279999999,3,
770152.6300000001,6270698.279999999,1,
770155.6300000001,6270698.279999999,1,
770156.2300000001,6270698.279999999,3,
770156.53,6270698.279999999,3,
770156.8300000001,6270698.279999999,4,
770157.1300000001,6270698.279999999,5,
770157.7300000001,6270698.279999999,1,
770161.03,6270698.279999999,6,
770161.3300000001,6270698.279999999,4,
770161.6300000001,6270698.279999999,3,
770161.93,6270698.279999999,2,
770165.8300000001,6270698.279999999,2,
770166.1300000001,6270698.279999999,5,
770166.43,6270698.279999999,4,
770166.7300000001,6270698.279999999,3,
770167.03,6270698.279999999,2,
770170.3300000001,6270698.279999999,1,
770170.6300000001,6270698.279999999,4,
770170.93,6270698.279999999,4,
770171.2300000001,6270698.279999999,5,
770171.53,6270698.279999999,4,
770174.8300000001,6270698.279999999,2,
770175.1300000001,6270698.279999999,2,
770175.43,6270698.279999999,3,
770175.7300000001,6270698.279999999,3,
770176.03,6270698.279999999,4,
770176.3300000001,6270698.279999999,3,
770176.6300000001,6270698.279999999,1,
770179.3300000001,6270698.279999999,2,
770179.6300000001,6270698.279999999,2,
770179.93,6270698.279999999,2,
770180.2300000001,6270698.279999999,6,
770180.53,6270698.279999999,4,
770180.8300000001,6270698.279999999,2,
770181.1300000001,6270698.279999999,1,
770140.6300000001,6270698.58,1,
770141.53,6270698.58,4,
770141.8300000001,6270698.58,4,
770142.1300000001,6270698.58,1,
770142.43,6270698.58,1,
770145.7300000001,6270698.58,1,
770146.03,6270698.58,2,
770146.3300000001,6270698.58,4,
770146.6300000001,6270698.58,5,
770146.93,6270698.58,3,
770147.2300000001,6270698.58,3,
770150.8300000001,6270698.58,3,
770151.1300000001,6270698.58,7,
770151.43,6270698.58,6,
770151.7300000001,6270698.58,2,
770152.03,6270698.58,2,
770155.3300000001,6270698.58,1,
770155.6300000001,6270698.58,3,
770155.93,6270698.58,6,
770156.2300000001,6270698.58,4,
770156.53,6270698.58,3,
770156.8300000001,6270698.58,3,
770160.7300000001,6270698.58,4,
770161.03,6270698.58,5,
770161.6300000001,6270698.58,3,
770165.2300000001,6270698.58,1,
770165.53,6270698.58,5,
770165.8300000001,6270698.58,6,
770166.1300000001,6270698.58,2,
770166.43,6270698.58,1,
770166.7300000001,6270698.58,2,
770170.03,6270698.58,2,
770170.3300000001,6270698.58,3,
770170.6300000001,6270698.58,3,
770170.93,6270698.58,3,
770174.53,6270698.58,3,
770174.8300000001,6270698.58,1,
770175.1300000001,6270698.58,6,
770175.43,6270698.58,5,
770175.7300000001,6270698.58,4,
770176.03,6270698.58,2,
770179.3300000001,6270698.58,6,
770179.6300000001,6270698.58,3,
770179.93,6270698.58,6,
770180.2300000001,6270698.58,3,
770180.53,6270698.58,2,
770180.8300000001,6270698.58,1,
770140.3300000001,6270698.879999999,2,
770140.6300000001,6270698.879999999,5,
770140.93,6270698.879999999,3,
770141.2300000001,6270698.879999999,4,
770141.53,6270698.879999999,3,
770141.8300000001,6270698.879999999,1,
770145.1300000001,6270698.879999999,1,
770145.43,6270698.879999999,1,
770145.7300000001,6270698.879999999,3,
770146.03,6270698.879999999,4,
770146.3300000001,6270698.879999999,5,
770146.6300000001,6270698.879999999,1,
770146.93,6270698.879999999,1,
770147.2300000001,6270698.879999999,1,
770150.2300000001,6270698.879999999,6,
770150.53,6270698.879999999,4,
770150.8300000001,6270698.879999999,3,
770151.1300000001,6270698.879999999,5,
770151.43,6270698.879999999,3,
770155.3300000001,6270698.879999999,4,
770155.6300000001,6270698.879999999,2,
770155.93,6270698.879999999,4,
770159.8300000001,6270698.879999999,3,
770160.1300000001,6270698.879999999,4,
770160.43,6270698.879999999,6,
770160.7300000001,6270698.879999999,4,
770161.03,6270698.879999999,2,
770161.3300000001,6270698.879999999,2,
770164.3300000001,6270698.879999999,1,
770164.6300000001,6270698.879999999,2,
770164.93,6270698.879999999,3,
770165.2300000001,6270698.879999999,5,
770165.53,6270698.879999999,1,
770166.1300000001,6270698.879999999,2,
770166.43,6270698.879999999,1,
770169.43,6270698.879999999,3,
770169.7300000001,6270698.879999999,5,
770170.03,6270698.879999999,4,
770170.3300000001,6270698.879999999,3,
770170.6300000001,6270698.879999999,2,
770174.53,6270698.879999999,5,
770174.8300000001,6270698.879999999,5,
770175.1300000001,6270698.879999999,5,
770175.43,6270698.879999999,2,
770178.7300000001,6270698.879999999,2,
770179.03,6270698.879999999,5,
770179.3300000001,6270698.879999999,4,
770179.6300000001,6270698.879999999,4,
770179.93,6270698.879999999,5,
770180.2300000001,6270698.879999999,2,
770180.53,6270698.879999999,1,
770140.03,6270699.18,2,
770140.3300000001,6270699.18,5,
770140.6300000001,6270699.18,3,
770140.93,6270699.18,3,
770141.2300000001,6270699.18,2,
770144.8300000001,6270699.18,2,
770145.1300000001,6270699.18,2,
770145.43,6270699.18,5,
770145.7300000001,6270699.18,6,
770146.03,6270699.18,4,
770149.93,6270699.18,4,
770150.2300000001,6270699.18,4,
770150.53,6270699.18,4,
770150.8300000001,6270699.18,3,
770151.1300000001,6270699.18,1,
770154.43,6270699.18,1,
770154.7300000001,6270699.18,1,
770155.03,6270699.18,4,
770155.3300000001,6270699.18,5,
770155.6300000001,6270699.18,6,
770159.2300000001,6270699.18,1,
770159.53,6270699.18,3,
770159.8300000001,6270699.18,5,
770160.1300000001,6270699.18,4,
770160.43,6270699.18,3,
770161.3300000001,6270699.18,1,
770164.3300000001,6270699.18,1,
770164.6300000001,6270699.18,6,
770164.93,6270699.18,2,
770165.2300000001,6270699.18,3,
770165.53,6270699.18,2,
770168.8300000001,6270699.18,1,
770169.1300000001,6270699.18,2,
770169.43,6270699.18,2,
770169.7300000001,6270699.18,3,
770170.03,6270699.18,5,
770173.03,6270699.18,3,
770173.6300000001,6270699.18,1,
770173.93,6270699.18,4,
770174.2300000001,6270699.18,4,
770174.53,6270699.18,3,
770174.8300000001,6270699.18,1,
770178.7300000001,6270699.18,4,
770179.03,6270699.18,4,
770179.3300000001,6270699.18,1,
770179.6300000001,6270699.18,2,
770139.7300000001,6270699.48,3,
770140.03,6270699.48,6,
770140.3300000001,6270699.48,3,
770140.6300000001,6270699.48,4,
770140.93,6270699.48,1,
770144.53,6270699.48,4,
770144.8300000001,6270699.48,6,
770145.1300000001,6270699.48,3,
770145.43,6270699.48,5,
770145.7300000001,6270699.48,1,
770149.3300000001,6270699.48,2,
770149.6300000001,6270699.48,3,
770149.93,6270699.48,7,
770150.2300000001,6270699.48,3,
770150.53,6270699.48,3,
770154.1300000001,6270699.48,2,
770154.43,6270699.48,1,
770154.7300000001,6270699.48,4,
770155.03,6270699.48,5,
770155.3300000001,6270699.48,1,
770158.93,6270699.48,4,
770159.2300000001,6270699.48,4,
770159.53,6270699.48,4,
770159.8300000001,6270699.48,5,
770160.1300000001,6270699.48,1,
770160.43,6270699.48,1,
770163.43,6270699.48,1,
770164.03,6270699.48,1,
770164.3300000001,6270699.48,2,
770164.6300000001,6270699.48,5,
770168.53,6270699.48,1,
770168.8300000001,6270699.48,6,
770169.1300000001,6270699.48,4,
770169.43,6270699.48,4,
770169.7300000001,6270699.48,4,
770173.03,6270699.48,2,
770173.3300000001,6270699.48,1,
770173.6300000001,6270699.48,4,
770173.93,6270699.48,8,
770174.2300000001,6270699.48,2,
770174.53,6270699.48,1,
770174.8300000001,6270699.48,1,
770177.8300000001,6270699.48,4,
770178.1300000001,6270699.48,3,
770178.43,6270699.48,7,
770178.7300000001,6270699.48,2,
770179.03,6270699.48,3,
770179.3300000001,6270699.48,1,
770182.6300000001,6270699.48,1,
770182.93,6270699.48,1,
770138.8300000001,6270699.779999999,1,
770139.1300000001,6270699.779999999,2,
770139.43,6270699.779999999,6,
770139.7300000001,6270699.779999999,4,
770140.03,6270699.779999999,3,
770140.3300000001,6270699.779999999,2,
770144.2300000001,6270699.779999999,5,
770144.53,6270699.779999999,2,
770144.8300000001,6270699.779999999,6,
770145.1300000001,6270699.779999999,4,
770145.43,6270699.779999999,1,
770145.7300000001,6270699.779999999,1,
770149.03,6270699.779999999,5,
770149.3300000001,6270699.779999999,2,
770149.6300000001,6270699.779999999,6,
770149.93,6270699.779999999,4,
770150.2300000001,6270699.779999999,1,
770153.53,6270699.779999999,1,
770153.8300000001,6270699.779999999,1,
770154.1300000001,6270699.779999999,3,
770154.43,6270699.779999999,4,
770154.7300000001,6270699.779999999,2,
770155.03,6270699.779999999,4,
770158.3300000001,6270699.779999999,1,
770158.6300000001,6270699.779999999,3,
770158.93,6270699.779999999,5,
770159.2300000001,6270699.779999999,6,
770159.53,6270699.779999999,3,
770159.8300000001,6270699.779999999,1,
770162.8300000001,6270699.779999999,1,
770163.1300000001,6270699.779999999,1,
770163.43,6270699.779999999,2,
770163.7300000001,6270699.779999999,1,
770164.03,6270699.779999999,1,
770167.93,6270699.779999999,1,
770168.2300000001,6270699.779999999,1,
770168.53,6270699.779999999,5,
770168.8300000001,6270699.779999999,2,
770169.1300000001,6270699.779999999,4,
770169.7300000001,6270699.779999999,1,
770173.03,6270699.779999999,3,
770173.3300000001,6270699.779999999,4,
770173.6300000001,6270699.779999999,3,
770177.2300000001,6270699.779999999,1,
770177.53,6270699.779999999,4,
770177.8300000001,6270699.779999999,3,
770178.1300000001,6270699.779999999,5,
770178.43,6270699.779999999,1,
770178.7300000001,6270699.779999999,2,
770182.3300000001,6270699.779999999,4,
770182.6300000001,6270699.779999999,6,
770138.2300000001,6270700.08,1,
770138.53,6270700.08,2,
770138.8300000001,6270700.08,3,
770139.1300000001,6270700.08,6,
770139.43,6270700.08,5,
770139.7300000001,6270700.08,3,
770140.03,6270700.08,2,
770143.6300000001,6270700.08,2,
770143.93,6270700.08,5,
770144.2300000001,6270700.08,2,
770144.53,6270700.08,1,
770148.1300000001,6270700.08,2,
770148.43,6270700.08,3,
770148.7300000001,6270700.08,4,
770149.03,6270700.08,6,
770149.3300000001,6270700.08,3,
770149.6300000001,6270700.08,1,
770152.93,6270700.08,2,
770153.2300000001,6270700.08,3,
770153.53,6270700.08,5,
770153.8300000001,6270700.08,5,
770154.1300000001,6270700.08,5,
770154.43,6270700.08,3,
770157.7300000001,6270700.08,1,
770158.03,6270700.08,3,
770158.3300000001,6270700.08,4,
770158.6300000001,6270700.08,5,
770158.93,6270700.08,5,
770159.2300000001,6270700.08,1,
770162.2300000001,6270700.08,1,
770162.53,6270700.08,3,
770162.8300000001,6270700.08,4,
770163.1300000001,6270700.08,4,
770163.43,6270700.08,5,
770163.7300000001,6270700.08,5,
770164.03,6270700.08,2,
770167.6300000001,6270700.08,5,
770167.93,6270700.08,5,
770168.2300000001,6270700.08,3,
770168.53,6270700.08,5,
770168.8300000001,6270700.08,2,
770171.8300000001,6270700.08,1,
770172.1300000001,6270700.08,3,
770172.43,6270700.08,3,
770172.7300000001,6270700.08,1,
770173.03,6270700.08,5,
770173.3300000001,6270700.08,2,
770176.6300000001,6270700.08,1,
770176.93,6270700.08,2,
770177.2300000001,6270700.08,10,
770177.53,6270700.08,4,
770177.8300000001,6270700.08,4,
770178.1300000001,6270700.08,1,
770182.03,6270700.08,5,
770182.3300000001,6270700.08,7,
770182.6300000001,6270700.08,2,
770182.93,6270700.08,2,
770137.93,6270700.379999999,3,
770138.2300000001,6270700.379999999,5,
770138.53,6270700.379999999,6,
770138.8300000001,6270700.379999999,5,
770139.1300000001,6270700.379999999,4,
770139.43,6270700.379999999,3,
770143.03,6270700.379999999,1,
770143.3300000001,6270700.379999999,1,
770143.6300000001,6270700.379999999,4,
770143.93,6270700.379999999,4,
770144.2300000001,6270700.379999999,2,
770148.1300000001,6270700.379999999,4,
770148.43,6270700.379999999,5,
770148.7300000001,6270700.379999999,4,
770149.03,6270700.379999999,2,
770152.93,6270700.379999999,1,
770153.2300000001,6270700.379999999,3,
770153.53,6270700.379999999,5,
770153.8300000001,6270700.379999999,3,
770157.1300000001,6270700.379999999,1,
770157.7300000001,6270700.379999999,3,
770158.03,6270700.379999999,3,
770158.3300000001,6270700.379999999,3,
770161.93,6270700.379999999,1,
770162.2300000001,6270700.379999999,3,
770162.53,6270700.379999999,3,
770162.8300000001,6270700.379999999,6,
770163.1300000001,6270700.379999999,4,
770163.43,6270700.379999999,2,
770163.7300000001,6270700.379999999,1,
770167.03,6270700.379999999,1,
770167.3300000001,6270700.379999999,6,
770167.6300000001,6270700.379999999,3,
770167.93,6270700.379999999,5,
770168.2300000001,6270700.379999999,4,
770168.8300000001,6270700.379999999,2,
770171.8300000001,6270700.379999999,3,
770172.1300000001,6270700.379999999,4,
770172.43,6270700.379999999,5,
770172.7300000001,6270700.379999999,2,
770173.03,6270700.379999999,1,
770176.6300000001,6270700.379999999,4,
770176.93,6270700.379999999,6,
770177.2300000001,6270700.379999999,3,
770177.53,6270700.379999999,1,
770181.43,6270700.379999999,1,
770181.7300000001,6270700.379999999,3,
770182.03,6270700.379999999,4,
770182.3300000001,6270700.379999999,2,
770137.6300000001,6270700.68,4,
770137.93,6270700.68,7,
770138.2300000001,6270700.68,6,
770138.53,6270700.68,1,
770138.8300000001,6270700.68,6,
770139.1300000001,6270700.68,1,
770142.43,6270700.68,1,
770142.7300000001,6270700.68,4,
770143.03,6270700.68,5,
770143.3300000001,6270700.68,5,
770143.6300000001,6270700.68,4,
770146.93,6270700.68,1,
770147.2300000001,6270700.68,1,
770147.53,6270700.68,1,
770147.8300000001,6270700.68,7,
770148.1300000001,6270700.68,3,
770148.43,6270700.68,2,
770148.7300000001,6270700.68,2,
770152.6300000001,6270700.68,1,
770152.93,6270700.68,6,
770153.2300000001,6270700.68,3,
770156.8300000001,6270700.68,2,
770157.1300000001,6270700.68,2,
770157.43,6270700.68,4,
770157.7300000001,6270700.68,2,
770158.03,6270700.68,5,
770161.3300000001,6270700.68,1,
770161.6300000001,6270700.68,3,
770161.93,6270700.68,3,
770162.2300000001,6270700.68,3,
770162.53,6270700.68,6,
770162.8300000001,6270700.68,1,
770166.43,6270700.68,4,
770166.7300000001,6270700.68,2,
770167.03,6270700.68,4,
770167.3300000001,6270700.68,5,
770167.6300000001,6270700.68,5,
770167.93,6270700.68,4,
770171.2300000001,6270700.68,1,
770171.53,6270700.68,5,
770171.8300000001,6270700.68,6,
770172.1300000001,6270700.68,2,
770172.43,6270700.68,1,
770175.7300000001,6270700.68,1,
770176.03,6270700.68,2,
770176.3300000001,6270700.68,4,
770176.6300000001,6270700.68,6,
770176.93,6270700.68,3,
770181.43,6270700.68,3,
770181.7300000001,6270700.68,4,
770182.03,6270700.68,2,
770137.03,6270700.98,2,
770137.3300000001,6270700.98,5,
770137.6300000001,6270700.98,4,
770137.93,6270700.98,4,
770138.2300000001,6270700.98,3,
770138.53,6270700.98,5,
770142.43,6270700.98,1,
770142.7300000001,6270700.98,4,
770146.6300000001,6270700.98,1,
770146.93,6270700.98,5,
770147.2300000001,6270700.98,4,
770147.53,6270700.98,5,
770147.8300000001,6270700.98,3,
770148.1300000001,6270700.98,2,
770151.7300000001,6270700.98,2,
770152.93,6270700.98,2,
770156.53,6270700.98,3,
770156.8300000001,6270700.98,5,
770157.1300000001,6270700.98,1,
770157.43,6270700.98,5,
770157.7300000001,6270700.98,1,
770161.03,6270700.98,3,
770161.3300000001,6270700.98,1,
770161.6300000001,6270700.98,5,
770161.93,6270700.98,2,
770162.2300000001,6270700.98,6,
770166.1300000001,6270700.98,1,
770166.43,6270700.98,3,
770166.7300000001,6270700.98,5,
770167.03,6270700.98,2,
770167.6300000001,6270700.98,1,
770170.3300000001,6270700.98,1,
770170.93,6270700.98,2,
770171.2300000001,6270700.98,4,
770171.53,6270700.98,3,
770171.8300000001,6270700.98,4,
770175.43,6270700.98,4,
770175.7300000001,6270700.98,5,
770176.03,6270700.98,5,
770176.3300000001,6270700.98,4,
770177.2300000001,6270700.98,1,
770181.43,6270700.98,1,
770136.43,6270701.279999999,4,
770136.7300000001,6270701.279999999,6,
770137.03,6270701.279999999,4,
770137.3300000001,6270701.279999999,3,
770137.6300000001,6270701.279999999,1,
770138.2300000001,6270701.279999999,4,
770142.1300000001,6270701.279999999,2,
770142.43,6270701.279999999,2,
770142.7300000001,6270701.279999999,2,
770146.03,6270701.279999999,1,
770146.3300000001,6270701.279999999,2,
770146.6300000001,6270701.279999999,5,
770146.93,6270701.279999999,5,
770147.2300000001,6270701.279999999,4,
770147.53,6270701.279999999,3,
770151.1300000001,6270701.279999999,1,
770151.43,6270701.279999999,2,
770151.7300000001,6270701.279999999,4,
770152.03,6270701.279999999,1,
770155.93,6270701.279999999,2,
770156.2300000001,6270701.279999999,6,
770156.53,6270701.279999999,4,
770156.8300000001,6270701.279999999,3,
770157.1300000001,6270701.279999999,1,
770160.7300000001,6270701.279999999,2,
770161.03,6270701.279999999,4,
770161.3300000001,6270701.279999999,5,
770161.6300000001,6270701.279999999,3,
770161.93,6270701.279999999,3,
770165.2300000001,6270701.279999999,1,
770165.8300000001,6270701.279999999,2,
770166.1300000001,6270701.279999999,4,
770166.43,6270701.279999999,7,
770166.7300000001,6270701.279999999,4,
770167.6300000001,6270701.279999999,1,
770170.3300000001,6270701.279999999,5,
770170.6300000001,6270701.279999999,2,
770170.93,6270701.279999999,4,
770171.2300000001,6270701.279999999,1,
770171.53,6270701.279999999,1,
770174.8300000001,6270701.279999999,3,
770175.1300000001,6270701.279999999,3,
770175.43,6270701.279999999,5,
770175.7300000001,6270701.279999999,5,
770176.03,6270701.279999999,4,
770177.2300000001,6270701.279999999,1,
770136.1300000001,6270701.58,4,
770136.43,6270701.58,3,
770136.7300000001,6270701.58,7,
770137.03,6270701.58,2,
770137.3300000001,6270701.58,1,
770140.93,6270701.58,1,
770141.2300000001,6270701.58,1,
770141.53,6270701.58,5,
770141.8300000001,6270701.58,2,
770142.43,6270701.58,2,
770146.03,6270701.58,3,
770146.3300000001,6270701.58,6,
770146.6300000001,6270701.58,4,
770146.93,6270701.58,4,
770150.8300000001,6270701.58,3,
770151.1300000001,6270701.58,3,
770151.43,6270701.58,4,
770151.7300000001,6270701.58,6,
770152.03,6270701.58,2,
770155.3300000001,6270701.58,1,
770155.6300000001,6270701.58,4,
770155.93,6270701.58,3,
770156.2300000001,6270701.58,4,
770156.53,6270701.58,5,
770156.8300000001,6270701.58,1,
770160.1300000001,6270701.58,2,
770160.43,6270701.58,2,
770160.7300000001,6270701.58,5,
770161.03,6270701.58,4,
770161.3300000001,6270701.58,2,
770164.93,6270701.58,1,
770165.2300000001,6270701.58,3,
770165.53,6270701.58,5,
770165.8300000001,6270701.58,4,
770166.1300000001,6270701.58,4,
770166.43,6270701.58,3,
770169.7300000001,6270701.58,1,
770170.03,6270701.58,1,
770170.3300000001,6270701.58,6,
770170.6300000001,6270701.58,6,
770170.93,6270701.58,2,
770174.53,6270701.58,2,
770174.8300000001,6270701.58,5,
770175.1300000001,6270701.58,4,
770175.43,6270701.58,3,
770175.7300000001,6270701.58,4,
770135.53,6270701.879999999,1,
770135.8300000001,6270701.879999999,5,
770136.1300000001,6270701.879999999,2,
770136.43,6270701.879999999,5,
770136.7300000001,6270701.879999999,5,
770137.03,6270701.879999999,1,
770140.6300000001,6270701.879999999,3,
770140.93,6270701.879999999,5,
770141.2300000001,6270701.879999999,7,
770141.53,6270701.879999999,3,
770145.1300000001,6270701.879999999,2,
770145.43,6270701.879999999,1,
770145.7300000001,6270701.879999999,5,
770146.03,6270701.879999999,4,
770146.3300000001,6270701.879999999,3,
770150.2300000001,6270701.879999999,2,
770150.53,6270701.879999999,4,
770150.8300000001,6270701.879999999,5,
770151.1300000001,6270701.879999999,3,
770151.43,6270701.879999999,3,
770151.7300000001,6270701.879999999,1,
770155.03,6270701.879999999,1,
770155.3300000001,6270701.879999999,5,
770155.6300000001,6270701.879999999,6,
770155.93,6270701.879999999,4,
770156.2300000001,6270701.879999999,3,
770159.2300000001,6270701.879999999,1,
770159.53,6270701.879999999,1,
770159.8300000001,6270701.879999999,1,
770160.1300000001,6270701.879999999,4,
770160.43,6270701.879999999,3,
770160.7300000001,6270701.879999999,1,
770164.6300000001,6270701.879999999,1,
770164.93,6270701.879999999,5,
770165.2300000001,6270701.879999999,6,
770165.53,6270701.879999999,3,
770169.43,6270701.879999999,5,
770169.7300000001,6270701.879999999,3,
770170.03,6270701.879999999,4,
770170.3300000001,6270701.879999999,5,
770170.6300000001,6270701.879999999,3,
770173.93,6270701.879999999,3,
770174.2300000001,6270701.879999999,5,
770174.53,6270701.879999999,6,
770174.8300000001,6270701.879999999,4,
770175.1300000001,6270701.879999999,3,
770179.6300000001,6270701.879999999,1,
770183.2300000001,6270701.879999999,1,
770183.53,6270701.879999999,2,
770183.8300000001,6270701.879999999,3,
770184.1300000001,6270701.879999999,1,
770135.23,6270702.18,1,
770135.53,6270702.18,5,
770135.8300000001,6270702.18,5,
770136.1300000001,6270702.18,1,
770136.43,6270702.18,4,
770136.7300000001,6270702.18,1,
770140.03,6270702.18,3,
770140.3300000001,6270702.18,5,
770140.6300000001,6270702.18,7,
770140.93,6270702.18,5,
770141.2300000001,6270702.18,1,
770144.53,6270702.18,2,
770144.8300000001,6270702.18,3,
770145.1300000001,6270702.18,3,
770145.43,6270702.18,4,
770149.6300000001,6270702.18,1,
770149.93,6270702.18,4,
770150.2300000001,6270702.18,3,
770150.53,6270702.18,3,
770150.8300000001,6270702.18,5,
770151.1300000001,6270702.18,1,
770154.43,6270702.18,2,
770154.7300000001,6270702.18,3,
770155.03,6270702.18,3,
770155.3300000001,6270702.18,5,
770155.6300000001,6270702.18,5,
770156.53,6270702.18,1,
770159.2300000001,6270702.18,2,
770159.53,6270702.18,3,
770159.8300000001,6270702.18,5,
770160.1300000001,6270702.18,4,
770164.3300000001,6270702.18,2,
770164.6300000001,6270702.18,5,
770164.93,6270702.18,2,
770165.2300000001,6270702.18,4,
770165.53,6270702.18,1,
770168.8300000001,6270702.18,3,
770169.1300000001,6270702.18,4,
770169.43,6270702.18,5,
770169.7300000001,6270702.18,5,
770173.3300000001,6270702.18,4,
770173.6300000001,6270702.18,6,
770173.93,6270702.18,3,
770174.2300000001,6270702.18,5,
770174.53,6270702.18,2,
770174.8300000001,6270702.18,2,
770178.7300000001,6270702.18,1,
770179.03,6270702.18,3,
770183.2300000001,6270702.18,3,
770183.53,6270702.18,1,
770183.8300000001,6270702.18,3,
770134.3300000001,6270702.48,1,
770134.6300000001,6270702.48,1,
770134.93,6270702.48,1,
770135.23,6270702.48,1,
770135.53,6270702.48,4,
770135.8300000001,6270702.48,1,
770136.1300000001,6270702.48,1,
770139.43,6270702.48,2,
770139.7300000001,6270702.48,3,
770140.03,6270702.48,5,
770140.3300000001,6270702.48,5,
770140.6300000001,6270702.48,5,
770140.93,6270702.48,3,
770144.2300000001,6270702.48,2,
770144.8300000001,6270702.48,5,
770145.1300000001,6270702.48,3,
770145.43,6270702.48,3,
770149.3300000001,6270702.48,5,
770149.6300000001,6270702.48,6,
770149.93,6270702.48,2,
770150.2300000001,6270702.48,6,
770150.53,6270702.48,2,
770150.8300000001,6270702.48,2,
770153.8300000001,6270702.48,2,
770154.1300000001,6270702.48,4,
770154.43,6270702.48,4,
770154.7300000001,6270702.48,6,
770155.03,6270702.48,3,
770155.3300000001,6270702.48,2,
770158.3300000001,6270702.48,1,
770158.6300000001,6270702.48,2,
770158.93,6270702.48,2,
770159.2300000001,6270702.48,4,
770159.53,6270702.48,5,
770159.8300000001,6270702.48,2,
770163.43,6270702.48,1,
770163.7300000001,6270702.48,2,
770164.03,6270702.48,3,
770164.3300000001,6270702.48,5,
770164.6300000001,6270702.48,1,
770168.8300000001,6270702.48,1,
770169.1300000001,6270702.48,4,
770169.43,6270702.48,2,
770169.7300000001,6270702.48,1,
770173.03,6270702.48,4,
770173.3300000001,6270702.48,1,
770173.6300000001,6270702.48,3,
770173.93,6270702.48,2,
770178.7300000001,6270702.48,1,
770182.93,6270702.48,3,
770183.2300000001,6270702.48,4,
770183.53,6270702.48,4,
770134.03,6270702.779999999,2,
770134.3300000001,6270702.779999999,4,
770134.6300000001,6270702.779999999,4,
770134.93,6270702.779999999,4,
770135.23,6270702.779999999,2,
770135.53,6270702.779999999,1,
770138.8300000001,6270702.779999999,1,
770139.1300000001,6270702.779999999,4,
770139.43,6270702.779999999,3,
770139.7300000001,6270702.779999999,5,
770140.03,6270702.779999999,1,
770140.3300000001,6270702.779999999,3,
770143.6300000001,6270702.779999999,3,
770143.93,6270702.779999999,3,
770144.2300000001,6270702.779999999,3,
770144.53,6270702.779999999,5,
770144.8300000001,6270702.779999999,1,
770145.1300000001,6270702.779999999,2,
770148.7300000001,6270702.779999999,1,
770149.03,6270702.779999999,4,
770149.3300000001,6270702.779999999,4,
770149.6300000001,6270702.779999999,6,
770149.93,6270702.779999999,2,
770152.93,6270702.779999999,1,
770153.2300000001,6270702.779999999,1,
770153.53,6270702.779999999,4,
770153.8300000001,6270702.779999999,2,
770154.1300000001,6270702.779999999,6,
770154.43,6270702.779999999,3,
770158.03,6270702.779999999,3,
770158.3300000001,6270702.779999999,4,
770158.6300000001,6270702.779999999,3,
770158.93,6270702.779999999,2,
770159.2300000001,6270702.779999999,3,
770159.53,6270702.779999999,1,
770159.8300000001,6270702.779999999,1,
770163.1300000001,6270702.779999999,1,
770163.43,6270702.779999999,4,
770163.7300000001,6270702.779999999,5,
770164.03,6270702.779999999,3,
770164.3300000001,6270702.779999999,2,
770164.6300000001,6270702.779999999,1,
770167.3300000001,6270702.779999999,1,
770167.93,6270702.779999999,3,
770168.2300000001,6270702.779999999,2,
770169.1300000001,6270702.779999999,1,
770172.43,6270702.779999999,3,
770172.7300000001,6270702.779999999,5,
770173.03,6270702.779999999,4,
770173.3300000001,6270702.779999999,4,
770173.6300000001,6270702.779999999,2,
770178.1300000001,6270702.779999999,2,
770182.93,6270702.779999999,2,
770183.2300000001,6270702.779999999,3,
770183.53,6270702.779999999,3,
770133.73,6270703.08,1,
770134.03,6270703.08,3,
770134.3300000001,6270703.08,5,
770134.6300000001,6270703.08,4,
770134.93,6270703.08,1,
770138.53,6270703.08,3,
770138.8300000001,6270703.08,4,
770139.1300000001,6270703.08,4,
770139.43,6270703.08,6,
770139.7300000001,6270703.08,5,
770140.03,6270703.08,3,
770143.6300000001,6270703.08,4,
770143.93,6270703.08,5,
770144.2300000001,6270703.08,4,
770144.53,6270703.08,1,
770148.43,6270703.08,3,
770148.7300000001,6270703.08,4,
770149.03,6270703.08,5,
770149.3300000001,6270703.08,2,
770149.6300000001,6270703.08,3,
770152.93,6270703.08,3,
770153.2300000001,6270703.08,4,
770153.53,6270703.08,3,
770153.8300000001,6270703.08,4,
770154.1300000001,6270703.08,2,
770154.43,6270703.08,2,
770157.7300000001,6270703.08,3,
770158.03,6270703.08,4,
770158.3300000001,6270703.08,7,
770158.6300000001,6270703.08,5,
770158.93,6270703.08,3,
770163.1300000001,6270703.08,5,
770163.43,6270703.08,4,
770163.7300000001,6270703.08,1,
770167.3300000001,6270703.08,3,
770167.6300000001,6270703.08,4,
770167.93,6270703.08,4,
770168.2300000001,6270703.08,6,
770168.53,6270703.08,1,
770172.1300000001,6270703.08,4,
770172.43,6270703.08,3,
770172.7300000001,6270703.08,5,
770173.03,6270703.08,3,
770173.3300000001,6270703.08,1,
770173.6300000001,6270703.08,1,
770177.53,6270703.08,1,
770178.1300000001,6270703.08,1,
770182.03,6270703.08,1,
770182.3300000001,6270703.08,2,
770182.6300000001,6270703.08,1,
770182.93,6270703.08,1,
770183.2300000001,6270703.08,1,
770183.53,6270703.08,2,
770133.1300000001,6270703.379999999,1,
770133.43,6270703.379999999,3,
770133.73,6270703.379999999,4,
770134.03,6270703.379999999,4,
770134.3300000001,6270703.379999999,5,
770137.93,6270703.379999999,3,
770138.2300000001,6270703.379999999,4,
770138.53,6270703.379999999,5,
770138.8300000001,6270703.379999999,4,
770139.1300000001,6270703.379999999,2,
770139.43,6270703.379999999,2,
770139.7300000001,6270703.379999999,1,
770140.03,6270703.379999999,1,
770143.03,6270703.379999999,1,
770143.3300000001,6270703.379999999,5,
770143.6300000001,6270703.379999999,4,
770143.93,6270703.379999999,1,
770147.53,6270703.379999999,1,
770147.8300000001,6270703.379999999,2,
770148.1300000001,6270703.379999999,4,
770148.43,6270703.379999999,4,
770148.7300000001,6270703.379999999,5,
770152.6300000001,6270703.379999999,3,
770152.93,6270703.379999999,3,
770153.2300000001,6270703.379999999,4,
770153.53,6270703.379999999,5,
770153.8300000001,6270703.379999999,3,
770154.1300000001,6270703.379999999,1,
770157.1300000001,6270703.379999999,1,
770157.43,6270703.379999999,1,
770157.7300000001,6270703.379999999,2,
770158.03,6270703.379999999,6,
770158.3300000001,6270703.379999999,1,
770161.6300000001,6270703.379999999,1,
770162.2300000001,6270703.379999999,1,
770162.53,6270703.379999999,1,
770162.8300000001,6270703.379999999,1,
770163.1300000001,6270703.379999999,1,
770163.43,6270703.379999999,2,
770167.03,6270703.379999999,2,
770167.3300000001,6270703.379999999,4,
770167.6300000001,6270703.379999999,5,
770167.93,6270703.379999999,3,
770168.2300000001,6270703.379999999,1,
770171.8300000001,6270703.379999999,5,
770172.1300000001,6270703.379999999,3,
770172.43,6270703.379999999,5,
770172.7300000001,6270703.379999999,2,
770173.03,6270703.379999999,2,
770177.2300000001,6270703.379999999,1,
770181.43,6270703.379999999,2,
770181.7300000001,6270703.379999999,4,
770182.3300000001,6270703.379999999,1,
770132.23,6270703.68,1,
770132.53,6270703.68,1,
770132.8300000001,6270703.68,4,
770133.1300000001,6270703.68,4,
770133.43,6270703.68,6,
770133.73,6270703.68,4,
770134.03,6270703.68,2,
770134.3300000001,6270703.68,3,
770137.6300000001,6270703.68,2,
770137.93,6270703.68,4,
770138.2300000001,6270703.68,5,
770138.53,6270703.68,7,
770138.8300000001,6270703.68,4,
770142.43,6270703.68,1,
770142.7300000001,6270703.68,2,
770143.03,6270703.68,5,
770143.3300000001,6270703.68,6,
770143.93,6270703.68,1,
770147.2300000001,6270703.68,1,
770147.53,6270703.68,4,
770147.8300000001,6270703.68,5,
770148.1300000001,6270703.68,2,
770148.43,6270703.68,1,
770151.7300000001,6270703.68,2,
770152.03,6270703.68,2,
770152.3300000001,6270703.68,4,
770152.6300000001,6270703.68,5,
770152.93,6270703.68,6,
770153.2300000001,6270703.68,5,
770153.53,6270703.68,2,
770156.8300000001,6270703.68,2,
770157.1300000001,6270703.68,2,
770157.43,6270703.68,4,
770157.7300000001,6270703.68,4,
770161.6300000001,6270703.68,3,
770161.93,6270703.68,4,
770162.2300000001,6270703.68,3,
770162.53,6270703.68,3,
770162.8300000001,6270703.68,3,
770163.1300000001,6270703.68,1,
770166.1300000001,6270703.68,1,
770167.03,6270703.68,2,
770167.3300000001,6270703.68,2,
770170.6300000001,6270703.68,1,
770170.93,6270703.68,1,
770176.6300000001,6270703.68,3,
770177.53,6270703.68,1,
770181.7300000001,6270703.68,1,
770182.03,6270703.68,1,
770132.23,6270703.98,2,
770132.53,6270703.98,4,
770132.8300000001,6270703.98,4,
770133.1300000001,6270703.98,6,
770133.43,6270703.98,3,
770134.03,6270703.98,1,
770137.3300000001,6270703.98,4,
770137.6300000001,6270703.98,6,
770137.93,6270703.98,4,
770138.2300000001,6270703.98,4,
770138.53,6270703.98,2,
770138.8300000001,6270703.98,1,
770141.8300000001,6270703.98,3,
770142.1300000001,6270703.98,3,
770142.43,6270703.98,5,
770142.7300000001,6270703.98,2,
770143.03,6270703.98,3,
770146.93,6270703.98,2,
770147.2300000001,6270703.98,7,
770147.53,6270703.98,3,
770147.8300000001,6270703.98,2,
770151.1300000001,6270703.98,1,
770151.7300000001,6270703.98,4,
770152.03,6270703.98,4,
770152.3300000001,6270703.98,4,
770152.6300000001,6270703.98,3,
770152.93,6270703.98,5,
770156.53,6270703.98,2,
770156.8300000001,6270703.98,5,
770157.1300000001,6270703.98,3,
770161.3300000001,6270703.98,1,
770161.6300000001,6270703.98,2,
770161.93,6270703.98,3,
770162.2300000001,6270703.98,3,
770165.8300000001,6270703.98,1,
770166.1300000001,6270703.98,3,
770166.43,6270703.98,5,
770170.3300000001,6270703.98,2,
770170.6300000001,6270703.98,3,
770170.93,6270703.98,3,
770171.2300000001,6270703.98,2,
770176.3300000001,6270703.98,3,
770176.6300000001,6270703.98,1,
770180.8300000001,6270703.98,3,
770185.03,6270703.98,2,
770185.3300000001,6270703.98,1,
770131.3300000001,6270704.279999999,1,
770131.6300000001,6270704.279999999,1,
770131.93,6270704.279999999,3,
770132.23,6270704.279999999,3,
770132.53,6270704.279999999,4,
770132.8300000001,6270704.279999999,3,
770133.1300000001,6270704.279999999,3,
770137.03,6270704.279999999,4,
770137.3300000001,6270704.279999999,6,
770137.6300000001,6270704.279999999,5,
770137.93,6270704.279999999,3,
770138.2300000001,6270704.279999999,1,
770141.2300000001,6270704.279999999,1,
770141.53,6270704.279999999,3,
770141.8300000001,6270704.279999999,2,
770142.1300000001,6270704.279999999,5,
770142.43,6270704.279999999,2,
770146.03,6270704.279999999,1,
770146.3300000001,6270704.279999999,1,
770146.6300000001,6270704.279999999,4,
770146.93,6270704.279999999,3,
770147.2300000001,6270704.279999999,3,
770151.1300000001,6270704.279999999,4,
770151.43,6270704.279999999,6,
770151.7300000001,6270704.279999999,6,
770152.03,6270704.279999999,3,
770152.3300000001,6270704.279999999,1,
770152.6300000001,6270704.279999999,4,
770155.93,6270704.279999999,2,
770156.2300000001,6270704.279999999,3,
770156.53,6270704.279999999,6,
770156.8300000001,6270704.279999999,3,
770160.7300000001,6270704.279999999,3,
770161.03,6270704.279999999,2,
770161.3300000001,6270704.279999999,4,
770161.6300000001,6270704.279999999,2,
770161.93,6270704.279999999,1,
770165.2300000001,6270704.279999999,1,
770165.53,6270704.279999999,2,
770165.8300000001,6270704.279999999,6,
770166.1300000001,6270704.279999999,5,
770166.43,6270704.279999999,2,
770166.7300000001,6270704.279999999,1,
770170.03,6270704.279999999,1,
770170.3300000001,6270704.279999999,4,
770170.6300000001,6270704.279999999,3,
770170.93,6270704.279999999,3,
770171.2300000001,6270704.279999999,1,
770175.1300000001,6270704.279999999,1,
770175.43,6270704.279999999,1,
770180.2300000001,6270704.279999999,1,
770180.53,6270704.279999999,1,
770180.8300000001,6270704.279999999,1,
770184.43,6270704.279999999,1,
770184.7300000001,6270704.279999999,1,
770185.03,6270704.279999999,3,
770185.3300000001,6270704.279999999,3,
770131.3300000001,6270704.58,4,
770131.6300000001,6270704.58,5,
770131.93,6270704.58,4,
770132.23,6270704.58,4,
770132.8300000001,6270704.58,1,
770137.03,6270704.58,2,
770137.3300000001,6270704.58,3,
770140.93,6270704.58,3,
770141.2300000001,6270704.58,4,
770141.53,6270704.58,7,
770141.8300000001,6270704.58,5,
770142.1300000001,6270704.58,1,
770145.7300000001,6270704.58,2,
770146.03,6270704.58,5,
770146.3300000001,6270704.58,6,
770146.6300000001,6270704.58,1,
770146.93,6270704.58,2,
770147.2300000001,6270704.58,1,
770150.53,6270704.58,2,
770150.8300000001,6270704.58,3,
770151.1300000001,6270704.58,5,
770151.43,6270704.58,5,
770151.7300000001,6270704.58,4,
770152.03,6270704.58,3,
770155.3300000001,6270704.58,2,
770155.93,6270704.58,4,
770156.2300000001,6270704.58,3,
770156.53,6270704.58,3,
770160.1300000001,6270704.58,2,
770160.43,6270704.58,2,
770160.7300000001,6270704.58,6,
770161.03,6270704.58,3,
770161.3300000001,6270704.58,1,
770165.2300000001,6270704.58,5,
770165.53,6270704.58,5,
770165.8300000001,6270704.58,4,
770166.1300000001,6270704.58,2,
770166.43,6270704.58,1,
770169.7300000001,6270704.58,3,
770170.03,6270704.58,6,
770170.3300000001,6270704.58,5,
770170.6300000001,6270704.58,4,
770174.53,6270704.58,1,
770174.8300000001,6270704.58,1,
770175.1300000001,6270704.58,6,
770175.43,6270704.58,1,
770179.6300000001,6270704.58,1,
770179.93,6270704.58,3,
770180.2300000001,6270704.58,1,
770184.1300000001,6270704.58,2,
770184.43,6270704.58,3,
770184.7300000001,6270704.58,7,
770185.03,6270704.58,2,
770185.3300000001,6270704.58,1,
770185.6300000001,6270704.58,1,
770130.73,6270704.879999999,3,
770131.03,6270704.879999999,4,
770131.3300000001,6270704.879999999,7,
770131.6300000001,6270704.879999999,3,
770131.93,6270704.879999999,4,
770137.03,6270704.879999999,1,
770140.03,6270704.879999999,1,
770140.3300000001,6270704.879999999,1,
770140.6300000001,6270704.879999999,7,
770140.93,6270704.879999999,4,
770141.2300000001,6270704.879999999,4,
770141.53,6270704.879999999,3,
770145.7300000001,6270704.879999999,3,
770146.03,6270704.879999999,4,
770146.3300000001,6270704.879999999,5,
770146.93,6270704.879999999,1,
770150.53,6270704.879999999,5,
770150.8300000001,6270704.879999999,5,
770151.1300000001,6270704.879999999,2,
770155.03,6270704.879999999,5,
770155.3300000001,6270704.879999999,2,
770159.53,6270704.879999999,1,
770159.8300000001,6270704.879999999,1,
770160.1300000001,6270704.879999999,3,
770160.43,6270704.879999999,6,
770160.7300000001,6270704.879999999,4,
770161.03,6270704.879999999,1,
770164.6300000001,6270704.879999999,5,
770164.93,6270704.879999999,6,
770165.2300000001,6270704.879999999,3,
770165.53,6270704.879999999,2,
770165.8300000001,6270704.879999999,2,
770168.8300000001,6270704.879999999,3,
770169.1300000001,6270704.879999999,2,
770169.43,6270704.879999999,5,
770169.7300000001,6270704.879999999,1,
770170.03,6270704.879999999,3,
770170.3300000001,6270704.879999999,4,
770170.6300000001,6270704.879999999,2,
770174.8300000001,6270704.879999999,4,
770175.43,6270704.879999999,1,
770178.7300000001,6270704.879999999,1,
770179.03,6270704.879999999,2,
770179.3300000001,6270704.879999999,1,
770179.93,6270704.879999999,2,
770184.43,6270704.879999999,4,
770184.7300000001,6270704.879999999,2,
770185.03,6270704.879999999,1,
770130.1300000001,6270705.18,2,
770130.43,6270705.18,1,
770130.73,6270705.18,5,
770131.03,6270705.18,4,
770131.3300000001,6270705.18,3,
770131.6300000001,6270705.18,3,
770135.23,6270705.18,4,
770135.53,6270705.18,2,
770135.8300000001,6270705.18,2,
770140.03,6270705.18,5,
770140.3300000001,6270705.18,6,
770140.6300000001,6270705.18,5,
770140.93,6270705.18,3,
770141.2300000001,6270705.18,3,
770141.53,6270705.18,1,
770145.1300000001,6270705.18,1,
770145.43,6270705.18,5,
770145.7300000001,6270705.18,3,
770146.03,6270705.18,4,
770149.3300000001,6270705.18,2,
770149.93,6270705.18,2,
770150.53,6270705.18,3,
770150.8300000001,6270705.18,2,
770151.1300000001,6270705.18,1,
770154.1300000001,6270705.18,2,
770154.43,6270705.18,5,
770154.7300000001,6270705.18,4,
770155.03,6270705.18,4,
770155.3300000001,6270705.18,5,
770159.2300000001,6270705.18,5,
770159.53,6270705.18,2,
770159.8300000001,6270705.18,6,
770160.1300000001,6270705.18,4,
770164.3300000001,6270705.18,1,
770164.6300000001,6270705.18,2,
770164.93,6270705.18,5,
770165.2300000001,6270705.18,4,
770168.53,6270705.18,3,
770168.8300000001,6270705.18,2,
770169.1300000001,6270705.18,4,
770169.43,6270705.18,2,
770169.7300000001,6270705.18,4,
770174.2300000001,6270705.18,1,
770174.53,6270705.18,2,
770179.03,6270705.18,2,
770183.2300000001,6270705.18,2,
770183.53,6270705.18,1,
770184.1300000001,6270705.18,1,
770184.43,6270705.18,2,
770129.53,6270705.48,3,
770129.8300000001,6270705.48,2,
770130.1300000001,6270705.48,4,
770130.43,6270705.48,5,
770130.73,6270705.48,3,
770131.03,6270705.48,4,
770131.3300000001,6270705.48,4,
770131.6300000001,6270705.48,1,
770134.6300000001,6270705.48,1,
770134.93,6270705.48,3,
770135.23,6270705.48,3,
770135.53,6270705.48,5,
770135.8300000001,6270705.48,1,
770139.43,6270705.48,1,
770139.7300000001,6270705.48,6,
770140.03,6270705.48,2,
770140.3300000001,6270705.48,4,
770140.6300000001,6270705.48,3,
770140.93,6270705.48,1,
770144.2300000001,6270705.48,1,
770144.8300000001,6270705.48,2,
770145.1300000001,6270705.48,1,
770149.03,6270705.48,2,
770149.3300000001,6270705.48,3,
770149.6300000001,6270705.48,5,
770149.93,6270705.48,2,
770150.2300000001,6270705.48,1,
770153.8300000001,6270705.48,2,
770154.1300000001,6270705.48,4,
770154.43,6270705.48,3,
770154.7300000001,6270705.48,6,
770155.03,6270705.48,1,
770155.3300000001,6270705.48,1,
770158.93,6270705.48,2,
770159.2300000001,6270705.48,4,
770159.53,6270705.48,6,
770159.8300000001,6270705.48,2,
770160.1300000001,6270705.48,3,
770163.7300000001,6270705.48,4,
770164.03,6270705.48,4,
770164.3300000001,6270705.48,2,
770167.93,6270705.48,2,
770168.2300000001,6270705.48,3,
770168.53,6270705.48,5,
770168.8300000001,6270705.48,4,
770169.1300000001,6270705.48,1,
770173.03,6270705.48,2,
770173.3300000001,6270705.48,2,
770173.6300000001,6270705.48,1,
770173.93,6270705.48,1,
770179.03,6270705.48,1,
770128.93,6270705.779999999,1,
770129.23,6270705.779999999,2,
770129.53,6270705.779999999,3,
770129.8300000001,6270705.779999999,5,
770130.1300000001,6270705.779999999,5,
770130.43,6270705.779999999,5,
770130.73,6270705.779999999,3,
770134.6300000001,6270705.779999999,4,
770134.93,6270705.779999999,7,
770135.23,6270705.779999999,6,
770135.53,6270705.779999999,3,
770138.8300000001,6270705.779999999,1,
770139.1300000001,6270705.779999999,3,
770139.43,6270705.779999999,4,
770139.7300000001,6270705.779999999,4,
770140.03,6270705.779999999,5,
770140.3300000001,6270705.779999999,2,
770144.53,6270705.779999999,2,
770144.8300000001,6270705.779999999,1,
770148.43,6270705.779999999,3,
770148.7300000001,6270705.779999999,2,
770149.03,6270705.779999999,5,
770149.3300000001,6270705.779999999,3,
770149.6300000001,6270705.779999999,4,
770149.93,6270705.779999999,3,
770152.93,6270705.779999999,1,
770153.2300000001,6270705.779999999,2,
770153.53,6270705.779999999,6,
770153.8300000001,6270705.779999999,4,
770154.1300000001,6270705.779999999,4,
770154.43,6270705.779999999,1,
770158.03,6270705.779999999,3,
770158.3300000001,6270705.779999999,3,
770158.6300000001,6270705.779999999,2,
770158.93,6270705.779999999,6,
770159.2300000001,6270705.779999999,3,
770159.53,6270705.779999999,1,
770162.8300000001,6270705.779999999,1,
770163.1300000001,6270705.779999999,2,
770163.43,6270705.779999999,5,
770163.7300000001,6270705.779999999,4,
770164.03,6270705.779999999,5,
770164.3300000001,6270705.779999999,1,
770167.3300000001,6270705.779999999,1,
770167.6300000001,6270705.779999999,6,
770167.93,6270705.779999999,5,
770168.2300000001,6270705.779999999,4,
770168.53,6270705.779999999,1,
770172.43,6270705.779999999,1,
770172.7300000001,6270705.779999999,1,
770173.03,6270705.779999999,3,
770173.3300000001,6270705.779999999,4,
770173.6300000001,6270705.779999999,1,
770177.2300000001,6270705.779999999,1,
770177.53,6270705.779999999,2,
770177.8300000001,6270705.779999999,2,
770178.1300000001,6270705.779999999,3,
770182.3300000001,6270705.779999999,1,
770186.53,6270705.779999999,1,
770128.6300000001,6270706.08,5,
770128.93,6270706.08,6,
770129.23,6270706.08,2,
770129.53,6270706.08,2,
770129.8300000001,6270706.08,5,
770130.1300000001,6270706.08,1,
770130.43,6270706.08,3,
770133.73,6270706.08,1,
770134.03,6270706.08,5,
770134.3300000001,6270706.08,7,
770134.6300000001,6270706.08,4,
770134.93,6270706.08,2,
770138.53,6270706.08,1,
770138.8300000001,6270706.08,7,
770139.1300000001,6270706.08,4,
770139.43,6270706.08,6,
770139.7300000001,6270706.08,1,
770140.3300000001,6270706.08,1,
770143.3300000001,6270706.08,2,
770143.6300000001,6270706.08,3,
770143.93,6270706.08,2,
770144.53,6270706.08,1,
770148.1300000001,6270706.08,2,
770148.43,6270706.08,3,
770148.7300000001,6270706.08,6,
770149.03,6270706.08,4,
770149.3300000001,6270706.08,3,
770152.6300000001,6270706.08,1,
770152.93,6270706.08,3,
770153.2300000001,6270706.08,3,
770153.53,6270706.08,4,
770153.8300000001,6270706.08,5,
770157.43,6270706.08,1,
770157.7300000001,6270706.08,4,
770158.03,6270706.08,3,
770158.3300000001,6270706.08,5,
770158.6300000001,6270706.08,4,
770162.8300000001,6270706.08,5,
770163.1300000001,6270706.08,4,
770163.43,6270706.08,4,
770163.7300000001,6270706.08,2,
770164.03,6270706.08,2,
770167.03,6270706.08,1,
770167.3300000001,6270706.08,2,
770167.6300000001,6270706.08,5,
770167.93,6270706.08,5,
770168.2300000001,6270706.08,2,
770172.1300000001,6270706.08,3,
770172.43,6270706.08,5,
770172.7300000001,6270706.08,5,
770173.03,6270706.08,3,
770177.2300000001,6270706.08,1,
770177.53,6270706.08,3,
770177.8300000001,6270706.08,1,
770182.3300000001,6270706.08,2,
770186.2300000001,6270706.08,4,
770186.53,6270706.08,3,
770186.8300000001,6270706.08,2,
770128.03,6270706.379999999,1,
770128.3300000001,6270706.379999999,4,
770128.6300000001,6270706.379999999,4,
770128.93,6270706.379999999,8,
770129.23,6270706.379999999,4,
770129.53,6270706.379999999,4,
770133.1300000001,6270706.379999999,2,
770133.43,6270706.379999999,3,
770133.73,6270706.379999999,3,
770134.03,6270706.379999999,6,
770134.3300000001,6270706.379999999,1,
770138.53,6270706.379999999,1,
770138.8300000001,6270706.379999999,2,
770139.1300000001,6270706.379999999,4,
770139.43,6270706.379999999,2,
770142.7300000001,6270706.379999999,2,
770143.03,6270706.379999999,4,
770143.3300000001,6270706.379999999,5,
770143.6300000001,6270706.379999999,5,
770143.93,6270706.379999999,1,
770147.8300000001,6270706.379999999,2,
770148.1300000001,6270706.379999999,5,
770148.43,6270706.379999999,4,
770148.7300000001,6270706.379999999,3,
770152.3300000001,6270706.379999999,1,
770152.6300000001,6270706.379999999,4,
770152.93,6270706.379999999,2,
770153.2300000001,6270706.379999999,3,
770153.53,6270706.379999999,2,
770157.1300000001,6270706.379999999,1,
770157.43,6270706.379999999,3,
770157.7300000001,6270706.379999999,5,
770158.03,6270706.379999999,5,
770158.3300000001,6270706.379999999,2,
770162.2300000001,6270706.379999999,1,
770162.53,6270706.379999999,6,
770162.8300000001,6270706.379999999,3,
770166.7300000001,6270706.379999999,2,
770167.03,6270706.379999999,5,
770167.3300000001,6270706.379999999,7,
770167.6300000001,6270706.379999999,5,
770167.93,6270706.379999999,3,
770171.53,6270706.379999999,1,
770171.8300000001,6270706.379999999,3,
770172.1300000001,6270706.379999999,4,
770172.43,6270706.379999999,3,
770172.7300000001,6270706.379999999,1,
770177.2300000001,6270706.379999999,1,
770177.53,6270706.379999999,1,
770178.1300000001,6270706.379999999,1,
770185.93,6270706.379999999,3,
770186.2300000001,6270706.379999999,4,
770186.53,6270706.379999999,4,
770186.8300000001,6270706.379999999,3,
770127.73,6270706.68,4,
770128.03,6270706.68,3,
770128.3300000001,6270706.68,5,
770128.6300000001,6270706.68,3,
770128.93,6270706.68,4,
770129.23,6270706.68,3,
770129.53,6270706.68,2,
770132.8300000001,6270706.68,5,
770133.1300000001,6270706.68,2,
770133.43,6270706.68,6,
770133.73,6270706.68,4,
770134.03,6270706.68,1,
770134.3300000001,6270706.68,2,
770138.2300000001,6270706.68,1,
770142.43,6270706.68,3,
770142.7300000001,6270706.68,7,
770143.03,6270706.68,2,
770143.3300000001,6270706.68,4,
770143.6300000001,6270706.68,2,
770146.93,6270706.68,1,
770147.2300000001,6270706.68,4,
770147.53,6270706.68,2,
770147.8300000001,6270706.68,5,
770148.1300000001,6270706.68,5,
770148.43,6270706.68,2,
770148.7300000001,6270706.68,1,
770152.03,6270706.68,2,
770152.3300000001,6270706.68,5,
770152.6300000001,6270706.68,3,
770152.93,6270706.68,3,
770156.8300000001,6270706.68,2,
770157.1300000001,6270706.68,2,
770157.43,6270706.68,6,
770157.7300000001,6270706.68,5,
770158.03,6270706.68,2,
770161.6300000001,6270706.68,3,
770161.93,6270706.68,5,
770162.2300000001,6270706.68,2,
770162.53,6270706.68,1,
770166.43,6270706.68,2,
770166.7300000001,6270706.68,3,
770167.03,6270706.68,1,
770167.3300000001,6270706.68,2,
770170.93,6270706.68,1,
770171.2300000001,6270706.68,1,
770171.53,6270706.68,3,
770171.8300000001,6270706.68,2,
770172.1300000001,6270706.68,4,
770172.43,6270706.68,4,
770175.7300000001,6270706.68,1,
770176.03,6270706.68,1,
770177.2300000001,6270706.68,1,
770181.43,6270706.68,1,
770185.3300000001,6270706.68,3,
770185.6300000001,6270706.68,1,
770185.93,6270706.68,6,
770186.2300000001,6270706.68,3,
770186.53,6270706.68,3,
770127.1300000001,6270706.98,1,
770127.43,6270706.98,5,
770127.73,6270706.98,3,
770128.03,6270706.98,4,
770128.3300000001,6270706.98,5,
770128.6300000001,6270706.98,5,
770132.23,6270706.98,1,
770132.53,6270706.98,3,
770132.8300000001,6270706.98,8,
770133.1300000001,6270706.98,5,
770133.43,6270706.98,1,
770133.73,6270706.98,1,
770137.6300000001,6270706.98,3,
770137.93,6270706.98,1,
770138.2300000001,6270706.98,1,
770141.8300000001,6270706.98,1,
770142.1300000001,6270706.98,2,
770142.43,6270706.98,5,
770142.7300000001,6270706.98,6,
770143.03,6270706.98,2,
770143.3300000001,6270706.98,1,
770146.6300000001,6270706.98,1,
770146.93,6270706.98,4,
770147.2300000001,6270706.98,3,
770147.53,6270706.98,5,
770147.8300000001,6270706.98,4,
770148.1300000001,6270706.98,1,
770151.43,6270706.98,1,
770151.7300000001,6270706.98,1,
770152.03,6270706.98,1,
770152.3300000001,6270706.98,6,
770156.2300000001,6270706.98,3,
770156.53,6270706.98,2,
770156.8300000001,6270706.98,6,
770157.1300000001,6270706.98,4,
770157.43,6270706.98,2,
770161.3300000001,6270706.98,1,
770161.6300000001,6270706.98,2,
770161.93,6270706.98,5,
770162.2300000001,6270706.98,2,
770166.43,6270706.98,2,
770170.6300000001,6270706.98,1,
770170.93,6270706.98,6,
770171.2300000001,6270706.98,4,
770171.53,6270706.98,3,
770175.1300000001,6270706.98,2,
770175.43,6270706.98,1,
770175.7300000001,6270706.98,4,
770176.03,6270706.98,1,
770176.3300000001,6270706.98,1,
770180.8300000001,6270706.98,1,
770181.1300000001,6270706.98,2,
770184.7300000001,6270706.98,1,
770185.03,6270706.98,2,
770185.3300000001,6270706.98,6,
770185.6300000001,6270706.98,6,
770186.53,6270706.98,1,
770126.8300000001,6270707.279999999,6,
770127.1300000001,6270707.279999999,4,
770127.43,6270707.279999999,6,
770127.73,6270707.279999999,4,
770128.03,6270707.279999999,5,
770128.3300000001,6270707.279999999,3,
770132.23,6270707.279999999,1,
770132.53,6270707.279999999,6,
770132.8300000001,6270707.279999999,2,
770136.43,6270707.279999999,1,
770136.7300000001,6270707.279999999,1,
770141.2300000001,6270707.279999999,1,
770141.53,6270707.279999999,1,
770141.8300000001,6270707.279999999,4,
770142.1300000001,6270707.279999999,5,
770142.43,6270707.279999999,4,
770146.03,6270707.279999999,1,
770146.3300000001,6270707.279999999,4,
770146.6300000001,6270707.279999999,4,
770146.93,6270707.279999999,5,
770147.2300000001,6270707.279999999,1,
770147.53,6270707.279999999,2,
770147.8300000001,6270707.279999999,1,
770151.1300000001,6270707.279999999,3,
770151.43,6270707.279999999,4,
770151.7300000001,6270707.279999999,1,
770152.03,6270707.279999999,1,
770152.3300000001,6270707.279999999,1,
770155.6300000001,6270707.279999999,1,
770155.93,6270707.279999999,4,
770156.2300000001,6270707.279999999,3,
770156.53,6270707.279999999,6,
770156.8300000001,6270707.279999999,3,
770157.1300000001,6270707.279999999,1,
770160.43,6270707.279999999,3,
770160.7300000001,6270707.279999999,1,
770161.03,6270707.279999999,2,
770161.3300000001,6270707.279999999,3,
770161.6300000001,6270707.279999999,1,
770164.93,6270707.279999999,2,
770165.2300000001,6270707.279999999,4,
770165.53,6270707.279999999,4,
770165.8300000001,6270707.279999999,2,
770170.03,6270707.279999999,1,
770170.6300000001,6270707.279999999,4,
770170.93,6270707.279999999,5,
770174.8300000001,6270707.279999999,2,
770175.1300000001,6270707.279999999,3,
770175.43,6270707.279999999,3,
770175.7300000001,6270707.279999999,4,
770176.03,6270707.279999999,3,
770176.3300000001,6270707.279999999,1,
770179.93,6270707.279999999,2,
770180.2300000001,6270707.279999999,1,
770180.8300000001,6270707.279999999,1,
770184.43,6270707.279999999,2,
770184.7300000001,6270707.279999999,3,
770185.03,6270707.279999999,4,
770185.3300000001,6270707.279999999,4,
770185.6300000001,6270707.279999999,2,
770126.23,6270707.58,1,
770126.53,6270707.58,4,
770126.8300000001,6270707.58,7,
770127.1300000001,6270707.58,3,
770127.43,6270707.58,5,
770131.6300000001,6270707.58,3,
770131.93,6270707.58,1,
770132.23,6270707.58,3,
770132.53,6270707.58,4,
770132.8300000001,6270707.58,1,
770135.8300000001,6270707.58,1,
770136.1300000001,6270707.58,2,
770136.43,6270707.58,6,
770136.7300000001,6270707.58,2,
770140.93,6270707.58,1,
770141.2300000001,6270707.58,4,
770141.53,6270707.58,6,
770141.8300000001,6270707.58,1,
770142.1300000001,6270707.58,1,
770142.43,6270707.58,2,
770145.43,6270707.58,1,
770145.7300000001,6270707.58,4,
770146.03,6270707.58,2,
770146.3300000001,6270707.58,4,
770146.6300000001,6270707.58,4,
770150.53,6270707.58,3,
770150.8300000001,6270707.58,5,
770151.1300000001,6270707.58,3,
770151.43,6270707.58,2,
770152.03,6270707.58,1,
770155.3300000001,6270707.58,1,
770155.93,6270707.58,3,
770156.2300000001,6270707.58,7,
770159.8300000001,6270707.58,1,
770160.1300000001,6270707.58,2,
770160.43,6270707.58,4,
770160.7300000001,6270707.58,5,
770161.03,6270707.58,5,
770161.3300000001,6270707.58,1,
770164.6300000001,6270707.58,1,
770164.93,6270707.58,4,
770165.2300000001,6270707.58,5,
770165.53,6270707.58,6,
770169.43,6270707.58,1,
770169.7300000001,6270707.58,3,
770170.03,6270707.58,2,
770170.3300000001,6270707.58,1,
770174.53,6270707.58,1,
770174.8300000001,6270707.58,2,
770175.1300000001,6270707.58,6,
770175.43,6270707.58,2,
770175.7300000001,6270707.58,1,
770179.93,6270707.58,2,
770180.2300000001,6270707.58,2,
770184.1300000001,6270707.58,1,
770184.43,6270707.58,1,
770184.7300000001,6270707.58,5,
770185.03,6270707.58,4,
770185.3300000001,6270707.58,3,
770125.6300000001,6270707.879999999,2,
770125.93,6270707.879999999,1,
770126.23,6270707.879999999,4,
770126.53,6270707.879999999,6,
770126.8300000001,6270707.879999999,6,
770127.1300000001,6270707.879999999,2,
770131.03,6270707.879999999,3,
770131.3300000001,6270707.879999999,4,
770131.6300000001,6270707.879999999,4,
770131.93,6270707.879999999,4,
770132.23,6270707.879999999,1,
770135.8300000001,6270707.879999999,6,
770136.1300000001,6270707.879999999,3,
770136.43,6270707.879999999,5,
770136.7300000001,6270707.879999999,2,
770140.6300000001,6270707.879999999,2,
770140.93,6270707.879999999,7,
770141.2300000001,6270707.879999999,5,
770145.1300000001,6270707.879999999,1,
770145.43,6270707.879999999,5,
770145.7300000001,6270707.879999999,4,
770146.03,6270707.879999999,3,
770146.3300000001,6270707.879999999,4,
770149.93,6270707.879999999,4,
770150.2300000001,6270707.879999999,3,
770150.53,6270707.879999999,6,
770150.8300000001,6270707.879999999,3,
770151.1300000001,6270707.879999999,1,
770154.7300000001,6270707.879999999,1,
770155.03,6270707.879999999,3,
770155.3300000001,6270707.879999999,5,
770155.6300000001,6270707.879999999,2,
770159.53,6270707.879999999,2,
770159.8300000001,6270707.879999999,2,
770160.1300000001,6270707.879999999,4,
770160.43,6270707.879999999,3,
770164.03,6270707.879999999,3,
770164.3300000001,6270707.879999999,1,
770164.6300000001,6270707.879999999,6,
770164.93,6270707.879999999,5,
770165.2300000001,6270707.879999999,3,
770165.53,6270707.879999999,2,
770169.1300000001,6270707.879999999,3,
770169.43,6270707.879999999,4,
770169.7300000001,6270707.879999999,4,
770170.03,6270707.879999999,5,
770170.3300000001,6270707.879999999,1,
770170.6300000001,6270707.879999999,1,
770173.93,6270707.879999999,1,
770174.2300000001,6270707.879999999,6,
770174.53,6270707.879999999,4,
770174.8300000001,6270707.879999999,4,
770175.1300000001,6270707.879999999,3,
770179.93,6270707.879999999,1,
770183.2300000001,6270707.879999999,1,
770183.53,6270707.879999999,2,
770183.8300000001,6270707.879999999,4,
770184.1300000001,6270707.879999999,4,
770184.43,6270707.879999999,4,
770184.7300000001,6270707.879999999,1,
770125.6300000001,6270708.18,2,
770125.93,6270708.18,5,
770126.23,6270708.18,4,
770126.53,6270708.18,3,
770130.1300000001,6270708.18,2,
770130.43,6270708.18,3,
770130.73,6270708.18,4,
770131.03,6270708.18,1,
770131.3300000001,6270708.18,6,
770131.6300000001,6270708.18,3,
770135.8300000001,6270708.18,3,
770136.1300000001,6270708.18,4,
770136.43,6270708.18,1,
770139.7300000001,6270708.18,2,
770140.03,6270708.18,2,
770140.3300000001,6270708.18,5,
770140.6300000001,6270708.18,3,
770140.93,6270708.18,2,
770141.2300000001,6270708.18,3,
770141.53,6270708.18,1,
770144.2300000001,6270708.18,1,
770144.53,6270708.18,1,
770144.8300000001,6270708.18,2,
770145.1300000001,6270708.18,5,
770145.43,6270708.18,7,
770145.7300000001,6270708.18,5,
770146.03,6270708.18,5,
770149.93,6270708.18,5,
770150.2300000001,6270708.18,6,
770150.53,6270708.18,4,
770150.8300000001,6270708.18,2,
770154.43,6270708.18,5,
770154.7300000001,6270708.18,4,
770155.03,6270708.18,4,
770155.3300000001,6270708.18,3,
770155.6300000001,6270708.18,1,
770158.93,6270708.18,2,
770159.2300000001,6270708.18,3,
770159.53,6270708.18,4,
770159.8300000001,6270708.18,6,
770160.1300000001,6270708.18,4,
770160.43,6270708.18,1,
770163.7300000001,6270708.18,2,
770164.03,6270708.18,4,
770164.3300000001,6270708.18,7,
770164.93,6270708.18,2,
770168.53,6270708.18,1,
770169.1300000001,6270708.18,4,
770169.43,6270708.18,5,
770169.7300000001,6270708.18,3,
770173.3300000001,6270708.18,1,
770173.93,6270708.18,3,
770174.2300000001,6270708.18,5,
770174.53,6270708.18,3,
770174.8300000001,6270708.18,1,
770178.7300000001,6270708.18,3,
770179.03,6270708.18,1,
770182.93,6270708.18,1,
770183.2300000001,6270708.18,2,
770183.53,6270708.18,6,
770183.8300000001,6270708.18,5,
770184.1300000001,6270708.18,2,
770184.43,6270708.18,1,
770187.7300000001,6270708.18,2,
770125.03,6270708.48,4,
770125.3300000001,6270708.48,4,
770125.6300000001,6270708.48,5,
770125.93,6270708.48,7,
770126.23,6270708.48,2,
770129.23,6270708.48,1,
770130.1300000001,6270708.48,2,
770130.43,6270708.48,6,
770130.73,6270708.48,4,
770131.03,6270708.48,1,
770134.3300000001,6270708.48,1,
770134.6300000001,6270708.48,2,
770134.93,6270708.48,6,
770135.8300000001,6270708.48,1,
770139.43,6270708.48,2,
770139.7300000001,6270708.48,3,
770140.03,6270708.48,4,
770140.3300000001,6270708.48,2,
770140.6300000001,6270708.48,3,
770140.93,6270708.48,2,
770143.93,6270708.48,1,
770144.2300000001,6270708.48,3,
770144.53,6270708.48,2,
770144.8300000001,6270708.48,5,
770145.1300000001,6270708.48,7,
770145.43,6270708.48,2,
770145.7300000001,6270708.48,1,
770148.7300000001,6270708.48,2,
770149.03,6270708.48,1,
770149.3300000001,6270708.48,4,
770149.6300000001,6270708.48,5,
770149.93,6270708.48,1,
770150.2300000001,6270708.48,1,
770150.53,6270708.48,1,
770153.53,6270708.48,1,
770153.8300000001,6270708.48,2,
770154.1300000001,6270708.48,6,
770154.43,6270708.48,4,
770154.7300000001,6270708.48,7,
770155.03,6270708.48,1,
770158.6300000001,6270708.48,3,
770158.93,6270708.48,4,
770159.2300000001,6270708.48,4,
770159.53,6270708.48,3,
770159.8300000001,6270708.48,2,
770160.43,6270708.48,1,
770163.1300000001,6270708.48,3,
770163.43,6270708.48,4,
770163.7300000001,6270708.48,5,
770164.03,6270708.48,4,
770164.3300000001,6270708.48,5,
770168.53,6270708.48,4,
770168.8300000001,6270708.48,2,
770169.7300000001,6270708.48,2,
770173.03,6270708.48,2,
770173.3300000001,6270708.48,4,
770173.6300000001,6270708.48,4,
770173.93,6270708.48,3,
770178.43,6270708.48,1,
770178.7300000001,6270708.48,1,
770179.03,6270708.48,1,
770182.6300000001,6270708.48,2,
770182.93,6270708.48,5,
770183.2300000001,6270708.48,4,
770183.8300000001,6270708.48,1,
770184.1300000001,6270708.48,1,
770187.43,6270708.48,1,
770187.7300000001,6270708.48,3,
770188.03,6270708.48,3,
770188.3300000001,6270708.48,2,
770124.1300000001,6270708.779999999,2,
770124.43,6270708.779999999,5,
770124.73,6270708.779999999,7,
770125.03,6270708.779999999,2,
770125.3300000001,6270708.779999999,5,
770125.6300000001,6270708.779999999,5,
770129.23,6270708.779999999,1,
770129.53,6270708.779999999,3,
770129.8300000001,6270708.779999999,5,
770130.1300000001,6270708.779999999,2,
770130.43,6270708.779999999,2,
770134.03,6270708.779999999,1,
770134.3300000001,6270708.779999999,4,
770134.6300000001,6270708.779999999,4,
770134.93,6270708.779999999,2,
770139.1300000001,6270708.779999999,3,
770139.43,6270708.779999999,2,
770139.7300000001,6270708.779999999,6,
770140.03,6270708.779999999,2,
770140.3300000001,6270708.779999999,1,
770140.6300000001,6270708.779999999,1,
770143.6300000001,6270708.779999999,1,
770143.93,6270708.779999999,4,
770144.2300000001,6270708.779999999,3,
770144.53,6270708.779999999,5,
770144.8300000001,6270708.779999999,5,
770145.1300000001,6270708.779999999,2,
770148.1300000001,6270708.779999999,1,
770148.43,6270708.779999999,1,
770148.7300000001,6270708.779999999,3,
770149.03,6270708.779999999,5,
770149.3300000001,6270708.779999999,3,
770153.2300000001,6270708.779999999,2,
770153.53,6270708.779999999,4,
770153.8300000001,6270708.779999999,5,
770154.1300000001,6270708.779999999,6,
770154.43,6270708.779999999,3,
770158.3300000001,6270708.779999999,4,
770158.6300000001,6270708.779999999,4,
770158.93,6270708.779999999,5,
770159.2300000001,6270708.779999999,1,
770159.53,6270708.779999999,2,
770162.53,6270708.779999999,2,
770162.8300000001,6270708.779999999,5,
770163.1300000001,6270708.779999999,3,
770163.43,6270708.779999999,5,
770163.7300000001,6270708.779999999,5,
770164.03,6270708.779999999,3,
770164.3300000001,6270708.779999999,1,
770167.93,6270708.779999999,2,
770168.2300000001,6270708.779999999,2,
770168.53,6270708.779999999,1,
770168.8300000001,6270708.779999999,1,
770172.7300000001,6270708.779999999,1,
770173.03,6270708.779999999,2,
770173.3300000001,6270708.779999999,4,
770173.6300000001,6270708.779999999,5,
770177.2300000001,6270708.779999999,2,
770177.53,6270708.779999999,1,
770177.8300000001,6270708.779999999,1,
770178.1300000001,6270708.779999999,2,
770178.43,6270708.779999999,2,
770178.7300000001,6270708.779999999,1,
770182.03,6270708.779999999,2,
770182.3300000001,6270708.779999999,5,
770182.6300000001,6270708.779999999,6,
770182.93,6270708.779999999,2,
770183.2300000001,6270708.779999999,4,
770183.53,6270708.779999999,1,
770187.1300000001,6270708.779999999,3,
770187.43,6270708.779999999,3,
770187.7300000001,6270708.779999999,4,
770188.03,6270708.779999999,6,
770188.3300000001,6270708.779999999,2,
770123.8300000001,6270709.08,3,
770124.1300000001,6270709.08,7,
770124.43,6270709.08,5,
770124.73,6270709.08,6,
770125.03,6270709.08,4,
770125.3300000001,6270709.08,2,
770128.6300000001,6270709.08,3,
770129.23,6270709.08,6,
770129.53,6270709.08,6,
770129.8300000001,6270709.08,3,
770130.1300000001,6270709.08,1,
770130.73,6270709.08,1,
770133.43,6270709.08,1,
770133.73,6270709.08,3,
770134.03,6270709.08,5,
770134.3300000001,6270709.08,4,
770134.6300000001,6270709.08,4,
770134.93,6270709.08,1,
770138.53,6270709.08,1,
770139.1300000001,6270709.08,2,
770139.43,6270709.08,3,
770143.3300000001,6270709.08,3,
770143.6300000001,6270709.08,4,
770143.93,6270709.08,6,
770144.2300000001,6270709.08,4,
770144.53,6270709.08,2,
770147.8300000001,6270709.08,1,
770148.1300000001,6270709.08,1,
770148.43,6270709.08,4,
770148.7300000001,6270709.08,5,
770149.03,6270709.08,5,
770152.6300000001,6270709.08,1,
770152.93,6270709.08,6,
770153.2300000001,6270709.08,6,
770153.53,6270709.08,4,
770153.8300000001,6270709.08,4,
770157.7300000001,6270709.08,2,
770158.03,6270709.08,7,
770158.3300000001,6270709.08,3,
770158.6300000001,6270709.08,6,
770158.93,6270709.08,1,
770161.93,6270709.08,1,
770162.2300000001,6270709.08,6,
770162.53,6270709.08,4,
770162.8300000001,6270709.08,6,
770163.1300000001,6270709.08,4,
770163.43,6270709.08,3,
770163.7300000001,6270709.08,1,
770167.03,6270709.08,1,
770167.3300000001,6270709.08,1,
770167.6300000001,6270709.08,1,
770167.93,6270709.08,4,
770168.2300000001,6270709.08,2,
770168.53,6270709.08,1,
770172.43,6270709.08,2,
770172.7300000001,6270709.08,5,
770173.03,6270709.08,5,
770177.2300000001,6270709.08,2,
770177.53,6270709.08,5,
770177.8300000001,6270709.08,2,
770178.43,6270709.08,1,
770181.7300000001,6270709.08,4,
770182.03,6270709.08,5,
770182.3300000001,6270709.08,3,
770182.6300000001,6270709.08,5,
770186.8300000001,6270709.08,3,
770187.1300000001,6270709.08,5,
770187.43,6270709.08,4,
770187.7300000001,6270709.08,1,
770123.23,6270709.379999999,1,
770123.53,6270709.379999999,2,
770123.8300000001,6270709.379999999,5,
770124.1300000001,6270709.379999999,3,
770124.43,6270709.379999999,5,
770124.73,6270709.379999999,1,
770128.03,6270709.379999999,1,
770128.3300000001,6270709.379999999,2,
770128.6300000001,6270709.379999999,2,
770128.93,6270709.379999999,4,
770129.23,6270709.379999999,2,
770129.53,6270709.379999999,1,
770133.1300000001,6270709.379999999,1,
770133.43,6270709.379999999,7,
770133.73,6270709.379999999,3,
770134.03,6270709.379999999,5,
770134.3300000001,6270709.379999999,3,
770137.6300000001,6270709.379999999,1,
770137.93,6270709.379999999,1,
770138.2300000001,6270709.379999999,1,
770138.53,6270709.379999999,5,
770138.8300000001,6270709.379999999,1,
770142.43,6270709.379999999,1,
770142.7300000001,6270709.379999999,2,
770143.03,6270709.379999999,6,
770143.3300000001,6270709.379999999,6,
770143.6300000001,6270709.379999999,4,
770143.93,6270709.379999999,2,
770144.2300000001,6270709.379999999,1,
770147.53,6270709.379999999,3,
770147.8300000001,6270709.379999999,3,
770148.1300000001,6270709.379999999,7,
770148.43,6270709.379999999,2,
770148.7300000001,6270709.379999999,1,
770152.03,6270709.379999999,1,
770152.3300000001,6270709.379999999,3,
770152.6300000001,6270709.379999999,5,
770152.93,6270709.379999999,2,
770153.2300000001,6270709.379999999,4,
770153.53,6270709.379999999,2,
770153.8300000001,6270709.379999999,1,
770156.8300000001,6270709.379999999,1,
770157.43,6270709.379999999,3,
770157.7300000001,6270709.379999999,4,
770158.03,6270709.379999999,2,
770158.3300000001,6270709.379999999,3,
770158.6300000001,6270709.379999999,1,
770161.3300000001,6270709.379999999,1,
770161.6300000001,6270709.379999999,3,
770161.93,6270709.379999999,5,
770162.2300000001,6270709.379999999,2,
770162.53,6270709.379999999,4,
770162.8300000001,6270709.379999999,3,
770163.1300000001,6270709.379999999,1,
770166.7300000001,6270709.379999999,1,
770167.03,6270709.379999999,5,
770167.3300000001,6270709.379999999,5,
770167.6300000001,6270709.379999999,2,
770172.1300000001,6270709.379999999,3,
770172.43,6270709.379999999,2,
770172.7300000001,6270709.379999999,1,
770176.6300000001,6270709.379999999,1,
770176.93,6270709.379999999,1,
770177.8300000001,6270709.379999999,1,
770181.1300000001,6270709.379999999,1,
770181.43,6270709.379999999,5,
770181.7300000001,6270709.379999999,3,
770182.03,6270709.379999999,1,
770182.3300000001,6270709.379999999,2,
770182.6300000001,6270709.379999999,1,
770185.93,6270709.379999999,2,
770186.2300000001,6270709.379999999,3,
770186.53,6270709.379999999,1,
770187.1300000001,6270709.379999999,1,
770187.43,6270709.379999999,1,
770122.6300000001,6270709.68,1,
770122.93,6270709.68,2,
770123.23,6270709.68,8,
770123.53,6270709.68,3,
770123.8300000001,6270709.68,6,
770124.1300000001,6270709.68,5,
770124.43,6270709.68,1,
770127.73,6270709.68,3,
770128.03,6270709.68,4,
770128.3300000001,6270709.68,6,
770128.6300000001,6270709.68,3,
770128.93,6270709.68,6,
770129.23,6270709.68,1,
770132.23,6270709.68,2,
770132.8300000001,6270709.68,4,
770133.1300000001,6270709.68,7,
770133.43,6270709.68,3,
770133.73,6270709.68,3,
770137.3300000001,6270709.68,2,
770137.93,6270709.68,3,
770138.2300000001,6270709.68,4,
770138.53,6270709.68,2,
770138.8300000001,6270709.68,1,
770142.1300000001,6270709.68,1,
770142.43,6270709.68,5,
770142.7300000001,6270709.68,5,
770143.03,6270709.68,4,
770143.3300000001,6270709.68,4,
770143.6300000001,6270709.68,3,
770146.93,6270709.68,3,
770147.2300000001,6270709.68,2,
770147.53,6270709.68,4,
770147.8300000001,6270709.68,6,
770148.1300000001,6270709.68,3,
770151.43,6270709.68,1,
770152.03,6270709.68,4,
770152.3300000001,6270709.68,3,
770152.6300000001,6270709.68,3,
770152.93,6270709.68,6,
770153.2300000001,6270709.68,1,
770156.53,6270709.68,1,
770156.8300000001,6270709.68,3,
770157.1300000001,6270709.68,6,
770157.43,6270709.68,7,
770157.7300000001,6270709.68,2,
770158.3300000001,6270709.68,1,
770160.7300000001,6270709.68,1,
770161.03,6270709.68,4,
770161.3300000001,6270709.68,4,
770161.6300000001,6270709.68,5,
770161.93,6270709.68,5,
770162.2300000001,6270709.68,5,
770162.53,6270709.68,1,
770166.1300000001,6270709.68,2,
770166.43,6270709.68,4,
770166.7300000001,6270709.68,5,
770167.03,6270709.68,5,
770167.3300000001,6270709.68,3,
770167.6300000001,6270709.68,1,
770171.2300000001,6270709.68,1,
770171.53,6270709.68,1,
770172.43,6270709.68,1,
770176.03,6270709.68,1,
770176.3300000001,6270709.68,2,
770176.6300000001,6270709.68,1,
770176.93,6270709.68,1,
770180.8300000001,6270709.68,2,
770181.1300000001,6270709.68,4,
770181.43,6270709.68,4,
770181.7300000001,6270709.68,1,
770185.3300000001,6270709.68,1,
770185.6300000001,6270709.68,1,
770185.93,6270709.68,5,
770186.2300000001,6270709.68,3,
770186.53,6270709.68,2,
770186.8300000001,6270709.68,1,
770122.03,6270709.98,1,
770122.3300000001,6270709.98,1,
770122.6300000001,6270709.98,4,
770122.93,6270709.98,4,
770123.23,6270709.98,3,
770123.53,6270709.98,3,
770127.1300000001,6270709.98,1,
770127.43,6270709.98,2,
770127.73,6270709.98,4,
770128.03,6270709.98,6,
770128.3300000001,6270709.98,5,
770128.6300000001,6270709.98,3,
770131.93,6270709.98,1,
770132.23,6270709.98,1,
770132.53,6270709.98,6,
770132.8300000001,6270709.98,5,
770133.1300000001,6270709.98,1,
770133.43,6270709.98,1,
770137.3300000001,6270709.98,4,
770137.6300000001,6270709.98,7,
770137.93,6270709.98,5,
770138.2300000001,6270709.98,2,
770141.8300000001,6270709.98,4,
770142.1300000001,6270709.98,5,
770142.43,6270709.98,3,
770142.7300000001,6270709.98,5,
770143.03,6270709.98,1,
770143.3300000001,6270709.98,1,
770146.3300000001,6270709.98,1,
770146.6300000001,6270709.98,5,
770146.93,6270709.98,2,
770147.2300000001,6270709.98,6,
770147.53,6270709.98,2,
770147.8300000001,6270709.98,1,
770151.1300000001,6270709.98,3,
770151.43,6270709.98,3,
770151.7300000001,6270709.98,6,
770152.03,6270709.98,2,
770152.3300000001,6270709.98,4,
770152.6300000001,6270709.98,2,
770152.93,6270709.98,1,
770156.2300000001,6270709.98,3,
770156.53,6270709.98,3,
770156.8300000001,6270709.98,6,
770157.1300000001,6270709.98,2,
770157.43,6270709.98,2,
770157.7300000001,6270709.98,2,
770160.7300000001,6270709.98,5,
770161.03,6270709.98,3,
770161.3300000001,6270709.98,6,
770161.6300000001,6270709.98,3,
770161.93,6270709.98,2,
770165.53,6270709.98,1,
770165.8300000001,6270709.98,2,
770166.1300000001,6270709.98,5,
770166.43,6270709.98,5,
770166.7300000001,6270709.98,3,
770167.03,6270709.98,2,
770167.3300000001,6270709.98,1,
770167.6300000001,6270709.98,1,
770170.6300000001,6270709.98,2,
770170.93,6270709.98,5,
770171.2300000001,6270709.98,4,
770171.53,6270709.98,3,
770171.8300000001,6270709.98,1,
770175.43,6270709.98,1,
770175.7300000001,6270709.98,3,
770176.03,6270709.98,4,
770176.3300000001,6270709.98,5,
770176.6300000001,6270709.98,1,
770179.93,6270709.98,2,
770180.2300000001,6270709.98,1,
770180.8300000001,6270709.98,3,
770181.1300000001,6270709.98,2,
770181.43,6270709.98,1,
770184.7300000001,6270709.98,2,
770185.03,6270709.98,5,
770185.3300000001,6270709.98,5,
770185.6300000001,6270709.98,5,
770185.93,6270709.98,3,
770186.2300000001,6270709.98,2,
770122.03,6270710.279999999,3,
770122.3300000001,6270710.279999999,5,
770122.6300000001,6270710.279999999,5,
770122.93,6270710.279999999,4,
770123.23,6270710.279999999,5,
770123.53,6270710.279999999,2,
770126.8300000001,6270710.279999999,2,
770127.1300000001,6270710.279999999,2,
770127.43,6270710.279999999,7,
770127.73,6270710.279999999,3,
770128.03,6270710.279999999,1,
770131.6300000001,6270710.279999999,3,
770131.93,6270710.279999999,5,
770132.23,6270710.279999999,5,
770132.53,6270710.279999999,3,
770132.8300000001,6270710.279999999,1,
770137.03,6270710.279999999,4,
770137.3300000001,6270710.279999999,5,
770137.6300000001,6270710.279999999,2,
770137.93,6270710.279999999,2,
770141.2300000001,6270710.279999999,3,
770141.53,6270710.279999999,2,
770141.8300000001,6270710.279999999,4,
770142.1300000001,6270710.279999999,3,
770142.43,6270710.279999999,3,
770142.7300000001,6270710.279999999,1,
770145.7300000001,6270710.279999999,1,
770146.03,6270710.279999999,4,
770146.3300000001,6270710.279999999,5,
770146.93,6270710.279999999,2,
770147.2300000001,6270710.279999999,1,
770147.53,6270710.279999999,2,
770151.1300000001,6270710.279999999,4,
770151.43,6270710.279999999,7,
770151.7300000001,6270710.279999999,3,
770152.03,6270710.279999999,2,
770155.6300000001,6270710.279999999,1,
770155.93,6270710.279999999,5,
770156.2300000001,6270710.279999999,4,
770156.53,6270710.279999999,4,
770156.8300000001,6270710.279999999,2,
770159.53,6270710.279999999,1,
770159.8300000001,6270710.279999999,1,
770160.1300000001,6270710.279999999,2,
770160.43,6270710.279999999,6,
770160.7300000001,6270710.279999999,5,
770161.03,6270710.279999999,4,
770161.3300000001,6270710.279999999,2,
770161.6300000001,6270710.279999999,2,
770165.2300000001,6270710.279999999,3,
770165.53,6270710.279999999,3,
770165.8300000001,6270710.279999999,5,
770166.1300000001,6270710.279999999,6,
770166.43,6270710.279999999,3,
770170.03,6270710.279999999,1,
770170.3300000001,6270710.279999999,3,
770170.6300000001,6270710.279999999,6,
770170.93,6270710.279999999,4,
770171.2300000001,6270710.279999999,1,
770171.53,6270710.279999999,1,
770174.8300000001,6270710.279999999,1,
770175.43,6270710.279999999,3,
770175.7300000001,6270710.279999999,3,
770176.03,6270710.279999999,3,
770179.3300000001,6270710.279999999,2,
770179.6300000001,6270710.279999999,2,
770179.93,6270710.279999999,4,
770180.2300000001,6270710.279999999,6,
770180.53,6270710.279999999,4,
770180.8300000001,6270710.279999999,1,
770181.1300000001,6270710.279999999,1,
770184.43,6270710.279999999,3,
770184.7300000001,6270710.279999999,4,
770185.03,6270710.279999999,5,
770185.3300000001,6270710.279999999,4,
770185.6300000001,6270710.279999999,1,
770121.73,6270710.58,3,
770122.03,6270710.58,6,
770122.3300000001,6270710.58,6,
770122.6300000001,6270710.58,4,
770122.93,6270710.58,1,
770123.23,6270710.58,1,
770126.53,6270710.58,1,
770126.8300000001,6270710.58,2,
770127.1300000001,6270710.58,5,
770127.43,6270710.58,4,
770127.73,6270710.58,1,
770130.73,6270710.58,1,
770131.03,6270710.58,1,
770131.3300000001,6270710.58,3,
770131.6300000001,6270710.58,3,
770131.93,6270710.58,5,
770132.23,6270710.58,4,
770136.1300000001,6270710.58,1,
770136.43,6270710.58,1,
770137.03,6270710.58,1,
770137.3300000001,6270710.58,1,
770140.6300000001,6270710.58,1,
770140.93,6270710.58,4,
770141.2300000001,6270710.58,3,
770141.53,6270710.58,3,
770141.8300000001,6270710.58,6,
770142.1300000001,6270710.58,1,
770145.1300000001,6270710.58,1,
770145.43,6270710.58,3,
770145.7300000001,6270710.58,5,
770146.03,6270710.58,5,
770146.3300000001,6270710.58,4,
770146.6300000001,6270710.58,3,
770150.2300000001,6270710.58,2,
770150.53,6270710.58,5,
770150.8300000001,6270710.58,3,
770151.1300000001,6270710.58,4,
770151.43,6270710.58,2,
770155.3300000001,6270710.58,3,
770155.6300000001,6270710.58,5,
770155.93,6270710.58,5,
770156.2300000001,6270710.58,6,
770159.2300000001,6270710.58,1,
770159.53,6270710.58,1,
770159.8300000001,6270710.58,1,
770160.1300000001,6270710.58,5,
770160.43,6270710.58,6,
770160.7300000001,6270710.58,1,
770161.03,6270710.58,4,
770164.93,6270710.58,6,
770165.2300000001,6270710.58,4,
770165.53,6270710.58,1,
770165.8300000001,6270710.58,6,
770166.1300000001,6270710.58,3,
770166.43,6270710.58,1,
770169.43,6270710.58,1,
770170.03,6270710.58,5,
770170.3300000001,6270710.58,6,
770174.8300000001,6270710.58,2,
770175.1300000001,6270710.58,3,
770175.43,6270710.58,2,
770175.7300000001,6270710.58,2,
770179.03,6270710.58,3,
770179.3300000001,6270710.58,5,
770179.6300000001,6270710.58,3,
770179.93,6270710.58,5,
770180.2300000001,6270710.58,2,
770180.53,6270710.58,1,
770184.1300000001,6270710.58,2,
770184.43,6270710.58,4,
770184.7300000001,6270710.58,6,
770185.03,6270710.58,2,
770185.3300000001,6270710.58,2,
770188.3300000001,6270710.58,1,
770188.6300000001,6270710.58,2,
770121.1300000001,6270710.879999999,2,
770121.73,6270710.879999999,2,
770122.03,6270710.879999999,3,
770122.3300000001,6270710.879999999,1,
770122.6300000001,6270710.879999999,1,
770122.93,6270710.879999999,1,
770125.93,6270710.879999999,2,
770126.23,6270710.879999999,2,
770126.53,6270710.879999999,3,
770126.8300000001,6270710.879999999,2,
770130.43,6270710.879999999,2,
770130.73,6270710.879999999,4,
770131.03,6270710.879999999,5,
770131.3300000001,6270710.879999999,5,
770131.6300000001,6270710.879999999,3,
770131.93,6270710.879999999,2,
770135.53,6270710.879999999,2,
770135.8300000001,6270710.879999999,2,
770136.43,6270710.879999999,2,
770140.3300000001,6270710.879999999,2,
770140.6300000001,6270710.879999999,7,
770140.93,6270710.879999999,3,
770141.2300000001,6270710.879999999,1,
770144.8300000001,6270710.879999999,3,
770145.1300000001,6270710.879999999,4,
770145.43,6270710.879999999,5,
770145.7300000001,6270710.879999999,5,
770146.03,6270710.879999999,5,
770146.3300000001,6270710.879999999,1,
770149.93,6270710.879999999,3,
770150.2300000001,6270710.879999999,4,
770150.53,6270710.879999999,5,
770150.8300000001,6270710.879999999,3,
770151.1300000001,6270710.879999999,1,
770154.1300000001,6270710.879999999,1,
770154.7300000001,6270710.879999999,1,
770155.03,6270710.879999999,4,
770155.3300000001,6270710.879999999,8,
770155.6300000001,6270710.879999999,5,
770155.93,6270710.879999999,2,
770158.93,6270710.879999999,1,
770159.2300000001,6270710.879999999,3,
770159.53,6270710.879999999,4,
770159.8300000001,6270710.879999999,5,
770160.1300000001,6270710.879999999,7,
770160.43,6270710.879999999,4,
770160.7300000001,6270710.879999999,2,
770161.03,6270710.879999999,1,
770164.3300000001,6270710.879999999,3,
770164.6300000001,6270710.879999999,5,
770164.93,6270710.879999999,5,
770165.2300000001,6270710.879999999,5,
770165.53,6270710.879999999,4,
770166.1300000001,6270710.879999999,1,
770169.43,6270710.879999999,6,
770169.7300000001,6270710.879999999,1,
770170.03,6270710.879999999,2,
770170.3300000001,6270710.879999999,1,
770174.2300000001,6270710.879999999,1,
770174.53,6270710.879999999,4,
770174.8300000001,6270710.879999999,3,
770175.1300000001,6270710.879999999,1,
770178.7300000001,6270710.879999999,1,
770179.03,6270710.879999999,4,
770179.3300000001,6270710.879999999,5,
770179.6300000001,6270710.879999999,2,
770179.93,6270710.879999999,4,
770183.2300000001,6270710.879999999,2,
770183.53,6270710.879999999,2,
770183.8300000001,6270710.879999999,2,
770184.1300000001,6270710.879999999,5,
770184.43,6270710.879999999,6,
770184.7300000001,6270710.879999999,2,
770187.7300000001,6270710.879999999,1,
770188.03,6270710.879999999,1,
770188.3300000001,6270710.879999999,3,
770188.6300000001,6270710.879999999,3,
770188.93,6270710.879999999,3,
770120.53,6270711.18,1,
770120.8300000001,6270711.18,4,
770121.1300000001,6270711.18,3,
770121.43,6270711.18,3,
770125.3300000001,6270711.18,4,
770125.6300000001,6270711.18,4,
770125.93,6270711.18,6,
770126.23,6270711.18,2,
770126.53,6270711.18,1,
770129.8300000001,6270711.18,2,
770130.1300000001,6270711.18,2,
770130.43,6270711.18,2,
770130.73,6270711.18,6,
770131.03,6270711.18,4,
770134.93,6270711.18,2,
770135.23,6270711.18,2,
770135.53,6270711.18,4,
770135.8300000001,6270711.18,4,
770136.1300000001,6270711.18,1,
770139.7300000001,6270711.18,1,
770140.03,6270711.18,4,
770140.3300000001,6270711.18,5,
770140.6300000001,6270711.18,5,
770140.93,6270711.18,4,
770141.2300000001,6270711.18,1,
770143.93,6270711.18,1,
770144.8300000001,6270711.18,3,
770145.1300000001,6270711.18,4,
770145.43,6270711.18,4,
770146.03,6270711.18,1,
770149.03,6270711.18,1,
770149.3300000001,6270711.18,4,
770149.6300000001,6270711.18,6,
770149.93,6270711.18,6,
770150.2300000001,6270711.18,2,
770150.53,6270711.18,1,
770154.1300000001,6270711.18,1,
770154.43,6270711.18,5,
770154.7300000001,6270711.18,3,
770155.03,6270711.18,4,
770155.3300000001,6270711.18,2,
770155.6300000001,6270711.18,2,
770158.6300000001,6270711.18,2,
770158.93,6270711.18,6,
770159.2300000001,6270711.18,5,
770159.53,6270711.18,5,
770159.8300000001,6270711.18,3,
770164.3300000001,6270711.18,3,
770164.6300000001,6270711.18,5,
770164.93,6270711.18,3,
770165.2300000001,6270711.18,1,
770168.2300000001,6270711.18,1,
770168.8300000001,6270711.18,3,
770169.1300000001,6270711.18,4,
770169.43,6270711.18,2,
770170.03,6270711.18,1,
770174.2300000001,6270711.18,1,
770178.1300000001,6270711.18,4,
770178.43,6270711.18,3,
770178.7300000001,6270711.18,6,
770179.03,6270711.18,3,
770179.3300000001,6270711.18,1,
770179.6300000001,6270711.18,1,
770182.6300000001,6270711.18,1,
770182.93,6270711.18,1,
770183.2300000001,6270711.18,3,
770183.53,6270711.18,4,
770183.8300000001,6270711.18,6,
770184.1300000001,6270711.18,3,
770187.7300000001,6270711.18,3,
770188.03,6270711.18,2,
770188.3300000001,6270711.18,4,
770188.6300000001,6270711.18,4,
770188.93,6270711.18,2,
770119.93,6270711.48,3,
770120.23,6270711.48,4,
770120.53,6270711.48,7,
770120.8300000001,6270711.48,4,
770121.1300000001,6270711.48,3,
770125.03,6270711.48,5,
770125.3300000001,6270711.48,3,
770125.6300000001,6270711.48,5,
770125.93,6270711.48,2,
770126.23,6270711.48,1,
770129.53,6270711.48,1,
770129.8300000001,6270711.48,2,
770130.1300000001,6270711.48,7,
770130.43,6270711.48,3,
770130.73,6270711.48,1,
770134.3300000001,6270711.48,1,
770134.6300000001,6270711.48,1,
770134.93,6270711.48,3,
770135.23,6270711.48,4,
770135.53,6270711.48,6,
770135.8300000001,6270711.48,2,
770136.1300000001,6270711.48,1,
770139.1300000001,6270711.48,1,
770139.43,6270711.48,3,
770139.7300000001,6270711.48,3,
770140.03,6270711.48,3,
770140.3300000001,6270711.48,7,
770140.6300000001,6270711.48,2,
770140.93,6270711.48,1,
770143.93,6270711.48,5,
770144.2300000001,6270711.48,3,
770144.53,6270711.48,5,
770144.8300000001,6270711.48,4,
770145.1300000001,6270711.48,3,
770145.43,6270711.48,3,
770149.03,6270711.48,3,
770149.3300000001,6270711.48,4,
770149.6300000001,6270711.48,5,
770149.93,6270711.48,1,
770150.2300000001,6270711.48,1,
770153.53,6270711.48,1,
770153.8300000001,6270711.48,3,
770154.1300000001,6270711.48,5,
770154.43,6270711.48,5,
770154.7300000001,6270711.48,5,
770155.03,6270711.48,1,
770157.7300000001,6270711.48,1,
770158.03,6270711.48,1,
770158.3300000001,6270711.48,3,
770158.6300000001,6270711.48,4,
770158.93,6270711.48,5,
770159.2300000001,6270711.48,4,
770159.53,6270711.48,2,
770159.8300000001,6270711.48,2,
770164.6300000001,6270711.48,2,
770167.93,6270711.48,2,
770168.2300000001,6270711.48,2,
770168.53,6270711.48,3,
770168.8300000001,6270711.48,2,
770169.1300000001,6270711.48,3,
770172.7300000001,6270711.48,1,
770173.3300000001,6270711.48,2,
770177.53,6270711.48,2,
770177.8300000001,6270711.48,4,
770178.1300000001,6270711.48,4,
770178.43,6270711.48,4,
770178.7300000001,6270711.48,2,
770179.03,6270711.48,1,
770182.3300000001,6270711.48,1,
770182.6300000001,6270711.48,4,
770182.93,6270711.48,4,
770183.2300000001,6270711.48,5,
770183.53,6270711.48,6,
770183.8300000001,6270711.48,1,
770184.1300000001,6270711.48,1,
770187.1300000001,6270711.48,2,
770187.43,6270711.48,4,
770187.7300000001,6270711.48,4,
770188.03,6270711.48,5,
770188.3300000001,6270711.48,4,
770188.6300000001,6270711.48,3,
770119.3300000001,6270711.779999999,2,
770119.6300000001,6270711.779999999,2,
770119.93,6270711.779999999,7,
770120.23,6270711.779999999,4,
770120.53,6270711.779999999,4,
770120.8300000001,6270711.779999999,4,
770121.1300000001,6270711.779999999,1,
770121.43,6270711.779999999,1,
770124.43,6270711.779999999,3,
770125.03,6270711.779999999,4,
770125.3300000001,6270711.779999999,2,
770125.6300000001,6270711.779999999,4,
770129.23,6270711.779999999,4,
770129.53,6270711.779999999,4,
770129.8300000001,6270711.779999999,5,
770130.1300000001,6270711.779999999,1,
770130.43,6270711.779999999,1,
770134.03,6270711.779999999,1,
770134.3300000001,6270711.779999999,2,
770134.6300000001,6270711.779999999,3,
770134.93,6270711.779999999,4,
770135.23,6270711.779999999,4,
770139.1300000001,6270711.779999999,4,
770139.43,6270711.779999999,4,
770139.7300000001,6270711.779999999,2,
770140.03,6270711.779999999,6,
770140.3300000001,6270711.779999999,1,
770143.3300000001,6270711.779999999,2,
770143.6300000001,6270711.779999999,3,
770143.93,6270711.779999999,3,
770144.2300000001,6270711.779999999,5,
770144.53,6270711.779999999,6,
770144.8300000001,6270711.779999999,3,
770148.43,6270711.779999999,1,
770148.7300000001,6270711.779999999,2,
770149.03,6270711.779999999,6,
770149.3300000001,6270711.779999999,4,
770149.6300000001,6270711.779999999,1,
770152.6300000001,6270711.779999999,1,
770153.2300000001,6270711.779999999,1,
770153.53,6270711.779999999,5,
770153.8300000001,6270711.779999999,7,
770154.1300000001,6270711.779999999,3,
770157.43,6270711.779999999,1,
770157.7300000001,6270711.779999999,1,
770158.03,6270711.779999999,3,
770158.3300000001,6270711.779999999,5,
770158.6300000001,6270711.779999999,3,
770158.93,6270711.779999999,2,
770159.2300000001,6270711.779999999,1,
770162.8300000001,6270711.779999999,3,
770163.1300000001,6270711.779999999,3,
770163.43,6270711.779999999,5,
770167.6300000001,6270711.779999999,2,
770167.93,6270711.779999999,4,
770168.2300000001,6270711.779999999,3,
770168.53,6270711.779999999,3,
770168.8300000001,6270711.779999999,2,
770172.7300000001,6270711.779999999,5,
770173.03,6270711.779999999,3,
770173.3300000001,6270711.779999999,2,
770177.2300000001,6270711.779999999,3,
770177.53,6270711.779999999,5,
770177.8300000001,6270711.779999999,5,
770178.1300000001,6270711.779999999,6,
770178.43,6270711.779999999,1,
770178.7300000001,6270711.779999999,1,
770181.7300000001,6270711.779999999,1,
770182.03,6270711.779999999,2,
770182.3300000001,6270711.779999999,2,
770182.6300000001,6270711.779999999,4,
770182.93,6270711.779999999,6,
770183.2300000001,6270711.779999999,3,
770186.53,6270711.779999999,1,
770186.8300000001,6270711.779999999,4,
770187.1300000001,6270711.779999999,2,
770187.43,6270711.779999999,5,
770187.7300000001,6270711.779999999,5,
770188.3300000001,6270711.779999999,1,
770118.73,6270712.08,1,
770119.03,6270712.08,1,
770119.3300000001,6270712.08,4,
770119.6300000001,6270712.08,7,
770119.93,6270712.08,3,
770120.23,6270712.08,3,
770124.1300000001,6270712.08,2,
770124.43,6270712.08,4,
770124.73,6270712.08,5,
770125.03,6270712.08,3,
770125.3300000001,6270712.08,4,
770128.6300000001,6270712.08,3,
770128.93,6270712.08,6,
770129.23,6270712.08,3,
770129.53,6270712.08,6,
770129.8300000001,6270712.08,3,
770133.73,6270712.08,1,
770134.03,6270712.08,4,
770134.3300000001,6270712.08,5,
770134.6300000001,6270712.08,4,
770134.93,6270712.08,3,
770137.93,6270712.08,1,
770138.2300000001,6270712.08,4,
770138.53,6270712.08,3,
770138.8300000001,6270712.08,3,
770139.1300000001,6270712.08,5,
770139.43,6270712.08,3,
770139.7300000001,6270712.08,4,
770143.03,6270712.08,2,
770143.3300000001,6270712.08,3,
770143.6300000001,6270712.08,5,
770143.93,6270712.08,5,
770144.2300000001,6270712.08,2,
770147.53,6270712.08,1,
770147.8300000001,6270712.08,1,
770148.1300000001,6270712.08,1,
770148.43,6270712.08,5,
770148.7300000001,6270712.08,3,
770149.3300000001,6270712.08,1,
770152.6300000001,6270712.08,1,
770152.93,6270712.08,5,
770153.2300000001,6270712.08,6,
770153.53,6270712.08,4,
770153.8300000001,6270712.08,2,
770154.1300000001,6270712.08,1,
770157.43,6270712.08,3,
770157.7300000001,6270712.08,6,
770158.03,6270712.08,5,
770158.3300000001,6270712.08,5,
770158.6300000001,6270712.08,2,
770162.53,6270712.08,1,
770162.8300000001,6270712.08,5,
770163.1300000001,6270712.08,5,
770163.43,6270712.08,4,
770167.03,6270712.08,1,
770167.3300000001,6270712.08,4,
770167.6300000001,6270712.08,5,
770167.93,6270712.08,5,
770168.2300000001,6270712.08,3,
770168.53,6270712.08,1,
770172.1300000001,6270712.08,1,
770172.43,6270712.08,4,
770172.7300000001,6270712.08,5,
770173.03,6270712.08,2,
770176.6300000001,6270712.08,2,
770176.93,6270712.08,4,
770177.2300000001,6270712.08,4,
770177.53,6270712.08,4,
770177.8300000001,6270712.08,1,
770181.43,6270712.08,1,
770181.7300000001,6270712.08,7,
770182.03,6270712.08,2,
770182.3300000001,6270712.08,6,
770182.6300000001,6270712.08,3,
770182.93,6270712.08,2,
770186.53,6270712.08,4,
770186.8300000001,6270712.08,6,
770187.1300000001,6270712.08,6,
770187.43,6270712.08,4,
770187.7300000001,6270712.08,1,
770118.43,6270712.379999999,1,
770118.73,6270712.379999999,3,
770119.03,6270712.379999999,4,
770119.3300000001,6270712.379999999,4,
770119.6300000001,6270712.379999999,4,
770119.93,6270712.379999999,1,
770123.8300000001,6270712.379999999,1,
770124.1300000001,6270712.379999999,2,
770124.43,6270712.379999999,5,
770128.6300000001,6270712.379999999,3,
770128.93,6270712.379999999,6,
770129.23,6270712.379999999,3,
770133.1300000001,6270712.379999999,1,
770133.43,6270712.379999999,3,
770133.73,6270712.379999999,3,
770134.03,6270712.379999999,4,
770134.3300000001,6270712.379999999,2,
770137.93,6270712.379999999,4,
770138.2300000001,6270712.379999999,4,
770138.53,6270712.379999999,5,
770138.8300000001,6270712.379999999,4,
770139.1300000001,6270712.379999999,2,
770142.43,6270712.379999999,1,
770142.7300000001,6270712.379999999,3,
770143.03,6270712.379999999,4,
770143.3300000001,6270712.379999999,5,
770143.6300000001,6270712.379999999,3,
770143.93,6270712.379999999,3,
770147.2300000001,6270712.379999999,1,
770147.53,6270712.379999999,2,
770147.8300000001,6270712.379999999,4,
770148.1300000001,6270712.379999999,7,
770148.43,6270712.379999999,2,
770148.7300000001,6270712.379999999,2,
770152.3300000001,6270712.379999999,4,
770152.6300000001,6270712.379999999,2,
770152.93,6270712.379999999,6,
770153.2300000001,6270712.379999999,6,
770156.53,6270712.379999999,1,
770156.8300000001,6270712.379999999,1,
770157.1300000001,6270712.379999999,5,
770157.43,6270712.379999999,4,
770157.7300000001,6270712.379999999,6,
770158.03,6270712.379999999,4,
770161.93,6270712.379999999,1,
770162.2300000001,6270712.379999999,4,
770162.53,6270712.379999999,6,
770162.8300000001,6270712.379999999,2,
770163.1300000001,6270712.379999999,2,
770166.7300000001,6270712.379999999,1,
770167.03,6270712.379999999,5,
770167.3300000001,6270712.379999999,4,
770167.6300000001,6270712.379999999,4,
770167.93,6270712.379999999,3,
770168.2300000001,6270712.379999999,1,
770172.1300000001,6270712.379999999,1,
770172.43,6270712.379999999,2,
770172.7300000001,6270712.379999999,1,
770176.03,6270712.379999999,1,
770176.3300000001,6270712.379999999,1,
770176.6300000001,6270712.379999999,6,
770176.93,6270712.379999999,4,
770177.2300000001,6270712.379999999,2,
770177.53,6270712.379999999,3,
770180.8300000001,6270712.379999999,1,
770181.1300000001,6270712.379999999,5,
770181.43,6270712.379999999,4,
770181.7300000001,6270712.379999999,5,
770182.03,6270712.379999999,6,
770182.3300000001,6270712.379999999,2,
770185.93,6270712.379999999,2,
770186.2300000001,6270712.379999999,3,
770186.53,6270712.379999999,4,
770190.43,6270712.379999999,1,
770190.7300000001,6270712.379999999,3,
770117.53,6270712.68,1,
770117.8300000001,6270712.68,1,
770118.1300000001,6270712.68,4,
770118.43,6270712.68,1,
770118.73,6270712.68,5,
770119.03,6270712.68,5,
770119.3300000001,6270712.68,1,
770123.53,6270712.68,5,
770123.8300000001,6270712.68,2,
770127.73,6270712.68,3,
770128.03,6270712.68,2,
770128.6300000001,6270712.68,1,
770132.53,6270712.68,1,
770132.8300000001,6270712.68,3,
770133.1300000001,6270712.68,4,
770133.43,6270712.68,4,
770133.73,6270712.68,5,
770134.03,6270712.68,1,
770137.3300000001,6270712.68,2,
770137.6300000001,6270712.68,4,
770137.93,6270712.68,4,
770138.2300000001,6270712.68,3,
770138.53,6270712.68,4,
770138.8300000001,6270712.68,3,
770142.43,6270712.68,6,
770142.7300000001,6270712.68,4,
770143.03,6270712.68,6,
770143.3300000001,6270712.68,4,
770146.93,6270712.68,3,
770147.2300000001,6270712.68,6,
770147.53,6270712.68,1,
770147.8300000001,6270712.68,6,
770148.1300000001,6270712.68,2,
770151.43,6270712.68,1,
770151.7300000001,6270712.68,2,
770152.03,6270712.68,5,
770152.3300000001,6270712.68,2,
770152.6300000001,6270712.68,2,
770152.93,6270712.68,1,
770156.2300000001,6270712.68,1,
770156.53,6270712.68,6,
770156.8300000001,6270712.68,5,
770157.1300000001,6270712.68,6,
770157.43,6270712.68,4,
770157.7300000001,6270712.68,2,
770158.03,6270712.68,2,
770161.3300000001,6270712.68,1,
770161.6300000001,6270712.68,3,
770161.93,6270712.68,6,
770162.2300000001,6270712.68,4,
770162.53,6270712.68,2,
770166.43,6270712.68,2,
770166.7300000001,6270712.68,7,
770167.03,6270712.68,2,
770167.3300000001,6270712.68,5,
770175.7300000001,6270712.68,1,
770176.03,6270712.68,4,
770176.3300000001,6270712.68,6,
770176.6300000001,6270712.68,4,
770176.93,6270712.68,3,
770177.2300000001,6270712.68,1,
770180.53,6270712.68,2,
770180.8300000001,6270712.68,3,
770181.1300000001,6270712.68,3,
770181.43,6270712.68,2,
770181.7300000001,6270712.68,1,
770185.3300000001,6270712.68,1,
770185.6300000001,6270712.68,4,
770185.93,6270712.68,6,
770186.2300000001,6270712.68,4,
770186.53,6270712.68,2,
770190.1300000001,6270712.68,2,
770190.43,6270712.68,6,
770190.7300000001,6270712.68,2,
770117.23,6270712.98,2,
770117.53,6270712.98,3,
770117.8300000001,6270712.98,5,
770118.1300000001,6270712.98,3,
770118.43,6270712.98,5,
770122.3300000001,6270712.98,1,
770122.6300000001,6270712.98,3,
770122.93,6270712.98,4,
770123.53,6270712.98,3,
770127.1300000001,6270712.98,1,
770127.43,6270712.98,5,
770127.73,6270712.98,4,
770128.03,6270712.98,3,
770131.93,6270712.98,1,
770132.23,6270712.98,4,
770132.53,6270712.98,5,
770132.8300000001,6270712.98,6,
770133.1300000001,6270712.98,5,
770133.43,6270712.98,1,
770136.7300000001,6270712.98,1,
770137.03,6270712.98,2,
770137.3300000001,6270712.98,4,
770137.6300000001,6270712.98,3,
770137.93,6270712.98,4,
770138.2300000001,6270712.98,3,
770141.53,6270712.98,2,
770141.8300000001,6270712.98,6,
770142.1300000001,6270712.98,4,
770142.43,6270712.98,5,
770142.7300000001,6270712.98,2,
770143.03,6270712.98,1,
770146.6300000001,6270712.98,4,
770146.93,6270712.98,6,
770147.2300000001,6270712.98,5,
770147.53,6270712.98,3,
770147.8300000001,6270712.98,2,
770151.43,6270712.98,2,
770151.7300000001,6270712.98,5,
770152.03,6270712.98,4,
770152.3300000001,6270712.98,5,
770152.6300000001,6270712.98,1,
770155.6300000001,6270712.98,1,
770155.93,6270712.98,3,
770156.2300000001,6270712.98,6,
770156.53,6270712.98,4,
770156.8300000001,6270712.98,4,
770157.1300000001,6270712.98,5,
770160.7300000001,6270712.98,3,
770161.03,6270712.98,3,
770161.3300000001,6270712.98,4,
770161.6300000001,6270712.98,5,
770161.93,6270712.98,4,
770162.2300000001,6270712.98,1,
770165.2300000001,6270712.98,1,
770165.53,6270712.98,2,
770165.8300000001,6270712.98,3,
770166.1300000001,6270712.98,3,
770166.43,6270712.98,4,
770166.7300000001,6270712.98,4,
770167.03,6270712.98,2,
770167.3300000001,6270712.98,1,
770171.2300000001,6270712.98,1,
770175.43,6270712.98,4,
770175.7300000001,6270712.98,4,
770176.03,6270712.98,5,
770176.3300000001,6270712.98,2,
770176.6300000001,6270712.98,1,
770179.93,6270712.98,1,
770180.2300000001,6270712.98,7,
770180.53,6270712.98,4,
770180.8300000001,6270712.98,4,
770181.1300000001,6270712.98,4,
770184.7300000001,6270712.98,1,
770185.03,6270712.98,3,
770185.3300000001,6270712.98,6,
770185.6300000001,6270712.98,3,
770185.93,6270712.98,1,
770186.53,6270712.98,2,
770189.53,6270712.98,1,
770189.8300000001,6270712.98,5,
770190.1300000001,6270712.98,3,
770190.43,6270712.98,3,
770190.7300000001,6270712.98,4,
770116.93,6270713.279999999,3,
770117.23,6270713.279999999,1,
770117.53,6270713.279999999,5,
770117.8300000001,6270713.279999999,3,
770118.1300000001,6270713.279999999,2,
770118.43,6270713.279999999,4,
770121.73,6270713.279999999,1,
770122.3300000001,6270713.279999999,3,
770122.6300000001,6270713.279999999,5,
770122.93,6270713.279999999,4,
770123.23,6270713.279999999,1,
770126.23,6270713.279999999,1,
770126.8300000001,6270713.279999999,2,
770127.1300000001,6270713.279999999,5,
770127.43,6270713.279999999,3,
770127.73,6270713.279999999,3,
770128.03,6270713.279999999,1,
770131.3300000001,6270713.279999999,1,
770131.6300000001,6270713.279999999,3,
770131.93,6270713.279999999,3,
770132.23,6270713.279999999,4,
770132.53,6270713.279999999,4,
770132.8300000001,6270713.279999999,2,
770136.43,6270713.279999999,4,
770136.7300000001,6270713.279999999,4,
770137.03,6270713.279999999,5,
770137.3300000001,6270713.279999999,5,
770137.6300000001,6270713.279999999,3,
770137.93,6270713.279999999,3,
770140.93,6270713.279999999,1,
770141.2300000001,6270713.279999999,3,
770141.53,6270713.279999999,5,
770141.8300000001,6270713.279999999,4,
770142.1300000001,6270713.279999999,6,
770142.43,6270713.279999999,1,
770146.03,6270713.279999999,3,
770146.3300000001,6270713.279999999,5,
770146.6300000001,6270713.279999999,6,
770146.93,6270713.279999999,4,
770147.2300000001,6270713.279999999,1,
770147.8300000001,6270713.279999999,1,
770151.1300000001,6270713.279999999,3,
770151.43,6270713.279999999,1,
770151.7300000001,6270713.279999999,1,
770152.03,6270713.279999999,1,
770155.03,6270713.279999999,1,
770155.3300000001,6270713.279999999,1,
770155.6300000001,6270713.279999999,4,
770155.93,6270713.279999999,8,
770156.2300000001,6270713.279999999,5,
770156.8300000001,6270713.279999999,1,
770160.43,6270713.279999999,4,
770160.7300000001,6270713.279999999,4,
770161.03,6270713.279999999,5,
770161.3300000001,6270713.279999999,3,
770161.6300000001,6270713.279999999,4,
770161.93,6270713.279999999,1,
770164.93,6270713.279999999,1,
770165.2300000001,6270713.279999999,1,
770165.53,6270713.279999999,5,
770165.8300000001,6270713.279999999,4,
770166.1300000001,6270713.279999999,3,
770166.43,6270713.279999999,4,
770166.7300000001,6270713.279999999,2,
770174.8300000001,6270713.279999999,2,
770175.1300000001,6270713.279999999,5,
770175.43,6270713.279999999,5,
770175.7300000001,6270713.279999999,2,
770179.3300000001,6270713.279999999,1,
770179.6300000001,6270713.279999999,3,
770179.93,6270713.279999999,2,
770180.2300000001,6270713.279999999,4,
770180.53,6270713.279999999,7,
770180.8300000001,6270713.279999999,2,
770184.1300000001,6270713.279999999,1,
770184.43,6270713.279999999,2,
770184.7300000001,6270713.279999999,6,
770185.03,6270713.279999999,3,
770185.3300000001,6270713.279999999,3,
770185.6300000001,6270713.279999999,2,
770189.2300000001,6270713.279999999,3,
770189.53,6270713.279999999,6,
770189.8300000001,6270713.279999999,3,
770190.1300000001,6270713.279999999,5,
770116.3300000001,6270713.58,1,
770116.6300000001,6270713.58,4,
770116.93,6270713.58,6,
770117.23,6270713.58,5,
770117.53,6270713.58,5,
770117.8300000001,6270713.58,3,
770118.1300000001,6270713.58,3,
770120.53,6270713.58,1,
770120.8300000001,6270713.58,1,
770121.43,6270713.58,4,
770121.73,6270713.58,3,
770122.03,6270713.58,4,
770122.3300000001,6270713.58,4,
770125.93,6270713.58,1,
770126.23,6270713.58,3,
770126.53,6270713.58,3,
770126.8300000001,6270713.58,4,
770127.1300000001,6270713.58,5,
770127.43,6270713.58,1,
770127.73,6270713.58,1,
770131.3300000001,6270713.58,2,
770131.6300000001,6270713.58,3,
770131.93,6270713.58,5,
770132.23,6270713.58,3,
770132.53,6270713.58,2,
770132.8300000001,6270713.58,1,
770135.53,6270713.58,2,
770135.8300000001,6270713.58,2,
770136.1300000001,6270713.58,3,
770136.43,6270713.58,5,
770136.7300000001,6270713.58,3,
770137.03,6270713.58,7,
770137.3300000001,6270713.58,2,
770140.03,6270713.58,1,
770140.3300000001,6270713.58,1,
770140.6300000001,6270713.58,2,
770140.93,6270713.58,5,
770141.2300000001,6270713.58,3,
770141.53,6270713.58,4,
770141.8300000001,6270713.58,1,
770145.43,6270713.58,1,
770145.7300000001,6270713.58,4,
770146.03,6270713.58,4,
770146.3300000001,6270713.58,6,
770146.6300000001,6270713.58,1,
770146.93,6270713.58,1,
770150.53,6270713.58,4,
770150.8300000001,6270713.58,5,
770151.1300000001,6270713.58,5,
770151.7300000001,6270713.58,1,
770154.7300000001,6270713.58,1,
770155.03,6270713.58,5,
770155.3300000001,6270713.58,6,
770155.6300000001,6270713.58,5,
770155.93,6270713.58,4,
770160.1300000001,6270713.58,4,
770160.43,6270713.58,4,
770160.7300000001,6270713.58,4,
770161.03,6270713.58,4,
770161.3300000001,6270713.58,2,
770164.3300000001,6270713.58,1,
770164.6300000001,6270713.58,1,
770164.93,6270713.58,4,
770165.2300000001,6270713.58,6,
770165.53,6270713.58,5,
770165.8300000001,6270713.58,5,
770169.1300000001,6270713.58,1,
770169.43,6270713.58,2,
770169.7300000001,6270713.58,1,
770174.2300000001,6270713.58,1,
770174.53,6270713.58,5,
770174.8300000001,6270713.58,4,
770175.1300000001,6270713.58,6,
770175.43,6270713.58,1,
770179.03,6270713.58,1,
770179.3300000001,6270713.58,4,
770179.6300000001,6270713.58,5,
770179.93,6270713.58,4,
770180.2300000001,6270713.58,3,
770180.53,6270713.58,1,
770184.1300000001,6270713.58,4,
770184.43,6270713.58,6,
770184.7300000001,6270713.58,5,
770185.03,6270713.58,1,
770188.93,6270713.58,2,
770189.2300000001,6270713.58,5,
770189.53,6270713.58,5,
770189.8300000001,6270713.58,2,
770116.03,6270713.879999999,2,
770116.3300000001,6270713.879999999,2,
770116.6300000001,6270713.879999999,5,
770116.93,6270713.879999999,6,
770117.23,6270713.879999999,1,
770120.53,6270713.879999999,1,
770120.8300000001,6270713.879999999,2,
770121.1300000001,6270713.879999999,5,
770121.43,6270713.879999999,4,
770121.73,6270713.879999999,6,
770122.03,6270713.879999999,4,
770125.6300000001,6270713.879999999,3,
770125.93,6270713.879999999,3,
770126.23,6270713.879999999,2,
770126.53,6270713.879999999,5,
770126.8300000001,6270713.879999999,6,
770130.73,6270713.879999999,2,
770131.03,6270713.879999999,4,
770131.3300000001,6270713.879999999,6,
770131.6300000001,6270713.879999999,3,
770131.93,6270713.879999999,3,
770132.23,6270713.879999999,1,
770135.53,6270713.879999999,3,
770135.8300000001,6270713.879999999,6,
770136.1300000001,6270713.879999999,4,
770136.43,6270713.879999999,2,
770136.7300000001,6270713.879999999,4,
770137.03,6270713.879999999,1,
770140.03,6270713.879999999,2,
770140.3300000001,6270713.879999999,4,
770140.6300000001,6270713.879999999,4,
770140.93,6270713.879999999,5,
770141.2300000001,6270713.879999999,6,
770141.53,6270713.879999999,1,
770145.1300000001,6270713.879999999,3,
770145.43,6270713.879999999,4,
770145.7300000001,6270713.879999999,4,
770146.03,6270713.879999999,4,
770146.3300000001,6270713.879999999,1,
770149.6300000001,6270713.879999999,3,
770149.93,6270713.879999999,1,
770150.2300000001,6270713.879999999,7,
770150.53,6270713.879999999,2,
770150.8300000001,6270713.879999999,2,
770151.1300000001,6270713.879999999,1,
770154.43,6270713.879999999,2,
770154.7300000001,6270713.879999999,7,
770155.03,6270713.879999999,5,
770155.3300000001,6270713.879999999,5,
770155.6300000001,6270713.879999999,1,
770158.93,6270713.879999999,1,
770159.2300000001,6270713.879999999,1,
770159.53,6270713.879999999,1,
770159.8300000001,6270713.879999999,3,
770160.1300000001,6270713.879999999,4,
770160.43,6270713.879999999,5,
770160.7300000001,6270713.879999999,3,
770161.03,6270713.879999999,1,
770164.03,6270713.879999999,1,
770164.3300000001,6270713.879999999,4,
770164.6300000001,6270713.879999999,5,
770164.93,6270713.879999999,2,
770165.2300000001,6270713.879999999,3,
770165.53,6270713.879999999,5,
770168.8300000001,6270713.879999999,2,
770169.1300000001,6270713.879999999,2,
770169.43,6270713.879999999,4,
770169.7300000001,6270713.879999999,5,
770170.03,6270713.879999999,2,
770170.3300000001,6270713.879999999,2,
770173.93,6270713.879999999,4,
770174.2300000001,6270713.879999999,2,
770174.53,6270713.879999999,6,
770174.8300000001,6270713.879999999,5,
770175.1300000001,6270713.879999999,1,
770178.43,6270713.879999999,3,
770178.7300000001,6270713.879999999,5,
770179.03,6270713.879999999,5,
770179.3300000001,6270713.879999999,5,
770179.6300000001,6270713.879999999,5,
770179.93,6270713.879999999,3,
770183.2300000001,6270713.879999999,1,
770183.53,6270713.879999999,3,
770183.8300000001,6270713.879999999,5,
770184.1300000001,6270713.879999999,4,
770184.7300000001,6270713.879999999,1,
770188.03,6270713.879999999,1,
770188.3300000001,6270713.879999999,1,
770188.6300000001,6270713.879999999,3,
770188.93,6270713.879999999,1,
770189.2300000001,6270713.879999999,3,
770115.73,6270714.18,2,
770116.03,6270714.18,5,
770116.3300000001,6270714.18,8,
770116.6300000001,6270714.18,2,
770116.93,6270714.18,1,
770120.53,6270714.18,3,
770120.8300000001,6270714.18,4,
770121.1300000001,6270714.18,4,
770121.43,6270714.18,4,
770121.73,6270714.18,2,
770125.03,6270714.18,1,
770125.3300000001,6270714.18,3,
770125.6300000001,6270714.18,4,
770125.93,6270714.18,5,
770126.23,6270714.18,6,
770126.53,6270714.18,2,
770130.1300000001,6270714.18,1,
770130.43,6270714.18,3,
770130.73,6270714.18,4,
770131.03,6270714.18,2,
770131.3300000001,6270714.18,5,
770134.6300000001,6270714.18,1,
770134.93,6270714.18,3,
770135.23,6270714.18,4,
770135.53,6270714.18,5,
770135.8300000001,6270714.18,5,
770136.1300000001,6270714.18,2,
770136.43,6270714.18,3,
770139.43,6270714.18,2,
770139.7300000001,6270714.18,4,
770140.03,6270714.18,5,
770140.3300000001,6270714.18,5,
770140.6300000001,6270714.18,5,
770140.93,6270714.18,2,
770144.53,6270714.18,2,
770144.8300000001,6270714.18,6,
770145.1300000001,6270714.18,3,
770145.43,6270714.18,2,
770145.7300000001,6270714.18,5,
770146.03,6270714.18,1,
770149.03,6270714.18,1,
770149.3300000001,6270714.18,5,
770149.6300000001,6270714.18,3,
770149.93,6270714.18,6,
770150.2300000001,6270714.18,3,
770150.53,6270714.18,2,
770153.53,6270714.18,1,
770153.8300000001,6270714.18,2,
770154.1300000001,6270714.18,6,
770154.43,6270714.18,5,
770154.7300000001,6270714.18,4,
770155.03,6270714.18,5,
770158.6300000001,6270714.18,1,
770158.93,6270714.18,2,
770159.2300000001,6270714.18,3,
770159.53,6270714.18,5,
770159.8300000001,6270714.18,8,
770160.1300000001,6270714.18,5,
770160.43,6270714.18,4,
770163.43,6270714.18,1,
770163.7300000001,6270714.18,2,
770164.03,6270714.18,4,
770164.3300000001,6270714.18,5,
770164.6300000001,6270714.18,3,
770164.93,6270714.18,5,
770165.2300000001,6270714.18,4,
770168.2300000001,6270714.18,1,
770168.53,6270714.18,3,
770168.8300000001,6270714.18,3,
770169.1300000001,6270714.18,5,
770169.43,6270714.18,6,
770169.7300000001,6270714.18,4,
770170.03,6270714.18,2,
770173.6300000001,6270714.18,3,
770173.93,6270714.18,1,
770174.2300000001,6270714.18,1,
770174.53,6270714.18,2,
770178.1300000001,6270714.18,3,
770178.43,6270714.18,5,
770178.7300000001,6270714.18,4,
770179.03,6270714.18,4,
770182.6300000001,6270714.18,1,
770183.2300000001,6270714.18,5,
770183.53,6270714.18,3,
770183.8300000001,6270714.18,4,
770187.43,6270714.18,1,
770187.7300000001,6270714.18,3,
770188.03,6270714.18,5,
770188.3300000001,6270714.18,5,
770188.6300000001,6270714.18,1,
770115.1300000001,6270714.48,1,
770115.43,6270714.48,4,
770115.73,6270714.48,6,
770116.03,6270714.48,4,
770116.3300000001,6270714.48,2,
770119.6300000001,6270714.48,2,
770119.93,6270714.48,3,
770120.23,6270714.48,4,
770120.53,6270714.48,4,
770120.8300000001,6270714.48,5,
770121.1300000001,6270714.48,6,
770124.73,6270714.48,3,
770125.03,6270714.48,4,
770125.3300000001,6270714.48,3,
770125.6300000001,6270714.48,5,
770125.93,6270714.48,4,
770126.23,6270714.48,1,
770129.8300000001,6270714.48,2,
770130.1300000001,6270714.48,1,
770130.43,6270714.48,5,
770130.73,6270714.48,3,
770131.03,6270714.48,3,
770134.03,6270714.48,1,
770134.3300000001,6270714.48,3,
770134.6300000001,6270714.48,4,
770134.93,6270714.48,5,
770135.23,6270714.48,4,
770135.53,6270714.48,3,
770135.8300000001,6270714.48,3,
770136.1300000001,6270714.48,2,
770138.8300000001,6270714.48,1,
770139.1300000001,6270714.48,4,
770139.43,6270714.48,4,
770139.7300000001,6270714.48,6,
770140.03,6270714.48,5,
770140.3300000001,6270714.48,2,
770140.6300000001,6270714.48,1,
770143.6300000001,6270714.48,1,
770143.93,6270714.48,1,
770144.2300000001,6270714.48,4,
770144.53,6270714.48,6,
770144.8300000001,6270714.48,5,
770145.1300000001,6270714.48,5,
770145.43,6270714.48,2,
770148.43,6270714.48,2,
770148.7300000001,6270714.48,2,
770149.03,6270714.48,4,
770149.3300000001,6270714.48,4,
770149.6300000001,6270714.48,4,
770149.93,6270714.48,4,
770153.2300000001,6270714.48,2,
770153.53,6270714.48,4,
770153.8300000001,6270714.48,5,
770154.1300000001,6270714.48,6,
770154.43,6270714.48,4,
770154.7300000001,6270714.48,1,
770158.3300000001,6270714.48,3,
770158.6300000001,6270714.48,5,
770158.93,6270714.48,4,
770159.2300000001,6270714.48,3,
770159.53,6270714.48,4,
770159.8300000001,6270714.48,4,
770162.8300000001,6270714.48,1,
770163.1300000001,6270714.48,1,
770163.43,6270714.48,2,
770163.7300000001,6270714.48,5,
770164.03,6270714.48,3,
770164.3300000001,6270714.48,2,
770164.6300000001,6270714.48,3,
770167.93,6270714.48,1,
770168.2300000001,6270714.48,5,
770168.53,6270714.48,4,
770168.8300000001,6270714.48,4,
770169.1300000001,6270714.48,2,
770169.43,6270714.48,1,
770173.03,6270714.48,4,
770173.3300000001,6270714.48,7,
770173.6300000001,6270714.48,6,
770173.93,6270714.48,4,
770174.2300000001,6270714.48,1,
770177.2300000001,6270714.48,1,
770177.53,6270714.48,2,
770177.8300000001,6270714.48,4,
770178.1300000001,6270714.48,5,
770178.43,6270714.48,6,
770178.7300000001,6270714.48,2,
770182.3300000001,6270714.48,4,
770182.6300000001,6270714.48,4,
770182.93,6270714.48,3,
770183.2300000001,6270714.48,5,
770183.53,6270714.48,3,
770183.8300000001,6270714.48,2,
770186.8300000001,6270714.48,1,
770187.1300000001,6270714.48,1,
770187.43,6270714.48,6,
770187.7300000001,6270714.48,3,
770188.03,6270714.48,5,
770188.3300000001,6270714.48,3,
770188.6300000001,6270714.48,2,
770191.3300000001,6270714.48,1,
770191.93,6270714.48,1,
770114.8300000001,6270714.779999999,5,
770115.1300000001,6270714.779999999,3,
770115.43,6270714.779999999,7,
770115.73,6270714.779999999,1,
770116.03,6270714.779999999,1,
770119.03,6270714.779999999,1,
770119.3300000001,6270714.779999999,3,
770119.6300000001,6270714.779999999,2,
770119.93,6270714.779999999,6,
770120.23,6270714.779999999,5,
770120.53,6270714.779999999,3,
770120.8300000001,6270714.779999999,2,
770124.1300000001,6270714.779999999,1,
770124.43,6270714.779999999,3,
770124.73,6270714.779999999,3,
770125.03,6270714.779999999,4,
770125.3300000001,6270714.779999999,5,
770125.6300000001,6270714.779999999,3,
770129.8300000001,6270714.779999999,2,
770130.1300000001,6270714.779999999,1,
770133.73,6270714.779999999,3,
770134.03,6270714.779999999,6,
770134.3300000001,6270714.779999999,4,
770134.6300000001,6270714.779999999,6,
770134.93,6270714.779999999,5,
770135.23,6270714.779999999,1,
770135.53,6270714.779999999,2,
770135.8300000001,6270714.779999999,1,
770138.53,6270714.779999999,2,
770138.8300000001,6270714.779999999,5,
770139.1300000001,6270714.779999999,3,
770139.43,6270714.779999999,4,
770139.7300000001,6270714.779999999,2,
770140.03,6270714.779999999,2,
770143.6300000001,6270714.779999999,3,
770143.93,6270714.779999999,3,
770144.2300000001,6270714.779999999,5,
770144.53,6270714.779999999,3,
770144.8300000001,6270714.779999999,1,
770145.1300000001,6270714.779999999,1,
770148.1300000001,6270714.779999999,2,
770148.43,6270714.779999999,2,
770148.7300000001,6270714.779999999,5,
770149.03,6270714.779999999,3,
770149.3300000001,6270714.779999999,3,
770149.6300000001,6270714.779999999,3,
770152.3300000001,6270714.779999999,1,
770152.6300000001,6270714.779999999,3,
770152.93,6270714.779999999,6,
770153.2300000001,6270714.779999999,3,
770153.53,6270714.779999999,3,
770153.8300000001,6270714.779999999,5,
770154.1300000001,6270714.779999999,3,
770154.43,6270714.779999999,2,
770158.03,6270714.779999999,2,
770158.3300000001,6270714.779999999,6,
770158.6300000001,6270714.779999999,4,
770158.93,6270714.779999999,6,
770159.2300000001,6270714.779999999,3,
770162.53,6270714.779999999,2,
770162.8300000001,6270714.779999999,1,
770163.1300000001,6270714.779999999,5,
770163.43,6270714.779999999,3,
770163.7300000001,6270714.779999999,3,
770164.03,6270714.779999999,1,
770164.6300000001,6270714.779999999,1,
770167.03,6270714.779999999,1,
770167.3300000001,6270714.779999999,2,
770167.6300000001,6270714.779999999,2,
770167.93,6270714.779999999,5,
770168.2300000001,6270714.779999999,4,
770168.53,6270714.779999999,5,
770168.8300000001,6270714.779999999,2,
770172.1300000001,6270714.779999999,1,
770172.43,6270714.779999999,3,
770172.7300000001,6270714.779999999,4,
770173.03,6270714.779999999,4,
770173.3300000001,6270714.779999999,1,
770173.6300000001,6270714.779999999,1,
770176.93,6270714.779999999,1,
770177.2300000001,6270714.779999999,4,
770177.53,6270714.779999999,5,
770177.8300000001,6270714.779999999,3,
770178.1300000001,6270714.779999999,3,
770178.43,6270714.779999999,2,
770178.7300000001,6270714.779999999,1,
770182.03,6270714.779999999,2,
770182.3300000001,6270714.779999999,2,
770182.6300000001,6270714.779999999,5,
770182.93,6270714.779999999,4,
770186.2300000001,6270714.779999999,1,
770186.53,6270714.779999999,2,
770187.1300000001,6270714.779999999,7,
770187.43,6270714.779999999,4,
770187.7300000001,6270714.779999999,3,
770188.03,6270714.779999999,2,
770191.3300000001,6270714.779999999,3,
770191.6300000001,6270714.779999999,4,
770191.93,6270714.779999999,4,
770114.23,6270715.08,3,
770114.53,6270715.08,7,
770114.8300000001,6270715.08,3,
770115.1300000001,6270715.08,4,
770115.43,6270715.08,1,
770119.03,6270715.08,6,
770119.3300000001,6270715.08,2,
770119.6300000001,6270715.08,5,
770119.93,6270715.08,3,
770120.23,6270715.08,1,
770123.53,6270715.08,1,
770123.8300000001,6270715.08,3,
770124.1300000001,6270715.08,1,
770124.43,6270715.08,2,
770124.73,6270715.08,6,
770125.03,6270715.08,3,
770125.3300000001,6270715.08,4,
770128.6300000001,6270715.08,1,
770128.93,6270715.08,2,
770129.23,6270715.08,2,
770129.53,6270715.08,2,
770129.8300000001,6270715.08,1,
770130.1300000001,6270715.08,1,
770133.43,6270715.08,5,
770133.73,6270715.08,3,
770134.03,6270715.08,5,
770134.3300000001,6270715.08,3,
770134.6300000001,6270715.08,3,
770134.93,6270715.08,1,
770138.2300000001,6270715.08,5,
770138.53,6270715.08,4,
770138.8300000001,6270715.08,5,
770139.1300000001,6270715.08,4,
770139.43,6270715.08,3,
770139.7300000001,6270715.08,1,
770143.03,6270715.08,4,
770143.3300000001,6270715.08,5,
770143.6300000001,6270715.08,7,
770143.93,6270715.08,3,
770144.2300000001,6270715.08,2,
770144.53,6270715.08,1,
770147.8300000001,6270715.08,1,
770148.1300000001,6270715.08,4,
770148.43,6270715.08,5,
770148.7300000001,6270715.08,5,
770149.03,6270715.08,3,
770152.6300000001,6270715.08,3,
770152.93,6270715.08,3,
770153.2300000001,6270715.08,5,
770153.53,6270715.08,4,
770153.8300000001,6270715.08,2,
770154.1300000001,6270715.08,1,
770157.1300000001,6270715.08,1,
770157.43,6270715.08,2,
770157.7300000001,6270715.08,2,
770158.03,6270715.08,5,
770158.3300000001,6270715.08,4,
770158.6300000001,6270715.08,3,
770158.93,6270715.08,1,
770161.93,6270715.08,3,
770162.2300000001,6270715.08,3,
770162.53,6270715.08,3,
770162.8300000001,6270715.08,6,
770163.1300000001,6270715.08,5,
770163.43,6270715.08,1,
770166.7300000001,6270715.08,1,
770167.03,6270715.08,1,
770167.3300000001,6270715.08,4,
770167.6300000001,6270715.08,5,
770167.93,6270715.08,4,
770168.2300000001,6270715.08,3,
770171.8300000001,6270715.08,1,
770172.1300000001,6270715.08,5,
770172.43,6270715.08,3,
770172.7300000001,6270715.08,2,
770173.03,6270715.08,2,
770173.3300000001,6270715.08,1,
770176.6300000001,6270715.08,2,
770176.93,6270715.08,5,
770177.2300000001,6270715.08,4,
770177.53,6270715.08,5,
770181.1300000001,6270715.08,1,
770181.7300000001,6270715.08,3,
770182.03,6270715.08,5,
770182.3300000001,6270715.08,6,
770182.6300000001,6270715.08,1,
770186.2300000001,6270715.08,2,
770186.53,6270715.08,6,
770186.8300000001,6270715.08,5,
770187.1300000001,6270715.08,2,
770187.43,6270715.08,2,
770190.43,6270715.08,2,
770190.7300000001,6270715.08,2,
770191.03,6270715.08,3,
770191.3300000001,6270715.08,6,
770191.6300000001,6270715.08,5,
770191.93,6270715.08,2,
770192.2300000001,6270715.08,1,
770113.6300000001,6270715.379999999,2,
770113.93,6270715.379999999,3,
770114.23,6270715.379999999,5,
770114.53,6270715.379999999,6,
770114.8300000001,6270715.379999999,2,
770118.43,6270715.379999999,3,
770118.73,6270715.379999999,3,
770119.03,6270715.379999999,3,
770119.3300000001,6270715.379999999,4,
770119.6300000001,6270715.379999999,5,
770123.23,6270715.379999999,4,
770123.53,6270715.379999999,4,
770123.8300000001,6270715.379999999,4,
770124.1300000001,6270715.379999999,3,
770124.43,6270715.379999999,1,
770128.3300000001,6270715.379999999,2,
770128.6300000001,6270715.379999999,5,
770128.93,6270715.379999999,4,
770129.23,6270715.379999999,2,
770132.8300000001,6270715.379999999,2,
770133.1300000001,6270715.379999999,5,
770133.43,6270715.379999999,6,
770133.73,6270715.379999999,5,
770134.03,6270715.379999999,2,
770134.3300000001,6270715.379999999,1,
770137.6300000001,6270715.379999999,2,
770137.93,6270715.379999999,5,
770138.2300000001,6270715.379999999,4,
770138.53,6270715.379999999,2,
770138.8300000001,6270715.379999999,5,
770142.43,6270715.379999999,1,
770142.7300000001,6270715.379999999,6,
770143.03,6270715.379999999,4,
770143.3300000001,6270715.379999999,7,
770143.6300000001,6270715.379999999,2,
770147.53,6270715.379999999,3,
770147.8300000001,6270715.379999999,5,
770148.1300000001,6270715.379999999,4,
770148.43,6270715.379999999,5,
770148.7300000001,6270715.379999999,4,
770151.7300000001,6270715.379999999,1,
770152.03,6270715.379999999,5,
770152.3300000001,6270715.379999999,3,
770152.6300000001,6270715.379999999,5,
770152.93,6270715.379999999,5,
770153.2300000001,6270715.379999999,5,
770153.53,6270715.379999999,3,
770157.1300000001,6270715.379999999,2,
770157.43,6270715.379999999,4,
770157.7300000001,6270715.379999999,7,
770158.03,6270715.379999999,1,
770158.3300000001,6270715.379999999,2,
770161.3300000001,6270715.379999999,1,
770161.6300000001,6270715.379999999,1,
770161.93,6270715.379999999,3,
770162.2300000001,6270715.379999999,6,
770162.53,6270715.379999999,6,
770162.8300000001,6270715.379999999,2,
770163.1300000001,6270715.379999999,1,
770163.43,6270715.379999999,1,
770166.7300000001,6270715.379999999,1,
770167.03,6270715.379999999,4,
770167.3300000001,6270715.379999999,4,
770167.6300000001,6270715.379999999,5,
770167.93,6270715.379999999,2,
770170.93,6270715.379999999,1,
770171.2300000001,6270715.379999999,3,
770171.53,6270715.379999999,4,
770171.8300000001,6270715.379999999,6,
770172.1300000001,6270715.379999999,2,
770172.43,6270715.379999999,4,
770176.03,6270715.379999999,1,
770176.3300000001,6270715.379999999,2,
770176.6300000001,6270715.379999999,2,
770176.93,6270715.379999999,3,
770177.2300000001,6270715.379999999,5,
770177.53,6270715.379999999,1,
770180.8300000001,6270715.379999999,4,
770181.1300000001,6270715.379999999,2,
770181.43,6270715.379999999,7,
770181.7300000001,6270715.379999999,5,
770182.03,6270715.379999999,2,
770182.3300000001,6270715.379999999,1,
770185.3300000001,6270715.379999999,1,
770185.6300000001,6270715.379999999,2,
770185.93,6270715.379999999,3,
770186.2300000001,6270715.379999999,7,
770186.53,6270715.379999999,1,
770186.8300000001,6270715.379999999,2,
770190.1300000001,6270715.379999999,1,
770190.43,6270715.379999999,3,
770190.7300000001,6270715.379999999,6,
770191.03,6270715.379999999,3,
770191.3300000001,6270715.379999999,3,
770191.6300000001,6270715.379999999,1,
770113.3300000001,6270715.68,4,
770113.6300000001,6270715.68,4,
770113.93,6270715.68,4,
770114.23,6270715.68,6,
770114.53,6270715.68,1,
770118.1300000001,6270715.68,1,
770118.43,6270715.68,6,
770118.73,6270715.68,3,
770119.03,6270715.68,6,
770119.3300000001,6270715.68,4,
770122.6300000001,6270715.68,1,
770122.93,6270715.68,5,
770123.23,6270715.68,3,
770123.53,6270715.68,4,
770123.8300000001,6270715.68,6,
770124.1300000001,6270715.68,1,
770128.03,6270715.68,6,
770128.3300000001,6270715.68,3,
770128.6300000001,6270715.68,5,
770128.93,6270715.68,2,
770132.53,6270715.68,4,
770132.8300000001,6270715.68,4,
770133.1300000001,6270715.68,5,
770133.43,6270715.68,1,
770133.73,6270715.68,3,
770134.03,6270715.68,1,
770137.03,6270715.68,2,
770137.3300000001,6270715.68,4,
770137.6300000001,6270715.68,5,
770137.93,6270715.68,5,
770138.2300000001,6270715.68,3,
770141.8300000001,6270715.68,1,
770142.1300000001,6270715.68,4,
770142.43,6270715.68,3,
770142.7300000001,6270715.68,2,
770143.03,6270715.68,5,
770143.3300000001,6270715.68,3,
770143.6300000001,6270715.68,1,
770146.6300000001,6270715.68,1,
770146.93,6270715.68,2,
770147.2300000001,6270715.68,3,
770147.53,6270715.68,4,
770147.8300000001,6270715.68,2,
770148.1300000001,6270715.68,4,
770151.1300000001,6270715.68,1,
770151.43,6270715.68,1,
770151.7300000001,6270715.68,5,
770152.03,6270715.68,3,
770152.3300000001,6270715.68,4,
770152.6300000001,6270715.68,4,
770152.93,6270715.68,2,
770155.93,6270715.68,1,
770156.53,6270715.68,2,
770156.8300000001,6270715.68,4,
770157.1300000001,6270715.68,5,
770157.43,6270715.68,5,
770157.7300000001,6270715.68,1,
770161.3300000001,6270715.68,5,
770161.6300000001,6270715.68,5,
770161.93,6270715.68,4,
770162.2300000001,6270715.68,4,
770162.53,6270715.68,2,
770165.8300000001,6270715.68,1,
770166.1300000001,6270715.68,2,
770166.43,6270715.68,3,
770166.7300000001,6270715.68,5,
770167.03,6270715.68,5,
770167.3300000001,6270715.68,3,
770170.6300000001,6270715.68,2,
770170.93,6270715.68,5,
770171.2300000001,6270715.68,3,
770171.53,6270715.68,6,
770171.8300000001,6270715.68,5,
770172.1300000001,6270715.68,2,
770172.43,6270715.68,1,
770175.7300000001,6270715.68,3,
770176.03,6270715.68,6,
770176.3300000001,6270715.68,3,
770176.6300000001,6270715.68,2,
770180.2300000001,6270715.68,4,
770180.53,6270715.68,3,
770180.8300000001,6270715.68,2,
770181.1300000001,6270715.68,6,
770181.43,6270715.68,4,
770181.7300000001,6270715.68,2,
770182.03,6270715.68,1,
770185.3300000001,6270715.68,3,
770185.6300000001,6270715.68,4,
770185.93,6270715.68,5,
770186.2300000001,6270715.68,3,
770189.8300000001,6270715.68,2,
770190.1300000001,6270715.68,6,
770190.43,6270715.68,3,
770190.7300000001,6270715.68,5,
770191.03,6270715.68,1,
770112.43,6270715.98,1,
770112.73,6270715.98,1,
770113.03,6270715.98,2,
770113.3300000001,6270715.98,6,
770113.6300000001,6270715.98,3,
770113.93,6270715.98,4,
770114.23,6270715.98,1,
770117.23,6270715.98,2,
770117.53,6270715.98,4,
770117.8300000001,6270715.98,3,
770118.1300000001,6270715.98,4,
770118.43,6270715.98,1,
770118.73,6270715.98,5,
770119.03,6270715.98,1,
770121.73,6270715.98,1,
770122.3300000001,6270715.98,1,
770122.6300000001,6270715.98,3,
770122.93,6270715.98,3,
770123.23,6270715.98,6,
770123.53,6270715.98,5,
770123.8300000001,6270715.98,1,
770127.43,6270715.98,3,
770127.73,6270715.98,5,
770128.03,6270715.98,1,
770128.3300000001,6270715.98,4,
770128.6300000001,6270715.98,1,
770131.93,6270715.98,1,
770132.23,6270715.98,4,
770132.53,6270715.98,6,
770132.8300000001,6270715.98,5,
770133.1300000001,6270715.98,2,
770136.43,6270715.98,1,
770136.7300000001,6270715.98,4,
770137.03,6270715.98,3,
770137.3300000001,6270715.98,4,
770137.6300000001,6270715.98,8,
770137.93,6270715.98,3,
770138.2300000001,6270715.98,2,
770141.2300000001,6270715.98,1,
770141.53,6270715.98,1,
770141.8300000001,6270715.98,5,
770142.1300000001,6270715.98,4,
770142.43,6270715.98,5,
770142.7300000001,6270715.98,5,
770143.03,6270715.98,1,
770143.3300000001,6270715.98,1,
770146.03,6270715.98,2,
770146.3300000001,6270715.98,2,
770146.6300000001,6270715.98,4,
770146.93,6270715.98,5,
770147.2300000001,6270715.98,2,
770147.53,6270715.98,3,
770147.8300000001,6270715.98,3,
770148.1300000001,6270715.98,1,
770150.8300000001,6270715.98,1,
770151.1300000001,6270715.98,2,
770151.43,6270715.98,5,
770151.7300000001,6270715.98,5,
770152.03,6270715.98,3,
770152.3300000001,6270715.98,3,
770155.6300000001,6270715.98,2,
770155.93,6270715.98,4,
770156.2300000001,6270715.98,5,
770156.53,6270715.98,5,
770156.8300000001,6270715.98,6,
770157.1300000001,6270715.98,2,
770157.43,6270715.98,3,
770160.7300000001,6270715.98,1,
770161.03,6270715.98,3,
770161.3300000001,6270715.98,5,
770161.6300000001,6270715.98,5,
770161.93,6270715.98,4,
770162.2300000001,6270715.98,2,
770165.8300000001,6270715.98,6,
770166.1300000001,6270715.98,5,
770166.43,6270715.98,4,
770166.7300000001,6270715.98,4,
770167.03,6270715.98,1,
770170.3300000001,6270715.98,6,
770170.6300000001,6270715.98,1,
770170.93,6270715.98,6,
770171.2300000001,6270715.98,5,
770171.53,6270715.98,3,
770171.8300000001,6270715.98,2,
770175.1300000001,6270715.98,1,
770175.43,6270715.98,5,
770175.7300000001,6270715.98,5,
770176.03,6270715.98,5,
770176.3300000001,6270715.98,3,
770179.93,6270715.98,3,
770180.2300000001,6270715.98,2,
770180.53,6270715.98,3,
770180.8300000001,6270715.98,5,
770181.1300000001,6270715.98,2,
770184.7300000001,6270715.98,1,
770185.03,6270715.98,6,
770185.3300000001,6270715.98,2,
770185.93,6270715.98,1,
770189.2300000001,6270715.98,3,
770189.53,6270715.98,2,
770189.8300000001,6270715.98,7,
770190.1300000001,6270715.98,5,
770190.43,6270715.98,3,
770112.1300000001,6270716.279999999,3,
770112.43,6270716.279999999,4,
770112.73,6270716.279999999,4,
770113.03,6270716.279999999,4,
770113.3300000001,6270716.279999999,3,
770113.6300000001,6270716.279999999,2,
770113.93,6270716.279999999,1,
770116.93,6270716.279999999,3,
770117.23,6270716.279999999,4,
770117.53,6270716.279999999,3,
770117.8300000001,6270716.279999999,6,
770118.1300000001,6270716.279999999,1,
770118.43,6270716.279999999,1,
770121.43,6270716.279999999,2,
770121.73,6270716.279999999,3,
770122.03,6270716.279999999,5,
770122.3300000001,6270716.279999999,3,
770122.6300000001,6270716.279999999,6,
770122.93,6270716.279999999,4,
770123.23,6270716.279999999,1,
770127.1300000001,6270716.279999999,6,
770127.43,6270716.279999999,4,
770127.73,6270716.279999999,3,
770131.3300000001,6270716.279999999,1,
770131.6300000001,6270716.279999999,4,
770131.93,6270716.279999999,2,
770132.23,6270716.279999999,5,
770132.8300000001,6270716.279999999,1,
770133.1300000001,6270716.279999999,1,
770136.1300000001,6270716.279999999,1,
770136.43,6270716.279999999,5,
770136.7300000001,6270716.279999999,5,
770137.03,6270716.279999999,2,
770137.3300000001,6270716.279999999,4,
770137.6300000001,6270716.279999999,2,
770140.93,6270716.279999999,3,
770141.2300000001,6270716.279999999,3,
770141.53,6270716.279999999,8,
770141.8300000001,6270716.279999999,5,
770142.1300000001,6270716.279999999,3,
770142.43,6270716.279999999,3,
770142.7300000001,6270716.279999999,1,
770146.3300000001,6270716.279999999,5,
770146.6300000001,6270716.279999999,4,
770146.93,6270716.279999999,3,
770147.2300000001,6270716.279999999,2,
770150.2300000001,6270716.279999999,1,
770150.53,6270716.279999999,1,
770150.8300000001,6270716.279999999,6,
770151.1300000001,6270716.279999999,4,
770151.43,6270716.279999999,4,
770151.7300000001,6270716.279999999,2,
770152.03,6270716.279999999,1,
770155.3300000001,6270716.279999999,4,
770155.6300000001,6270716.279999999,2,
770155.93,6270716.279999999,5,
770156.2300000001,6270716.279999999,6,
770156.53,6270716.279999999,2,
770156.8300000001,6270716.279999999,1,
770159.8300000001,6270716.279999999,1,
770160.1300000001,6270716.279999999,1,
770160.43,6270716.279999999,4,
770160.7300000001,6270716.279999999,5,
770161.03,6270716.279999999,6,
770161.3300000001,6270716.279999999,3,
770161.93,6270716.279999999,2,
770165.2300000001,6270716.279999999,4,
770165.53,6270716.279999999,4,
770165.8300000001,6270716.279999999,4,
770166.1300000001,6270716.279999999,3,
770166.43,6270716.279999999,3,
770169.43,6270716.279999999,2,
770170.03,6270716.279999999,2,
770170.3300000001,6270716.279999999,4,
770170.6300000001,6270716.279999999,3,
770170.93,6270716.279999999,3,
770174.53,6270716.279999999,1,
770174.8300000001,6270716.279999999,5,
770175.1300000001,6270716.279999999,5,
770175.43,6270716.279999999,6,
770175.7300000001,6270716.279999999,2,
770179.6300000001,6270716.279999999,3,
770179.93,6270716.279999999,4,
770180.2300000001,6270716.279999999,3,
770180.53,6270716.279999999,4,
770180.8300000001,6270716.279999999,1,
770183.8300000001,6270716.279999999,3,
770184.1300000001,6270716.279999999,5,
770184.43,6270716.279999999,4,
770184.7300000001,6270716.279999999,5,
770185.03,6270716.279999999,1,
770188.6300000001,6270716.279999999,1,
770188.93,6270716.279999999,1,
770189.2300000001,6270716.279999999,4,
770189.53,6270716.279999999,3,
770189.8300000001,6270716.279999999,5,
770190.1300000001,6270716.279999999,3,
770111.53,6270716.58,3,
770111.8300000001,6270716.58,4,
770112.1300000001,6270716.58,3,
770112.43,6270716.58,4,
770112.73,6270716.58,5,
770113.03,6270716.58,1,
770116.6300000001,6270716.58,4,
770116.93,6270716.58,3,
770117.23,6270716.58,3,
770117.53,6270716.58,4,
770117.8300000001,6270716.58,2,
770121.1300000001,6270716.58,1,
770121.43,6270716.58,3,
770121.73,6270716.58,4,
770122.03,6270716.58,5,
770122.3300000001,6270716.58,5,
770122.6300000001,6270716.58,4,
770122.93,6270716.58,1,
770125.93,6270716.58,1,
770126.23,6270716.58,1,
770126.53,6270716.58,7,
770126.8300000001,6270716.58,4,
770127.1300000001,6270716.58,2,
770127.43,6270716.58,3,
770127.73,6270716.58,1,
770131.03,6270716.58,3,
770131.3300000001,6270716.58,4,
770131.6300000001,6270716.58,4,
770131.93,6270716.58,6,
770132.23,6270716.58,2,
770135.8300000001,6270716.58,7,
770136.1300000001,6270716.58,5,
770136.43,6270716.58,5,
770136.7300000001,6270716.58,1,
770137.03,6270716.58,1,
770140.6300000001,6270716.58,4,
770140.93,6270716.58,4,
770141.2300000001,6270716.58,4,
770141.53,6270716.58,3,
770141.8300000001,6270716.58,5,
770142.1300000001,6270716.58,3,
770145.1300000001,6270716.58,1,
770145.43,6270716.58,3,
770145.7300000001,6270716.58,5,
770146.03,6270716.58,3,
770146.3300000001,6270716.58,5,
770146.6300000001,6270716.58,5,
770146.93,6270716.58,4,
770149.93,6270716.58,2,
770150.2300000001,6270716.58,3,
770150.53,6270716.58,7,
770150.8300000001,6270716.58,2,
770151.1300000001,6270716.58,1,
770151.43,6270716.58,2,
770154.7300000001,6270716.58,2,
770155.03,6270716.58,2,
770155.3300000001,6270716.58,7,
770155.6300000001,6270716.58,2,
770155.93,6270716.58,5,
770156.2300000001,6270716.58,2,
770159.53,6270716.58,2,
770159.8300000001,6270716.58,3,
770160.1300000001,6270716.58,5,
770160.43,6270716.58,5,
770160.7300000001,6270716.58,5,
770164.3300000001,6270716.58,1,
770164.6300000001,6270716.58,3,
770164.93,6270716.58,6,
770165.2300000001,6270716.58,3,
770165.53,6270716.58,2,
770165.8300000001,6270716.58,1,
770166.1300000001,6270716.58,1,
770169.43,6270716.58,1,
770169.7300000001,6270716.58,3,
770170.03,6270716.58,4,
770170.3300000001,6270716.58,1,
770170.6300000001,6270716.58,4,
770174.2300000001,6270716.58,3,
770174.53,6270716.58,4,
770174.8300000001,6270716.58,4,
770175.1300000001,6270716.58,5,
770175.43,6270716.58,3,
770179.03,6270716.58,1,
770179.6300000001,6270716.58,1,
770179.93,6270716.58,4,
770180.2300000001,6270716.58,1,
770183.8300000001,6270716.58,1,
770184.1300000001,6270716.58,2,
770184.43,6270716.58,6,
770184.7300000001,6270716.58,5,
770188.3300000001,6270716.58,2,
770188.6300000001,6270716.58,4,
770188.93,6270716.58,8,
770189.2300000001,6270716.58,5,
770189.53,6270716.58,4,
770193.1300000001,6270716.58,1,
770110.93,6270716.879999999,1,
770111.23,6270716.879999999,2,
770111.53,6270716.879999999,4,
770111.8300000001,6270716.879999999,7,
770112.1300000001,6270716.879999999,4,
770112.43,6270716.879999999,3,
770115.73,6270716.879999999,1,
770116.03,6270716.879999999,2,
770116.3300000001,6270716.879999999,3,
770116.6300000001,6270716.879999999,6,
770116.93,6270716.879999999,5,
770117.23,6270716.879999999,1,
770120.8300000001,6270716.879999999,2,
770121.1300000001,6270716.879999999,5,
770121.43,6270716.879999999,3,
770121.73,6270716.879999999,3,
770122.03,6270716.879999999,4,
770122.3300000001,6270716.879999999,1,
770122.6300000001,6270716.879999999,1,
770125.6300000001,6270716.879999999,1,
770125.93,6270716.879999999,5,
770126.23,6270716.879999999,4,
770126.53,6270716.879999999,4,
770126.8300000001,6270716.879999999,5,
770127.1300000001,6270716.879999999,1,
770130.73,6270716.879999999,2,
770131.03,6270716.879999999,2,
770131.3300000001,6270716.879999999,3,
770131.6300000001,6270716.879999999,2,
770134.93,6270716.879999999,1,
770135.23,6270716.879999999,3,
770135.53,6270716.879999999,5,
770135.8300000001,6270716.879999999,5,
770136.1300000001,6270716.879999999,2,
770136.43,6270716.879999999,3,
770140.03,6270716.879999999,2,
770140.3300000001,6270716.879999999,4,
770140.6300000001,6270716.879999999,3,
770140.93,6270716.879999999,5,
770141.2300000001,6270716.879999999,4,
770141.53,6270716.879999999,1,
770141.8300000001,6270716.879999999,1,
770145.1300000001,6270716.879999999,5,
770145.43,6270716.879999999,5,
770145.7300000001,6270716.879999999,6,
770146.03,6270716.879999999,3,
770146.3300000001,6270716.879999999,5,
770149.3300000001,6270716.879999999,1,
770149.93,6270716.879999999,3,
770150.2300000001,6270716.879999999,4,
770150.53,6270716.879999999,5,
770150.8300000001,6270716.879999999,3,
770154.43,6270716.879999999,3,
770154.7300000001,6270716.879999999,3,
770155.03,6270716.879999999,4,
770155.3300000001,6270716.879999999,6,
770155.6300000001,6270716.879999999,4,
770155.93,6270716.879999999,1,
770159.2300000001,6270716.879999999,3,
770159.53,6270716.879999999,7,
770159.8300000001,6270716.879999999,2,
770160.1300000001,6270716.879999999,4,
770160.43,6270716.879999999,5,
770160.7300000001,6270716.879999999,1,
770164.03,6270716.879999999,2,
770164.3300000001,6270716.879999999,4,
770164.6300000001,6270716.879999999,4,
770164.93,6270716.879999999,6,
770165.2300000001,6270716.879999999,2,
770165.53,6270716.879999999,4,
770168.8300000001,6270716.879999999,2,
770169.1300000001,6270716.879999999,5,
770169.43,6270716.879999999,2,
770169.7300000001,6270716.879999999,6,
770170.03,6270716.879999999,1,
770170.3300000001,6270716.879999999,1,
770173.3300000001,6270716.879999999,1,
770173.6300000001,6270716.879999999,2,
770173.93,6270716.879999999,3,
770174.2300000001,6270716.879999999,5,
770174.53,6270716.879999999,4,
770174.8300000001,6270716.879999999,5,
770175.1300000001,6270716.879999999,1,
770178.43,6270716.879999999,2,
770178.7300000001,6270716.879999999,4,
770179.03,6270716.879999999,4,
770179.3300000001,6270716.879999999,4,
770182.93,6270716.879999999,1,
770184.1300000001,6270716.879999999,1,
770188.3300000001,6270716.879999999,3,
770188.6300000001,6270716.879999999,3,
770188.93,6270716.879999999,4,
770189.2300000001,6270716.879999999,2,
770192.53,6270716.879999999,2,
770192.8300000001,6270716.879999999,5,
770193.1300000001,6270716.879999999,2,
770110.93,6270717.18,1,
770111.23,6270717.18,5,
770111.53,6270717.18,5,
770111.8300000001,6270717.18,2,
770112.1300000001,6270717.18,3,
770115.43,6270717.18,2,
770115.73,6270717.18,4,
770116.03,6270717.18,3,
770116.3300000001,6270717.18,5,
770116.6300000001,6270717.18,5,
770116.93,6270717.18,1,
770120.23,6270717.18,1,
770120.53,6270717.18,3,
770120.8300000001,6270717.18,6,
770121.1300000001,6270717.18,6,
770121.43,6270717.18,6,
770121.73,6270717.18,3,
770125.3300000001,6270717.18,3,
770125.6300000001,6270717.18,6,
770125.93,6270717.18,5,
770126.23,6270717.18,2,
770126.53,6270717.18,1,
770126.8300000001,6270717.18,1,
770129.53,6270717.18,1,
770129.8300000001,6270717.18,2,
770130.1300000001,6270717.18,3,
770130.43,6270717.18,5,
770130.73,6270717.18,5,
770131.3300000001,6270717.18,1,
770134.6300000001,6270717.18,1,
770134.93,6270717.18,6,
770135.23,6270717.18,4,
770135.53,6270717.18,6,
770135.8300000001,6270717.18,2,
770136.1300000001,6270717.18,1,
770139.43,6270717.18,1,
770139.7300000001,6270717.18,1,
770140.03,6270717.18,5,
770140.3300000001,6270717.18,6,
770140.6300000001,6270717.18,3,
770140.93,6270717.18,4,
770141.2300000001,6270717.18,1,
770144.2300000001,6270717.18,2,
770144.53,6270717.18,2,
770144.8300000001,6270717.18,4,
770145.1300000001,6270717.18,5,
770145.43,6270717.18,4,
770148.7300000001,6270717.18,3,
770149.03,6270717.18,1,
770149.3300000001,6270717.18,6,
770149.6300000001,6270717.18,5,
770149.93,6270717.18,3,
770150.2300000001,6270717.18,5,
770153.8300000001,6270717.18,4,
770154.1300000001,6270717.18,5,
770154.43,6270717.18,5,
770154.7300000001,6270717.18,4,
770155.03,6270717.18,3,
770155.3300000001,6270717.18,4,
770155.6300000001,6270717.18,1,
770158.93,6270717.18,2,
770159.2300000001,6270717.18,5,
770159.53,6270717.18,1,
770159.8300000001,6270717.18,3,
770160.1300000001,6270717.18,3,
770163.7300000001,6270717.18,4,
770164.03,6270717.18,5,
770164.3300000001,6270717.18,4,
770164.6300000001,6270717.18,5,
770164.93,6270717.18,2,
770167.93,6270717.18,1,
770168.2300000001,6270717.18,4,
770168.53,6270717.18,3,
770168.8300000001,6270717.18,4,
770169.1300000001,6270717.18,4,
770169.43,6270717.18,5,
770169.7300000001,6270717.18,2,
770170.03,6270717.18,2,
770173.03,6270717.18,1,
770173.3300000001,6270717.18,1,
770173.6300000001,6270717.18,4,
770173.93,6270717.18,8,
770174.2300000001,6270717.18,3,
770177.8300000001,6270717.18,1,
770178.1300000001,6270717.18,5,
770178.43,6270717.18,2,
770178.7300000001,6270717.18,5,
770179.03,6270717.18,2,
770182.3300000001,6270717.18,2,
770182.6300000001,6270717.18,2,
770182.93,6270717.18,4,
770183.2300000001,6270717.18,2,
770188.3300000001,6270717.18,2,
770191.93,6270717.18,2,
770192.2300000001,6270717.18,3,
770192.53,6270717.18,4,
770192.8300000001,6270717.18,2,
770193.1300000001,6270717.18,1,
770110.03,6270717.48,1,
770110.6300000001,6270717.48,5,
770110.93,6270717.48,7,
770111.23,6270717.48,4,
770111.53,6270717.48,1,
770114.53,6270717.48,2,
770114.8300000001,6270717.48,4,
770115.1300000001,6270717.48,3,
770115.43,6270717.48,3,
770115.73,6270717.48,6,
770116.03,6270717.48,4,
770116.3300000001,6270717.48,1,
770119.3300000001,6270717.48,1,
770119.6300000001,6270717.48,1,
770119.93,6270717.48,4,
770120.23,6270717.48,4,
770120.53,6270717.48,5,
770120.8300000001,6270717.48,4,
770121.1300000001,6270717.48,2,
770121.43,6270717.48,1,
770124.1300000001,6270717.48,2,
770125.03,6270717.48,5,
770125.3300000001,6270717.48,4,
770125.6300000001,6270717.48,3,
770125.93,6270717.48,2,
770128.93,6270717.48,2,
770129.23,6270717.48,2,
770129.53,6270717.48,2,
770129.8300000001,6270717.48,4,
770130.1300000001,6270717.48,4,
770130.43,6270717.48,5,
770130.73,6270717.48,3,
770131.03,6270717.48,1,
770134.03,6270717.48,2,
770134.3300000001,6270717.48,4,
770134.6300000001,6270717.48,6,
770134.93,6270717.48,5,
770135.23,6270717.48,3,
770135.53,6270717.48,5,
770139.1300000001,6270717.48,3,
770139.43,6270717.48,3,
770139.7300000001,6270717.48,5,
770140.03,6270717.48,3,
770140.3300000001,6270717.48,5,
770140.6300000001,6270717.48,2,
770140.93,6270717.48,1,
770143.6300000001,6270717.48,1,
770143.93,6270717.48,2,
770144.2300000001,6270717.48,4,
770144.53,6270717.48,4,
770144.8300000001,6270717.48,4,
770145.1300000001,6270717.48,2,
770145.43,6270717.48,2,
770148.43,6270717.48,4,
770148.7300000001,6270717.48,2,
770149.03,6270717.48,7,
770149.3300000001,6270717.48,5,
770149.6300000001,6270717.48,5,
770149.93,6270717.48,3,
770153.2300000001,6270717.48,2,
770153.53,6270717.48,3,
770153.8300000001,6270717.48,4,
770154.1300000001,6270717.48,3,
770154.43,6270717.48,5,
770154.7300000001,6270717.48,3,
770155.03,6270717.48,3,
770157.7300000001,6270717.48,2,
770158.03,6270717.48,1,
770158.3300000001,6270717.48,3,
770158.6300000001,6270717.48,4,
770158.93,6270717.48,4,
770159.2300000001,6270717.48,6,
770159.53,6270717.48,4,
770159.8300000001,6270717.48,1,
770163.1300000001,6270717.48,5,
770163.43,6270717.48,5,
770163.7300000001,6270717.48,3,
770164.03,6270717.48,3,
770164.3300000001,6270717.48,2,
770164.6300000001,6270717.48,1,
770167.6300000001,6270717.48,3,
770167.93,6270717.48,1,
770168.2300000001,6270717.48,4,
770168.53,6270717.48,3,
770168.8300000001,6270717.48,5,
770169.1300000001,6270717.48,1,
770169.43,6270717.48,2,
770173.03,6270717.48,2,
770173.3300000001,6270717.48,4,
770173.6300000001,6270717.48,4,
770173.93,6270717.48,4,
770177.53,6270717.48,3,
770177.8300000001,6270717.48,7,
770178.1300000001,6270717.48,4,
770178.43,6270717.48,3,
770178.7300000001,6270717.48,3,
770179.03,6270717.48,1,
770182.03,6270717.48,4,
770182.3300000001,6270717.48,5,
770182.6300000001,6270717.48,3,
770182.93,6270717.48,5,
770183.2300000001,6270717.48,2,
770186.8300000001,6270717.48,1,
770187.1300000001,6270717.48,3,
770187.43,6270717.48,3,
770187.7300000001,6270717.48,1,
770188.03,6270717.48,1,
770191.93,6270717.48,3,
770192.2300000001,6270717.48,5,
770192.53,6270717.48,3,
770109.73,6270717.779999999,4,
770110.03,6270717.779999999,2,
770110.6300000001,6270717.779999999,1,
770110.93,6270717.779999999,2,
770114.23,6270717.779999999,3,
770114.53,6270717.779999999,1,
770114.8300000001,6270717.779999999,4,
770115.1300000001,6270717.779999999,4,
770115.43,6270717.779999999,4,
770115.73,6270717.779999999,1,
770119.03,6270717.779999999,4,
770119.3300000001,6270717.779999999,3,
770119.6300000001,6270717.779999999,5,
770119.93,6270717.779999999,4,
770120.23,6270717.779999999,3,
770120.53,6270717.779999999,4,
770120.8300000001,6270717.779999999,1,
770123.8300000001,6270717.779999999,1,
770124.1300000001,6270717.779999999,4,
770124.43,6270717.779999999,2,
770124.73,6270717.779999999,3,
770125.03,6270717.779999999,4,
770125.3300000001,6270717.779999999,8,
770128.93,6270717.779999999,2,
770129.23,6270717.779999999,6,
770129.53,6270717.779999999,7,
770129.8300000001,6270717.779999999,6,
770130.1300000001,6270717.779999999,3,
770130.43,6270717.779999999,1,
770133.43,6270717.779999999,1,
770133.73,6270717.779999999,2,
770134.03,6270717.779999999,5,
770134.3300000001,6270717.779999999,6,
770134.6300000001,6270717.779999999,3,
770135.23,6270717.779999999,2,
770138.53,6270717.779999999,1,
770138.8300000001,6270717.779999999,3,
770139.1300000001,6270717.779999999,4,
770139.43,6270717.779999999,4,
770139.7300000001,6270717.779999999,4,
770140.03,6270717.779999999,2,
770143.3300000001,6270717.779999999,2,
770143.6300000001,6270717.779999999,5,
770143.93,6270717.779999999,4,
770144.2300000001,6270717.779999999,5,
770144.53,6270717.779999999,2,
770144.8300000001,6270717.779999999,2,
770145.1300000001,6270717.779999999,2,
770147.8300000001,6270717.779999999,4,
770148.1300000001,6270717.779999999,3,
770148.43,6270717.779999999,7,
770148.7300000001,6270717.779999999,3,
770149.03,6270717.779999999,3,
770149.3300000001,6270717.779999999,3,
770149.6300000001,6270717.779999999,1,
770152.93,6270717.779999999,4,
770153.2300000001,6270717.779999999,6,
770153.53,6270717.779999999,4,
770153.8300000001,6270717.779999999,4,
770154.1300000001,6270717.779999999,3,
770154.43,6270717.779999999,2,
770157.7300000001,6270717.779999999,1,
770158.03,6270717.779999999,4,
770158.3300000001,6270717.779999999,3,
770158.6300000001,6270717.779999999,4,
770158.93,6270717.779999999,6,
770162.53,6270717.779999999,2,
770162.8300000001,6270717.779999999,5,
770163.43,6270717.779999999,6,
770163.7300000001,6270717.779999999,4,
770164.03,6270717.779999999,1,
770167.3300000001,6270717.779999999,2,
770167.6300000001,6270717.779999999,4,
770167.93,6270717.779999999,6,
770168.2300000001,6270717.779999999,3,
770168.53,6270717.779999999,6,
770168.8300000001,6270717.779999999,1,
770169.1300000001,6270717.779999999,1,
770172.43,6270717.779999999,1,
770172.7300000001,6270717.779999999,3,
770173.03,6270717.779999999,1,
770173.3300000001,6270717.779999999,4,
770176.6300000001,6270717.779999999,1,
770177.2300000001,6270717.779999999,6,
770177.53,6270717.779999999,3,
770177.8300000001,6270717.779999999,5,
770178.1300000001,6270717.779999999,4,
770178.43,6270717.779999999,1,
770181.43,6270717.779999999,2,
770181.7300000001,6270717.779999999,5,
770182.03,6270717.779999999,6,
770182.3300000001,6270717.779999999,5,
770182.6300000001,6270717.779999999,6,
770182.93,6270717.779999999,2,
770186.2300000001,6270717.779999999,1,
770186.53,6270717.779999999,3,
770186.8300000001,6270717.779999999,4,
770187.1300000001,6270717.779999999,5,
770187.43,6270717.779999999,3,
770187.7300000001,6270717.779999999,1,
770109.1300000001,6270718.08,2,
770109.43,6270718.08,3,
770109.73,6270718.08,5,
770110.03,6270718.08,5,
770110.3300000001,6270718.08,2,
770113.6300000001,6270718.08,1,
770113.93,6270718.08,6,
770114.23,6270718.08,2,
770114.53,6270718.08,5,
770114.8300000001,6270718.08,3,
770115.1300000001,6270718.08,7,
770115.43,6270718.08,2,
770115.73,6270718.08,1,
770118.43,6270718.08,1,
770118.73,6270718.08,2,
770119.03,6270718.08,3,
770119.3300000001,6270718.08,5,
770119.6300000001,6270718.08,2,
770119.93,6270718.08,3,
770120.23,6270718.08,3,
770123.53,6270718.08,2,
770123.8300000001,6270718.08,4,
770124.1300000001,6270718.08,3,
770124.43,6270718.08,4,
770124.73,6270718.08,3,
770125.03,6270718.08,7,
770125.3300000001,6270718.08,1,
770128.3300000001,6270718.08,2,
770128.6300000001,6270718.08,1,
770128.93,6270718.08,5,
770129.23,6270718.08,4,
770129.53,6270718.08,3,
770129.8300000001,6270718.08,1,
770133.1300000001,6270718.08,2,
770133.43,6270718.08,5,
770133.73,6270718.08,3,
770134.03,6270718.08,3,
770134.3300000001,6270718.08,4,
770134.6300000001,6270718.08,1,
770134.93,6270718.08,1,
770138.2300000001,6270718.08,3,
770138.53,6270718.08,4,
770138.8300000001,6270718.08,3,
770139.1300000001,6270718.08,4,
770139.43,6270718.08,2,
770143.03,6270718.08,3,
770143.3300000001,6270718.08,6,
770143.93,6270718.08,6,
770144.2300000001,6270718.08,3,
770144.53,6270718.08,1,
770147.2300000001,6270718.08,2,
770147.53,6270718.08,4,
770147.8300000001,6270718.08,3,
770148.1300000001,6270718.08,6,
770148.43,6270718.08,3,
770148.7300000001,6270718.08,3,
770149.03,6270718.08,1,
770152.3300000001,6270718.08,3,
770152.6300000001,6270718.08,2,
770152.93,6270718.08,5,
770153.2300000001,6270718.08,5,
770153.53,6270718.08,3,
770153.8300000001,6270718.08,3,
770157.1300000001,6270718.08,1,
770157.43,6270718.08,4,
770157.7300000001,6270718.08,4,
770158.03,6270718.08,5,
770158.3300000001,6270718.08,5,
770161.93,6270718.08,2,
770162.2300000001,6270718.08,3,
770162.53,6270718.08,3,
770162.8300000001,6270718.08,6,
770163.1300000001,6270718.08,6,
770163.43,6270718.08,1,
770163.7300000001,6270718.08,1,
770166.7300000001,6270718.08,1,
770167.03,6270718.08,2,
770167.3300000001,6270718.08,3,
770167.6300000001,6270718.08,5,
770167.93,6270718.08,6,
770168.2300000001,6270718.08,1,
770171.53,6270718.08,1,
770171.8300000001,6270718.08,3,
770172.1300000001,6270718.08,4,
770172.43,6270718.08,5,
770172.7300000001,6270718.08,2,
770173.03,6270718.08,1,
770176.6300000001,6270718.08,3,
770176.93,6270718.08,3,
770177.2300000001,6270718.08,3,
770177.53,6270718.08,4,
770177.8300000001,6270718.08,2,
770181.1300000001,6270718.08,2,
770181.43,6270718.08,5,
770181.7300000001,6270718.08,6,
770182.03,6270718.08,2,
770182.3300000001,6270718.08,2,
770185.93,6270718.08,1,
770186.2300000001,6270718.08,2,
770186.53,6270718.08,4,
770186.8300000001,6270718.08,5,
770187.1300000001,6270718.08,1,
770109.1300000001,6270718.379999999,4,
770109.43,6270718.379999999,6,
770109.73,6270718.379999999,5,
770110.03,6270718.379999999,4,
770113.6300000001,6270718.379999999,3,
770113.93,6270718.379999999,5,
770114.23,6270718.379999999,5,
770114.53,6270718.379999999,4,
770114.8300000001,6270718.379999999,2,
770117.8300000001,6270718.379999999,1,
770118.43,6270718.379999999,1,
770118.73,6270718.379999999,5,
770119.03,6270718.379999999,5,
770119.3300000001,6270718.379999999,1,
770119.93,6270718.379999999,4,
770122.93,6270718.379999999,2,
770123.23,6270718.379999999,4,
770123.53,6270718.379999999,4,
770123.8300000001,6270718.379999999,2,
770124.1300000001,6270718.379999999,6,
770124.43,6270718.379999999,2,
770125.03,6270718.379999999,1,
770127.73,6270718.379999999,2,
770128.03,6270718.379999999,4,
770128.3300000001,6270718.379999999,7,
770128.6300000001,6270718.379999999,4,
770128.93,6270718.379999999,5,
770129.23,6270718.379999999,5,
770129.53,6270718.379999999,1,
770132.53,6270718.379999999,2,
770132.8300000001,6270718.379999999,2,
770133.1300000001,6270718.379999999,6,
770133.43,6270718.379999999,5,
770133.73,6270718.379999999,3,
770134.03,6270718.379999999,4,
770134.3300000001,6270718.379999999,2,
770137.3300000001,6270718.379999999,1,
770137.6300000001,6270718.379999999,1,
770137.93,6270718.379999999,5,
770138.2300000001,6270718.379999999,5,
770138.53,6270718.379999999,4,
770138.8300000001,6270718.379999999,4,
770142.43,6270718.379999999,2,
770142.7300000001,6270718.379999999,6,
770143.03,6270718.379999999,3,
770143.3300000001,6270718.379999999,6,
770143.6300000001,6270718.379999999,5,
770143.93,6270718.379999999,2,
770146.6300000001,6270718.379999999,1,
770146.93,6270718.379999999,2,
770147.2300000001,6270718.379999999,3,
770147.53,6270718.379999999,4,
770147.8300000001,6270718.379999999,4,
770148.1300000001,6270718.379999999,2,
770148.43,6270718.379999999,3,
770152.03,6270718.379999999,3,
770152.3300000001,6270718.379999999,5,
770152.6300000001,6270718.379999999,4,
770152.93,6270718.379999999,5,
770153.2300000001,6270718.379999999,3,
770153.53,6270718.379999999,1,
770153.8300000001,6270718.379999999,1,
770156.53,6270718.379999999,1,
770156.8300000001,6270718.379999999,1,
770157.1300000001,6270718.379999999,6,
770157.43,6270718.379999999,2,
770157.7300000001,6270718.379999999,7,
770158.03,6270718.379999999,5,
770161.6300000001,6270718.379999999,2,
770161.93,6270718.379999999,4,
770162.2300000001,6270718.379999999,4,
770162.53,6270718.379999999,5,
770162.8300000001,6270718.379999999,3,
770163.1300000001,6270718.379999999,6,
770166.7300000001,6270718.379999999,2,
770167.03,6270718.379999999,6,
770167.3300000001,6270718.379999999,5,
770167.6300000001,6270718.379999999,2,
770171.53,6270718.379999999,1,
770171.8300000001,6270718.379999999,6,
770172.1300000001,6270718.379999999,5,
770172.43,6270718.379999999,2,
770176.03,6270718.379999999,3,
770176.3300000001,6270718.379999999,4,
770176.6300000001,6270718.379999999,4,
770176.93,6270718.379999999,5,
770177.2300000001,6270718.379999999,3,
770177.53,6270718.379999999,1,
770180.53,6270718.379999999,3,
770180.8300000001,6270718.379999999,4,
770181.1300000001,6270718.379999999,2,
770181.43,6270718.379999999,4,
770181.7300000001,6270718.379999999,4,
770185.3300000001,6270718.379999999,1,
770185.6300000001,6270718.379999999,2,
770185.93,6270718.379999999,5,
770186.2300000001,6270718.379999999,1,
770186.53,6270718.379999999,3,
770190.1300000001,6270718.379999999,1,
770108.8300000001,6270718.68,1,
770109.1300000001,6270718.68,5,
770109.43,6270718.68,4,
770109.73,6270718.68,1,
770113.03,6270718.68,2,
770113.3300000001,6270718.68,1,
770113.6300000001,6270718.68,5,
770113.93,6270718.68,4,
770114.23,6270718.68,1,
770117.8300000001,6270718.68,3,
770118.1300000001,6270718.68,3,
770118.43,6270718.68,7,
770118.73,6270718.68,4,
770119.03,6270718.68,4,
770119.3300000001,6270718.68,5,
770122.6300000001,6270718.68,1,
770122.93,6270718.68,4,
770123.23,6270718.68,4,
770123.53,6270718.68,3,
770123.8300000001,6270718.68,5,
770124.1300000001,6270718.68,4,
770124.43,6270718.68,4,
770127.43,6270718.68,3,
770127.73,6270718.68,3,
770128.03,6270718.68,7,
770128.3300000001,6270718.68,2,
770128.6300000001,6270718.68,5,
770128.93,6270718.68,1,
770132.23,6270718.68,1,
770132.53,6270718.68,1,
770132.8300000001,6270718.68,6,
770133.1300000001,6270718.68,7,
770133.43,6270718.68,3,
770133.73,6270718.68,2,
770137.3300000001,6270718.68,3,
770137.6300000001,6270718.68,3,
770137.93,6270718.68,3,
770138.2300000001,6270718.68,6,
770141.8300000001,6270718.68,1,
770142.1300000001,6270718.68,5,
770142.43,6270718.68,6,
770142.7300000001,6270718.68,4,
770143.03,6270718.68,4,
770143.3300000001,6270718.68,2,
770143.6300000001,6270718.68,3,
770146.3300000001,6270718.68,1,
770146.6300000001,6270718.68,3,
770146.93,6270718.68,4,
770147.2300000001,6270718.68,4,
770147.53,6270718.68,2,
770147.8300000001,6270718.68,4,
770148.1300000001,6270718.68,3,
770151.43,6270718.68,1,
770151.7300000001,6270718.68,4,
770152.03,6270718.68,3,
770152.3300000001,6270718.68,4,
770152.6300000001,6270718.68,6,
770156.2300000001,6270718.68,2,
770156.53,6270718.68,2,
770156.8300000001,6270718.68,6,
770157.1300000001,6270718.68,2,
770157.43,6270718.68,6,
770157.7300000001,6270718.68,1,
770160.7300000001,6270718.68,1,
770161.3300000001,6270718.68,4,
770161.6300000001,6270718.68,5,
770161.93,6270718.68,4,
770162.2300000001,6270718.68,6,
770162.53,6270718.68,3,
770162.8300000001,6270718.68,2,
770165.8300000001,6270718.68,1,
770166.1300000001,6270718.68,2,
770166.43,6270718.68,3,
770166.7300000001,6270718.68,7,
770167.03,6270718.68,3,
770167.3300000001,6270718.68,3,
770170.3300000001,6270718.68,1,
770170.6300000001,6270718.68,1,
770170.93,6270718.68,4,
770171.2300000001,6270718.68,4,
770171.53,6270718.68,5,
770171.8300000001,6270718.68,1,
770172.1300000001,6270718.68,1,
770175.43,6270718.68,1,
770175.7300000001,6270718.68,6,
770176.03,6270718.68,5,
770176.3300000001,6270718.68,3,
770176.6300000001,6270718.68,5,
770176.93,6270718.68,2,
770179.6300000001,6270718.68,1,
770179.93,6270718.68,2,
770180.2300000001,6270718.68,3,
770180.53,6270718.68,2,
770180.8300000001,6270718.68,6,
770181.1300000001,6270718.68,5,
770181.43,6270718.68,2,
770184.43,6270718.68,1,
770184.7300000001,6270718.68,1,
770185.03,6270718.68,3,
770185.3300000001,6270718.68,6,
770185.6300000001,6270718.68,6,
770185.93,6270718.68,2,
770190.1300000001,6270718.68,1,
770112.43,6270718.98,3,
770112.73,6270718.98,2,
770113.03,6270718.98,6,
770113.3300000001,6270718.98,4,
770113.6300000001,6270718.98,1,
770117.23,6270718.98,1,
770117.53,6270718.98,5,
770117.8300000001,6270718.98,4,
770118.1300000001,6270718.98,6,
770118.43,6270718.98,3,
770118.73,6270718.98,3,
770122.03,6270718.98,1,
770122.3300000001,6270718.98,5,
770122.6300000001,6270718.98,2,
770122.93,6270718.98,6,
770123.23,6270718.98,4,
770123.53,6270718.98,4,
770123.8300000001,6270718.98,1,
770126.8300000001,6270718.98,3,
770127.1300000001,6270718.98,3,
770127.43,6270718.98,4,
770127.73,6270718.98,4,
770128.03,6270718.98,5,
770128.3300000001,6270718.98,3,
770128.6300000001,6270718.98,1,
770131.6300000001,6270718.98,1,
770131.93,6270718.98,3,
770132.23,6270718.98,3,
770132.53,6270718.98,5,
770132.8300000001,6270718.98,4,
770133.1300000001,6270718.98,1,
770136.7300000001,6270718.98,3,
770137.03,6270718.98,7,
770137.3300000001,6270718.98,4,
770137.6300000001,6270718.98,2,
770137.93,6270718.98,4,
770141.53,6270718.98,3,
770141.8300000001,6270718.98,3,
770142.1300000001,6270718.98,5,
770142.43,6270718.98,5,
770142.7300000001,6270718.98,4,
770143.03,6270718.98,3,
770145.7300000001,6270718.98,1,
770146.03,6270718.98,1,
770146.3300000001,6270718.98,3,
770146.6300000001,6270718.98,5,
770146.93,6270718.98,4,
770147.2300000001,6270718.98,4,
770147.8300000001,6270718.98,1,
770150.8300000001,6270718.98,1,
770151.1300000001,6270718.98,4,
770151.43,6270718.98,4,
770151.7300000001,6270718.98,5,
770152.03,6270718.98,4,
770152.3300000001,6270718.98,3,
770152.6300000001,6270718.98,1,
770155.93,6270718.98,1,
770156.2300000001,6270718.98,5,
770156.53,6270718.98,5,
770156.8300000001,6270718.98,5,
770157.1300000001,6270718.98,4,
770157.43,6270718.98,2,
770160.43,6270718.98,2,
770160.7300000001,6270718.98,1,
770161.03,6270718.98,6,
770161.3300000001,6270718.98,4,
770161.6300000001,6270718.98,4,
770161.93,6270718.98,1,
770162.2300000001,6270718.98,1,
770162.53,6270718.98,1,
770165.2300000001,6270718.98,1,
770165.53,6270718.98,2,
770165.8300000001,6270718.98,4,
770166.1300000001,6270718.98,2,
770166.43,6270718.98,4,
770166.7300000001,6270718.98,2,
770170.3300000001,6270718.98,3,
770170.6300000001,6270718.98,4,
770170.93,6270718.98,5,
770171.2300000001,6270718.98,4,
770175.1300000001,6270718.98,4,
770175.43,6270718.98,4,
770175.7300000001,6270718.98,4,
770176.03,6270718.98,4,
770176.3300000001,6270718.98,4,
770179.6300000001,6270718.98,3,
770179.93,6270718.98,5,
770180.2300000001,6270718.98,6,
770180.53,6270718.98,3,
770180.8300000001,6270718.98,2,
770184.1300000001,6270718.98,1,
770184.43,6270718.98,1,
770184.7300000001,6270718.98,4,
770185.03,6270718.98,4,
770185.3300000001,6270718.98,5,
770185.6300000001,6270718.98,2,
770189.8300000001,6270718.98,1,
770190.1300000001,6270718.98,1,
770193.43,6270718.98,2,
770194.03,6270718.98,1,
770194.3300000001,6270718.98,5,
770194.6300000001,6270718.98,1,
770112.43,6270719.279999999,4,
770112.73,6270719.279999999,5,
770113.03,6270719.279999999,1,
770113.3300000001,6270719.279999999,4,
770113.6300000001,6270719.279999999,2,
770113.93,6270719.279999999,1,
770116.93,6270719.279999999,1,
770117.23,6270719.279999999,5,
770117.53,6270719.279999999,3,
770117.8300000001,6270719.279999999,4,
770121.73,6270719.279999999,3,
770122.03,6270719.279999999,2,
770122.3300000001,6270719.279999999,6,
770122.6300000001,6270719.279999999,4,
770122.93,6270719.279999999,3,
770126.53,6270719.279999999,1,
770126.8300000001,6270719.279999999,7,
770127.1300000001,6270719.279999999,5,
770127.43,6270719.279999999,4,
770127.73,6270719.279999999,4,
770128.03,6270719.279999999,2,
770130.73,6270719.279999999,1,
770131.03,6270719.279999999,2,
770131.3300000001,6270719.279999999,3,
770131.6300000001,6270719.279999999,4,
770131.93,6270719.279999999,5,
770132.23,6270719.279999999,5,
770132.53,6270719.279999999,5,
770132.8300000001,6270719.279999999,2,
770135.8300000001,6270719.279999999,1,
770136.1300000001,6270719.279999999,4,
770136.43,6270719.279999999,3,
770136.7300000001,6270719.279999999,7,
770137.03,6270719.279999999,4,
770137.3300000001,6270719.279999999,4,
770137.6300000001,6270719.279999999,3,
770140.93,6270719.279999999,2,
770141.2300000001,6270719.279999999,5,
770141.53,6270719.279999999,4,
770141.8300000001,6270719.279999999,5,
770142.1300000001,6270719.279999999,3,
770142.43,6270719.279999999,2,
770145.43,6270719.279999999,4,
770145.7300000001,6270719.279999999,2,
770146.03,6270719.279999999,7,
770146.3300000001,6270719.279999999,4,
770146.6300000001,6270719.279999999,3,
770146.93,6270719.279999999,5,
770150.2300000001,6270719.279999999,1,
770150.53,6270719.279999999,1,
770150.8300000001,6270719.279999999,5,
770151.1300000001,6270719.279999999,6,
770151.43,6270719.279999999,5,
770151.7300000001,6270719.279999999,3,
770155.03,6270719.279999999,1,
770155.6300000001,6270719.279999999,2,
770155.93,6270719.279999999,6,
770156.2300000001,6270719.279999999,4,
770156.53,6270719.279999999,6,
770159.8300000001,6270719.279999999,2,
770160.1300000001,6270719.279999999,2,
770160.43,6270719.279999999,4,
770160.7300000001,6270719.279999999,4,
770161.03,6270719.279999999,4,
770161.3300000001,6270719.279999999,6,
770161.6300000001,6270719.279999999,1,
770164.93,6270719.279999999,3,
770165.2300000001,6270719.279999999,3,
770165.53,6270719.279999999,6,
770165.8300000001,6270719.279999999,5,
770166.1300000001,6270719.279999999,3,
770169.7300000001,6270719.279999999,2,
770170.03,6270719.279999999,2,
770170.3300000001,6270719.279999999,6,
770170.6300000001,6270719.279999999,4,
770170.93,6270719.279999999,1,
770174.8300000001,6270719.279999999,1,
770175.1300000001,6270719.279999999,3,
770175.43,6270719.279999999,4,
770175.7300000001,6270719.279999999,4,
770176.03,6270719.279999999,1,
770179.6300000001,6270719.279999999,4,
770179.93,6270719.279999999,5,
770180.2300000001,6270719.279999999,3,
770180.53,6270719.279999999,3,
770184.1300000001,6270719.279999999,5,
770184.43,6270719.279999999,5,
770184.7300000001,6270719.279999999,4,
770185.03,6270719.279999999,5,
770185.3300000001,6270719.279999999,1,
770188.93,6270719.279999999,1,
770193.43,6270719.279999999,2,
770193.7300000001,6270719.279999999,5,
770194.03,6270719.279999999,4,
770194.3300000001,6270719.279999999,3,
770194.6300000001,6270719.279999999,6,
770106.43,6270719.58,2,
770106.73,6270719.58,1,
770107.03,6270719.58,1,
770111.53,6270719.58,1,
770111.8300000001,6270719.58,3,
770112.1300000001,6270719.58,5,
770112.43,6270719.58,5,
770112.73,6270719.58,1,
770116.3300000001,6270719.58,1,
770116.6300000001,6270719.58,4,
770116.93,6270719.58,4,
770117.23,6270719.58,6,
770117.53,6270719.58,2,
770117.8300000001,6270719.58,1,
770121.1300000001,6270719.58,2,
770121.43,6270719.58,3,
770121.73,6270719.58,5,
770122.03,6270719.58,4,
770122.3300000001,6270719.58,2,
770125.93,6270719.58,1,
770126.23,6270719.58,6,
770126.53,6270719.58,3,
770126.8300000001,6270719.58,3,
770127.1300000001,6270719.58,3,
770127.43,6270719.58,2,
770130.43,6270719.58,1,
770130.73,6270719.58,3,
770131.03,6270719.58,3,
770131.3300000001,6270719.58,6,
770131.6300000001,6270719.58,4,
770131.93,6270719.58,5,
770132.53,6270719.58,1,
770135.53,6270719.58,2,
770135.8300000001,6270719.58,6,
770136.1300000001,6270719.58,6,
770136.43,6270719.58,3,
770136.7300000001,6270719.58,4,
770137.03,6270719.58,4,
770140.3300000001,6270719.58,1,
770140.6300000001,6270719.58,2,
770140.93,6270719.58,6,
770141.2300000001,6270719.58,2,
770141.53,6270719.58,6,
770141.8300000001,6270719.58,2,
770145.1300000001,6270719.58,3,
770145.43,6270719.58,4,
770145.7300000001,6270719.58,5,
770146.03,6270719.58,1,
770146.3300000001,6270719.58,1,
770149.93,6270719.58,2,
770150.2300000001,6270719.58,5,
770150.53,6270719.58,4,
770150.8300000001,6270719.58,4,
770151.1300000001,6270719.58,6,
770151.43,6270719.58,2,
770154.43,6270719.58,1,
770154.7300000001,6270719.58,3,
770155.03,6270719.58,3,
770155.3300000001,6270719.58,5,
770155.6300000001,6270719.58,5,
770155.93,6270719.58,4,
770156.2300000001,6270719.58,3,
770159.8300000001,6270719.58,5,
770160.1300000001,6270719.58,5,
770160.43,6270719.58,4,
770160.7300000001,6270719.58,5,
770161.03,6270719.58,2,
770161.3300000001,6270719.58,1,
770164.03,6270719.58,1,
770164.3300000001,6270719.58,2,
770164.6300000001,6270719.58,4,
770164.93,6270719.58,4,
770165.2300000001,6270719.58,6,
770165.53,6270719.58,3,
770165.8300000001,6270719.58,1,
770169.1300000001,6270719.58,1,
770169.43,6270719.58,1,
770169.7300000001,6270719.58,3,
770170.03,6270719.58,3,
770170.3300000001,6270719.58,3,
770178.43,6270719.58,1,
770178.7300000001,6270719.58,1,
770179.3300000001,6270719.58,1,
770183.53,6270719.58,2,
770183.8300000001,6270719.58,4,
770184.1300000001,6270719.58,2,
770184.43,6270719.58,4,
770184.7300000001,6270719.58,1,
770193.1300000001,6270719.58,1,
770193.43,6270719.58,3,
770193.7300000001,6270719.58,5,
770194.03,6270719.58,1,
770194.3300000001,6270719.58,2,
770194.6300000001,6270719.58,2,
770106.43,6270719.879999999,1,
770106.73,6270719.879999999,1,
770107.03,6270719.879999999,5,
770107.3300000001,6270719.879999999,1,
770111.53,6270719.879999999,4,
770111.8300000001,6270719.879999999,5,
770112.1300000001,6270719.879999999,3,
770112.43,6270719.879999999,2,
770112.73,6270719.879999999,2,
770116.03,6270719.879999999,1,
770116.3300000001,6270719.879999999,5,
770116.6300000001,6270719.879999999,5,
770116.93,6270719.879999999,5,
770117.23,6270719.879999999,3,
770117.53,6270719.879999999,1,
770120.8300000001,6270719.879999999,3,
770121.43,6270719.879999999,5,
770121.73,6270719.879999999,3,
770122.03,6270719.879999999,3,
770125.3300000001,6270719.879999999,1,
770125.6300000001,6270719.879999999,2,
770125.93,6270719.879999999,7,
770126.23,6270719.879999999,4,
770126.53,6270719.879999999,4,
770126.8300000001,6270719.879999999,3,
770127.1300000001,6270719.879999999,2,
770130.1300000001,6270719.879999999,4,
770130.43,6270719.879999999,3,
770130.73,6270719.879999999,4,
770131.03,6270719.879999999,3,
770131.3300000001,6270719.879999999,7,
770131.6300000001,6270719.879999999,2,
770131.93,6270719.879999999,1,
770135.23,6270719.879999999,3,
770135.53,6270719.879999999,3,
770135.8300000001,6270719.879999999,3,
770136.1300000001,6270719.879999999,3,
770136.43,6270719.879999999,1,
770136.7300000001,6270719.879999999,2,
770140.03,6270719.879999999,3,
770140.3300000001,6270719.879999999,4,
770140.6300000001,6270719.879999999,5,
770140.93,6270719.879999999,3,
770141.2300000001,6270719.879999999,5,
770144.2300000001,6270719.879999999,1,
770144.53,6270719.879999999,2,
770144.8300000001,6270719.879999999,6,
770145.1300000001,6270719.879999999,3,
770145.43,6270719.879999999,4,
770145.7300000001,6270719.879999999,6,
770146.3300000001,6270719.879999999,1,
770149.03,6270719.879999999,1,
770149.3300000001,6270719.879999999,2,
770149.6300000001,6270719.879999999,2,
770149.93,6270719.879999999,5,
770150.2300000001,6270719.879999999,1,
770150.53,6270719.879999999,5,
770150.8300000001,6270719.879999999,6,
770151.1300000001,6270719.879999999,1,
770154.1300000001,6270719.879999999,2,
770154.43,6270719.879999999,3,
770154.7300000001,6270719.879999999,4,
770155.03,6270719.879999999,4,
770155.3300000001,6270719.879999999,6,
770155.6300000001,6270719.879999999,3,
770155.93,6270719.879999999,5,
770156.2300000001,6270719.879999999,1,
770159.2300000001,6270719.879999999,3,
770159.53,6270719.879999999,2,
770159.8300000001,6270719.879999999,6,
770160.1300000001,6270719.879999999,5,
770160.43,6270719.879999999,1,
770163.7300000001,6270719.879999999,1,
770164.03,6270719.879999999,1,
770164.3300000001,6270719.879999999,5,
770164.6300000001,6270719.879999999,5,
770164.93,6270719.879999999,1,
770165.2300000001,6270719.879999999,3,
770165.53,6270719.879999999,2,
770168.53,6270719.879999999,1,
770168.8300000001,6270719.879999999,2,
770169.1300000001,6270719.879999999,5,
770169.43,6270719.879999999,4,
770169.7300000001,6270719.879999999,4,
770170.03,6270719.879999999,2,
770173.6300000001,6270719.879999999,3,
770173.93,6270719.879999999,3,
770178.1300000001,6270719.879999999,2,
770178.43,6270719.879999999,4,
770178.7300000001,6270719.879999999,2,
770182.93,6270719.879999999,3,
770183.2300000001,6270719.879999999,4,
770183.53,6270719.879999999,4,
770183.8300000001,6270719.879999999,4,
770184.43,6270719.879999999,1,
770187.7300000001,6270719.879999999,1,
770188.03,6270719.879999999,2,
770193.1300000001,6270719.879999999,3,
770193.43,6270719.879999999,3,
770106.1300000001,6270720.18,4,
770106.43,6270720.18,3,
770106.73,6270720.18,6,
770107.03,6270720.18,3,
770107.3300000001,6270720.18,2,
770110.3300000001,6270720.18,1,
770110.6300000001,6270720.18,1,
770110.93,6270720.18,1,
770111.53,6270720.18,3,
770111.8300000001,6270720.18,1,
770115.1300000001,6270720.18,2,
770115.43,6270720.18,2,
770115.73,6270720.18,5,
770116.03,6270720.18,6,
770116.3300000001,6270720.18,3,
770116.6300000001,6270720.18,2,
770116.93,6270720.18,1,
770120.53,6270720.18,3,
770120.8300000001,6270720.18,6,
770121.1300000001,6270720.18,7,
770121.73,6270720.18,2,
770125.03,6270720.18,1,
770125.3300000001,6270720.18,3,
770125.6300000001,6270720.18,4,
770125.93,6270720.18,4,
770126.23,6270720.18,5,
770126.53,6270720.18,1,
770129.53,6270720.18,2,
770129.8300000001,6270720.18,6,
770130.1300000001,6270720.18,4,
770130.43,6270720.18,6,
770130.73,6270720.18,5,
770131.03,6270720.18,5,
770131.3300000001,6270720.18,2,
770131.6300000001,6270720.18,1,
770134.6300000001,6270720.18,2,
770134.93,6270720.18,4,
770135.23,6270720.18,5,
770135.53,6270720.18,3,
770135.8300000001,6270720.18,5,
770136.1300000001,6270720.18,2,
770136.43,6270720.18,1,
770139.43,6270720.18,1,
770139.7300000001,6270720.18,4,
770140.03,6270720.18,4,
770140.3300000001,6270720.18,3,
770140.6300000001,6270720.18,4,
770140.93,6270720.18,1,
770143.6300000001,6270720.18,1,
770143.93,6270720.18,1,
770144.2300000001,6270720.18,6,
770144.53,6270720.18,3,
770144.8300000001,6270720.18,5,
770145.1300000001,6270720.18,3,
770145.43,6270720.18,4,
770148.7300000001,6270720.18,1,
770149.03,6270720.18,2,
770149.3300000001,6270720.18,5,
770149.6300000001,6270720.18,5,
770149.93,6270720.18,4,
770150.2300000001,6270720.18,4,
770150.53,6270720.18,2,
770153.8300000001,6270720.18,2,
770154.1300000001,6270720.18,2,
770154.43,6270720.18,5,
770154.7300000001,6270720.18,4,
770155.03,6270720.18,5,
770155.3300000001,6270720.18,3,
770158.6300000001,6270720.18,2,
770158.93,6270720.18,3,
770159.2300000001,6270720.18,4,
770159.53,6270720.18,6,
770159.8300000001,6270720.18,5,
770163.1300000001,6270720.18,1,
770163.43,6270720.18,2,
770163.7300000001,6270720.18,2,
770164.03,6270720.18,4,
770164.3300000001,6270720.18,3,
770164.6300000001,6270720.18,2,
770164.93,6270720.18,3,
770168.2300000001,6270720.18,2,
770168.53,6270720.18,2,
770168.8300000001,6270720.18,6,
770169.1300000001,6270720.18,3,
770169.43,6270720.18,2,
770173.03,6270720.18,1,
770173.3300000001,6270720.18,3,
770173.6300000001,6270720.18,4,
770173.93,6270720.18,4,
770177.53,6270720.18,2,
770177.8300000001,6270720.18,4,
770178.1300000001,6270720.18,2,
770178.43,6270720.18,6,
770178.7300000001,6270720.18,3,
770181.7300000001,6270720.18,1,
770182.3300000001,6270720.18,1,
770182.6300000001,6270720.18,4,
770182.93,6270720.18,4,
770183.2300000001,6270720.18,2,
770183.53,6270720.18,1,
770187.7300000001,6270720.18,2,
770188.03,6270720.18,3,
770192.8300000001,6270720.18,1,
770193.1300000001,6270720.18,2,
770105.8300000001,6270720.48,4,
770106.1300000001,6270720.48,4,
770106.43,6270720.48,5,
770106.73,6270720.48,4,
770110.3300000001,6270720.48,2,
770110.6300000001,6270720.48,3,
770110.93,6270720.48,6,
770114.53,6270720.48,1,
770114.8300000001,6270720.48,1,
770115.1300000001,6270720.48,2,
770115.43,6270720.48,5,
770115.73,6270720.48,5,
770116.03,6270720.48,4,
770116.3300000001,6270720.48,2,
770116.6300000001,6270720.48,1,
770119.6300000001,6270720.48,1,
770119.93,6270720.48,3,
770120.23,6270720.48,5,
770120.53,6270720.48,5,
770120.8300000001,6270720.48,5,
770121.1300000001,6270720.48,1,
770124.43,6270720.48,1,
770124.73,6270720.48,4,
770125.03,6270720.48,4,
770125.3300000001,6270720.48,4,
770125.6300000001,6270720.48,6,
770125.93,6270720.48,3,
770129.23,6270720.48,4,
770129.53,6270720.48,1,
770129.8300000001,6270720.48,6,
770130.1300000001,6270720.48,4,
770130.43,6270720.48,3,
770134.03,6270720.48,1,
770134.3300000001,6270720.48,3,
770134.6300000001,6270720.48,5,
770134.93,6270720.48,5,
770135.23,6270720.48,3,
770135.53,6270720.48,6,
770135.8300000001,6270720.48,2,
770138.8300000001,6270720.48,2,
770139.1300000001,6270720.48,1,
770139.43,6270720.48,5,
770139.7300000001,6270720.48,3,
770140.03,6270720.48,6,
770140.3300000001,6270720.48,2,
770143.3300000001,6270720.48,2,
770143.6300000001,6270720.48,1,
770143.93,6270720.48,3,
770144.2300000001,6270720.48,5,
770144.53,6270720.48,5,
770144.8300000001,6270720.48,3,
770145.1300000001,6270720.48,1,
770148.43,6270720.48,1,
770148.7300000001,6270720.48,7,
770149.03,6270720.48,3,
770149.3300000001,6270720.48,2,
770149.6300000001,6270720.48,6,
770149.93,6270720.48,2,
770150.2300000001,6270720.48,1,
770153.53,6270720.48,1,
770153.8300000001,6270720.48,7,
770154.1300000001,6270720.48,4,
770154.43,6270720.48,5,
770154.7300000001,6270720.48,6,
770158.3300000001,6270720.48,1,
770158.6300000001,6270720.48,6,
770158.93,6270720.48,4,
770159.2300000001,6270720.48,5,
770162.53,6270720.48,1,
770162.8300000001,6270720.48,1,
770163.1300000001,6270720.48,1,
770163.43,6270720.48,6,
770163.7300000001,6270720.48,2,
770164.03,6270720.48,1,
770167.6300000001,6270720.48,2,
770167.93,6270720.48,1,
770168.2300000001,6270720.48,5,
770168.53,6270720.48,4,
770172.43,6270720.48,1,
770172.7300000001,6270720.48,3,
770173.03,6270720.48,6,
770173.3300000001,6270720.48,5,
770173.6300000001,6270720.48,2,
770173.93,6270720.48,5,
770174.2300000001,6270720.48,1,
770176.93,6270720.48,1,
770177.2300000001,6270720.48,1,
770177.53,6270720.48,5,
770177.8300000001,6270720.48,4,
770178.1300000001,6270720.48,5,
770178.43,6270720.48,2,
770181.43,6270720.48,1,
770181.7300000001,6270720.48,1,
770182.03,6270720.48,2,
770182.3300000001,6270720.48,6,
770182.6300000001,6270720.48,4,
770182.93,6270720.48,4,
770191.93,6270720.48,1,
770105.8300000001,6270720.779999999,6,
770106.1300000001,6270720.779999999,2,
770106.43,6270720.779999999,2,
770109.43,6270720.779999999,1,
770109.73,6270720.779999999,3,
770110.03,6270720.779999999,4,
770110.3300000001,6270720.779999999,5,
770110.6300000001,6270720.779999999,6,
770111.23,6270720.779999999,1,
770114.23,6270720.779999999,1,
770114.53,6270720.779999999,3,
770114.8300000001,6270720.779999999,6,
770115.1300000001,6270720.779999999,2,
770115.43,6270720.779999999,4,
770115.73,6270720.779999999,3,
770116.03,6270720.779999999,6,
770119.6300000001,6270720.779999999,5,
770119.93,6270720.779999999,3,
770120.23,6270720.779999999,5,
770120.53,6270720.779999999,5,
770120.8300000001,6270720.779999999,1,
770124.1300000001,6270720.779999999,4,
770124.43,6270720.779999999,4,
770124.73,6270720.779999999,6,
770125.03,6270720.779999999,3,
770125.3300000001,6270720.779999999,4,
770125.6300000001,6270720.779999999,1,
770128.6300000001,6270720.779999999,3,
770128.93,6270720.779999999,5,
770129.23,6270720.779999999,2,
770129.53,6270720.779999999,6,
770129.8300000001,6270720.779999999,4,
770130.1300000001,6270720.779999999,4,
770130.43,6270720.779999999,1,
770133.73,6270720.779999999,2,
770134.03,6270720.779999999,4,
770134.3300000001,6270720.779999999,2,
770134.6300000001,6270720.779999999,4,
770134.93,6270720.779999999,5,
770135.23,6270720.779999999,4,
770138.2300000001,6270720.779999999,2,
770138.53,6270720.779999999,3,
770138.8300000001,6270720.779999999,5,
770139.1300000001,6270720.779999999,3,
770139.43,6270720.779999999,4,
770139.7300000001,6270720.779999999,2,
770142.7300000001,6270720.779999999,2,
770143.03,6270720.779999999,2,
770143.3300000001,6270720.779999999,4,
770143.6300000001,6270720.779999999,5,
770143.93,6270720.779999999,4,
770144.2300000001,6270720.779999999,3,
770144.53,6270720.779999999,1,
770148.1300000001,6270720.779999999,4,
770148.43,6270720.779999999,5,
770148.7300000001,6270720.779999999,4,
770149.03,6270720.779999999,2,
770149.3300000001,6270720.779999999,6,
770149.6300000001,6270720.779999999,1,
770152.93,6270720.779999999,1,
770153.2300000001,6270720.779999999,2,
770153.53,6270720.779999999,5,
770153.8300000001,6270720.779999999,4,
770154.1300000001,6270720.779999999,2,
770154.43,6270720.779999999,2,
770157.7300000001,6270720.779999999,2,
770158.03,6270720.779999999,5,
770158.3300000001,6270720.779999999,4,
770158.6300000001,6270720.779999999,5,
770158.93,6270720.779999999,5,
770159.2300000001,6270720.779999999,1,
770162.53,6270720.779999999,4,
770162.8300000001,6270720.779999999,6,
770163.1300000001,6270720.779999999,4,
770163.43,6270720.779999999,5,
770163.7300000001,6270720.779999999,4,
770167.03,6270720.779999999,3,
770167.3300000001,6270720.779999999,2,
770167.6300000001,6270720.779999999,4,
770167.93,6270720.779999999,3,
770168.2300000001,6270720.779999999,4,
770168.8300000001,6270720.779999999,2,
770172.1300000001,6270720.779999999,2,
770172.43,6270720.779999999,4,
770172.7300000001,6270720.779999999,5,
770173.03,6270720.779999999,5,
770173.3300000001,6270720.779999999,4,
770176.6300000001,6270720.779999999,2,
770176.93,6270720.779999999,5,
770177.2300000001,6270720.779999999,5,
770177.53,6270720.779999999,4,
770177.8300000001,6270720.779999999,4,
770181.43,6270720.779999999,2,
770181.7300000001,6270720.779999999,4,
770182.03,6270720.779999999,6,
770182.3300000001,6270720.779999999,6,
770182.6300000001,6270720.779999999,4,
770182.93,6270720.779999999,1,
770191.6300000001,6270720.779999999,1,
770192.2300000001,6270720.779999999,1,
770195.53,6270720.779999999,1,
770195.8300000001,6270720.779999999,2,
770196.1300000001,6270720.779999999,2,
770109.1300000001,6270721.08,1,
770109.43,6270721.08,5,
770109.73,6270721.08,4,
770110.03,6270721.08,4,
770110.3300000001,6270721.08,5,
770110.6300000001,6270721.08,2,
770114.23,6270721.08,4,
770114.53,6270721.08,5,
770114.8300000001,6270721.08,5,
770115.1300000001,6270721.08,2,
770115.43,6270721.08,1,
770115.73,6270721.08,1,
770119.6300000001,6270721.08,5,
770119.93,6270721.08,2,
770120.23,6270721.08,2,
770120.53,6270721.08,2,
770123.23,6270721.08,1,
770123.53,6270721.08,2,
770123.8300000001,6270721.08,3,
770124.1300000001,6270721.08,3,
770124.43,6270721.08,7,
770124.73,6270721.08,2,
770125.03,6270721.08,2,
770128.3300000001,6270721.08,2,
770128.6300000001,6270721.08,4,
770128.93,6270721.08,5,
770129.23,6270721.08,3,
770129.53,6270721.08,4,
770133.43,6270721.08,2,
770133.73,6270721.08,7,
770134.03,6270721.08,4,
770134.3300000001,6270721.08,1,
770134.6300000001,6270721.08,4,
770137.93,6270721.08,2,
770138.2300000001,6270721.08,2,
770138.53,6270721.08,5,
770138.8300000001,6270721.08,6,
770139.1300000001,6270721.08,5,
770142.1300000001,6270721.08,1,
770142.43,6270721.08,1,
770142.7300000001,6270721.08,4,
770143.03,6270721.08,4,
770143.3300000001,6270721.08,5,
770143.6300000001,6270721.08,6,
770143.93,6270721.08,3,
770144.2300000001,6270721.08,1,
770147.53,6270721.08,1,
770147.8300000001,6270721.08,3,
770148.1300000001,6270721.08,4,
770148.43,6270721.08,4,
770148.7300000001,6270721.08,5,
770149.03,6270721.08,3,
770152.03,6270721.08,1,
770152.3300000001,6270721.08,2,
770152.6300000001,6270721.08,2,
770152.93,6270721.08,6,
770153.2300000001,6270721.08,5,
770153.53,6270721.08,4,
770153.8300000001,6270721.08,1,
770154.1300000001,6270721.08,1,
770157.1300000001,6270721.08,3,
770157.43,6270721.08,5,
770157.7300000001,6270721.08,4,
770158.03,6270721.08,4,
770158.3300000001,6270721.08,5,
770158.6300000001,6270721.08,3,
770161.93,6270721.08,1,
770162.2300000001,6270721.08,4,
770162.53,6270721.08,4,
770162.8300000001,6270721.08,5,
770163.1300000001,6270721.08,3,
770166.7300000001,6270721.08,1,
770167.03,6270721.08,1,
770167.3300000001,6270721.08,5,
770167.6300000001,6270721.08,6,
770167.93,6270721.08,4,
770168.2300000001,6270721.08,1,
770171.8300000001,6270721.08,4,
770172.43,6270721.08,8,
770172.7300000001,6270721.08,2,
770173.03,6270721.08,1,
770176.03,6270721.08,1,
770176.3300000001,6270721.08,2,
770176.6300000001,6270721.08,2,
770176.93,6270721.08,5,
770177.2300000001,6270721.08,6,
770180.8300000001,6270721.08,1,
770181.1300000001,6270721.08,5,
770181.43,6270721.08,7,
770181.7300000001,6270721.08,3,
770182.03,6270721.08,5,
770185.93,6270721.08,3,
770186.2300000001,6270721.08,2,
770190.7300000001,6270721.08,1,
770191.03,6270721.08,3,
770191.3300000001,6270721.08,1,
770191.6300000001,6270721.08,1,
770195.2300000001,6270721.08,1,
770195.53,6270721.08,6,
770195.8300000001,6270721.08,4,
770196.1300000001,6270721.08,2,
770108.8300000001,6270721.379999999,3,
770109.1300000001,6270721.379999999,1,
770109.43,6270721.379999999,4,
770109.73,6270721.379999999,4,
770110.03,6270721.379999999,1,
770113.6300000001,6270721.379999999,2,
770113.93,6270721.379999999,4,
770114.23,6270721.379999999,3,
770114.53,6270721.379999999,4,
770114.8300000001,6270721.379999999,3,
770115.1300000001,6270721.379999999,2,
770119.6300000001,6270721.379999999,2,
770119.93,6270721.379999999,1,
770122.93,6270721.379999999,2,
770123.23,6270721.379999999,4,
770123.53,6270721.379999999,3,
770123.8300000001,6270721.379999999,6,
770124.1300000001,6270721.379999999,4,
770124.43,6270721.379999999,2,
770128.03,6270721.379999999,1,
770128.3300000001,6270721.379999999,6,
770128.6300000001,6270721.379999999,6,
770128.93,6270721.379999999,3,
770129.23,6270721.379999999,3,
770133.73,6270721.379999999,4,
770134.03,6270721.379999999,1,
770137.93,6270721.379999999,1,
770138.2300000001,6270721.379999999,2,
770138.53,6270721.379999999,5,
770138.8300000001,6270721.379999999,4,
770139.1300000001,6270721.379999999,1,
770142.1300000001,6270721.379999999,3,
770142.43,6270721.379999999,4,
770142.7300000001,6270721.379999999,4,
770143.03,6270721.379999999,7,
770143.3300000001,6270721.379999999,5,
770146.6300000001,6270721.379999999,1,
770146.93,6270721.379999999,1,
770147.2300000001,6270721.379999999,2,
770147.53,6270721.379999999,6,
770147.8300000001,6270721.379999999,3,
770148.1300000001,6270721.379999999,5,
770148.43,6270721.379999999,2,
770151.43,6270721.379999999,1,
770151.7300000001,6270721.379999999,2,
770152.03,6270721.379999999,4,
770152.3300000001,6270721.379999999,4,
770152.6300000001,6270721.379999999,4,
770152.93,6270721.379999999,4,
770153.2300000001,6270721.379999999,1,
770156.53,6270721.379999999,1,
770156.8300000001,6270721.379999999,2,
770157.1300000001,6270721.379999999,3,
770157.43,6270721.379999999,4,
770157.7300000001,6270721.379999999,5,
770158.03,6270721.379999999,5,
770158.3300000001,6270721.379999999,1,
770158.6300000001,6270721.379999999,2,
770161.93,6270721.379999999,5,
770162.2300000001,6270721.379999999,5,
770162.53,6270721.379999999,5,
770162.8300000001,6270721.379999999,2,
770166.1300000001,6270721.379999999,2,
770166.43,6270721.379999999,4,
770166.7300000001,6270721.379999999,3,
770167.03,6270721.379999999,5,
770167.3300000001,6270721.379999999,4,
770167.6300000001,6270721.379999999,1,
770170.93,6270721.379999999,1,
770171.2300000001,6270721.379999999,3,
770171.53,6270721.379999999,6,
770171.8300000001,6270721.379999999,2,
770172.1300000001,6270721.379999999,4,
770172.43,6270721.379999999,1,
770175.7300000001,6270721.379999999,2,
770176.03,6270721.379999999,5,
770176.3300000001,6270721.379999999,5,
770176.6300000001,6270721.379999999,6,
770176.93,6270721.379999999,3,
770180.53,6270721.379999999,1,
770180.8300000001,6270721.379999999,5,
770181.1300000001,6270721.379999999,5,
770181.43,6270721.379999999,3,
770181.7300000001,6270721.379999999,3,
770190.7300000001,6270721.379999999,2,
770191.03,6270721.379999999,1,
770191.3300000001,6270721.379999999,1,
770194.93,6270721.379999999,1,
770195.2300000001,6270721.379999999,7,
770195.53,6270721.379999999,3,
770195.8300000001,6270721.379999999,3,
770108.23,6270721.68,2,
770108.53,6270721.68,3,
770108.8300000001,6270721.68,5,
770109.1300000001,6270721.68,4,
770109.43,6270721.68,3,
770113.3300000001,6270721.68,2,
770113.6300000001,6270721.68,3,
770113.93,6270721.68,3,
770114.23,6270721.68,1,
770114.53,6270721.68,1,
770117.8300000001,6270721.68,3,
770118.1300000001,6270721.68,2,
770118.43,6270721.68,5,
770118.73,6270721.68,3,
770122.6300000001,6270721.68,3,
770122.93,6270721.68,5,
770123.23,6270721.68,5,
770123.53,6270721.68,7,
770123.8300000001,6270721.68,5,
770124.1300000001,6270721.68,1,
770127.73,6270721.68,2,
770128.03,6270721.68,5,
770128.3300000001,6270721.68,3,
770128.6300000001,6270721.68,4,
770137.3300000001,6270721.68,2,
770137.6300000001,6270721.68,4,
770137.93,6270721.68,1,
770138.53,6270721.68,1,
770141.8300000001,6270721.68,5,
770142.1300000001,6270721.68,1,
770142.43,6270721.68,5,
770142.7300000001,6270721.68,4,
770146.03,6270721.68,1,
770146.3300000001,6270721.68,1,
770146.6300000001,6270721.68,2,
770146.93,6270721.68,5,
770147.2300000001,6270721.68,3,
770147.8300000001,6270721.68,1,
770151.1300000001,6270721.68,1,
770151.43,6270721.68,4,
770151.7300000001,6270721.68,5,
770152.03,6270721.68,5,
770152.3300000001,6270721.68,4,
770152.6300000001,6270721.68,3,
770152.93,6270721.68,1,
770156.2300000001,6270721.68,3,
770156.53,6270721.68,3,
770156.8300000001,6270721.68,4,
770157.1300000001,6270721.68,5,
770157.43,6270721.68,4,
770157.7300000001,6270721.68,2,
770160.7300000001,6270721.68,1,
770161.6300000001,6270721.68,1,
770161.93,6270721.68,7,
770162.2300000001,6270721.68,1,
770162.53,6270721.68,1,
770165.8300000001,6270721.68,1,
770166.1300000001,6270721.68,3,
770166.43,6270721.68,5,
770166.7300000001,6270721.68,5,
770167.03,6270721.68,3,
770167.3300000001,6270721.68,3,
770170.93,6270721.68,5,
770171.2300000001,6270721.68,5,
770171.53,6270721.68,3,
770171.8300000001,6270721.68,4,
770172.1300000001,6270721.68,1,
770175.1300000001,6270721.68,1,
770175.43,6270721.68,3,
770175.7300000001,6270721.68,1,
770176.03,6270721.68,2,
770176.3300000001,6270721.68,6,
770179.93,6270721.68,2,
770180.2300000001,6270721.68,2,
770180.53,6270721.68,5,
770180.8300000001,6270721.68,2,
770181.1300000001,6270721.68,4,
770181.43,6270721.68,2,
770185.93,6270721.68,1,
770189.8300000001,6270721.68,1,
770190.1300000001,6270721.68,3,
770190.43,6270721.68,4,
770194.6300000001,6270721.68,1,
770194.93,6270721.68,1,
770195.2300000001,6270721.68,3,
770195.53,6270721.68,2,
770107.6300000001,6270721.98,2,
770107.93,6270721.98,5,
770108.23,6270721.98,5,
770108.53,6270721.98,5,
770108.8300000001,6270721.98,5,
770109.1300000001,6270721.98,4,
770109.43,6270721.98,3,
770113.03,6270721.98,1,
770113.3300000001,6270721.98,3,
770113.6300000001,6270721.98,2,
770117.23,6270721.98,1,
770117.53,6270721.98,4,
770117.8300000001,6270721.98,2,
770118.1300000001,6270721.98,4,
770118.43,6270721.98,5,
770122.03,6270721.98,1,
770122.3300000001,6270721.98,4,
770122.6300000001,6270721.98,2,
770122.93,6270721.98,7,
770123.23,6270721.98,3,
770123.53,6270721.98,2,
770126.8300000001,6270721.98,3,
770127.1300000001,6270721.98,3,
770127.43,6270721.98,3,
770127.73,6270721.98,6,
770128.03,6270721.98,5,
770131.6300000001,6270721.98,3,
770131.93,6270721.98,1,
770132.53,6270721.98,6,
770136.43,6270721.98,2,
770136.7300000001,6270721.98,4,
770137.3300000001,6270721.98,5,
770137.6300000001,6270721.98,1,
770141.2300000001,6270721.98,2,
770141.53,6270721.98,5,
770141.8300000001,6270721.98,2,
770142.1300000001,6270721.98,7,
770142.43,6270721.98,2,
770145.7300000001,6270721.98,1,
770146.03,6270721.98,1,
770146.3300000001,6270721.98,1,
770146.6300000001,6270721.98,5,
770146.93,6270721.98,2,
770147.2300000001,6270721.98,2,
770150.8300000001,6270721.98,1,
770151.1300000001,6270721.98,2,
770151.43,6270721.98,5,
770151.7300000001,6270721.98,4,
770152.03,6270721.98,4,
770152.3300000001,6270721.98,4,
770155.6300000001,6270721.98,2,
770155.93,6270721.98,2,
770156.2300000001,6270721.98,3,
770156.53,6270721.98,4,
770156.8300000001,6270721.98,5,
770157.1300000001,6270721.98,5,
770157.43,6270721.98,4,
770160.43,6270721.98,1,
770160.7300000001,6270721.98,2,
770161.03,6270721.98,6,
770161.3300000001,6270721.98,3,
770165.53,6270721.98,2,
770165.8300000001,6270721.98,1,
770166.1300000001,6270721.98,5,
770166.43,6270721.98,4,
770166.7300000001,6270721.98,1,
770167.03,6270721.98,1,
770170.03,6270721.98,1,
770170.3300000001,6270721.98,5,
770170.6300000001,6270721.98,4,
770170.93,6270721.98,3,
770171.2300000001,6270721.98,3,
770171.53,6270721.98,3,
770171.8300000001,6270721.98,3,
770174.8300000001,6270721.98,2,
770175.1300000001,6270721.98,4,
770175.43,6270721.98,2,
770175.7300000001,6270721.98,5,
770176.03,6270721.98,2,
770179.3300000001,6270721.98,2,
770179.6300000001,6270721.98,3,
770179.93,6270721.98,6,
770180.2300000001,6270721.98,6,
770180.53,6270721.98,2,
770189.2300000001,6270721.98,2,
770189.53,6270721.98,3,
770189.8300000001,6270721.98,2,
770190.1300000001,6270721.98,2,
770194.6300000001,6270721.98,2,
770194.93,6270721.98,1,
770195.2300000001,6270721.98,1,
770107.3300000001,6270722.279999999,5,
770107.6300000001,6270722.279999999,3,
770107.93,6270722.279999999,5,
770108.23,6270722.279999999,6,
770108.53,6270722.279999999,3,
770113.03,6270722.279999999,2,
770113.3300000001,6270722.279999999,1,
770116.6300000001,6270722.279999999,2,
770116.93,6270722.279999999,2,
770117.23,6270722.279999999,5,
770117.53,6270722.279999999,5,
770117.8300000001,6270722.279999999,5,
770118.1300000001,6270722.279999999,2,
770118.43,6270722.279999999,1,
770121.73,6270722.279999999,1,
770122.03,6270722.279999999,4,
770122.3300000001,6270722.279999999,6,
770122.6300000001,6270722.279999999,6,
770122.93,6270722.279999999,4,
770123.23,6270722.279999999,1,
770126.23,6270722.279999999,2,
770126.53,6270722.279999999,4,
770126.8300000001,6270722.279999999,2,
770127.1300000001,6270722.279999999,6,
770127.43,6270722.279999999,4,
770127.73,6270722.279999999,1,
770128.03,6270722.279999999,1,
770131.03,6270722.279999999,1,
770131.3300000001,6270722.279999999,3,
770131.6300000001,6270722.279999999,3,
770131.93,6270722.279999999,3,
770132.23,6270722.279999999,6,
770136.1300000001,6270722.279999999,2,
770136.43,6270722.279999999,3,
770136.7300000001,6270722.279999999,1,
770137.03,6270722.279999999,1,
770140.3300000001,6270722.279999999,1,
770140.6300000001,6270722.279999999,2,
770140.93,6270722.279999999,3,
770141.2300000001,6270722.279999999,5,
770141.53,6270722.279999999,4,
770141.8300000001,6270722.279999999,3,
770145.43,6270722.279999999,2,
770145.7300000001,6270722.279999999,3,
770146.03,6270722.279999999,7,
770146.3300000001,6270722.279999999,5,
770146.6300000001,6270722.279999999,3,
770146.93,6270722.279999999,1,
770150.2300000001,6270722.279999999,4,
770150.53,6270722.279999999,4,
770150.8300000001,6270722.279999999,4,
770151.1300000001,6270722.279999999,2,
770151.43,6270722.279999999,4,
770151.7300000001,6270722.279999999,4,
770155.03,6270722.279999999,1,
770155.3300000001,6270722.279999999,5,
770155.6300000001,6270722.279999999,2,
770155.93,6270722.279999999,6,
770156.2300000001,6270722.279999999,2,
770156.53,6270722.279999999,5,
770156.8300000001,6270722.279999999,5,
770157.1300000001,6270722.279999999,4,
770160.1300000001,6270722.279999999,2,
770160.43,6270722.279999999,6,
770160.7300000001,6270722.279999999,4,
770161.03,6270722.279999999,2,
770161.3300000001,6270722.279999999,1,
770164.93,6270722.279999999,4,
770165.2300000001,6270722.279999999,3,
770165.53,6270722.279999999,6,
770165.8300000001,6270722.279999999,6,
770166.1300000001,6270722.279999999,3,
770169.7300000001,6270722.279999999,4,
770170.03,6270722.279999999,4,
770170.3300000001,6270722.279999999,5,
770170.6300000001,6270722.279999999,4,
770170.93,6270722.279999999,4,
770171.2300000001,6270722.279999999,3,
770171.53,6270722.279999999,1,
770174.2300000001,6270722.279999999,2,
770174.53,6270722.279999999,1,
770174.8300000001,6270722.279999999,4,
770175.1300000001,6270722.279999999,4,
770175.43,6270722.279999999,3,
770175.7300000001,6270722.279999999,1,
770179.03,6270722.279999999,4,
770179.3300000001,6270722.279999999,7,
770179.6300000001,6270722.279999999,3,
770179.93,6270722.279999999,4,
770180.2300000001,6270722.279999999,2,
770180.53,6270722.279999999,1,
770184.43,6270722.279999999,2,
770188.93,6270722.279999999,2,
770189.2300000001,6270722.279999999,3,
770189.53,6270722.279999999,4,
770189.8300000001,6270722.279999999,1,
770194.03,6270722.279999999,1,
770106.73,6270722.58,2,
770107.03,6270722.58,5,
770107.3300000001,6270722.58,3,
770107.6300000001,6270722.58,5,
770107.93,6270722.58,2,
770108.23,6270722.58,1,
770108.53,6270722.58,1,
770111.53,6270722.58,1,
770111.8300000001,6270722.58,3,
770112.1300000001,6270722.58,6,
770112.43,6270722.58,1,
770116.3300000001,6270722.58,1,
770116.6300000001,6270722.58,4,
770116.93,6270722.58,5,
770117.23,6270722.58,2,
770117.53,6270722.58,5,
770117.8300000001,6270722.58,1,
770118.1300000001,6270722.58,1,
770120.8300000001,6270722.58,1,
770121.1300000001,6270722.58,3,
770121.43,6270722.58,6,
770121.73,6270722.58,3,
770122.03,6270722.58,6,
770122.3300000001,6270722.58,5,
770122.6300000001,6270722.58,4,
770122.93,6270722.58,1,
770125.6300000001,6270722.58,1,
770125.93,6270722.58,5,
770126.23,6270722.58,2,
770126.53,6270722.58,6,
770126.8300000001,6270722.58,6,
770127.1300000001,6270722.58,3,
770130.73,6270722.58,2,
770131.03,6270722.58,4,
770131.3300000001,6270722.58,3,
770131.6300000001,6270722.58,3,
770131.93,6270722.58,8,
770135.23,6270722.58,1,
770135.8300000001,6270722.58,6,
770136.1300000001,6270722.58,2,
770136.43,6270722.58,5,
770136.7300000001,6270722.58,3,
770137.03,6270722.58,1,
770140.03,6270722.58,2,
770140.3300000001,6270722.58,3,
770140.6300000001,6270722.58,5,
770140.93,6270722.58,5,
770141.2300000001,6270722.58,4,
770145.1300000001,6270722.58,5,
770145.43,6270722.58,3,
770145.7300000001,6270722.58,5,
770146.03,6270722.58,4,
770146.3300000001,6270722.58,2,
770149.93,6270722.58,1,
770150.2300000001,6270722.58,6,
770150.53,6270722.58,6,
770150.8300000001,6270722.58,6,
770151.1300000001,6270722.58,4,
770151.43,6270722.58,1,
770154.43,6270722.58,2,
770154.7300000001,6270722.58,1,
770155.03,6270722.58,4,
770155.3300000001,6270722.58,6,
770155.6300000001,6270722.58,5,
770155.93,6270722.58,3,
770156.2300000001,6270722.58,3,
770159.53,6270722.58,2,
770159.8300000001,6270722.58,2,
770160.1300000001,6270722.58,6,
770160.43,6270722.58,4,
770160.7300000001,6270722.58,2,
770164.3300000001,6270722.58,2,
770164.6300000001,6270722.58,4,
770164.93,6270722.58,4,
770165.2300000001,6270722.58,3,
770165.53,6270722.58,1,
770165.8300000001,6270722.58,1,
770168.8300000001,6270722.58,1,
770169.1300000001,6270722.58,3,
770169.43,6270722.58,6,
770169.7300000001,6270722.58,5,
770170.03,6270722.58,3,
770170.3300000001,6270722.58,4,
770170.6300000001,6270722.58,1,
770170.93,6270722.58,1,
770173.93,6270722.58,3,
770174.2300000001,6270722.58,4,
770174.53,6270722.58,4,
770174.8300000001,6270722.58,3,
770178.43,6270722.58,3,
770178.7300000001,6270722.58,3,
770179.03,6270722.58,4,
770179.3300000001,6270722.58,6,
770179.6300000001,6270722.58,1,
770180.2300000001,6270722.58,1,
770184.43,6270722.58,1,
770188.6300000001,6270722.58,5,
770188.93,6270722.58,2,
770106.43,6270722.879999999,1,
770106.73,6270722.879999999,2,
770107.03,6270722.879999999,4,
770107.3300000001,6270722.879999999,6,
770107.6300000001,6270722.879999999,2,
770107.93,6270722.879999999,2,
770108.23,6270722.879999999,1,
770111.23,6270722.879999999,2,
770111.53,6270722.879999999,4,
770111.8300000001,6270722.879999999,4,
770112.1300000001,6270722.879999999,2,
770112.43,6270722.879999999,3,
770115.73,6270722.879999999,1,
770116.03,6270722.879999999,3,
770116.3300000001,6270722.879999999,7,
770116.6300000001,6270722.879999999,3,
770116.93,6270722.879999999,5,
770117.23,6270722.879999999,4,
770120.8300000001,6270722.879999999,4,
770121.1300000001,6270722.879999999,4,
770121.43,6270722.879999999,5,
770121.73,6270722.879999999,4,
770122.03,6270722.879999999,1,
770122.3300000001,6270722.879999999,2,
770125.3300000001,6270722.879999999,2,
770125.6300000001,6270722.879999999,2,
770125.93,6270722.879999999,3,
770126.23,6270722.879999999,4,
770126.53,6270722.879999999,2,
770129.8300000001,6270722.879999999,1,
770130.1300000001,6270722.879999999,2,
770130.43,6270722.879999999,5,
770130.73,6270722.879999999,4,
770131.03,6270722.879999999,5,
770131.3300000001,6270722.879999999,4,
770131.6300000001,6270722.879999999,1,
770135.23,6270722.879999999,3,
770135.53,6270722.879999999,5,
770135.8300000001,6270722.879999999,4,
770136.1300000001,6270722.879999999,4,
770136.43,6270722.879999999,4,
770139.43,6270722.879999999,1,
770140.03,6270722.879999999,3,
770140.3300000001,6270722.879999999,3,
770140.6300000001,6270722.879999999,4,
770140.93,6270722.879999999,1,
770141.2300000001,6270722.879999999,2,
770144.53,6270722.879999999,3,
770144.8300000001,6270722.879999999,2,
770145.1300000001,6270722.879999999,4,
770145.43,6270722.879999999,6,
770145.7300000001,6270722.879999999,3,
770146.03,6270722.879999999,1,
770149.3300000001,6270722.879999999,1,
770149.6300000001,6270722.879999999,4,
770149.93,6270722.879999999,5,
770150.2300000001,6270722.879999999,5,
770150.53,6270722.879999999,3,
770150.8300000001,6270722.879999999,3,
770154.1300000001,6270722.879999999,1,
770154.43,6270722.879999999,2,
770154.7300000001,6270722.879999999,5,
770155.03,6270722.879999999,5,
770155.3300000001,6270722.879999999,4,
770155.6300000001,6270722.879999999,3,
770155.93,6270722.879999999,2,
770158.6300000001,6270722.879999999,1,
770158.93,6270722.879999999,1,
770159.2300000001,6270722.879999999,3,
770159.53,6270722.879999999,4,
770159.8300000001,6270722.879999999,4,
770160.1300000001,6270722.879999999,6,
770160.43,6270722.879999999,2,
770164.3300000001,6270722.879999999,5,
770164.6300000001,6270722.879999999,5,
770164.93,6270722.879999999,5,
770165.53,6270722.879999999,2,
770168.53,6270722.879999999,2,
770168.8300000001,6270722.879999999,4,
770169.1300000001,6270722.879999999,2,
770169.43,6270722.879999999,6,
770169.7300000001,6270722.879999999,3,
770170.03,6270722.879999999,2,
770173.3300000001,6270722.879999999,2,
770173.6300000001,6270722.879999999,3,
770173.93,6270722.879999999,6,
770174.2300000001,6270722.879999999,2,
770174.53,6270722.879999999,3,
770177.8300000001,6270722.879999999,3,
770178.1300000001,6270722.879999999,2,
770178.43,6270722.879999999,5,
770178.7300000001,6270722.879999999,5,
770179.03,6270722.879999999,3,
770179.3300000001,6270722.879999999,2,
770187.7300000001,6270722.879999999,1,
770188.03,6270722.879999999,1,
770188.3300000001,6270722.879999999,4,
770188.6300000001,6270722.879999999,2,
770188.93,6270722.879999999,3,
770106.43,6270723.18,2,
770106.73,6270723.18,5,
770107.03,6270723.18,4,
770107.3300000001,6270723.18,5,
770110.6300000001,6270723.18,2,
770110.93,6270723.18,6,
770111.23,6270723.18,5,
770111.53,6270723.18,2,
770111.8300000001,6270723.18,3,
770115.43,6270723.18,3,
770115.73,6270723.18,4,
770116.03,6270723.18,4,
770116.3300000001,6270723.18,6,
770116.6300000001,6270723.18,4,
770116.93,6270723.18,2,
770120.23,6270723.18,1,
770120.53,6270723.18,6,
770120.8300000001,6270723.18,5,
770121.1300000001,6270723.18,6,
770121.43,6270723.18,5,
770121.73,6270723.18,1,
770122.03,6270723.18,2,
770124.43,6270723.18,1,
770125.03,6270723.18,4,
770125.3300000001,6270723.18,4,
770125.6300000001,6270723.18,5,
770125.93,6270723.18,3,
770126.23,6270723.18,1,
770129.53,6270723.18,2,
770129.8300000001,6270723.18,2,
770130.1300000001,6270723.18,3,
770130.43,6270723.18,7,
770130.73,6270723.18,3,
770131.03,6270723.18,5,
770134.6300000001,6270723.18,2,
770134.93,6270723.18,3,
770135.23,6270723.18,6,
770135.53,6270723.18,4,
770135.8300000001,6270723.18,4,
770136.1300000001,6270723.18,1,
770139.1300000001,6270723.18,3,
770139.43,6270723.18,5,
770139.7300000001,6270723.18,6,
770140.03,6270723.18,2,
770140.3300000001,6270723.18,4,
770140.6300000001,6270723.18,1,
770143.93,6270723.18,2,
770144.2300000001,6270723.18,3,
770144.53,6270723.18,1,
770144.8300000001,6270723.18,6,
770145.1300000001,6270723.18,3,
770145.43,6270723.18,1,
770145.7300000001,6270723.18,1,
770149.03,6270723.18,2,
770149.3300000001,6270723.18,6,
770149.6300000001,6270723.18,3,
770149.93,6270723.18,6,
770150.2300000001,6270723.18,1,
770153.53,6270723.18,2,
770153.8300000001,6270723.18,1,
770154.1300000001,6270723.18,4,
770154.43,6270723.18,3,
770154.7300000001,6270723.18,5,
770155.03,6270723.18,4,
770158.3300000001,6270723.18,3,
770158.6300000001,6270723.18,1,
770158.93,6270723.18,3,
770159.2300000001,6270723.18,6,
770159.53,6270723.18,6,
770159.8300000001,6270723.18,1,
770160.1300000001,6270723.18,1,
770163.7300000001,6270723.18,1,
770164.03,6270723.18,5,
770164.3300000001,6270723.18,6,
770164.6300000001,6270723.18,1,
770164.93,6270723.18,1,
770167.93,6270723.18,1,
770168.2300000001,6270723.18,2,
770168.53,6270723.18,3,
770168.8300000001,6270723.18,6,
770169.1300000001,6270723.18,2,
770169.43,6270723.18,1,
770169.7300000001,6270723.18,1,
770172.43,6270723.18,1,
770172.7300000001,6270723.18,5,
770173.03,6270723.18,2,
770173.3300000001,6270723.18,5,
770173.6300000001,6270723.18,4,
770173.93,6270723.18,3,
770174.2300000001,6270723.18,2,
770177.8300000001,6270723.18,3,
770178.1300000001,6270723.18,4,
770178.43,6270723.18,3,
770178.7300000001,6270723.18,4,
770179.03,6270723.18,1,
770187.7300000001,6270723.18,3,
770188.03,6270723.18,2,
770188.3300000001,6270723.18,1,
770192.2300000001,6270723.18,2,
770106.43,6270723.48,2,
770106.73,6270723.48,3,
770107.03,6270723.48,5,
770110.3300000001,6270723.48,4,
770110.6300000001,6270723.48,4,
770110.93,6270723.48,4,
770111.23,6270723.48,4,
770111.53,6270723.48,4,
770114.8300000001,6270723.48,1,
770115.1300000001,6270723.48,4,
770115.43,6270723.48,5,
770115.73,6270723.48,6,
770116.03,6270723.48,3,
770116.3300000001,6270723.48,3,
770116.6300000001,6270723.48,3,
770119.6300000001,6270723.48,1,
770119.93,6270723.48,5,
770120.23,6270723.48,7,
770120.53,6270723.48,2,
770120.8300000001,6270723.48,5,
770124.1300000001,6270723.48,1,
770124.43,6270723.48,2,
770124.73,6270723.48,3,
770125.03,6270723.48,5,
770125.3300000001,6270723.48,5,
770125.6300000001,6270723.48,1,
770125.93,6270723.48,1,
770129.23,6270723.48,1,
770129.53,6270723.48,4,
770129.8300000001,6270723.48,2,
770130.1300000001,6270723.48,4,
770130.43,6270723.48,4,
770134.3300000001,6270723.48,2,
770134.6300000001,6270723.48,2,
770134.93,6270723.48,2,
770135.23,6270723.48,2,
770135.53,6270723.48,3,
770138.53,6270723.48,1,
770138.8300000001,6270723.48,2,
770139.1300000001,6270723.48,4,
770139.43,6270723.48,4,
770139.7300000001,6270723.48,5,
770140.03,6270723.48,4,
770140.3300000001,6270723.48,1,
770143.3300000001,6270723.48,1,
770143.93,6270723.48,4,
770144.2300000001,6270723.48,3,
770144.53,6270723.48,5,
770144.8300000001,6270723.48,3,
770145.1300000001,6270723.48,1,
770148.43,6270723.48,1,
770149.03,6270723.48,4,
770149.3300000001,6270723.48,4,
770149.6300000001,6270723.48,4,
770149.93,6270723.48,2,
770152.93,6270723.48,1,
770153.53,6270723.48,4,
770153.8300000001,6270723.48,5,
770154.1300000001,6270723.48,5,
770154.43,6270723.48,5,
770154.7300000001,6270723.48,3,
770155.03,6270723.48,1,
770157.7300000001,6270723.48,1,
770158.03,6270723.48,3,
770158.3300000001,6270723.48,4,
770158.6300000001,6270723.48,5,
770158.93,6270723.48,4,
770159.2300000001,6270723.48,3,
770159.53,6270723.48,4,
770162.8300000001,6270723.48,2,
770163.1300000001,6270723.48,1,
770163.43,6270723.48,5,
770163.7300000001,6270723.48,4,
770164.03,6270723.48,3,
770164.3300000001,6270723.48,3,
770167.6300000001,6270723.48,2,
770167.93,6270723.48,3,
770168.2300000001,6270723.48,6,
770168.53,6270723.48,5,
770168.8300000001,6270723.48,1,
770169.1300000001,6270723.48,2,
770169.43,6270723.48,1,
770172.43,6270723.48,7,
770172.7300000001,6270723.48,5,
770173.03,6270723.48,4,
770173.3300000001,6270723.48,2,
770173.6300000001,6270723.48,1,
770174.2300000001,6270723.48,1,
770177.2300000001,6270723.48,4,
770177.53,6270723.48,5,
770177.8300000001,6270723.48,6,
770178.1300000001,6270723.48,3,
770187.1300000001,6270723.48,3,
770187.43,6270723.48,5,
770187.7300000001,6270723.48,3,
770191.6300000001,6270723.48,1,
770191.93,6270723.48,3,
770192.2300000001,6270723.48,2,
770109.73,6270723.779999999,2,
770110.03,6270723.779999999,4,
770110.3300000001,6270723.779999999,5,
770110.6300000001,6270723.779999999,3,
770110.93,6270723.779999999,4,
770111.23,6270723.779999999,4,
770111.53,6270723.779999999,1,
770113.93,6270723.779999999,1,
770114.23,6270723.779999999,2,
770114.8300000001,6270723.779999999,5,
770115.1300000001,6270723.779999999,4,
770115.43,6270723.779999999,6,
770115.73,6270723.779999999,2,
770116.03,6270723.779999999,2,
770118.73,6270723.779999999,1,
770119.03,6270723.779999999,2,
770119.3300000001,6270723.779999999,6,
770119.6300000001,6270723.779999999,5,
770119.93,6270723.779999999,4,
770120.23,6270723.779999999,5,
770120.53,6270723.779999999,3,
770123.8300000001,6270723.779999999,1,
770124.1300000001,6270723.779999999,3,
770124.43,6270723.779999999,2,
770124.73,6270723.779999999,5,
770125.03,6270723.779999999,3,
770125.3300000001,6270723.779999999,5,
770128.93,6270723.779999999,3,
770129.23,6270723.779999999,4,
770129.53,6270723.779999999,5,
770129.8300000001,6270723.779999999,4,
770130.1300000001,6270723.779999999,1,
770133.43,6270723.779999999,1,
770133.73,6270723.779999999,1,
770134.03,6270723.779999999,4,
770134.3300000001,6270723.779999999,3,
770134.93,6270723.779999999,1,
770137.93,6270723.779999999,2,
770138.2300000001,6270723.779999999,3,
770138.53,6270723.779999999,5,
770138.8300000001,6270723.779999999,3,
770139.1300000001,6270723.779999999,3,
770139.43,6270723.779999999,1,
770143.03,6270723.779999999,1,
770143.3300000001,6270723.779999999,2,
770143.6300000001,6270723.779999999,5,
770143.93,6270723.779999999,6,
770144.2300000001,6270723.779999999,2,
770144.53,6270723.779999999,4,
770148.1300000001,6270723.779999999,1,
770148.43,6270723.779999999,4,
770148.7300000001,6270723.779999999,2,
770149.03,6270723.779999999,1,
770149.3300000001,6270723.779999999,1,
770152.6300000001,6270723.779999999,1,
770152.93,6270723.779999999,3,
770153.2300000001,6270723.779999999,4,
770153.53,6270723.779999999,4,
770153.8300000001,6270723.779999999,5,
770154.1300000001,6270723.779999999,2,
770154.43,6270723.779999999,1,
770157.43,6270723.779999999,4,
770157.7300000001,6270723.779999999,5,
770158.03,6270723.779999999,4,
770158.3300000001,6270723.779999999,5,
770158.6300000001,6270723.779999999,4,
770158.93,6270723.779999999,5,
770159.2300000001,6270723.779999999,1,
770159.53,6270723.779999999,1,
770162.53,6270723.779999999,3,
770162.8300000001,6270723.779999999,5,
770163.1300000001,6270723.779999999,4,
770163.43,6270723.779999999,3,
770163.7300000001,6270723.779999999,4,
770164.03,6270723.779999999,2,
770167.03,6270723.779999999,2,
770167.3300000001,6270723.779999999,3,
770167.6300000001,6270723.779999999,2,
770167.93,6270723.779999999,5,
770168.2300000001,6270723.779999999,5,
770168.53,6270723.779999999,2,
770168.8300000001,6270723.779999999,1,
770171.8300000001,6270723.779999999,3,
770172.1300000001,6270723.779999999,5,
770172.43,6270723.779999999,3,
770172.7300000001,6270723.779999999,4,
770173.03,6270723.779999999,4,
770173.3300000001,6270723.779999999,1,
770176.3300000001,6270723.779999999,1,
770176.6300000001,6270723.779999999,2,
770176.93,6270723.779999999,4,
770177.2300000001,6270723.779999999,4,
770177.53,6270723.779999999,5,
770177.8300000001,6270723.779999999,3,
770186.8300000001,6270723.779999999,1,
770187.1300000001,6270723.779999999,2,
770187.43,6270723.779999999,1,
770195.53,6270723.779999999,3,
770195.8300000001,6270723.779999999,4,
770108.8300000001,6270724.08,1,
770109.1300000001,6270724.08,2,
770109.43,6270724.08,3,
770109.73,6270724.08,5,
770110.03,6270724.08,4,
770110.3300000001,6270724.08,2,
770110.6300000001,6270724.08,2,
770110.93,6270724.08,1,
770113.93,6270724.08,3,
770114.23,6270724.08,5,
770114.53,6270724.08,6,
770114.8300000001,6270724.08,3,
770115.1300000001,6270724.08,3,
770115.43,6270724.08,1,
770118.73,6270724.08,4,
770119.03,6270724.08,5,
770119.3300000001,6270724.08,2,
770119.6300000001,6270724.08,4,
770119.93,6270724.08,5,
770120.23,6270724.08,1,
770123.53,6270724.08,4,
770123.8300000001,6270724.08,4,
770124.1300000001,6270724.08,4,
770124.43,6270724.08,2,
770128.6300000001,6270724.08,3,
770128.93,6270724.08,5,
770129.23,6270724.08,2,
770129.53,6270724.08,1,
770132.8300000001,6270724.08,1,
770133.1300000001,6270724.08,4,
770133.43,6270724.08,3,
770133.73,6270724.08,4,
770134.03,6270724.08,6,
770134.3300000001,6270724.08,2,
770137.6300000001,6270724.08,3,
770137.93,6270724.08,3,
770138.2300000001,6270724.08,6,
770138.53,6270724.08,5,
770138.8300000001,6270724.08,4,
770143.03,6270724.08,4,
770143.3300000001,6270724.08,7,
770143.6300000001,6270724.08,4,
770143.93,6270724.08,1,
770147.2300000001,6270724.08,1,
770147.53,6270724.08,3,
770147.8300000001,6270724.08,4,
770148.1300000001,6270724.08,6,
770148.43,6270724.08,3,
770152.3300000001,6270724.08,3,
770152.6300000001,6270724.08,3,
770152.93,6270724.08,5,
770153.2300000001,6270724.08,5,
770153.53,6270724.08,4,
770153.8300000001,6270724.08,1,
770154.1300000001,6270724.08,1,
770154.43,6270724.08,1,
770156.8300000001,6270724.08,1,
770157.1300000001,6270724.08,2,
770157.43,6270724.08,5,
770157.7300000001,6270724.08,4,
770158.03,6270724.08,6,
770158.3300000001,6270724.08,3,
770162.2300000001,6270724.08,2,
770162.53,6270724.08,6,
770162.8300000001,6270724.08,5,
770163.1300000001,6270724.08,3,
770163.43,6270724.08,1,
770166.7300000001,6270724.08,3,
770167.03,6270724.08,2,
770167.3300000001,6270724.08,6,
770167.6300000001,6270724.08,1,
770167.93,6270724.08,3,
770168.2300000001,6270724.08,2,
770171.2300000001,6270724.08,1,
770171.53,6270724.08,3,
770171.8300000001,6270724.08,6,
770172.1300000001,6270724.08,6,
770172.43,6270724.08,4,
770172.7300000001,6270724.08,1,
770175.43,6270724.08,1,
770175.7300000001,6270724.08,1,
770176.3300000001,6270724.08,3,
770176.6300000001,6270724.08,4,
770176.93,6270724.08,5,
770177.2300000001,6270724.08,2,
770180.8300000001,6270724.08,1,
770186.53,6270724.08,2,
770186.8300000001,6270724.08,1,
770191.03,6270724.08,1,
770194.93,6270724.08,1,
770195.53,6270724.08,4,
770195.8300000001,6270724.08,5,
770108.53,6270724.379999999,2,
770108.8300000001,6270724.379999999,4,
770109.1300000001,6270724.379999999,4,
770109.43,6270724.379999999,5,
770109.73,6270724.379999999,4,
770110.03,6270724.379999999,6,
770110.3300000001,6270724.379999999,2,
770113.3300000001,6270724.379999999,2,
770113.6300000001,6270724.379999999,2,
770113.93,6270724.379999999,6,
770114.23,6270724.379999999,4,
770114.53,6270724.379999999,3,
770117.8300000001,6270724.379999999,1,
770118.1300000001,6270724.379999999,1,
770118.43,6270724.379999999,5,
770118.73,6270724.379999999,3,
770119.03,6270724.379999999,5,
770119.3300000001,6270724.379999999,6,
770119.6300000001,6270724.379999999,3,
770119.93,6270724.379999999,1,
770122.6300000001,6270724.379999999,1,
770123.23,6270724.379999999,4,
770123.53,6270724.379999999,5,
770123.8300000001,6270724.379999999,5,
770124.1300000001,6270724.379999999,3,
770124.43,6270724.379999999,1,
770128.03,6270724.379999999,2,
770128.3300000001,6270724.379999999,2,
770128.6300000001,6270724.379999999,3,
770128.93,6270724.379999999,5,
770132.8300000001,6270724.379999999,3,
770133.1300000001,6270724.379999999,3,
770133.43,6270724.379999999,4,
770133.73,6270724.379999999,3,
770134.03,6270724.379999999,1,
770134.3300000001,6270724.379999999,1,
770137.03,6270724.379999999,1,
770137.3300000001,6270724.379999999,2,
770137.6300000001,6270724.379999999,3,
770137.93,6270724.379999999,4,
770138.2300000001,6270724.379999999,5,
770138.53,6270724.379999999,5,
770142.1300000001,6270724.379999999,2,
770142.43,6270724.379999999,4,
770142.7300000001,6270724.379999999,6,
770143.03,6270724.379999999,5,
770143.3300000001,6270724.379999999,4,
770146.93,6270724.379999999,3,
770147.2300000001,6270724.379999999,1,
770147.53,6270724.379999999,4,
770147.8300000001,6270724.379999999,5,
770148.1300000001,6270724.379999999,1,
770148.43,6270724.379999999,1,
770151.43,6270724.379999999,1,
770151.7300000001,6270724.379999999,1,
770152.03,6270724.379999999,5,
770152.3300000001,6270724.379999999,4,
770152.6300000001,6270724.379999999,6,
770152.93,6270724.379999999,3,
770153.2300000001,6270724.379999999,3,
770153.53,6270724.379999999,2,
770156.53,6270724.379999999,2,
770156.8300000001,6270724.379999999,5,
770157.1300000001,6270724.379999999,6,
770157.43,6270724.379999999,5,
770157.7300000001,6270724.379999999,4,
770161.03,6270724.379999999,1,
770161.3300000001,6270724.379999999,1,
770161.6300000001,6270724.379999999,3,
770161.93,6270724.379999999,4,
770162.2300000001,6270724.379999999,5,
770162.53,6270724.379999999,5,
770162.8300000001,6270724.379999999,4,
770166.43,6270724.379999999,4,
770166.7300000001,6270724.379999999,5,
770167.03,6270724.379999999,6,
770167.3300000001,6270724.379999999,3,
770167.6300000001,6270724.379999999,2,
770170.6300000001,6270724.379999999,2,
770170.93,6270724.379999999,1,
770171.2300000001,6270724.379999999,4,
770171.53,6270724.379999999,2,
770171.8300000001,6270724.379999999,5,
770172.1300000001,6270724.379999999,3,
770172.43,6270724.379999999,1,
770175.7300000001,6270724.379999999,5,
770176.03,6270724.379999999,6,
770176.3300000001,6270724.379999999,4,
770176.6300000001,6270724.379999999,3,
770176.93,6270724.379999999,2,
770177.2300000001,6270724.379999999,1,
770180.2300000001,6270724.379999999,2,
770180.53,6270724.379999999,3,
770180.8300000001,6270724.379999999,3,
770181.1300000001,6270724.379999999,3,
770194.3300000001,6270724.379999999,4,
770194.6300000001,6270724.379999999,1,
770194.93,6270724.379999999,1,
770195.2300000001,6270724.379999999,4,
770195.53,6270724.379999999,4,
770195.8300000001,6270724.379999999,4,
770196.1300000001,6270724.379999999,1,
770107.6300000001,6270724.68,2,
770107.93,6270724.68,1,
770108.23,6270724.68,2,
770108.53,6270724.68,7,
770108.8300000001,6270724.68,4,
770109.1300000001,6270724.68,4,
770109.43,6270724.68,4,
770109.73,6270724.68,3,
770110.03,6270724.68,2,
770113.03,6270724.68,1,
770113.3300000001,6270724.68,4,
770113.6300000001,6270724.68,6,
770113.93,6270724.68,6,
770114.23,6270724.68,3,
770117.53,6270724.68,2,
770117.8300000001,6270724.68,5,
770118.1300000001,6270724.68,6,
770118.43,6270724.68,4,
770118.73,6270724.68,6,
770119.03,6270724.68,2,
770119.3300000001,6270724.68,1,
770122.6300000001,6270724.68,2,
770122.93,6270724.68,6,
770123.23,6270724.68,4,
770123.53,6270724.68,3,
770123.8300000001,6270724.68,2,
770127.43,6270724.68,2,
770127.73,6270724.68,4,
770128.03,6270724.68,3,
770128.3300000001,6270724.68,3,
770132.23,6270724.68,1,
770132.53,6270724.68,4,
770132.8300000001,6270724.68,7,
770133.1300000001,6270724.68,3,
770133.43,6270724.68,3,
770136.7300000001,6270724.68,2,
770137.03,6270724.68,7,
770137.3300000001,6270724.68,2,
770137.6300000001,6270724.68,5,
770137.93,6270724.68,4,
770141.53,6270724.68,1,
770141.8300000001,6270724.68,2,
770142.1300000001,6270724.68,3,
770142.43,6270724.68,5,
770142.7300000001,6270724.68,5,
770143.03,6270724.68,2,
770146.3300000001,6270724.68,2,
770146.6300000001,6270724.68,2,
770146.93,6270724.68,3,
770147.2300000001,6270724.68,8,
770147.53,6270724.68,3,
770147.8300000001,6270724.68,2,
770151.1300000001,6270724.68,3,
770151.43,6270724.68,4,
770151.7300000001,6270724.68,2,
770152.03,6270724.68,5,
770152.3300000001,6270724.68,7,
770152.6300000001,6270724.68,2,
770153.2300000001,6270724.68,1,
770156.2300000001,6270724.68,3,
770156.53,6270724.68,5,
770156.8300000001,6270724.68,1,
770157.1300000001,6270724.68,6,
770157.43,6270724.68,5,
770161.03,6270724.68,4,
770161.3300000001,6270724.68,3,
770161.6300000001,6270724.68,5,
770161.93,6270724.68,5,
770162.2300000001,6270724.68,4,
770165.53,6270724.68,1,
770165.8300000001,6270724.68,4,
770166.1300000001,6270724.68,3,
770166.43,6270724.68,4,
770166.7300000001,6270724.68,4,
770167.03,6270724.68,4,
770167.3300000001,6270724.68,1,
770170.3300000001,6270724.68,3,
770170.6300000001,6270724.68,1,
770170.93,6270724.68,5,
770171.2300000001,6270724.68,3,
770171.53,6270724.68,4,
770171.8300000001,6270724.68,1,
770172.1300000001,6270724.68,1,
770174.8300000001,6270724.68,1,
770175.43,6270724.68,6,
770175.7300000001,6270724.68,3,
770176.03,6270724.68,3,
770176.3300000001,6270724.68,4,
770180.53,6270724.68,2,
770180.8300000001,6270724.68,2,
770181.1300000001,6270724.68,1,
770185.93,6270724.68,1,
770194.03,6270724.68,3,
770194.3300000001,6270724.68,2,
770194.6300000001,6270724.68,2,
770195.53,6270724.68,1,
770195.8300000001,6270724.68,2,
770196.1300000001,6270724.68,2,
770107.6300000001,6270724.98,2,
770107.93,6270724.98,4,
770108.23,6270724.98,3,
770108.53,6270724.98,2,
770108.8300000001,6270724.98,4,
770109.1300000001,6270724.98,4,
770109.43,6270724.98,1,
770109.73,6270724.98,1,
770112.43,6270724.98,4,
770112.73,6270724.98,2,
770113.03,6270724.98,5,
770113.3300000001,6270724.98,4,
770113.6300000001,6270724.98,4,
770113.93,6270724.98,1,
770116.93,6270724.98,2,
770117.23,6270724.98,4,
770117.53,6270724.98,6,
770117.8300000001,6270724.98,4,
770118.1300000001,6270724.98,6,
770118.43,6270724.98,4,
770118.73,6270724.98,3,
770122.3300000001,6270724.98,2,
770122.6300000001,6270724.98,4,
770122.93,6270724.98,6,
770123.23,6270724.98,1,
770126.8300000001,6270724.98,3,
770127.1300000001,6270724.98,4,
770127.43,6270724.98,6,
770127.73,6270724.98,4,
770128.03,6270724.98,3,
770131.6300000001,6270724.98,2,
770131.93,6270724.98,2,
770132.23,6270724.98,5,
770132.53,6270724.98,6,
770133.1300000001,6270724.98,1,
770136.1300000001,6270724.98,1,
770136.43,6270724.98,4,
770136.7300000001,6270724.98,5,
770137.03,6270724.98,4,
770137.3300000001,6270724.98,3,
770137.6300000001,6270724.98,1,
770140.93,6270724.98,1,
770141.2300000001,6270724.98,2,
770141.53,6270724.98,5,
770141.8300000001,6270724.98,5,
770142.1300000001,6270724.98,4,
770142.43,6270724.98,1,
770146.3300000001,6270724.98,3,
770146.6300000001,6270724.98,7,
770146.93,6270724.98,4,
770147.2300000001,6270724.98,2,
770150.8300000001,6270724.98,3,
770151.1300000001,6270724.98,5,
770151.43,6270724.98,3,
770151.7300000001,6270724.98,5,
770152.03,6270724.98,1,
770152.3300000001,6270724.98,1,
770155.3300000001,6270724.98,3,
770155.6300000001,6270724.98,1,
770155.93,6270724.98,4,
770156.2300000001,6270724.98,5,
770156.53,6270724.98,4,
770156.8300000001,6270724.98,4,
770157.43,6270724.98,1,
770160.7300000001,6270724.98,3,
770161.03,6270724.98,1,
770161.3300000001,6270724.98,8,
770161.6300000001,6270724.98,2,
770164.93,6270724.98,1,
770165.2300000001,6270724.98,2,
770165.53,6270724.98,3,
770165.8300000001,6270724.98,4,
770166.1300000001,6270724.98,6,
770166.43,6270724.98,3,
770166.7300000001,6270724.98,2,
770169.43,6270724.98,1,
770169.7300000001,6270724.98,2,
770170.03,6270724.98,2,
770170.3300000001,6270724.98,6,
770170.6300000001,6270724.98,4,
770170.93,6270724.98,3,
770171.2300000001,6270724.98,2,
770174.53,6270724.98,2,
770174.8300000001,6270724.98,3,
770175.1300000001,6270724.98,5,
770175.43,6270724.98,5,
770175.7300000001,6270724.98,4,
770179.6300000001,6270724.98,1,
770179.93,6270724.98,4,
770180.2300000001,6270724.98,1,
770180.53,6270724.98,1,
770188.93,6270724.98,3,
770189.2300000001,6270724.98,2,
770189.53,6270724.98,1,
770192.8300000001,6270724.98,1,
770193.1300000001,6270724.98,3,
770193.43,6270724.98,1,
770194.03,6270724.98,1,
770194.3300000001,6270724.98,4,
770194.6300000001,6270724.98,1,
770195.8300000001,6270724.98,1,
770107.93,6270725.279999999,2,
770108.23,6270725.279999999,4,
770108.53,6270725.279999999,4,
770108.8300000001,6270725.279999999,3,
770111.8300000001,6270725.279999999,1,
770112.1300000001,6270725.279999999,1,
770112.43,6270725.279999999,3,
770112.73,6270725.279999999,3,
770113.03,6270725.279999999,6,
770113.3300000001,6270725.279999999,3,
770116.93,6270725.279999999,3,
770117.23,6270725.279999999,4,
770117.53,6270725.279999999,3,
770117.8300000001,6270725.279999999,4,
770118.1300000001,6270725.279999999,4,
770118.43,6270725.279999999,1,
770121.43,6270725.279999999,1,
770121.73,6270725.279999999,1,
770122.03,6270725.279999999,7,
770122.3300000001,6270725.279999999,4,
770122.93,6270725.279999999,1,
770126.23,6270725.279999999,1,
770126.53,6270725.279999999,3,
770126.8300000001,6270725.279999999,6,
770127.1300000001,6270725.279999999,5,
770127.43,6270725.279999999,4,
770127.73,6270725.279999999,1,
770131.03,6270725.279999999,3,
770131.3300000001,6270725.279999999,4,
770131.6300000001,6270725.279999999,5,
770131.93,6270725.279999999,5,
770132.23,6270725.279999999,1,
770132.53,6270725.279999999,1,
770135.8300000001,6270725.279999999,4,
770136.1300000001,6270725.279999999,3,
770136.43,6270725.279999999,5,
770136.7300000001,6270725.279999999,4,
770137.03,6270725.279999999,2,
770140.93,6270725.279999999,4,
770141.2300000001,6270725.279999999,4,
770141.53,6270725.279999999,3,
770141.8300000001,6270725.279999999,3,
770142.1300000001,6270725.279999999,1,
770145.43,6270725.279999999,2,
770145.7300000001,6270725.279999999,2,
770146.03,6270725.279999999,1,
770146.6300000001,6270725.279999999,2,
770146.93,6270725.279999999,2,
770150.53,6270725.279999999,3,
770150.8300000001,6270725.279999999,4,
770151.1300000001,6270725.279999999,5,
770151.43,6270725.279999999,3,
770151.7300000001,6270725.279999999,4,
770152.03,6270725.279999999,1,
770155.03,6270725.279999999,1,
770155.3300000001,6270725.279999999,2,
770155.6300000001,6270725.279999999,4,
770155.93,6270725.279999999,6,
770156.2300000001,6270725.279999999,4,
770156.53,6270725.279999999,3,
770159.8300000001,6270725.279999999,1,
770160.1300000001,6270725.279999999,4,
770160.43,6270725.279999999,4,
770160.7300000001,6270725.279999999,3,
770161.03,6270725.279999999,4,
770161.3300000001,6270725.279999999,3,
770164.93,6270725.279999999,3,
770165.2300000001,6270725.279999999,6,
770165.53,6270725.279999999,5,
770165.8300000001,6270725.279999999,1,
770166.1300000001,6270725.279999999,1,
770169.1300000001,6270725.279999999,1,
770169.43,6270725.279999999,3,
770169.7300000001,6270725.279999999,4,
770170.03,6270725.279999999,5,
770173.6300000001,6270725.279999999,1,
770174.2300000001,6270725.279999999,1,
770174.53,6270725.279999999,4,
770174.8300000001,6270725.279999999,6,
770175.1300000001,6270725.279999999,4,
770175.43,6270725.279999999,2,
770179.03,6270725.279999999,2,
770179.6300000001,6270725.279999999,1,
770179.93,6270725.279999999,3,
770184.1300000001,6270725.279999999,2,
770184.43,6270725.279999999,1,
770188.3300000001,6270725.279999999,3,
770188.6300000001,6270725.279999999,3,
770188.93,6270725.279999999,3,
770189.2300000001,6270725.279999999,1,
770192.8300000001,6270725.279999999,1,
770193.1300000001,6270725.279999999,5,
770193.43,6270725.279999999,4,
770193.7300000001,6270725.279999999,3,
770194.03,6270725.279999999,1,
770194.3300000001,6270725.279999999,1,
770111.53,6270725.58,4,
770111.8300000001,6270725.58,3,
770112.1300000001,6270725.58,5,
770112.43,6270725.58,4,
770112.73,6270725.58,4,
770113.03,6270725.58,1,
770116.03,6270725.58,1,
770116.3300000001,6270725.58,2,
770116.6300000001,6270725.58,5,
770116.93,6270725.58,4,
770117.23,6270725.58,4,
770117.53,6270725.58,5,
770117.8300000001,6270725.58,1,
770120.8300000001,6270725.58,1,
770121.1300000001,6270725.58,3,
770121.43,6270725.58,4,
770121.73,6270725.58,6,
770122.03,6270725.58,4,
770122.3300000001,6270725.58,1,
770125.93,6270725.58,2,
770126.23,6270725.58,4,
770126.53,6270725.58,2,
770126.8300000001,6270725.58,4,
770127.1300000001,6270725.58,3,
770130.73,6270725.58,2,
770131.03,6270725.58,5,
770131.3300000001,6270725.58,5,
770131.6300000001,6270725.58,3,
770131.93,6270725.58,1,
770134.93,6270725.58,1,
770135.53,6270725.58,3,
770135.8300000001,6270725.58,6,
770136.1300000001,6270725.58,2,
770136.43,6270725.58,4,
770136.7300000001,6270725.58,2,
770137.03,6270725.58,1,
770140.03,6270725.58,2,
770140.3300000001,6270725.58,2,
770140.6300000001,6270725.58,7,
770140.93,6270725.58,2,
770141.2300000001,6270725.58,6,
770141.53,6270725.58,1,
770145.1300000001,6270725.58,1,
770145.43,6270725.58,4,
770145.7300000001,6270725.58,4,
770146.03,6270725.58,1,
770146.3300000001,6270725.58,2,
770149.93,6270725.58,2,
770150.2300000001,6270725.58,4,
770150.53,6270725.58,7,
770150.8300000001,6270725.58,5,
770151.1300000001,6270725.58,2,
770151.43,6270725.58,2,
770154.7300000001,6270725.58,2,
770155.03,6270725.58,5,
770155.3300000001,6270725.58,5,
770155.6300000001,6270725.58,4,
770155.93,6270725.58,3,
770159.2300000001,6270725.58,2,
770159.53,6270725.58,1,
770159.8300000001,6270725.58,6,
770160.1300000001,6270725.58,6,
770160.43,6270725.58,4,
770160.7300000001,6270725.58,3,
770161.03,6270725.58,2,
770164.3300000001,6270725.58,2,
770164.6300000001,6270725.58,5,
770164.93,6270725.58,6,
770165.2300000001,6270725.58,5,
770165.53,6270725.58,3,
770165.8300000001,6270725.58,1,
770168.8300000001,6270725.58,3,
770169.1300000001,6270725.58,7,
770169.43,6270725.58,4,
770169.7300000001,6270725.58,3,
770170.03,6270725.58,5,
770170.3300000001,6270725.58,1,
770173.6300000001,6270725.58,1,
770173.93,6270725.58,4,
770174.2300000001,6270725.58,7,
770174.53,6270725.58,6,
770174.8300000001,6270725.58,2,
770178.1300000001,6270725.58,1,
770178.7300000001,6270725.58,2,
770179.03,6270725.58,2,
770179.3300000001,6270725.58,2,
770179.6300000001,6270725.58,1,
770183.53,6270725.58,3,
770183.8300000001,6270725.58,1,
770184.1300000001,6270725.58,4,
770188.03,6270725.58,1,
770188.3300000001,6270725.58,5,
770188.6300000001,6270725.58,4,
770188.93,6270725.58,2,
770192.2300000001,6270725.58,2,
770192.53,6270725.58,3,
770192.8300000001,6270725.58,3,
770193.1300000001,6270725.58,2,
770193.43,6270725.58,4,
770193.7300000001,6270725.58,1,
770194.3300000001,6270725.58,2,
770198.2300000001,6270725.58,3,
770198.53,6270725.58,1,
770110.93,6270725.879999999,3,
770111.23,6270725.879999999,4,
770111.53,6270725.879999999,6,
770111.8300000001,6270725.879999999,6,
770112.1300000001,6270725.879999999,2,
770112.43,6270725.879999999,3,
770115.73,6270725.879999999,1,
770116.03,6270725.879999999,3,
770116.3300000001,6270725.879999999,5,
770116.6300000001,6270725.879999999,4,
770116.93,6270725.879999999,4,
770117.23,6270725.879999999,3,
770117.53,6270725.879999999,2,
770120.23,6270725.879999999,2,
770120.53,6270725.879999999,2,
770120.8300000001,6270725.879999999,4,
770121.1300000001,6270725.879999999,2,
770121.43,6270725.879999999,3,
770121.73,6270725.879999999,2,
770125.03,6270725.879999999,1,
770125.3300000001,6270725.879999999,1,
770125.6300000001,6270725.879999999,3,
770125.93,6270725.879999999,6,
770126.23,6270725.879999999,5,
770126.53,6270725.879999999,1,
770126.8300000001,6270725.879999999,3,
770130.1300000001,6270725.879999999,1,
770130.43,6270725.879999999,2,
770130.73,6270725.879999999,4,
770131.03,6270725.879999999,3,
770131.3300000001,6270725.879999999,2,
770131.6300000001,6270725.879999999,1,
770134.93,6270725.879999999,4,
770135.23,6270725.879999999,4,
770135.53,6270725.879999999,4,
770135.8300000001,6270725.879999999,3,
770139.43,6270725.879999999,2,
770139.7300000001,6270725.879999999,5,
770140.03,6270725.879999999,3,
770140.3300000001,6270725.879999999,5,
770140.6300000001,6270725.879999999,4,
770140.93,6270725.879999999,2,
770144.53,6270725.879999999,1,
770144.8300000001,6270725.879999999,6,
770145.1300000001,6270725.879999999,6,
770145.43,6270725.879999999,4,
770145.7300000001,6270725.879999999,1,
770149.3300000001,6270725.879999999,1,
770149.6300000001,6270725.879999999,1,
770149.93,6270725.879999999,3,
770150.2300000001,6270725.879999999,2,
770150.53,6270725.879999999,1,
770150.8300000001,6270725.879999999,1,
770154.43,6270725.879999999,4,
770154.7300000001,6270725.879999999,5,
770155.03,6270725.879999999,5,
770155.3300000001,6270725.879999999,3,
770155.6300000001,6270725.879999999,3,
770159.2300000001,6270725.879999999,4,
770159.53,6270725.879999999,4,
770159.8300000001,6270725.879999999,2,
770160.1300000001,6270725.879999999,3,
770160.43,6270725.879999999,1,
770163.7300000001,6270725.879999999,1,
770164.03,6270725.879999999,4,
770164.3300000001,6270725.879999999,4,
770164.6300000001,6270725.879999999,4,
770164.93,6270725.879999999,4,
770165.2300000001,6270725.879999999,1,
770165.53,6270725.879999999,1,
770168.53,6270725.879999999,5,
770168.8300000001,6270725.879999999,5,
770169.1300000001,6270725.879999999,4,
770169.43,6270725.879999999,5,
770173.03,6270725.879999999,3,
770173.3300000001,6270725.879999999,5,
770173.6300000001,6270725.879999999,3,
770173.93,6270725.879999999,4,
770174.2300000001,6270725.879999999,5,
770178.1300000001,6270725.879999999,1,
770178.43,6270725.879999999,3,
770178.7300000001,6270725.879999999,3,
770182.93,6270725.879999999,1,
770183.2300000001,6270725.879999999,3,
770183.53,6270725.879999999,3,
770183.8300000001,6270725.879999999,3,
770184.1300000001,6270725.879999999,1,
770188.03,6270725.879999999,6,
770188.3300000001,6270725.879999999,5,
770188.6300000001,6270725.879999999,1,
770191.93,6270725.879999999,2,
770192.2300000001,6270725.879999999,5,
770192.53,6270725.879999999,2,
770192.8300000001,6270725.879999999,5,
770193.1300000001,6270725.879999999,3,
770196.4300000002,6270725.879999999,1,
770196.7300000001,6270725.879999999,3,
770197.03,6270725.879999999,3,
770197.3300000001,6270725.879999999,1,
770198.2300000001,6270725.879999999,3,
770198.53,6270725.879999999,5,
770110.3300000001,6270726.18,1,
770110.6300000001,6270726.18,5,
770110.93,6270726.18,6,
770111.23,6270726.18,4,
770111.53,6270726.18,4,
770111.8300000001,6270726.18,5,
770112.1300000001,6270726.18,2,
770115.43,6270726.18,4,
770115.73,6270726.18,2,
770116.03,6270726.18,10,
770116.3300000001,6270726.18,4,
770116.6300000001,6270726.18,4,
770116.93,6270726.18,1,
770119.93,6270726.18,3,
770120.23,6270726.18,3,
770120.53,6270726.18,5,
770120.8300000001,6270726.18,5,
770121.1300000001,6270726.18,2,
770124.43,6270726.18,2,
770124.73,6270726.18,3,
770125.03,6270726.18,2,
770125.3300000001,6270726.18,2,
770125.6300000001,6270726.18,4,
770125.93,6270726.18,5,
770126.23,6270726.18,2,
770130.1300000001,6270726.18,2,
770130.43,6270726.18,4,
770130.73,6270726.18,5,
770131.03,6270726.18,1,
770131.3300000001,6270726.18,1,
770134.3300000001,6270726.18,1,
770134.6300000001,6270726.18,5,
770134.93,6270726.18,4,
770135.23,6270726.18,5,
770135.53,6270726.18,4,
770139.1300000001,6270726.18,3,
770139.43,6270726.18,4,
770139.7300000001,6270726.18,3,
770140.03,6270726.18,5,
770140.3300000001,6270726.18,6,
770140.6300000001,6270726.18,1,
770144.2300000001,6270726.18,3,
770144.53,6270726.18,3,
770144.8300000001,6270726.18,5,
770145.1300000001,6270726.18,5,
770148.7300000001,6270726.18,2,
770149.03,6270726.18,2,
770149.3300000001,6270726.18,3,
770149.6300000001,6270726.18,5,
770149.93,6270726.18,2,
770153.53,6270726.18,2,
770153.8300000001,6270726.18,3,
770154.1300000001,6270726.18,4,
770154.43,6270726.18,7,
770154.7300000001,6270726.18,1,
770155.03,6270726.18,1,
770155.3300000001,6270726.18,2,
770155.6300000001,6270726.18,2,
770158.3300000001,6270726.18,1,
770158.6300000001,6270726.18,2,
770158.93,6270726.18,6,
770159.2300000001,6270726.18,3,
770159.53,6270726.18,5,
770159.8300000001,6270726.18,5,
770160.1300000001,6270726.18,1,
770163.1300000001,6270726.18,1,
770163.43,6270726.18,5,
770163.7300000001,6270726.18,6,
770164.03,6270726.18,5,
770164.3300000001,6270726.18,4,
770164.6300000001,6270726.18,2,
770167.93,6270726.18,4,
770168.2300000001,6270726.18,3,
770168.53,6270726.18,4,
770168.8300000001,6270726.18,5,
770169.1300000001,6270726.18,3,
770172.43,6270726.18,1,
770172.7300000001,6270726.18,4,
770173.03,6270726.18,5,
770173.3300000001,6270726.18,3,
770173.6300000001,6270726.18,6,
770173.93,6270726.18,5,
770177.8300000001,6270726.18,3,
770178.1300000001,6270726.18,5,
770178.43,6270726.18,5,
770178.7300000001,6270726.18,1,
770182.6300000001,6270726.18,1,
770182.93,6270726.18,3,
770183.2300000001,6270726.18,3,
770187.7300000001,6270726.18,1,
770191.3300000001,6270726.18,2,
770191.6300000001,6270726.18,2,
770192.2300000001,6270726.18,5,
770192.53,6270726.18,5,
770192.8300000001,6270726.18,3,
770193.1300000001,6270726.18,5,
770196.4300000002,6270726.18,3,
770196.7300000001,6270726.18,5,
770197.03,6270726.18,5,
770197.3300000001,6270726.18,4,
770197.6300000001,6270726.18,1,
770197.9300000002,6270726.18,2,
770198.2300000001,6270726.18,4,
770198.53,6270726.18,1,
770109.43,6270726.48,1,
770110.03,6270726.48,4,
770110.3300000001,6270726.48,4,
770110.6300000001,6270726.48,4,
770110.93,6270726.48,4,
770111.23,6270726.48,3,
770115.1300000001,6270726.48,3,
770115.43,6270726.48,3,
770115.73,6270726.48,5,
770116.03,6270726.48,2,
770116.3300000001,6270726.48,1,
770119.6300000001,6270726.48,3,
770119.93,6270726.48,5,
770120.23,6270726.48,3,
770120.53,6270726.48,7,
770124.1300000001,6270726.48,1,
770124.43,6270726.48,3,
770124.73,6270726.48,5,
770125.03,6270726.48,4,
770125.3300000001,6270726.48,4,
770129.53,6270726.48,4,
770129.8300000001,6270726.48,3,
770130.1300000001,6270726.48,2,
770130.43,6270726.48,2,
770133.73,6270726.48,2,
770134.03,6270726.48,4,
770134.3300000001,6270726.48,3,
770134.6300000001,6270726.48,5,
770134.93,6270726.48,2,
770135.23,6270726.48,2,
770138.53,6270726.48,1,
770138.8300000001,6270726.48,4,
770139.1300000001,6270726.48,6,
770139.43,6270726.48,2,
770139.7300000001,6270726.48,4,
770140.03,6270726.48,5,
770140.3300000001,6270726.48,1,
770143.6300000001,6270726.48,1,
770143.93,6270726.48,6,
770144.2300000001,6270726.48,5,
770144.53,6270726.48,4,
770144.8300000001,6270726.48,2,
770148.1300000001,6270726.48,1,
770148.43,6270726.48,4,
770148.7300000001,6270726.48,2,
770149.03,6270726.48,5,
770149.3300000001,6270726.48,5,
770149.6300000001,6270726.48,2,
770153.53,6270726.48,5,
770153.8300000001,6270726.48,3,
770154.1300000001,6270726.48,3,
770154.43,6270726.48,2,
770158.03,6270726.48,1,
770158.3300000001,6270726.48,6,
770158.6300000001,6270726.48,5,
770158.93,6270726.48,1,
770159.2300000001,6270726.48,6,
770159.53,6270726.48,1,
770159.8300000001,6270726.48,1,
770162.8300000001,6270726.48,3,
770163.1300000001,6270726.48,5,
770163.43,6270726.48,3,
770163.7300000001,6270726.48,4,
770164.03,6270726.48,2,
770167.3300000001,6270726.48,3,
770167.6300000001,6270726.48,6,
770167.93,6270726.48,5,
770168.2300000001,6270726.48,2,
770168.53,6270726.48,3,
770168.8300000001,6270726.48,1,
770171.8300000001,6270726.48,1,
770172.1300000001,6270726.48,1,
770172.43,6270726.48,4,
770172.7300000001,6270726.48,4,
770173.03,6270726.48,2,
770173.3300000001,6270726.48,1,
770176.93,6270726.48,3,
770177.2300000001,6270726.48,4,
770177.53,6270726.48,3,
770177.8300000001,6270726.48,3,
770178.1300000001,6270726.48,1,
770182.3300000001,6270726.48,1,
770182.6300000001,6270726.48,5,
770182.93,6270726.48,5,
770183.2300000001,6270726.48,1,
770186.8300000001,6270726.48,1,
770190.43,6270726.48,2,
770190.7300000001,6270726.48,3,
770191.03,6270726.48,2,
770191.3300000001,6270726.48,5,
770191.6300000001,6270726.48,3,
770191.93,6270726.48,4,
770192.2300000001,6270726.48,4,
770192.53,6270726.48,6,
770192.8300000001,6270726.48,3,
770195.53,6270726.48,1,
770196.1300000001,6270726.48,4,
770196.4300000002,6270726.48,3,
770196.7300000001,6270726.48,4,
770197.03,6270726.48,5,
770197.3300000001,6270726.48,3,
770197.6300000001,6270726.48,3,
770109.1300000001,6270726.779999999,4,
770109.43,6270726.779999999,2,
770109.73,6270726.779999999,4,
770110.03,6270726.779999999,4,
770110.3300000001,6270726.779999999,5,
770110.6300000001,6270726.779999999,5,
770110.93,6270726.779999999,3,
770114.23,6270726.779999999,1,
770114.53,6270726.779999999,3,
770114.8300000001,6270726.779999999,7,
770115.1300000001,6270726.779999999,5,
770115.43,6270726.779999999,4,
770119.03,6270726.779999999,2,
770119.3300000001,6270726.779999999,6,
770119.6300000001,6270726.779999999,3,
770119.93,6270726.779999999,3,
770120.23,6270726.779999999,6,
770124.1300000001,6270726.779999999,5,
770124.43,6270726.779999999,4,
770124.73,6270726.779999999,3,
770125.03,6270726.779999999,6,
770125.3300000001,6270726.779999999,2,
770128.3300000001,6270726.779999999,1,
770128.6300000001,6270726.779999999,2,
770128.93,6270726.779999999,3,
770129.23,6270726.779999999,3,
770129.53,6270726.779999999,4,
770129.8300000001,6270726.779999999,2,
770133.43,6270726.779999999,3,
770133.73,6270726.779999999,2,
770134.03,6270726.779999999,4,
770134.3300000001,6270726.779999999,3,
770134.6300000001,6270726.779999999,2,
770134.93,6270726.779999999,1,
770138.2300000001,6270726.779999999,3,
770138.53,6270726.779999999,4,
770138.8300000001,6270726.779999999,5,
770139.1300000001,6270726.779999999,1,
770139.43,6270726.779999999,4,
770139.7300000001,6270726.779999999,1,
770143.3300000001,6270726.779999999,2,
770143.6300000001,6270726.779999999,6,
770143.93,6270726.779999999,6,
770144.2300000001,6270726.779999999,3,
770144.53,6270726.779999999,1,
770147.8300000001,6270726.779999999,2,
770148.1300000001,6270726.779999999,3,
770148.43,6270726.779999999,2,
770148.7300000001,6270726.779999999,4,
770149.03,6270726.779999999,5,
770152.6300000001,6270726.779999999,3,
770152.93,6270726.779999999,4,
770153.2300000001,6270726.779999999,4,
770153.53,6270726.779999999,2,
770153.8300000001,6270726.779999999,3,
770157.43,6270726.779999999,1,
770157.7300000001,6270726.779999999,2,
770158.03,6270726.779999999,5,
770158.3300000001,6270726.779999999,3,
770158.6300000001,6270726.779999999,5,
770158.93,6270726.779999999,4,
770161.93,6270726.779999999,1,
770162.53,6270726.779999999,6,
770162.8300000001,6270726.779999999,4,
770163.1300000001,6270726.779999999,5,
770163.43,6270726.779999999,4,
770163.7300000001,6270726.779999999,2,
770166.7300000001,6270726.779999999,2,
770167.03,6270726.779999999,4,
770167.3300000001,6270726.779999999,6,
770167.6300000001,6270726.779999999,5,
770167.93,6270726.779999999,3,
770168.2300000001,6270726.779999999,4,
770168.53,6270726.779999999,3,
770171.53,6270726.779999999,1,
770171.8300000001,6270726.779999999,4,
770172.1300000001,6270726.779999999,3,
770172.43,6270726.779999999,5,
770172.7300000001,6270726.779999999,5,
770173.03,6270726.779999999,3,
770173.3300000001,6270726.779999999,1,
770176.3300000001,6270726.779999999,1,
770176.6300000001,6270726.779999999,4,
770176.93,6270726.779999999,3,
770177.2300000001,6270726.779999999,5,
770177.53,6270726.779999999,2,
770181.43,6270726.779999999,2,
770181.7300000001,6270726.779999999,2,
770182.03,6270726.779999999,5,
770182.3300000001,6270726.779999999,5,
770182.6300000001,6270726.779999999,1,
770185.93,6270726.779999999,1,
770186.2300000001,6270726.779999999,1,
770186.8300000001,6270726.779999999,1,
770187.1300000001,6270726.779999999,1,
770190.43,6270726.779999999,3,
770190.7300000001,6270726.779999999,4,
770191.03,6270726.779999999,3,
770191.3300000001,6270726.779999999,6,
770191.6300000001,6270726.779999999,5,
770191.93,6270726.779999999,4,
770192.2300000001,6270726.779999999,1,
770192.53,6270726.779999999,1,
770195.2300000001,6270726.779999999,2,
770195.53,6270726.779999999,5,
770195.8300000001,6270726.779999999,1,
770196.1300000001,6270726.779999999,2,
770196.4300000002,6270726.779999999,6,
770196.7300000001,6270726.779999999,3,
770197.03,6270726.779999999,1,
770197.3300000001,6270726.779999999,1,
770109.1300000001,6270727.08,5,
770109.43,6270727.08,5,
770109.73,6270727.08,3,
770110.03,6270727.08,3,
770110.3300000001,6270727.08,5,
770110.6300000001,6270727.08,3,
770113.93,6270727.08,3,
770114.23,6270727.08,4,
770114.53,6270727.08,5,
770114.8300000001,6270727.08,6,
770115.1300000001,6270727.08,3,
770115.43,6270727.08,1,
770118.43,6270727.08,3,
770118.73,6270727.08,4,
770119.03,6270727.08,5,
770119.3300000001,6270727.08,3,
770119.6300000001,6270727.08,6,
770123.53,6270727.08,1,
770123.8300000001,6270727.08,5,
770124.1300000001,6270727.08,5,
770124.43,6270727.08,4,
770124.73,6270727.08,5,
770125.03,6270727.08,1,
770128.03,6270727.08,1,
770128.3300000001,6270727.08,2,
770128.6300000001,6270727.08,3,
770128.93,6270727.08,3,
770129.23,6270727.08,3,
770129.8300000001,6270727.08,1,
770132.53,6270727.08,1,
770132.8300000001,6270727.08,2,
770133.1300000001,6270727.08,5,
770133.43,6270727.08,5,
770133.73,6270727.08,6,
770134.03,6270727.08,1,
770137.6300000001,6270727.08,1,
770137.93,6270727.08,3,
770138.2300000001,6270727.08,4,
770138.53,6270727.08,3,
770138.8300000001,6270727.08,4,
770139.1300000001,6270727.08,3,
770139.43,6270727.08,1,
770142.7300000001,6270727.08,3,
770143.03,6270727.08,5,
770143.3300000001,6270727.08,4,
770143.6300000001,6270727.08,6,
770143.93,6270727.08,4,
770147.8300000001,6270727.08,6,
770148.1300000001,6270727.08,3,
770148.43,6270727.08,4,
770148.7300000001,6270727.08,1,
770152.03,6270727.08,2,
770152.3300000001,6270727.08,2,
770152.6300000001,6270727.08,2,
770152.93,6270727.08,6,
770153.2300000001,6270727.08,3,
770157.1300000001,6270727.08,4,
770157.43,6270727.08,3,
770157.7300000001,6270727.08,5,
770158.03,6270727.08,5,
770158.3300000001,6270727.08,3,
770158.6300000001,6270727.08,1,
770161.93,6270727.08,1,
770162.2300000001,6270727.08,5,
770162.53,6270727.08,1,
770162.8300000001,6270727.08,5,
770166.43,6270727.08,2,
770166.7300000001,6270727.08,4,
770167.03,6270727.08,5,
770167.3300000001,6270727.08,6,
770167.6300000001,6270727.08,5,
770167.93,6270727.08,5,
770170.93,6270727.08,2,
770171.2300000001,6270727.08,4,
770171.53,6270727.08,2,
770171.8300000001,6270727.08,4,
770172.1300000001,6270727.08,2,
770172.43,6270727.08,3,
770172.7300000001,6270727.08,1,
770176.03,6270727.08,4,
770176.3300000001,6270727.08,5,
770176.6300000001,6270727.08,3,
770176.93,6270727.08,4,
770177.2300000001,6270727.08,2,
770180.8300000001,6270727.08,1,
770181.1300000001,6270727.08,3,
770181.43,6270727.08,4,
770181.7300000001,6270727.08,4,
770182.03,6270727.08,2,
770185.93,6270727.08,5,
770186.2300000001,6270727.08,2,
770186.53,6270727.08,1,
770189.2300000001,6270727.08,2,
770189.53,6270727.08,1,
770189.8300000001,6270727.08,3,
770190.1300000001,6270727.08,3,
770190.43,6270727.08,6,
770190.7300000001,6270727.08,4,
770191.03,6270727.08,5,
770191.6300000001,6270727.08,5,
770191.93,6270727.08,4,
770194.93,6270727.08,4,
770195.2300000001,6270727.08,5,
770195.53,6270727.08,2,
770196.1300000001,6270727.08,5,
770196.4300000002,6270727.08,2,
770196.7300000001,6270727.08,5,
770197.03,6270727.08,3,
770108.8300000001,6270727.379999999,1,
770109.1300000001,6270727.379999999,2,
770109.43,6270727.379999999,6,
770109.73,6270727.379999999,4,
770110.03,6270727.379999999,3,
770110.3300000001,6270727.379999999,1,
770113.3300000001,6270727.379999999,3,
770113.6300000001,6270727.379999999,3,
770113.93,6270727.379999999,4,
770114.23,6270727.379999999,6,
770114.53,6270727.379999999,4,
770114.8300000001,6270727.379999999,3,
770115.1300000001,6270727.379999999,1,
770117.8300000001,6270727.379999999,1,
770118.1300000001,6270727.379999999,2,
770118.43,6270727.379999999,5,
770118.73,6270727.379999999,4,
770119.03,6270727.379999999,4,
770119.3300000001,6270727.379999999,2,
770122.93,6270727.379999999,1,
770123.23,6270727.379999999,3,
770123.53,6270727.379999999,7,
770123.8300000001,6270727.379999999,3,
770124.1300000001,6270727.379999999,4,
770124.43,6270727.379999999,1,
770127.73,6270727.379999999,3,
770128.03,6270727.379999999,3,
770128.3300000001,6270727.379999999,4,
770128.6300000001,6270727.379999999,5,
770128.93,6270727.379999999,2,
770132.53,6270727.379999999,3,
770132.8300000001,6270727.379999999,2,
770133.1300000001,6270727.379999999,1,
770133.43,6270727.379999999,5,
770137.3300000001,6270727.379999999,2,
770137.6300000001,6270727.379999999,4,
770137.93,6270727.379999999,7,
770138.2300000001,6270727.379999999,4,
770138.53,6270727.379999999,4,
770138.8300000001,6270727.379999999,1,
770142.43,6270727.379999999,3,
770142.7300000001,6270727.379999999,3,
770143.03,6270727.379999999,7,
770143.3300000001,6270727.379999999,2,
770143.6300000001,6270727.379999999,2,
770147.53,6270727.379999999,2,
770147.8300000001,6270727.379999999,5,
770148.1300000001,6270727.379999999,4,
770148.43,6270727.379999999,2,
770151.43,6270727.379999999,1,
770151.7300000001,6270727.379999999,1,
770152.03,6270727.379999999,5,
770152.3300000001,6270727.379999999,5,
770152.6300000001,6270727.379999999,5,
770152.93,6270727.379999999,4,
770156.2300000001,6270727.379999999,1,
770156.53,6270727.379999999,1,
770156.8300000001,6270727.379999999,5,
770157.1300000001,6270727.379999999,3,
770157.43,6270727.379999999,3,
770157.7300000001,6270727.379999999,5,
770158.03,6270727.379999999,2,
770161.3300000001,6270727.379999999,1,
770161.6300000001,6270727.379999999,5,
770161.93,6270727.379999999,8,
770162.2300000001,6270727.379999999,4,
770162.53,6270727.379999999,5,
770165.8300000001,6270727.379999999,2,
770166.1300000001,6270727.379999999,3,
770166.43,6270727.379999999,5,
770166.7300000001,6270727.379999999,4,
770167.03,6270727.379999999,2,
770167.3300000001,6270727.379999999,1,
770167.6300000001,6270727.379999999,1,
770170.6300000001,6270727.379999999,2,
770170.93,6270727.379999999,4,
770171.2300000001,6270727.379999999,4,
770171.53,6270727.379999999,5,
770171.8300000001,6270727.379999999,5,
770172.1300000001,6270727.379999999,2,
770175.7300000001,6270727.379999999,4,
770176.03,6270727.379999999,3,
770176.3300000001,6270727.379999999,7,
770176.6300000001,6270727.379999999,4,
770176.93,6270727.379999999,1,
770180.53,6270727.379999999,1,
770180.8300000001,6270727.379999999,1,
770181.1300000001,6270727.379999999,3,
770181.43,6270727.379999999,5,
770181.7300000001,6270727.379999999,1,
770185.03,6270727.379999999,2,
770185.3300000001,6270727.379999999,4,
770185.93,6270727.379999999,1,
770186.2300000001,6270727.379999999,1,
770188.93,6270727.379999999,1,
770189.2300000001,6270727.379999999,4,
770189.53,6270727.379999999,4,
770189.8300000001,6270727.379999999,6,
770190.1300000001,6270727.379999999,1,
770190.43,6270727.379999999,5,
770190.7300000001,6270727.379999999,5,
770191.03,6270727.379999999,1,
770191.3300000001,6270727.379999999,1,
770191.93,6270727.379999999,2,
770194.6300000001,6270727.379999999,2,
770194.93,6270727.379999999,5,
770195.2300000001,6270727.379999999,2,
770195.53,6270727.379999999,5,
770196.1300000001,6270727.379999999,2,
770196.4300000002,6270727.379999999,2,
770109.1300000001,6270727.68,5,
770109.43,6270727.68,4,
770109.73,6270727.68,2,
770113.03,6270727.68,2,
770113.3300000001,6270727.68,5,
770113.6300000001,6270727.68,8,
770113.93,6270727.68,4,
770114.23,6270727.68,2,
770114.53,6270727.68,2,
770117.53,6270727.68,1,
770117.8300000001,6270727.68,2,
770118.1300000001,6270727.68,3,
770118.43,6270727.68,2,
770118.73,6270727.68,5,
770119.03,6270727.68,2,
770122.03,6270727.68,1,
770122.6300000001,6270727.68,5,
770122.93,6270727.68,5,
770123.23,6270727.68,5,
770123.53,6270727.68,3,
770123.8300000001,6270727.68,2,
770127.1300000001,6270727.68,1,
770127.43,6270727.68,2,
770127.73,6270727.68,4,
770128.03,6270727.68,7,
770128.3300000001,6270727.68,5,
770131.93,6270727.68,2,
770132.23,6270727.68,5,
770132.53,6270727.68,3,
770132.8300000001,6270727.68,5,
770133.1300000001,6270727.68,1,
770136.7300000001,6270727.68,2,
770137.03,6270727.68,3,
770137.3300000001,6270727.68,5,
770137.6300000001,6270727.68,6,
770137.93,6270727.68,3,
770142.1300000001,6270727.68,1,
770142.43,6270727.68,5,
770142.7300000001,6270727.68,3,
770146.6300000001,6270727.68,5,
770146.93,6270727.68,5,
770147.2300000001,6270727.68,4,
770147.53,6270727.68,3,
770147.8300000001,6270727.68,3,
770150.8300000001,6270727.68,1,
770151.1300000001,6270727.68,2,
770151.43,6270727.68,3,
770151.7300000001,6270727.68,4,
770152.03,6270727.68,6,
770152.3300000001,6270727.68,2,
770155.6300000001,6270727.68,1,
770155.93,6270727.68,1,
770156.2300000001,6270727.68,4,
770156.53,6270727.68,5,
770156.8300000001,6270727.68,5,
770157.1300000001,6270727.68,3,
770157.43,6270727.68,3,
770161.03,6270727.68,1,
770161.3300000001,6270727.68,3,
770161.6300000001,6270727.68,3,
770161.93,6270727.68,6,
770162.2300000001,6270727.68,1,
770165.53,6270727.68,4,
770165.8300000001,6270727.68,6,
770166.1300000001,6270727.68,5,
770166.43,6270727.68,4,
770166.7300000001,6270727.68,4,
770167.03,6270727.68,2,
770170.6300000001,6270727.68,6,
770170.93,6270727.68,3,
770171.2300000001,6270727.68,6,
770171.53,6270727.68,3,
770174.8300000001,6270727.68,2,
770175.1300000001,6270727.68,2,
770175.43,6270727.68,5,
770175.7300000001,6270727.68,4,
770176.03,6270727.68,4,
770179.93,6270727.68,1,
770180.53,6270727.68,3,
770180.8300000001,6270727.68,5,
770181.1300000001,6270727.68,1,
770184.1300000001,6270727.68,1,
770185.03,6270727.68,4,
770185.3300000001,6270727.68,1,
770185.93,6270727.68,1,
770189.2300000001,6270727.68,3,
770189.53,6270727.68,5,
770189.8300000001,6270727.68,1,
770190.1300000001,6270727.68,5,
770190.43,6270727.68,2,
770191.03,6270727.68,3,
770193.43,6270727.68,2,
770193.7300000001,6270727.68,2,
770194.03,6270727.68,4,
770194.3300000001,6270727.68,1,
770194.6300000001,6270727.68,6,
770194.93,6270727.68,4,
770195.2300000001,6270727.68,6,
770195.53,6270727.68,1,
770112.43,6270727.98,3,
770112.73,6270727.98,4,
770113.03,6270727.98,5,
770113.3300000001,6270727.98,4,
770113.6300000001,6270727.98,4,
770113.93,6270727.98,3,
770116.6300000001,6270727.98,2,
770116.93,6270727.98,2,
770117.23,6270727.98,2,
770117.53,6270727.98,5,
770117.8300000001,6270727.98,3,
770118.1300000001,6270727.98,2,
770118.43,6270727.98,1,
770121.73,6270727.98,2,
770122.03,6270727.98,2,
770122.3300000001,6270727.98,4,
770122.6300000001,6270727.98,5,
770122.93,6270727.98,4,
770126.53,6270727.98,1,
770126.8300000001,6270727.98,1,
770127.1300000001,6270727.98,3,
770127.43,6270727.98,4,
770127.73,6270727.98,3,
770128.03,6270727.98,1,
770131.3300000001,6270727.98,2,
770131.6300000001,6270727.98,5,
770131.93,6270727.98,7,
770132.23,6270727.98,3,
770132.53,6270727.98,3,
770132.8300000001,6270727.98,2,
770136.1300000001,6270727.98,1,
770136.43,6270727.98,1,
770136.7300000001,6270727.98,4,
770137.03,6270727.98,5,
770137.3300000001,6270727.98,3,
770137.6300000001,6270727.98,1,
770140.93,6270727.98,1,
770141.2300000001,6270727.98,1,
770141.53,6270727.98,2,
770141.8300000001,6270727.98,1,
770142.1300000001,6270727.98,4,
770142.43,6270727.98,1,
770145.7300000001,6270727.98,2,
770146.03,6270727.98,3,
770146.3300000001,6270727.98,5,
770146.6300000001,6270727.98,3,
770146.93,6270727.98,5,
770147.2300000001,6270727.98,2,
770150.53,6270727.98,1,
770150.8300000001,6270727.98,1,
770151.1300000001,6270727.98,3,
770151.43,6270727.98,7,
770151.7300000001,6270727.98,4,
770155.03,6270727.98,1,
770155.3300000001,6270727.98,2,
770155.93,6270727.98,3,
770156.2300000001,6270727.98,3,
770156.53,6270727.98,3,
770156.8300000001,6270727.98,5,
770157.1300000001,6270727.98,4,
770160.43,6270727.98,3,
770160.7300000001,6270727.98,6,
770161.03,6270727.98,6,
770161.3300000001,6270727.98,3,
770161.6300000001,6270727.98,4,
770164.6300000001,6270727.98,1,
770164.93,6270727.98,2,
770165.2300000001,6270727.98,2,
770165.53,6270727.98,6,
770165.8300000001,6270727.98,4,
770166.1300000001,6270727.98,1,
770166.43,6270727.98,2,
770169.43,6270727.98,2,
770169.7300000001,6270727.98,4,
770170.03,6270727.98,3,
770170.3300000001,6270727.98,2,
770170.6300000001,6270727.98,3,
770170.93,6270727.98,1,
770173.93,6270727.98,3,
770174.2300000001,6270727.98,2,
770174.53,6270727.98,2,
770174.8300000001,6270727.98,4,
770175.1300000001,6270727.98,5,
770175.43,6270727.98,3,
770175.7300000001,6270727.98,1,
770179.6300000001,6270727.98,2,
770180.2300000001,6270727.98,4,
770184.1300000001,6270727.98,3,
770184.43,6270727.98,4,
770184.7300000001,6270727.98,5,
770185.03,6270727.98,1,
770189.2300000001,6270727.98,4,
770189.53,6270727.98,4,
770189.8300000001,6270727.98,2,
770190.1300000001,6270727.98,4,
770190.43,6270727.98,4,
770193.1300000001,6270727.98,1,
770193.43,6270727.98,3,
770193.7300000001,6270727.98,5,
770194.03,6270727.98,4,
770194.3300000001,6270727.98,3,
770194.6300000001,6270727.98,1,
770194.93,6270727.98,3,
770195.2300000001,6270727.98,4,
770195.53,6270727.98,2,
770198.53,6270727.98,1,
770198.8300000001,6270727.98,1,
770199.1300000001,6270727.98,1,
770111.8300000001,6270728.279999999,3,
770112.1300000001,6270728.279999999,5,
770112.43,6270728.279999999,2,
770112.73,6270728.279999999,8,
770113.03,6270728.279999999,3,
770116.3300000001,6270728.279999999,1,
770116.6300000001,6270728.279999999,2,
770116.93,6270728.279999999,5,
770117.23,6270728.279999999,4,
770117.53,6270728.279999999,2,
770117.8300000001,6270728.279999999,1,
770121.1300000001,6270728.279999999,2,
770121.43,6270728.279999999,3,
770121.73,6270728.279999999,2,
770122.03,6270728.279999999,3,
770122.3300000001,6270728.279999999,4,
770122.6300000001,6270728.279999999,6,
770122.93,6270728.279999999,2,
770125.93,6270728.279999999,1,
770126.23,6270728.279999999,2,
770126.53,6270728.279999999,5,
770126.8300000001,6270728.279999999,2,
770127.1300000001,6270728.279999999,4,
770127.43,6270728.279999999,3,
770127.73,6270728.279999999,1,
770130.73,6270728.279999999,2,
770131.03,6270728.279999999,4,
770131.3300000001,6270728.279999999,3,
770131.6300000001,6270728.279999999,5,
770131.93,6270728.279999999,4,
770132.23,6270728.279999999,2,
770135.53,6270728.279999999,2,
770135.8300000001,6270728.279999999,4,
770136.1300000001,6270728.279999999,4,
770136.43,6270728.279999999,6,
770136.7300000001,6270728.279999999,4,
770137.03,6270728.279999999,2,
770137.3300000001,6270728.279999999,1,
770140.6300000001,6270728.279999999,3,
770140.93,6270728.279999999,6,
770141.2300000001,6270728.279999999,3,
770141.53,6270728.279999999,4,
770141.8300000001,6270728.279999999,1,
770142.1300000001,6270728.279999999,1,
770142.43,6270728.279999999,2,
770145.43,6270728.279999999,2,
770145.7300000001,6270728.279999999,6,
770146.03,6270728.279999999,4,
770146.3300000001,6270728.279999999,2,
770146.6300000001,6270728.279999999,4,
770146.93,6270728.279999999,1,
770149.93,6270728.279999999,1,
770150.2300000001,6270728.279999999,3,
770150.53,6270728.279999999,5,
770150.8300000001,6270728.279999999,5,
770151.1300000001,6270728.279999999,2,
770151.43,6270728.279999999,3,
770155.03,6270728.279999999,2,
770155.3300000001,6270728.279999999,3,
770155.6300000001,6270728.279999999,6,
770155.93,6270728.279999999,5,
770156.2300000001,6270728.279999999,3,
770156.53,6270728.279999999,2,
770159.53,6270728.279999999,1,
770159.8300000001,6270728.279999999,2,
770160.1300000001,6270728.279999999,2,
770160.43,6270728.279999999,6,
770160.7300000001,6270728.279999999,6,
770161.03,6270728.279999999,3,
770161.3300000001,6270728.279999999,1,
770164.3300000001,6270728.279999999,2,
770164.6300000001,6270728.279999999,4,
770164.93,6270728.279999999,2,
770165.2300000001,6270728.279999999,5,
770165.53,6270728.279999999,6,
770165.8300000001,6270728.279999999,5,
770169.1300000001,6270728.279999999,1,
770169.43,6270728.279999999,3,
770169.7300000001,6270728.279999999,4,
770170.03,6270728.279999999,6,
770170.3300000001,6270728.279999999,2,
770173.6300000001,6270728.279999999,1,
770174.2300000001,6270728.279999999,4,
770174.53,6270728.279999999,5,
770174.8300000001,6270728.279999999,4,
770175.1300000001,6270728.279999999,2,
770183.8300000001,6270728.279999999,6,
770184.1300000001,6270728.279999999,3,
770184.43,6270728.279999999,2,
770188.3300000001,6270728.279999999,2,
770188.6300000001,6270728.279999999,1,
770188.93,6270728.279999999,1,
770189.2300000001,6270728.279999999,2,
770192.8300000001,6270728.279999999,2,
770193.1300000001,6270728.279999999,5,
770193.43,6270728.279999999,5,
770193.7300000001,6270728.279999999,5,
770194.03,6270728.279999999,3,
770194.3300000001,6270728.279999999,3,
770194.93,6270728.279999999,1,
770195.2300000001,6270728.279999999,2,
770198.2300000001,6270728.279999999,3,
770198.53,6270728.279999999,4,
770198.8300000001,6270728.279999999,2,
770199.1300000001,6270728.279999999,2,
770111.8300000001,6270728.58,4,
770112.1300000001,6270728.58,4,
770112.43,6270728.58,7,
770112.73,6270728.58,3,
770113.03,6270728.58,2,
770116.03,6270728.58,1,
770116.3300000001,6270728.58,5,
770116.6300000001,6270728.58,5,
770116.93,6270728.58,4,
770117.23,6270728.58,5,
770117.53,6270728.58,2,
770120.53,6270728.58,2,
770120.8300000001,6270728.58,2,
770121.1300000001,6270728.58,3,
770121.43,6270728.58,7,
770121.73,6270728.58,1,
770122.03,6270728.58,5,
770122.3300000001,6270728.58,2,
770122.6300000001,6270728.58,1,
770125.3300000001,6270728.58,1,
770125.6300000001,6270728.58,1,
770125.93,6270728.58,4,
770126.23,6270728.58,4,
770126.53,6270728.58,7,
770126.8300000001,6270728.58,4,
770127.1300000001,6270728.58,1,
770130.43,6270728.58,1,
770130.73,6270728.58,5,
770131.03,6270728.58,6,
770131.3300000001,6270728.58,2,
770131.6300000001,6270728.58,1,
770131.93,6270728.58,1,
770134.93,6270728.58,1,
770135.23,6270728.58,1,
770135.53,6270728.58,6,
770135.8300000001,6270728.58,5,
770136.1300000001,6270728.58,4,
770136.43,6270728.58,3,
770136.7300000001,6270728.58,2,
770140.3300000001,6270728.58,2,
770140.6300000001,6270728.58,6,
770140.93,6270728.58,4,
770141.2300000001,6270728.58,3,
770141.53,6270728.58,2,
770144.8300000001,6270728.58,1,
770145.1300000001,6270728.58,4,
770145.43,6270728.58,5,
770145.7300000001,6270728.58,8,
770146.03,6270728.58,2,
770146.3300000001,6270728.58,4,
770146.6300000001,6270728.58,1,
770149.6300000001,6270728.58,2,
770149.93,6270728.58,5,
770150.2300000001,6270728.58,2,
770150.53,6270728.58,4,
770150.8300000001,6270728.58,6,
770151.1300000001,6270728.58,2,
770154.43,6270728.58,3,
770154.7300000001,6270728.58,2,
770155.03,6270728.58,4,
770155.3300000001,6270728.58,5,
770155.6300000001,6270728.58,4,
770155.93,6270728.58,5,
770156.2300000001,6270728.58,3,
770159.53,6270728.58,3,
770159.8300000001,6270728.58,5,
770160.1300000001,6270728.58,4,
770160.43,6270728.58,5,
770160.7300000001,6270728.58,3,
770163.7300000001,6270728.58,1,
770164.03,6270728.58,1,
770164.3300000001,6270728.58,7,
770164.6300000001,6270728.58,5,
770164.93,6270728.58,5,
770165.2300000001,6270728.58,4,
770165.53,6270728.58,1,
770168.8300000001,6270728.58,4,
770169.1300000001,6270728.58,3,
770169.43,6270728.58,7,
770169.7300000001,6270728.58,6,
770170.03,6270728.58,2,
770170.3300000001,6270728.58,1,
770173.3300000001,6270728.58,2,
770173.6300000001,6270728.58,2,
770173.93,6270728.58,5,
770174.2300000001,6270728.58,4,
770174.53,6270728.58,3,
770179.6300000001,6270728.58,1,
770182.93,6270728.58,1,
770183.2300000001,6270728.58,1,
770183.53,6270728.58,1,
770183.8300000001,6270728.58,3,
770184.1300000001,6270728.58,2,
770188.03,6270728.58,2,
770188.3300000001,6270728.58,2,
770188.6300000001,6270728.58,4,
770188.93,6270728.58,4,
770189.2300000001,6270728.58,2,
770192.53,6270728.58,2,
770192.8300000001,6270728.58,2,
770193.1300000001,6270728.58,5,
770193.43,6270728.58,4,
770193.7300000001,6270728.58,3,
770194.03,6270728.58,2,
770197.6300000001,6270728.58,2,
770197.9300000002,6270728.58,3,
770198.2300000001,6270728.58,2,
770198.53,6270728.58,5,
770198.8300000001,6270728.58,2,
770110.93,6270728.879999999,4,
770111.23,6270728.879999999,4,
770111.53,6270728.879999999,5,
770111.8300000001,6270728.879999999,5,
770112.1300000001,6270728.879999999,5,
770112.43,6270728.879999999,1,
770112.73,6270728.879999999,2,
770113.03,6270728.879999999,2,
770115.1300000001,6270728.879999999,1,
770115.73,6270728.879999999,3,
770116.03,6270728.879999999,4,
770116.3300000001,6270728.879999999,3,
770116.6300000001,6270728.879999999,3,
770116.93,6270728.879999999,1,
770117.23,6270728.879999999,1,
770120.23,6270728.879999999,1,
770120.53,6270728.879999999,3,
770120.8300000001,6270728.879999999,3,
770121.1300000001,6270728.879999999,7,
770121.43,6270728.879999999,2,
770122.03,6270728.879999999,1,
770125.03,6270728.879999999,1,
770125.3300000001,6270728.879999999,2,
770125.6300000001,6270728.879999999,6,
770125.93,6270728.879999999,3,
770126.23,6270728.879999999,6,
770126.53,6270728.879999999,1,
770126.8300000001,6270728.879999999,2,
770129.53,6270728.879999999,1,
770129.8300000001,6270728.879999999,1,
770130.1300000001,6270728.879999999,4,
770130.43,6270728.879999999,6,
770130.73,6270728.879999999,7,
770131.03,6270728.879999999,3,
770131.3300000001,6270728.879999999,1,
770134.6300000001,6270728.879999999,1,
770134.93,6270728.879999999,4,
770135.23,6270728.879999999,3,
770135.53,6270728.879999999,6,
770135.8300000001,6270728.879999999,5,
770136.1300000001,6270728.879999999,2,
770139.7300000001,6270728.879999999,1,
770140.03,6270728.879999999,1,
770140.3300000001,6270728.879999999,4,
770140.6300000001,6270728.879999999,6,
770140.93,6270728.879999999,5,
770141.2300000001,6270728.879999999,1,
770144.53,6270728.879999999,2,
770144.8300000001,6270728.879999999,6,
770145.1300000001,6270728.879999999,2,
770145.43,6270728.879999999,6,
770145.7300000001,6270728.879999999,1,
770149.03,6270728.879999999,1,
770149.3300000001,6270728.879999999,2,
770149.6300000001,6270728.879999999,4,
770149.93,6270728.879999999,5,
770150.2300000001,6270728.879999999,6,
770150.53,6270728.879999999,3,
770150.8300000001,6270728.879999999,1,
770154.1300000001,6270728.879999999,3,
770154.43,6270728.879999999,2,
770154.7300000001,6270728.879999999,5,
770155.03,6270728.879999999,7,
770155.3300000001,6270728.879999999,3,
770155.6300000001,6270728.879999999,2,
770158.93,6270728.879999999,4,
770159.2300000001,6270728.879999999,4,
770159.53,6270728.879999999,7,
770159.8300000001,6270728.879999999,2,
770160.1300000001,6270728.879999999,3,
770160.43,6270728.879999999,1,
770163.43,6270728.879999999,2,
770163.7300000001,6270728.879999999,3,
770164.03,6270728.879999999,6,
770164.3300000001,6270728.879999999,5,
770164.6300000001,6270728.879999999,4,
770164.93,6270728.879999999,1,
770165.2300000001,6270728.879999999,2,
770165.53,6270728.879999999,1,
770167.93,6270728.879999999,2,
770168.2300000001,6270728.879999999,4,
770168.53,6270728.879999999,6,
770168.8300000001,6270728.879999999,3,
770169.1300000001,6270728.879999999,5,
770169.43,6270728.879999999,4,
770169.7300000001,6270728.879999999,2,
770172.7300000001,6270728.879999999,2,
770173.03,6270728.879999999,1,
770173.3300000001,6270728.879999999,4,
770173.6300000001,6270728.879999999,5,
770173.93,6270728.879999999,5,
770174.2300000001,6270728.879999999,4,
770177.8300000001,6270728.879999999,2,
770178.1300000001,6270728.879999999,2,
770178.43,6270728.879999999,1,
770182.6300000001,6270728.879999999,2,
770182.93,6270728.879999999,2,
770183.2300000001,6270728.879999999,2,
770183.53,6270728.879999999,1,
770188.03,6270728.879999999,5,
770188.3300000001,6270728.879999999,6,
770188.6300000001,6270728.879999999,1,
770191.93,6270728.879999999,1,
770192.53,6270728.879999999,2,
770192.8300000001,6270728.879999999,6,
770193.1300000001,6270728.879999999,3,
770193.43,6270728.879999999,3,
770193.7300000001,6270728.879999999,3,
770196.7300000001,6270728.879999999,1,
770197.03,6270728.879999999,7,
770197.3300000001,6270728.879999999,3,
770197.6300000001,6270728.879999999,5,
770197.9300000002,6270728.879999999,2,
770198.2300000001,6270728.879999999,4,
770198.53,6270728.879999999,1,
770110.3300000001,6270729.18,1,
770110.6300000001,6270729.18,5,
770110.93,6270729.18,5,
770111.23,6270729.18,4,
770111.53,6270729.18,5,
770111.8300000001,6270729.18,2,
770112.1300000001,6270729.18,1,
770112.43,6270729.18,1,
770115.43,6270729.18,4,
770115.73,6270729.18,5,
770116.03,6270729.18,4,
770116.3300000001,6270729.18,3,
770116.6300000001,6270729.18,1,
770119.93,6270729.18,2,
770120.23,6270729.18,1,
770120.53,6270729.18,4,
770120.8300000001,6270729.18,3,
770124.73,6270729.18,2,
770125.03,6270729.18,3,
770125.3300000001,6270729.18,5,
770125.6300000001,6270729.18,3,
770125.93,6270729.18,5,
770129.23,6270729.18,2,
770129.53,6270729.18,4,
770129.8300000001,6270729.18,6,
770130.1300000001,6270729.18,5,
770130.43,6270729.18,4,
770134.3300000001,6270729.18,3,
770134.6300000001,6270729.18,4,
770134.93,6270729.18,3,
770135.23,6270729.18,6,
770135.53,6270729.18,3,
770135.8300000001,6270729.18,1,
770139.43,6270729.18,3,
770139.7300000001,6270729.18,5,
770140.03,6270729.18,4,
770140.3300000001,6270729.18,6,
770140.6300000001,6270729.18,1,
770144.2300000001,6270729.18,6,
770144.53,6270729.18,5,
770144.8300000001,6270729.18,3,
770145.1300000001,6270729.18,5,
770145.43,6270729.18,2,
770148.7300000001,6270729.18,2,
770149.03,6270729.18,1,
770149.3300000001,6270729.18,2,
770149.6300000001,6270729.18,7,
770149.93,6270729.18,3,
770153.53,6270729.18,2,
770153.8300000001,6270729.18,2,
770154.1300000001,6270729.18,3,
770154.43,6270729.18,4,
770154.7300000001,6270729.18,8,
770155.03,6270729.18,1,
770158.3300000001,6270729.18,2,
770158.6300000001,6270729.18,2,
770158.93,6270729.18,5,
770159.2300000001,6270729.18,3,
770163.1300000001,6270729.18,1,
770163.43,6270729.18,4,
770163.7300000001,6270729.18,3,
770164.03,6270729.18,5,
770164.3300000001,6270729.18,2,
770164.6300000001,6270729.18,1,
770167.6300000001,6270729.18,4,
770167.93,6270729.18,5,
770168.2300000001,6270729.18,5,
770168.53,6270729.18,3,
770168.8300000001,6270729.18,4,
770169.1300000001,6270729.18,1,
770172.43,6270729.18,1,
770172.7300000001,6270729.18,2,
770173.03,6270729.18,4,
770173.3300000001,6270729.18,5,
770173.6300000001,6270729.18,6,
770177.2300000001,6270729.18,1,
770177.53,6270729.18,4,
770177.8300000001,6270729.18,3,
770178.1300000001,6270729.18,5,
770178.43,6270729.18,2,
770178.7300000001,6270729.18,1,
770182.3300000001,6270729.18,1,
770182.6300000001,6270729.18,1,
770182.93,6270729.18,2,
770185.93,6270729.18,2,
770186.2300000001,6270729.18,1,
770187.1300000001,6270729.18,1,
770187.43,6270729.18,2,
770187.7300000001,6270729.18,5,
770188.03,6270729.18,3,
770188.3300000001,6270729.18,1,
770191.3300000001,6270729.18,1,
770191.6300000001,6270729.18,3,
770191.93,6270729.18,3,
770192.2300000001,6270729.18,3,
770192.53,6270729.18,3,
770192.8300000001,6270729.18,3,
770193.1300000001,6270729.18,1,
770193.43,6270729.18,2,
770197.03,6270729.18,2,
770197.3300000001,6270729.18,7,
770197.6300000001,6270729.18,2,
770197.9300000002,6270729.18,3,
770200.6300000001,6270729.18,2,
770110.03,6270729.48,1,
770110.3300000001,6270729.48,3,
770110.6300000001,6270729.48,5,
770110.93,6270729.48,3,
770111.23,6270729.48,5,
770111.53,6270729.48,1,
770111.8300000001,6270729.48,1,
770114.53,6270729.48,1,
770114.8300000001,6270729.48,3,
770115.1300000001,6270729.48,7,
770115.43,6270729.48,6,
770115.73,6270729.48,3,
770116.03,6270729.48,2,
770119.03,6270729.48,1,
770119.6300000001,6270729.48,4,
770119.93,6270729.48,3,
770120.23,6270729.48,3,
770120.53,6270729.48,1,
770124.43,6270729.48,5,
770124.73,6270729.48,5,
770125.03,6270729.48,5,
770125.3300000001,6270729.48,6,
770125.6300000001,6270729.48,1,
770128.6300000001,6270729.48,3,
770128.93,6270729.48,1,
770129.23,6270729.48,4,
770129.53,6270729.48,4,
770129.8300000001,6270729.48,6,
770130.1300000001,6270729.48,4,
770133.73,6270729.48,4,
770134.03,6270729.48,5,
770134.3300000001,6270729.48,4,
770134.6300000001,6270729.48,5,
770134.93,6270729.48,6,
770135.23,6270729.48,1,
770138.8300000001,6270729.48,2,
770139.1300000001,6270729.48,3,
770139.43,6270729.48,4,
770139.7300000001,6270729.48,6,
770140.03,6270729.48,1,
770143.6300000001,6270729.48,4,
770143.93,6270729.48,1,
770144.2300000001,6270729.48,2,
770144.53,6270729.48,4,
770144.8300000001,6270729.48,1,
770147.53,6270729.48,2,
770147.8300000001,6270729.48,2,
770148.1300000001,6270729.48,1,
770148.43,6270729.48,3,
770148.7300000001,6270729.48,5,
770149.03,6270729.48,1,
770149.3300000001,6270729.48,5,
770149.6300000001,6270729.48,4,
770149.93,6270729.48,1,
770153.2300000001,6270729.48,2,
770153.53,6270729.48,7,
770153.8300000001,6270729.48,4,
770154.1300000001,6270729.48,3,
770154.43,6270729.48,6,
770154.7300000001,6270729.48,4,
770157.7300000001,6270729.48,1,
770158.03,6270729.48,3,
770158.3300000001,6270729.48,6,
770158.6300000001,6270729.48,5,
770158.93,6270729.48,4,
770162.2300000001,6270729.48,1,
770162.8300000001,6270729.48,4,
770163.1300000001,6270729.48,5,
770163.43,6270729.48,5,
770163.7300000001,6270729.48,5,
770166.7300000001,6270729.48,1,
770167.03,6270729.48,2,
770167.3300000001,6270729.48,5,
770167.6300000001,6270729.48,2,
770167.93,6270729.48,3,
770168.2300000001,6270729.48,8,
770168.53,6270729.48,5,
770168.8300000001,6270729.48,1,
770172.1300000001,6270729.48,1,
770172.43,6270729.48,4,
770172.7300000001,6270729.48,6,
770173.03,6270729.48,3,
770173.3300000001,6270729.48,2,
770176.93,6270729.48,2,
770177.2300000001,6270729.48,3,
770177.53,6270729.48,3,
770177.8300000001,6270729.48,5,
770178.1300000001,6270729.48,2,
770178.43,6270729.48,1,
770182.3300000001,6270729.48,2,
770186.2300000001,6270729.48,5,
770186.53,6270729.48,4,
770186.8300000001,6270729.48,3,
770187.1300000001,6270729.48,2,
770187.43,6270729.48,7,
770187.7300000001,6270729.48,2,
770188.03,6270729.48,5,
770190.7300000001,6270729.48,1,
770191.03,6270729.48,3,
770191.3300000001,6270729.48,5,
770191.6300000001,6270729.48,4,
770191.93,6270729.48,5,
770192.2300000001,6270729.48,5,
770192.53,6270729.48,6,
770192.8300000001,6270729.48,1,
770195.8300000001,6270729.48,2,
770196.7300000001,6270729.48,1,
770197.03,6270729.48,1,
770197.3300000001,6270729.48,4,
770197.6300000001,6270729.48,6,
770200.6300000001,6270729.48,1,
770200.9300000002,6270729.48,3,
770201.2300000001,6270729.48,1,
770110.03,6270729.779999999,2,
770110.3300000001,6270729.779999999,4,
770110.6300000001,6270729.779999999,2,
770110.93,6270729.779999999,6,
770111.23,6270729.779999999,1,
770113.93,6270729.779999999,1,
770114.53,6270729.779999999,4,
770114.8300000001,6270729.779999999,6,
770115.1300000001,6270729.779999999,2,
770115.43,6270729.779999999,3,
770119.03,6270729.779999999,2,
770119.3300000001,6270729.779999999,5,
770119.6300000001,6270729.779999999,4,
770119.93,6270729.779999999,5,
770120.53,6270729.779999999,1,
770123.53,6270729.779999999,1,
770123.8300000001,6270729.779999999,1,
770124.1300000001,6270729.779999999,4,
770124.43,6270729.779999999,2,
770124.73,6270729.779999999,4,
770125.03,6270729.779999999,2,
770128.3300000001,6270729.779999999,1,
770128.6300000001,6270729.779999999,3,
770128.93,6270729.779999999,8,
770129.23,6270729.779999999,1,
770129.53,6270729.779999999,5,
770129.8300000001,6270729.779999999,2,
770133.1300000001,6270729.779999999,1,
770133.43,6270729.779999999,4,
770133.73,6270729.779999999,3,
770134.03,6270729.779999999,6,
770134.3300000001,6270729.779999999,6,
770134.6300000001,6270729.779999999,2,
770137.93,6270729.779999999,1,
770138.53,6270729.779999999,3,
770138.8300000001,6270729.779999999,6,
770139.1300000001,6270729.779999999,3,
770139.43,6270729.779999999,4,
770143.03,6270729.779999999,2,
770143.3300000001,6270729.779999999,6,
770143.6300000001,6270729.779999999,1,
770143.93,6270729.779999999,1,
770147.2300000001,6270729.779999999,2,
770147.53,6270729.779999999,1,
770147.8300000001,6270729.779999999,5,
770148.1300000001,6270729.779999999,5,
770148.43,6270729.779999999,5,
770148.7300000001,6270729.779999999,4,
770149.03,6270729.779999999,3,
770149.3300000001,6270729.779999999,2,
770152.6300000001,6270729.779999999,2,
770152.93,6270729.779999999,2,
770153.2300000001,6270729.779999999,4,
770153.53,6270729.779999999,4,
770153.8300000001,6270729.779999999,5,
770154.1300000001,6270729.779999999,5,
770157.43,6270729.779999999,2,
770157.7300000001,6270729.779999999,4,
770158.03,6270729.779999999,2,
770158.3300000001,6270729.779999999,4,
770158.6300000001,6270729.779999999,4,
770161.93,6270729.779999999,1,
770162.2300000001,6270729.779999999,3,
770162.53,6270729.779999999,5,
770162.8300000001,6270729.779999999,5,
770163.1300000001,6270729.779999999,4,
770166.1300000001,6270729.779999999,1,
770166.43,6270729.779999999,1,
770166.7300000001,6270729.779999999,2,
770167.03,6270729.779999999,5,
770167.3300000001,6270729.779999999,4,
770167.6300000001,6270729.779999999,5,
770167.93,6270729.779999999,7,
770171.8300000001,6270729.779999999,4,
770172.1300000001,6270729.779999999,6,
770172.43,6270729.779999999,3,
770176.6300000001,6270729.779999999,3,
770176.93,6270729.779999999,4,
770177.2300000001,6270729.779999999,6,
770177.53,6270729.779999999,3,
770177.8300000001,6270729.779999999,2,
770178.1300000001,6270729.779999999,1,
770180.8300000001,6270729.779999999,1,
770181.1300000001,6270729.779999999,3,
770181.43,6270729.779999999,1,
770181.7300000001,6270729.779999999,2,
770182.3300000001,6270729.779999999,1,
770186.2300000001,6270729.779999999,4,
770186.53,6270729.779999999,2,
770186.8300000001,6270729.779999999,3,
770187.43,6270729.779999999,1,
770187.7300000001,6270729.779999999,4,
770191.03,6270729.779999999,1,
770191.3300000001,6270729.779999999,5,
770191.6300000001,6270729.779999999,3,
770191.93,6270729.779999999,2,
770192.2300000001,6270729.779999999,4,
770192.53,6270729.779999999,1,
770195.8300000001,6270729.779999999,2,
770196.1300000001,6270729.779999999,2,
770200.6300000001,6270729.779999999,5,
770200.9300000002,6270729.779999999,3,
770201.2300000001,6270729.779999999,4,
770201.53,6270729.779999999,1,
770113.93,6270730.08,1,
770114.23,6270730.08,6,
770114.53,6270730.08,2,
770114.8300000001,6270730.08,1,
770115.1300000001,6270730.08,3,
770118.43,6270730.08,1,
770118.73,6270730.08,1,
770119.03,6270730.08,4,
770119.3300000001,6270730.08,6,
770119.6300000001,6270730.08,1,
770119.93,6270730.08,4,
770120.23,6270730.08,1,
770123.23,6270730.08,3,
770123.53,6270730.08,3,
770123.8300000001,6270730.08,5,
770124.1300000001,6270730.08,2,
770124.43,6270730.08,4,
770127.73,6270730.08,2,
770128.03,6270730.08,3,
770128.3300000001,6270730.08,6,
770128.6300000001,6270730.08,3,
770128.93,6270730.08,5,
770129.23,6270730.08,3,
770129.53,6270730.08,1,
770132.53,6270730.08,1,
770132.8300000001,6270730.08,3,
770133.1300000001,6270730.08,3,
770133.43,6270730.08,6,
770133.73,6270730.08,6,
770134.03,6270730.08,3,
770134.3300000001,6270730.08,1,
770137.93,6270730.08,3,
770138.2300000001,6270730.08,5,
770138.53,6270730.08,4,
770138.8300000001,6270730.08,3,
770139.1300000001,6270730.08,1,
770142.43,6270730.08,1,
770142.7300000001,6270730.08,3,
770143.03,6270730.08,5,
770143.3300000001,6270730.08,4,
770143.6300000001,6270730.08,1,
770143.93,6270730.08,2,
770146.93,6270730.08,1,
770147.2300000001,6270730.08,4,
770147.53,6270730.08,4,
770147.8300000001,6270730.08,2,
770148.1300000001,6270730.08,6,
770148.43,6270730.08,8,
770148.7300000001,6270730.08,5,
770149.03,6270730.08,1,
770151.43,6270730.08,3,
770152.3300000001,6270730.08,2,
770152.6300000001,6270730.08,7,
770152.93,6270730.08,5,
770153.2300000001,6270730.08,3,
770153.53,6270730.08,2,
770156.8300000001,6270730.08,1,
770157.1300000001,6270730.08,4,
770157.43,6270730.08,8,
770157.7300000001,6270730.08,3,
770158.03,6270730.08,5,
770158.3300000001,6270730.08,3,
770161.6300000001,6270730.08,4,
770161.93,6270730.08,2,
770162.2300000001,6270730.08,5,
770162.53,6270730.08,5,
770162.8300000001,6270730.08,2,
770166.1300000001,6270730.08,3,
770166.43,6270730.08,5,
770166.7300000001,6270730.08,7,
770167.03,6270730.08,3,
770167.3300000001,6270730.08,5,
770167.6300000001,6270730.08,1,
770167.93,6270730.08,3,
770171.2300000001,6270730.08,2,
770171.8300000001,6270730.08,3,
770172.1300000001,6270730.08,2,
770172.43,6270730.08,3,
770176.03,6270730.08,2,
770176.3300000001,6270730.08,3,
770176.6300000001,6270730.08,5,
770176.93,6270730.08,6,
770177.2300000001,6270730.08,2,
770180.2300000001,6270730.08,1,
770180.53,6270730.08,4,
770180.8300000001,6270730.08,4,
770181.1300000001,6270730.08,4,
770181.43,6270730.08,4,
770184.43,6270730.08,1,
770184.7300000001,6270730.08,1,
770185.6300000001,6270730.08,1,
770185.93,6270730.08,2,
770186.2300000001,6270730.08,2,
770186.53,6270730.08,5,
770189.8300000001,6270730.08,3,
770190.1300000001,6270730.08,3,
770190.43,6270730.08,2,
770190.7300000001,6270730.08,4,
770191.03,6270730.08,1,
770191.3300000001,6270730.08,3,
770191.6300000001,6270730.08,3,
770195.53,6270730.08,1,
770195.8300000001,6270730.08,4,
770196.1300000001,6270730.08,3,
770196.4300000002,6270730.08,1,
770200.03,6270730.08,1,
770200.3300000001,6270730.08,4,
770200.6300000001,6270730.08,3,
770200.9300000002,6270730.08,3,
770201.2300000001,6270730.08,3,
770201.53,6270730.08,2,
770113.93,6270730.379999999,1,
770114.23,6270730.379999999,1,
770114.53,6270730.379999999,1,
770117.8300000001,6270730.379999999,2,
770118.1300000001,6270730.379999999,4,
770118.43,6270730.379999999,3,
770118.73,6270730.379999999,5,
770119.03,6270730.379999999,2,
770119.3300000001,6270730.379999999,2,
770119.6300000001,6270730.379999999,1,
770122.3300000001,6270730.379999999,3,
770122.6300000001,6270730.379999999,1,
770122.93,6270730.379999999,4,
770123.23,6270730.379999999,6,
770123.53,6270730.379999999,4,
770123.8300000001,6270730.379999999,5,
770124.1300000001,6270730.379999999,1,
770127.1300000001,6270730.379999999,2,
770127.43,6270730.379999999,3,
770127.73,6270730.379999999,3,
770128.03,6270730.379999999,4,
770128.3300000001,6270730.379999999,3,
770128.6300000001,6270730.379999999,6,
770131.93,6270730.379999999,1,
770132.23,6270730.379999999,3,
770132.53,6270730.379999999,4,
770132.8300000001,6270730.379999999,6,
770133.1300000001,6270730.379999999,4,
770133.43,6270730.379999999,2,
770133.73,6270730.379999999,2,
770137.03,6270730.379999999,1,
770137.3300000001,6270730.379999999,3,
770137.6300000001,6270730.379999999,4,
770137.93,6270730.379999999,6,
770138.2300000001,6270730.379999999,3,
770138.53,6270730.379999999,3,
770141.8300000001,6270730.379999999,1,
770142.1300000001,6270730.379999999,2,
770142.43,6270730.379999999,4,
770142.7300000001,6270730.379999999,5,
770143.03,6270730.379999999,6,
770143.3300000001,6270730.379999999,2,
770146.93,6270730.379999999,4,
770147.2300000001,6270730.379999999,3,
770147.53,6270730.379999999,3,
770147.8300000001,6270730.379999999,5,
770148.1300000001,6270730.379999999,3,
770151.1300000001,6270730.379999999,1,
770151.7300000001,6270730.379999999,1,
770152.03,6270730.379999999,4,
770152.3300000001,6270730.379999999,8,
770152.6300000001,6270730.379999999,4,
770152.93,6270730.379999999,5,
770156.2300000001,6270730.379999999,1,
770156.53,6270730.379999999,1,
770156.8300000001,6270730.379999999,5,
770157.1300000001,6270730.379999999,5,
770157.43,6270730.379999999,5,
770157.7300000001,6270730.379999999,4,
770161.03,6270730.379999999,3,
770161.3300000001,6270730.379999999,6,
770161.6300000001,6270730.379999999,4,
770161.93,6270730.379999999,4,
770162.2300000001,6270730.379999999,4,
770165.53,6270730.379999999,1,
770165.8300000001,6270730.379999999,2,
770166.1300000001,6270730.379999999,5,
770166.43,6270730.379999999,5,
770166.7300000001,6270730.379999999,2,
770167.03,6270730.379999999,2,
770170.6300000001,6270730.379999999,4,
770170.93,6270730.379999999,5,
770171.2300000001,6270730.379999999,3,
770172.43,6270730.379999999,1,
770175.7300000001,6270730.379999999,4,
770176.03,6270730.379999999,2,
770176.3300000001,6270730.379999999,5,
770176.6300000001,6270730.379999999,4,
770179.93,6270730.379999999,1,
770180.2300000001,6270730.379999999,5,
770180.53,6270730.379999999,3,
770180.8300000001,6270730.379999999,4,
770181.1300000001,6270730.379999999,3,
770184.1300000001,6270730.379999999,3,
770184.43,6270730.379999999,3,
770184.7300000001,6270730.379999999,5,
770185.3300000001,6270730.379999999,3,
770185.6300000001,6270730.379999999,3,
770185.93,6270730.379999999,4,
770186.2300000001,6270730.379999999,4,
770186.53,6270730.379999999,2,
770189.2300000001,6270730.379999999,2,
770189.53,6270730.379999999,3,
770189.8300000001,6270730.379999999,5,
770190.1300000001,6270730.379999999,4,
770190.43,6270730.379999999,4,
770190.7300000001,6270730.379999999,3,
770191.03,6270730.379999999,1,
770191.3300000001,6270730.379999999,2,
770194.6300000001,6270730.379999999,1,
770194.93,6270730.379999999,2,
770195.2300000001,6270730.379999999,1,
770195.53,6270730.379999999,2,
770195.8300000001,6270730.379999999,5,
770196.1300000001,6270730.379999999,7,
770196.4300000002,6270730.379999999,1,
770200.3300000001,6270730.379999999,5,
770200.6300000001,6270730.379999999,2,
770200.9300000002,6270730.379999999,1,
770117.53,6270730.68,3,
770117.8300000001,6270730.68,5,
770118.1300000001,6270730.68,5,
770118.43,6270730.68,5,
770118.73,6270730.68,4,
770119.03,6270730.68,1,
770122.03,6270730.68,3,
770122.3300000001,6270730.68,5,
770122.6300000001,6270730.68,3,
770122.93,6270730.68,3,
770123.23,6270730.68,4,
770123.53,6270730.68,2,
770126.8300000001,6270730.68,2,
770127.1300000001,6270730.68,2,
770127.43,6270730.68,6,
770127.73,6270730.68,3,
770128.03,6270730.68,4,
770128.3300000001,6270730.68,2,
770131.6300000001,6270730.68,2,
770131.93,6270730.68,3,
770132.23,6270730.68,4,
770132.53,6270730.68,6,
770132.8300000001,6270730.68,4,
770133.1300000001,6270730.68,3,
770133.43,6270730.68,1,
770136.7300000001,6270730.68,1,
770137.03,6270730.68,3,
770137.3300000001,6270730.68,4,
770137.6300000001,6270730.68,5,
770137.93,6270730.68,2,
770138.2300000001,6270730.68,1,
770141.53,6270730.68,2,
770141.8300000001,6270730.68,4,
770142.1300000001,6270730.68,3,
770142.43,6270730.68,6,
770142.7300000001,6270730.68,1,
770143.03,6270730.68,2,
770146.03,6270730.68,1,
770146.3300000001,6270730.68,2,
770146.6300000001,6270730.68,3,
770146.93,6270730.68,1,
770147.2300000001,6270730.68,4,
770147.53,6270730.68,4,
770147.8300000001,6270730.68,1,
770151.1300000001,6270730.68,1,
770151.43,6270730.68,5,
770151.7300000001,6270730.68,6,
770152.03,6270730.68,5,
770152.3300000001,6270730.68,2,
770155.93,6270730.68,3,
770156.2300000001,6270730.68,3,
770156.53,6270730.68,5,
770156.8300000001,6270730.68,4,
770157.1300000001,6270730.68,7,
770157.43,6270730.68,1,
770160.43,6270730.68,2,
770160.7300000001,6270730.68,2,
770161.03,6270730.68,4,
770161.3300000001,6270730.68,8,
770161.6300000001,6270730.68,4,
770161.93,6270730.68,4,
770165.2300000001,6270730.68,4,
770165.53,6270730.68,3,
770165.8300000001,6270730.68,5,
770166.1300000001,6270730.68,2,
770166.43,6270730.68,4,
770170.3300000001,6270730.68,3,
770170.6300000001,6270730.68,4,
770170.93,6270730.68,4,
770171.2300000001,6270730.68,4,
770175.1300000001,6270730.68,3,
770175.43,6270730.68,5,
770175.7300000001,6270730.68,2,
770176.03,6270730.68,6,
770179.3300000001,6270730.68,1,
770179.6300000001,6270730.68,3,
770179.93,6270730.68,5,
770180.2300000001,6270730.68,3,
770180.53,6270730.68,4,
770180.8300000001,6270730.68,2,
770181.1300000001,6270730.68,2,
770184.43,6270730.68,5,
770184.7300000001,6270730.68,4,
770185.03,6270730.68,1,
770185.3300000001,6270730.68,4,
770185.6300000001,6270730.68,5,
770185.93,6270730.68,3,
770186.2300000001,6270730.68,2,
770186.53,6270730.68,1,
770189.2300000001,6270730.68,2,
770189.53,6270730.68,5,
770189.8300000001,6270730.68,6,
770190.1300000001,6270730.68,4,
770190.43,6270730.68,4,
770190.7300000001,6270730.68,4,
770194.6300000001,6270730.68,3,
770194.93,6270730.68,5,
770195.2300000001,6270730.68,5,
770195.53,6270730.68,3,
770195.8300000001,6270730.68,1,
770196.4300000002,6270730.68,4,
770199.7300000001,6270730.68,1,
770112.1300000001,6270730.98,1,
770112.43,6270730.98,4,
770112.73,6270730.98,1,
770113.03,6270730.98,1,
770113.3300000001,6270730.98,1,
770116.93,6270730.98,1,
770117.23,6270730.98,3,
770117.53,6270730.98,2,
770117.8300000001,6270730.98,4,
770118.1300000001,6270730.98,1,
770118.43,6270730.98,1,
770121.1300000001,6270730.98,1,
770121.43,6270730.98,3,
770121.73,6270730.98,4,
770122.03,6270730.98,5,
770122.3300000001,6270730.98,2,
770122.6300000001,6270730.98,2,
770122.93,6270730.98,6,
770123.23,6270730.98,2,
770126.53,6270730.98,2,
770126.8300000001,6270730.98,3,
770127.1300000001,6270730.98,7,
770127.43,6270730.98,6,
770127.73,6270730.98,2,
770128.03,6270730.98,3,
770131.3300000001,6270730.98,3,
770131.6300000001,6270730.98,4,
770131.93,6270730.98,5,
770132.23,6270730.98,5,
770132.53,6270730.98,2,
770136.43,6270730.98,1,
770136.7300000001,6270730.98,3,
770137.03,6270730.98,5,
770137.3300000001,6270730.98,8,
770137.6300000001,6270730.98,3,
770140.93,6270730.98,2,
770141.2300000001,6270730.98,2,
770141.53,6270730.98,3,
770141.8300000001,6270730.98,4,
770142.1300000001,6270730.98,3,
770142.43,6270730.98,3,
770145.7300000001,6270730.98,3,
770146.03,6270730.98,4,
770146.3300000001,6270730.98,6,
770146.6300000001,6270730.98,3,
770146.93,6270730.98,2,
770150.53,6270730.98,1,
770150.8300000001,6270730.98,3,
770151.1300000001,6270730.98,5,
770151.43,6270730.98,4,
770151.7300000001,6270730.98,5,
770152.03,6270730.98,6,
770152.3300000001,6270730.98,1,
770155.6300000001,6270730.98,3,
770155.93,6270730.98,6,
770156.2300000001,6270730.98,4,
770156.53,6270730.98,1,
770157.1300000001,6270730.98,1,
770160.1300000001,6270730.98,1,
770160.43,6270730.98,3,
770160.7300000001,6270730.98,3,
770161.03,6270730.98,7,
770161.3300000001,6270730.98,4,
770164.3300000001,6270730.98,1,
770164.6300000001,6270730.98,2,
770164.93,6270730.98,3,
770165.2300000001,6270730.98,7,
770165.53,6270730.98,4,
770165.8300000001,6270730.98,5,
770166.1300000001,6270730.98,1,
770169.43,6270730.98,1,
770170.3300000001,6270730.98,1,
770170.6300000001,6270730.98,2,
770174.2300000001,6270730.98,2,
770174.53,6270730.98,1,
770174.8300000001,6270730.98,5,
770175.1300000001,6270730.98,3,
770175.43,6270730.98,5,
770175.7300000001,6270730.98,1,
770176.03,6270730.98,1,
770179.03,6270730.98,1,
770179.3300000001,6270730.98,3,
770179.6300000001,6270730.98,2,
770179.93,6270730.98,4,
770180.2300000001,6270730.98,2,
770180.53,6270730.98,1,
770183.53,6270730.98,3,
770184.1300000001,6270730.98,5,
770184.43,6270730.98,4,
770184.7300000001,6270730.98,5,
770185.03,6270730.98,3,
770185.3300000001,6270730.98,1,
770185.6300000001,6270730.98,1,
770185.93,6270730.98,2,
770187.43,6270730.98,1,
770188.03,6270730.98,1,
770188.3300000001,6270730.98,4,
770188.6300000001,6270730.98,1,
770189.2300000001,6270730.98,1,
770189.53,6270730.98,4,
770189.8300000001,6270730.98,4,
770190.1300000001,6270730.98,4,
770190.43,6270730.98,4,
770193.43,6270730.98,2,
770194.6300000001,6270730.98,1,
770194.93,6270730.98,4,
770195.2300000001,6270730.98,4,
770195.53,6270730.98,4,
770199.4300000002,6270730.98,2,
770200.03,6270730.98,1,
770111.53,6270731.279999999,1,
770111.8300000001,6270731.279999999,3,
770112.1300000001,6270731.279999999,5,
770112.43,6270731.279999999,4,
770112.73,6270731.279999999,4,
770113.03,6270731.279999999,5,
770113.3300000001,6270731.279999999,1,
770116.3300000001,6270731.279999999,1,
770116.93,6270731.279999999,2,
770117.23,6270731.279999999,3,
770117.53,6270731.279999999,5,
770117.8300000001,6270731.279999999,5,
770120.8300000001,6270731.279999999,5,
770121.1300000001,6270731.279999999,3,
770121.43,6270731.279999999,4,
770121.73,6270731.279999999,4,
770122.03,6270731.279999999,5,
770122.3300000001,6270731.279999999,3,
770122.6300000001,6270731.279999999,2,
770125.93,6270731.279999999,3,
770126.23,6270731.279999999,3,
770126.53,6270731.279999999,6,
770126.8300000001,6270731.279999999,5,
770127.1300000001,6270731.279999999,4,
770127.43,6270731.279999999,4,
770131.03,6270731.279999999,4,
770131.3300000001,6270731.279999999,5,
770131.6300000001,6270731.279999999,4,
770131.93,6270731.279999999,3,
770135.53,6270731.279999999,1,
770135.8300000001,6270731.279999999,1,
770136.1300000001,6270731.279999999,4,
770136.43,6270731.279999999,6,
770136.7300000001,6270731.279999999,2,
770137.03,6270731.279999999,3,
770139.7300000001,6270731.279999999,1,
770140.6300000001,6270731.279999999,2,
770140.93,6270731.279999999,5,
770141.2300000001,6270731.279999999,6,
770141.53,6270731.279999999,2,
770141.8300000001,6270731.279999999,3,
770144.8300000001,6270731.279999999,1,
770145.1300000001,6270731.279999999,1,
770145.43,6270731.279999999,5,
770145.7300000001,6270731.279999999,4,
770146.03,6270731.279999999,4,
770146.3300000001,6270731.279999999,3,
770146.6300000001,6270731.279999999,2,
770146.93,6270731.279999999,1,
770150.2300000001,6270731.279999999,1,
770150.53,6270731.279999999,6,
770150.8300000001,6270731.279999999,6,
770151.1300000001,6270731.279999999,3,
770151.43,6270731.279999999,4,
770151.7300000001,6270731.279999999,2,
770155.03,6270731.279999999,3,
770155.3300000001,6270731.279999999,6,
770155.6300000001,6270731.279999999,6,
770155.93,6270731.279999999,1,
770156.2300000001,6270731.279999999,4,
770156.53,6270731.279999999,1,
770159.53,6270731.279999999,1,
770159.8300000001,6270731.279999999,4,
770160.1300000001,6270731.279999999,4,
770160.43,6270731.279999999,3,
770160.7300000001,6270731.279999999,4,
770161.03,6270731.279999999,1,
770164.3300000001,6270731.279999999,4,
770164.6300000001,6270731.279999999,3,
770164.93,6270731.279999999,6,
770165.2300000001,6270731.279999999,2,
770165.53,6270731.279999999,1,
770168.8300000001,6270731.279999999,3,
770169.1300000001,6270731.279999999,3,
770169.43,6270731.279999999,3,
770173.93,6270731.279999999,1,
770174.2300000001,6270731.279999999,5,
770174.53,6270731.279999999,6,
770174.8300000001,6270731.279999999,5,
770175.1300000001,6270731.279999999,3,
770175.43,6270731.279999999,1,
770178.43,6270731.279999999,1,
770178.7300000001,6270731.279999999,4,
770179.03,6270731.279999999,6,
770179.3300000001,6270731.279999999,3,
770179.6300000001,6270731.279999999,6,
770179.93,6270731.279999999,1,
770183.2300000001,6270731.279999999,1,
770183.53,6270731.279999999,6,
770183.8300000001,6270731.279999999,4,
770184.1300000001,6270731.279999999,5,
770184.43,6270731.279999999,5,
770184.7300000001,6270731.279999999,3,
770187.7300000001,6270731.279999999,4,
770188.03,6270731.279999999,4,
770188.3300000001,6270731.279999999,3,
770188.6300000001,6270731.279999999,3,
770188.93,6270731.279999999,3,
770189.2300000001,6270731.279999999,2,
770189.53,6270731.279999999,6,
770189.8300000001,6270731.279999999,3,
770193.43,6270731.279999999,3,
770193.7300000001,6270731.279999999,5,
770194.03,6270731.279999999,1,
770194.93,6270731.279999999,1,
770195.2300000001,6270731.279999999,2,
770198.53,6270731.279999999,2,
770202.1300000001,6270731.279999999,1,
770202.4300000002,6270731.279999999,1,
770202.7300000001,6270731.279999999,1,
770111.8300000001,6270731.58,6,
770112.1300000001,6270731.58,3,
770112.43,6270731.58,3,
770115.73,6270731.58,1,
770116.03,6270731.58,5,
770116.3300000001,6270731.58,4,
770116.6300000001,6270731.58,4,
770116.93,6270731.58,2,
770117.53,6270731.58,1,
770120.53,6270731.58,1,
770120.8300000001,6270731.58,6,
770121.1300000001,6270731.58,4,
770121.43,6270731.58,4,
770121.73,6270731.58,4,
770122.03,6270731.58,2,
770122.3300000001,6270731.58,2,
770125.6300000001,6270731.58,6,
770125.93,6270731.58,3,
770126.23,6270731.58,7,
770126.53,6270731.58,5,
770126.8300000001,6270731.58,2,
770130.43,6270731.58,3,
770130.73,6270731.58,5,
770131.03,6270731.58,4,
770131.3300000001,6270731.58,5,
770131.6300000001,6270731.58,4,
770135.53,6270731.58,4,
770135.8300000001,6270731.58,6,
770136.1300000001,6270731.58,5,
770136.43,6270731.58,5,
770136.7300000001,6270731.58,2,
770137.03,6270731.58,1,
770139.7300000001,6270731.58,1,
770140.03,6270731.58,4,
770140.3300000001,6270731.58,4,
770140.6300000001,6270731.58,1,
770140.93,6270731.58,3,
770141.2300000001,6270731.58,2,
770144.53,6270731.58,1,
770144.8300000001,6270731.58,1,
770145.1300000001,6270731.58,6,
770145.43,6270731.58,4,
770145.7300000001,6270731.58,3,
770146.03,6270731.58,5,
770149.93,6270731.58,1,
770150.2300000001,6270731.58,6,
770150.53,6270731.58,5,
770150.8300000001,6270731.58,4,
770151.1300000001,6270731.58,4,
770151.43,6270731.58,2,
770154.7300000001,6270731.58,3,
770155.03,6270731.58,3,
770155.3300000001,6270731.58,5,
770155.6300000001,6270731.58,5,
770155.93,6270731.58,2,
770156.2300000001,6270731.58,1,
770156.53,6270731.58,1,
770158.6300000001,6270731.58,1,
770158.93,6270731.58,2,
770159.2300000001,6270731.58,2,
770159.53,6270731.58,5,
770159.8300000001,6270731.58,6,
770160.1300000001,6270731.58,4,
770160.43,6270731.58,3,
770163.43,6270731.58,1,
770163.7300000001,6270731.58,1,
770164.03,6270731.58,5,
770164.3300000001,6270731.58,4,
770164.6300000001,6270731.58,6,
770164.93,6270731.58,5,
770165.2300000001,6270731.58,1,
770168.53,6270731.58,4,
770168.8300000001,6270731.58,2,
770169.1300000001,6270731.58,5,
770169.43,6270731.58,3,
770173.03,6270731.58,1,
770173.3300000001,6270731.58,2,
770173.93,6270731.58,7,
770174.2300000001,6270731.58,3,
770174.53,6270731.58,5,
770174.8300000001,6270731.58,4,
770177.8300000001,6270731.58,2,
770178.1300000001,6270731.58,1,
770178.43,6270731.58,2,
770178.7300000001,6270731.58,5,
770179.03,6270731.58,6,
770179.3300000001,6270731.58,2,
770182.93,6270731.58,2,
770183.2300000001,6270731.58,3,
770183.53,6270731.58,4,
770183.8300000001,6270731.58,1,
770184.1300000001,6270731.58,2,
770184.43,6270731.58,3,
770184.7300000001,6270731.58,1,
770187.43,6270731.58,1,
770187.7300000001,6270731.58,5,
770188.03,6270731.58,5,
770188.3300000001,6270731.58,4,
770188.6300000001,6270731.58,5,
770188.93,6270731.58,2,
770191.93,6270731.58,1,
770192.53,6270731.58,1,
770192.8300000001,6270731.58,5,
770193.1300000001,6270731.58,5,
770193.43,6270731.58,5,
770193.7300000001,6270731.58,4,
770194.03,6270731.58,4,
770198.53,6270731.58,1,
770201.8300000001,6270731.58,2,
770202.1300000001,6270731.58,5,
770202.4300000002,6270731.58,5,
770202.7300000001,6270731.58,5,
770203.03,6270731.58,1,
770111.8300000001,6270731.879999999,5,
770112.1300000001,6270731.879999999,2,
770115.1300000001,6270731.879999999,1,
770115.43,6270731.879999999,1,
770115.73,6270731.879999999,6,
770116.03,6270731.879999999,5,
770116.3300000001,6270731.879999999,5,
770116.6300000001,6270731.879999999,3,
770120.23,6270731.879999999,2,
770120.53,6270731.879999999,6,
770120.8300000001,6270731.879999999,3,
770121.1300000001,6270731.879999999,1,
770121.43,6270731.879999999,3,
770121.73,6270731.879999999,4,
770122.03,6270731.879999999,1,
770125.03,6270731.879999999,2,
770125.3300000001,6270731.879999999,5,
770125.6300000001,6270731.879999999,6,
770125.93,6270731.879999999,4,
770126.23,6270731.879999999,1,
770129.8300000001,6270731.879999999,2,
770130.1300000001,6270731.879999999,4,
770130.43,6270731.879999999,3,
770130.73,6270731.879999999,5,
770131.03,6270731.879999999,5,
770131.3300000001,6270731.879999999,1,
770134.93,6270731.879999999,4,
770135.23,6270731.879999999,4,
770135.53,6270731.879999999,5,
770135.8300000001,6270731.879999999,3,
770136.1300000001,6270731.879999999,3,
770136.43,6270731.879999999,2,
770136.7300000001,6270731.879999999,1,
770139.43,6270731.879999999,2,
770139.7300000001,6270731.879999999,2,
770140.03,6270731.879999999,6,
770140.3300000001,6270731.879999999,4,
770140.6300000001,6270731.879999999,5,
770143.93,6270731.879999999,1,
770144.2300000001,6270731.879999999,2,
770144.53,6270731.879999999,3,
770144.8300000001,6270731.879999999,5,
770145.1300000001,6270731.879999999,6,
770145.43,6270731.879999999,3,
770145.7300000001,6270731.879999999,3,
770149.3300000001,6270731.879999999,4,
770149.6300000001,6270731.879999999,2,
770149.93,6270731.879999999,5,
770150.2300000001,6270731.879999999,4,
770150.53,6270731.879999999,4,
770153.8300000001,6270731.879999999,1,
770154.1300000001,6270731.879999999,1,
770154.43,6270731.879999999,4,
770154.7300000001,6270731.879999999,3,
770155.03,6270731.879999999,3,
770155.3300000001,6270731.879999999,1,
770158.6300000001,6270731.879999999,1,
770158.93,6270731.879999999,1,
770159.2300000001,6270731.879999999,7,
770159.53,6270731.879999999,4,
770159.8300000001,6270731.879999999,4,
770163.1300000001,6270731.879999999,3,
770163.43,6270731.879999999,5,
770163.7300000001,6270731.879999999,5,
770164.03,6270731.879999999,5,
770164.3300000001,6270731.879999999,2,
770164.6300000001,6270731.879999999,2,
770168.2300000001,6270731.879999999,3,
770168.53,6270731.879999999,3,
770168.8300000001,6270731.879999999,5,
770169.1300000001,6270731.879999999,2,
770172.7300000001,6270731.879999999,2,
770173.03,6270731.879999999,1,
770173.3300000001,6270731.879999999,6,
770173.6300000001,6270731.879999999,4,
770173.93,6270731.879999999,5,
770174.2300000001,6270731.879999999,4,
770174.53,6270731.879999999,1,
770177.53,6270731.879999999,6,
770177.8300000001,6270731.879999999,4,
770178.1300000001,6270731.879999999,3,
770178.43,6270731.879999999,3,
770178.7300000001,6270731.879999999,2,
770182.6300000001,6270731.879999999,1,
770182.93,6270731.879999999,2,
770183.2300000001,6270731.879999999,5,
770183.53,6270731.879999999,1,
770184.43,6270731.879999999,1,
770184.7300000001,6270731.879999999,1,
770187.7300000001,6270731.879999999,8,
770188.03,6270731.879999999,3,
770188.3300000001,6270731.879999999,6,
770188.6300000001,6270731.879999999,2,
770191.93,6270731.879999999,3,
770192.53,6270731.879999999,1,
770192.8300000001,6270731.879999999,6,
770193.1300000001,6270731.879999999,6,
770193.43,6270731.879999999,5,
770193.7300000001,6270731.879999999,5,
770194.03,6270731.879999999,2,
770198.2300000001,6270731.879999999,1,
770201.53,6270731.879999999,1,
770201.8300000001,6270731.879999999,4,
770202.1300000001,6270731.879999999,4,
770202.4300000002,6270731.879999999,4,
770202.7300000001,6270731.879999999,5,
770114.8300000001,6270732.18,2,
770115.1300000001,6270732.18,2,
770115.43,6270732.18,3,
770115.73,6270732.18,4,
770116.03,6270732.18,3,
770116.3300000001,6270732.18,3,
770119.3300000001,6270732.18,1,
770119.6300000001,6270732.18,2,
770119.93,6270732.18,3,
770120.23,6270732.18,3,
770120.53,6270732.18,4,
770120.8300000001,6270732.18,4,
770121.1300000001,6270732.18,4,
770124.43,6270732.18,2,
770124.73,6270732.18,4,
770125.03,6270732.18,4,
770125.3300000001,6270732.18,6,
770125.6300000001,6270732.18,3,
770125.93,6270732.18,4,
770129.23,6270732.18,1,
770129.53,6270732.18,2,
770129.8300000001,6270732.18,5,
770130.1300000001,6270732.18,6,
770130.43,6270732.18,5,
770130.73,6270732.18,1,
770134.03,6270732.18,1,
770134.3300000001,6270732.18,1,
770134.6300000001,6270732.18,4,
770134.93,6270732.18,5,
770135.23,6270732.18,4,
770135.53,6270732.18,4,
770135.8300000001,6270732.18,1,
770136.43,6270732.18,1,
770138.8300000001,6270732.18,2,
770139.1300000001,6270732.18,3,
770139.43,6270732.18,5,
770139.7300000001,6270732.18,4,
770140.03,6270732.18,3,
770140.3300000001,6270732.18,3,
770143.6300000001,6270732.18,2,
770143.93,6270732.18,3,
770144.2300000001,6270732.18,5,
770144.53,6270732.18,1,
770144.8300000001,6270732.18,5,
770145.1300000001,6270732.18,4,
770145.7300000001,6270732.18,1,
770148.7300000001,6270732.18,2,
770149.03,6270732.18,5,
770149.3300000001,6270732.18,5,
770149.6300000001,6270732.18,4,
770149.93,6270732.18,5,
770150.2300000001,6270732.18,2,
770150.53,6270732.18,1,
770153.53,6270732.18,2,
770153.8300000001,6270732.18,3,
770154.1300000001,6270732.18,7,
770154.43,6270732.18,4,
770154.7300000001,6270732.18,3,
770155.03,6270732.18,1,
770158.03,6270732.18,2,
770158.3300000001,6270732.18,5,
770158.6300000001,6270732.18,2,
770158.93,6270732.18,5,
770159.2300000001,6270732.18,4,
770159.53,6270732.18,4,
770159.8300000001,6270732.18,1,
770162.8300000001,6270732.18,4,
770163.1300000001,6270732.18,4,
770163.43,6270732.18,5,
770163.7300000001,6270732.18,6,
770164.03,6270732.18,3,
770164.3300000001,6270732.18,1,
770167.6300000001,6270732.18,2,
770167.93,6270732.18,3,
770168.2300000001,6270732.18,3,
770168.53,6270732.18,3,
770168.8300000001,6270732.18,2,
770172.43,6270732.18,4,
770172.7300000001,6270732.18,5,
770173.03,6270732.18,5,
770173.3300000001,6270732.18,5,
770173.6300000001,6270732.18,4,
770173.93,6270732.18,1,
770176.6300000001,6270732.18,1,
770176.93,6270732.18,1,
770177.2300000001,6270732.18,6,
770177.53,6270732.18,4,
770177.8300000001,6270732.18,3,
770178.1300000001,6270732.18,5,
770178.43,6270732.18,1,
770181.7300000001,6270732.18,2,
770182.03,6270732.18,1,
770182.3300000001,6270732.18,4,
770182.6300000001,6270732.18,5,
770182.93,6270732.18,3,
770186.2300000001,6270732.18,3,
770186.53,6270732.18,3,
770186.8300000001,6270732.18,3,
770187.1300000001,6270732.18,1,
770187.43,6270732.18,3,
770188.03,6270732.18,3,
770188.3300000001,6270732.18,1,
770191.03,6270732.18,1,
770191.3300000001,6270732.18,1,
770191.6300000001,6270732.18,2,
770191.93,6270732.18,4,
770192.2300000001,6270732.18,1,
770192.53,6270732.18,1,
770192.8300000001,6270732.18,6,
770193.1300000001,6270732.18,3,
770193.43,6270732.18,5,
770193.7300000001,6270732.18,2,
770196.7300000001,6270732.18,1,
770201.2300000001,6270732.18,1,
770201.53,6270732.18,3,
770201.8300000001,6270732.18,3,
770202.1300000001,6270732.18,5,
770202.4300000002,6270732.18,3,
770202.7300000001,6270732.18,2,
770203.03,6270732.18,2,
770114.23,6270732.48,1,
770114.53,6270732.48,5,
770114.8300000001,6270732.48,6,
770115.1300000001,6270732.48,4,
770115.43,6270732.48,3,
770115.73,6270732.48,3,
770119.3300000001,6270732.48,2,
770119.6300000001,6270732.48,4,
770119.93,6270732.48,6,
770120.23,6270732.48,5,
770120.53,6270732.48,3,
770123.8300000001,6270732.48,1,
770124.1300000001,6270732.48,4,
770124.43,6270732.48,3,
770124.73,6270732.48,4,
770125.03,6270732.48,5,
770125.3300000001,6270732.48,3,
770125.6300000001,6270732.48,1,
770128.6300000001,6270732.48,1,
770128.93,6270732.48,2,
770129.23,6270732.48,4,
770129.53,6270732.48,5,
770129.8300000001,6270732.48,4,
770130.1300000001,6270732.48,5,
770134.03,6270732.48,3,
770134.3300000001,6270732.48,3,
770134.6300000001,6270732.48,5,
770134.93,6270732.48,6,
770135.23,6270732.48,2,
770138.53,6270732.48,3,
770138.8300000001,6270732.48,3,
770139.1300000001,6270732.48,4,
770139.43,6270732.48,3,
770139.7300000001,6270732.48,3,
770143.03,6270732.48,1,
770143.3300000001,6270732.48,3,
770143.6300000001,6270732.48,7,
770143.93,6270732.48,5,
770144.2300000001,6270732.48,3,
770144.53,6270732.48,3,
770144.8300000001,6270732.48,1,
770148.1300000001,6270732.48,3,
770148.43,6270732.48,4,
770148.7300000001,6270732.48,4,
770149.03,6270732.48,8,
770149.3300000001,6270732.48,2,
770149.6300000001,6270732.48,3,
770149.93,6270732.48,2,
770152.93,6270732.48,3,
770153.2300000001,6270732.48,2,
770153.53,6270732.48,4,
770153.8300000001,6270732.48,4,
770154.1300000001,6270732.48,3,
770154.43,6270732.48,3,
770157.7300000001,6270732.48,1,
770158.03,6270732.48,6,
770158.3300000001,6270732.48,5,
770158.6300000001,6270732.48,2,
770158.93,6270732.48,5,
770159.2300000001,6270732.48,1,
770161.93,6270732.48,1,
770162.53,6270732.48,2,
770162.8300000001,6270732.48,5,
770163.1300000001,6270732.48,5,
770163.43,6270732.48,3,
770163.7300000001,6270732.48,1,
770166.7300000001,6270732.48,1,
770167.03,6270732.48,2,
770167.3300000001,6270732.48,2,
770167.6300000001,6270732.48,4,
770167.93,6270732.48,5,
770168.2300000001,6270732.48,1,
770168.53,6270732.48,1,
770172.1300000001,6270732.48,2,
770172.43,6270732.48,6,
770172.7300000001,6270732.48,5,
770173.03,6270732.48,3,
770173.3300000001,6270732.48,2,
770176.3300000001,6270732.48,2,
770176.6300000001,6270732.48,2,
770176.93,6270732.48,7,
770177.2300000001,6270732.48,3,
770177.53,6270732.48,4,
770177.8300000001,6270732.48,3,
770181.43,6270732.48,1,
770181.7300000001,6270732.48,2,
770182.03,6270732.48,3,
770182.3300000001,6270732.48,5,
770182.6300000001,6270732.48,6,
770182.93,6270732.48,6,
770183.2300000001,6270732.48,1,
770185.93,6270732.48,2,
770186.2300000001,6270732.48,4,
770186.53,6270732.48,2,
770186.8300000001,6270732.48,6,
770187.1300000001,6270732.48,4,
770187.43,6270732.48,6,
770187.7300000001,6270732.48,2,
770188.03,6270732.48,1,
770188.3300000001,6270732.48,2,
770191.3300000001,6270732.48,3,
770191.6300000001,6270732.48,7,
770191.93,6270732.48,5,
770192.2300000001,6270732.48,1,
770192.8300000001,6270732.48,2,
770193.1300000001,6270732.48,5,
770196.1300000001,6270732.48,1,
770196.4300000002,6270732.48,2,
770196.7300000001,6270732.48,3,
770197.03,6270732.48,2,
770200.9300000002,6270732.48,1,
770201.2300000001,6270732.48,3,
770201.53,6270732.48,4,
770201.8300000001,6270732.48,7,
770202.1300000001,6270732.48,1,
770202.4300000002,6270732.48,1,
770113.6300000001,6270732.779999999,1,
770113.93,6270732.779999999,4,
770114.23,6270732.779999999,4,
770114.53,6270732.779999999,3,
770114.8300000001,6270732.779999999,5,
770115.1300000001,6270732.779999999,6,
770115.43,6270732.779999999,1,
770118.43,6270732.779999999,2,
770118.73,6270732.779999999,2,
770119.03,6270732.779999999,3,
770119.3300000001,6270732.779999999,2,
770119.6300000001,6270732.779999999,2,
770119.93,6270732.779999999,2,
770123.23,6270732.779999999,1,
770123.53,6270732.779999999,3,
770123.8300000001,6270732.779999999,5,
770124.1300000001,6270732.779999999,4,
770124.43,6270732.779999999,7,
770124.73,6270732.779999999,2,
770125.03,6270732.779999999,1,
770125.6300000001,6270732.779999999,1,
770128.3300000001,6270732.779999999,2,
770128.6300000001,6270732.779999999,4,
770128.93,6270732.779999999,5,
770129.23,6270732.779999999,6,
770129.53,6270732.779999999,2,
770129.8300000001,6270732.779999999,1,
770133.43,6270732.779999999,3,
770133.73,6270732.779999999,4,
770134.03,6270732.779999999,5,
770134.3300000001,6270732.779999999,4,
770134.6300000001,6270732.779999999,1,
770134.93,6270732.779999999,1,
770137.93,6270732.779999999,2,
770138.2300000001,6270732.779999999,5,
770138.53,6270732.779999999,2,
770138.8300000001,6270732.779999999,5,
770139.1300000001,6270732.779999999,3,
770139.43,6270732.779999999,1,
770142.7300000001,6270732.779999999,4,
770143.03,6270732.779999999,3,
770143.3300000001,6270732.779999999,5,
770143.6300000001,6270732.779999999,3,
770143.93,6270732.779999999,4,
770144.2300000001,6270732.779999999,4,
770147.8300000001,6270732.779999999,3,
770148.1300000001,6270732.779999999,2,
770148.43,6270732.779999999,4,
770148.7300000001,6270732.779999999,6,
770149.03,6270732.779999999,1,
770152.6300000001,6270732.779999999,1,
770152.93,6270732.779999999,1,
770153.2300000001,6270732.779999999,5,
770153.53,6270732.779999999,3,
770153.8300000001,6270732.779999999,2,
770154.43,6270732.779999999,1,
770157.1300000001,6270732.779999999,1,
770157.43,6270732.779999999,3,
770157.7300000001,6270732.779999999,6,
770158.03,6270732.779999999,4,
770158.3300000001,6270732.779999999,2,
770158.6300000001,6270732.779999999,3,
770161.93,6270732.779999999,4,
770162.2300000001,6270732.779999999,5,
770162.53,6270732.779999999,5,
770162.8300000001,6270732.779999999,3,
770163.1300000001,6270732.779999999,2,
770163.43,6270732.779999999,1,
770166.43,6270732.779999999,1,
770166.7300000001,6270732.779999999,4,
770167.03,6270732.779999999,3,
770167.3300000001,6270732.779999999,6,
770167.6300000001,6270732.779999999,7,
770171.53,6270732.779999999,3,
770171.8300000001,6270732.779999999,6,
770172.1300000001,6270732.779999999,4,
770172.43,6270732.779999999,3,
770172.7300000001,6270732.779999999,4,
770173.03,6270732.779999999,1,
770176.03,6270732.779999999,1,
770176.3300000001,6270732.779999999,4,
770176.6300000001,6270732.779999999,4,
770176.93,6270732.779999999,4,
770177.2300000001,6270732.779999999,4,
770180.8300000001,6270732.779999999,1,
770181.1300000001,6270732.779999999,2,
770181.43,6270732.779999999,2,
770181.7300000001,6270732.779999999,5,
770182.03,6270732.779999999,5,
770182.3300000001,6270732.779999999,5,
770182.6300000001,6270732.779999999,2,
770185.6300000001,6270732.779999999,2,
770185.93,6270732.779999999,3,
770186.2300000001,6270732.779999999,3,
770186.53,6270732.779999999,6,
770186.8300000001,6270732.779999999,4,
770187.1300000001,6270732.779999999,4,
770187.43,6270732.779999999,4,
770187.7300000001,6270732.779999999,1,
770190.43,6270732.779999999,3,
770190.7300000001,6270732.779999999,4,
770191.03,6270732.779999999,2,
770191.6300000001,6270732.779999999,4,
770191.93,6270732.779999999,2,
770192.2300000001,6270732.779999999,2,
770195.53,6270732.779999999,1,
770195.8300000001,6270732.779999999,2,
770196.1300000001,6270732.779999999,2,
770196.4300000002,6270732.779999999,3,
770196.7300000001,6270732.779999999,2,
770200.9300000002,6270732.779999999,3,
770201.2300000001,6270732.779999999,2,
770201.53,6270732.779999999,1,
770201.8300000001,6270732.779999999,1,
770113.03,6270733.08,2,
770113.3300000001,6270733.08,4,
770113.6300000001,6270733.08,4,
770113.93,6270733.08,3,
770114.23,6270733.08,6,
770114.53,6270733.08,2,
770114.8300000001,6270733.08,1,
770118.1300000001,6270733.08,2,
770118.43,6270733.08,4,
770118.73,6270733.08,6,
770119.03,6270733.08,6,
770119.3300000001,6270733.08,1,
770122.93,6270733.08,1,
770123.23,6270733.08,5,
770123.53,6270733.08,5,
770123.8300000001,6270733.08,8,
770124.1300000001,6270733.08,4,
770124.43,6270733.08,2,
770128.03,6270733.08,1,
770128.3300000001,6270733.08,5,
770128.6300000001,6270733.08,4,
770128.93,6270733.08,4,
770129.23,6270733.08,3,
770129.53,6270733.08,1,
770132.8300000001,6270733.08,2,
770133.1300000001,6270733.08,4,
770133.43,6270733.08,3,
770133.73,6270733.08,2,
770134.03,6270733.08,1,
770134.3300000001,6270733.08,1,
770137.3300000001,6270733.08,2,
770137.6300000001,6270733.08,2,
770137.93,6270733.08,5,
770138.2300000001,6270733.08,6,
770138.53,6270733.08,3,
770138.8300000001,6270733.08,3,
770139.1300000001,6270733.08,1,
770142.1300000001,6270733.08,2,
770142.43,6270733.08,5,
770142.7300000001,6270733.08,4,
770143.03,6270733.08,5,
770143.3300000001,6270733.08,5,
770143.6300000001,6270733.08,6,
770143.93,6270733.08,4,
770144.2300000001,6270733.08,2,
770147.2300000001,6270733.08,2,
770147.53,6270733.08,2,
770147.8300000001,6270733.08,7,
770148.1300000001,6270733.08,6,
770148.43,6270733.08,3,
770148.7300000001,6270733.08,2,
770151.7300000001,6270733.08,1,
770152.03,6270733.08,1,
770152.3300000001,6270733.08,3,
770152.6300000001,6270733.08,6,
770152.93,6270733.08,5,
770153.2300000001,6270733.08,4,
770153.53,6270733.08,2,
770156.8300000001,6270733.08,1,
770157.1300000001,6270733.08,5,
770157.43,6270733.08,4,
770157.7300000001,6270733.08,5,
770158.03,6270733.08,1,
770161.6300000001,6270733.08,3,
770161.93,6270733.08,7,
770162.2300000001,6270733.08,5,
770162.53,6270733.08,3,
770166.1300000001,6270733.08,2,
770166.43,6270733.08,2,
770166.7300000001,6270733.08,4,
770167.03,6270733.08,3,
770167.3300000001,6270733.08,4,
770167.6300000001,6270733.08,1,
770171.2300000001,6270733.08,3,
770171.53,6270733.08,4,
770171.8300000001,6270733.08,2,
770172.1300000001,6270733.08,3,
770172.43,6270733.08,2,
770175.7300000001,6270733.08,3,
770176.03,6270733.08,4,
770176.3300000001,6270733.08,5,
770176.6300000001,6270733.08,4,
770176.93,6270733.08,2,
770177.2300000001,6270733.08,1,
770180.53,6270733.08,1,
770180.8300000001,6270733.08,3,
770181.1300000001,6270733.08,4,
770181.43,6270733.08,7,
770181.7300000001,6270733.08,6,
770182.03,6270733.08,3,
770182.3300000001,6270733.08,1,
770185.03,6270733.08,1,
770185.3300000001,6270733.08,1,
770185.93,6270733.08,1,
770186.2300000001,6270733.08,3,
770186.53,6270733.08,3,
770186.8300000001,6270733.08,1,
770187.1300000001,6270733.08,3,
770187.43,6270733.08,1,
770189.53,6270733.08,1,
770189.8300000001,6270733.08,2,
770190.1300000001,6270733.08,1,
770190.43,6270733.08,5,
770190.7300000001,6270733.08,3,
770191.03,6270733.08,5,
770191.3300000001,6270733.08,2,
770191.6300000001,6270733.08,5,
770194.93,6270733.08,1,
770195.53,6270733.08,2,
770195.8300000001,6270733.08,5,
770200.03,6270733.08,1,
770200.3300000001,6270733.08,1,
770200.6300000001,6270733.08,1,
770200.9300000002,6270733.08,2,
770112.73,6270733.379999999,1,
770113.03,6270733.379999999,5,
770113.3300000001,6270733.379999999,6,
770113.6300000001,6270733.379999999,4,
770113.93,6270733.379999999,4,
770114.23,6270733.379999999,1,
770114.53,6270733.379999999,2,
770117.53,6270733.379999999,5,
770117.8300000001,6270733.379999999,3,
770118.1300000001,6270733.379999999,4,
770118.43,6270733.379999999,6,
770118.73,6270733.379999999,4,
770119.3300000001,6270733.379999999,1,
770122.3300000001,6270733.379999999,2,
770122.6300000001,6270733.379999999,4,
770122.93,6270733.379999999,5,
770123.23,6270733.379999999,4,
770123.53,6270733.379999999,5,
770123.8300000001,6270733.379999999,3,
770124.43,6270733.379999999,1,
770127.43,6270733.379999999,2,
770127.73,6270733.379999999,5,
770128.03,6270733.379999999,8,
770128.3300000001,6270733.379999999,3,
770128.6300000001,6270733.379999999,3,
770128.93,6270733.379999999,1,
770132.23,6270733.379999999,2,
770132.53,6270733.379999999,4,
770132.8300000001,6270733.379999999,4,
770133.1300000001,6270733.379999999,4,
770136.7300000001,6270733.379999999,1,
770137.03,6270733.379999999,2,
770137.3300000001,6270733.379999999,4,
770137.6300000001,6270733.379999999,3,
770137.93,6270733.379999999,5,
770138.2300000001,6270733.379999999,1,
770141.2300000001,6270733.379999999,1,
770141.8300000001,6270733.379999999,4,
770142.1300000001,6270733.379999999,4,
770142.43,6270733.379999999,4,
770142.7300000001,6270733.379999999,3,
770143.03,6270733.379999999,4,
770143.3300000001,6270733.379999999,1,
770143.6300000001,6270733.379999999,1,
770146.93,6270733.379999999,4,
770147.2300000001,6270733.379999999,4,
770147.53,6270733.379999999,6,
770147.8300000001,6270733.379999999,4,
770148.1300000001,6270733.379999999,2,
770148.43,6270733.379999999,3,
770151.43,6270733.379999999,1,
770151.7300000001,6270733.379999999,6,
770152.03,6270733.379999999,4,
770152.3300000001,6270733.379999999,6,
770152.6300000001,6270733.379999999,4,
770152.93,6270733.379999999,4,
770155.93,6270733.379999999,1,
770156.2300000001,6270733.379999999,4,
770156.53,6270733.379999999,6,
770156.8300000001,6270733.379999999,2,
770157.1300000001,6270733.379999999,2,
770157.43,6270733.379999999,2,
770157.7300000001,6270733.379999999,1,
770160.7300000001,6270733.379999999,2,
770161.03,6270733.379999999,5,
770161.3300000001,6270733.379999999,2,
770161.6300000001,6270733.379999999,6,
770161.93,6270733.379999999,4,
770162.2300000001,6270733.379999999,2,
770165.53,6270733.379999999,3,
770165.8300000001,6270733.379999999,5,
770166.1300000001,6270733.379999999,3,
770166.43,6270733.379999999,7,
770166.7300000001,6270733.379999999,3,
770167.03,6270733.379999999,3,
770170.3300000001,6270733.379999999,1,
770170.6300000001,6270733.379999999,1,
770170.93,6270733.379999999,1,
770171.2300000001,6270733.379999999,2,
770171.53,6270733.379999999,2,
770171.8300000001,6270733.379999999,5,
770172.1300000001,6270733.379999999,3,
770175.1300000001,6270733.379999999,2,
770175.43,6270733.379999999,3,
770175.7300000001,6270733.379999999,4,
770176.03,6270733.379999999,2,
770176.3300000001,6270733.379999999,2,
770176.6300000001,6270733.379999999,1,
770179.93,6270733.379999999,1,
770180.2300000001,6270733.379999999,2,
770180.53,6270733.379999999,2,
770180.8300000001,6270733.379999999,5,
770181.1300000001,6270733.379999999,3,
770181.43,6270733.379999999,1,
770181.7300000001,6270733.379999999,2,
770184.43,6270733.379999999,1,
770184.7300000001,6270733.379999999,1,
770185.03,6270733.379999999,3,
770185.3300000001,6270733.379999999,4,
770185.6300000001,6270733.379999999,4,
770188.93,6270733.379999999,4,
770189.2300000001,6270733.379999999,3,
770189.53,6270733.379999999,2,
770189.8300000001,6270733.379999999,5,
770190.1300000001,6270733.379999999,7,
770190.43,6270733.379999999,5,
770190.7300000001,6270733.379999999,4,
770191.03,6270733.379999999,3,
770191.3300000001,6270733.379999999,5,
770191.6300000001,6270733.379999999,3,
770194.93,6270733.379999999,1,
770195.2300000001,6270733.379999999,5,
770195.53,6270733.379999999,5,
770199.4300000002,6270733.379999999,1,
770199.7300000001,6270733.379999999,3,
770200.03,6270733.379999999,1,
770200.3300000001,6270733.379999999,3,
770112.73,6270733.68,6,
770113.03,6270733.68,4,
770113.3300000001,6270733.68,3,
770113.6300000001,6270733.68,3,
770117.23,6270733.68,4,
770117.53,6270733.68,4,
770117.8300000001,6270733.68,5,
770118.1300000001,6270733.68,5,
770118.43,6270733.68,3,
770121.73,6270733.68,1,
770122.03,6270733.68,2,
770122.3300000001,6270733.68,6,
770122.6300000001,6270733.68,6,
770122.93,6270733.68,6,
770123.23,6270733.68,3,
770123.53,6270733.68,1,
770127.1300000001,6270733.68,1,
770127.43,6270733.68,3,
770127.73,6270733.68,3,
770128.03,6270733.68,6,
770128.3300000001,6270733.68,3,
770131.93,6270733.68,6,
770132.23,6270733.68,4,
770132.53,6270733.68,5,
770132.8300000001,6270733.68,5,
770136.7300000001,6270733.68,4,
770137.03,6270733.68,4,
770137.3300000001,6270733.68,2,
770137.6300000001,6270733.68,5,
770137.93,6270733.68,6,
770141.2300000001,6270733.68,4,
770141.53,6270733.68,4,
770141.8300000001,6270733.68,3,
770142.1300000001,6270733.68,4,
770142.43,6270733.68,2,
770142.7300000001,6270733.68,4,
770146.3300000001,6270733.68,4,
770146.6300000001,6270733.68,5,
770146.93,6270733.68,7,
770147.2300000001,6270733.68,4,
770147.53,6270733.68,2,
770151.1300000001,6270733.68,3,
770151.43,6270733.68,5,
770151.7300000001,6270733.68,4,
770152.03,6270733.68,4,
770152.3300000001,6270733.68,6,
770155.3300000001,6270733.68,2,
770155.6300000001,6270733.68,1,
770155.93,6270733.68,4,
770156.2300000001,6270733.68,5,
770156.53,6270733.68,6,
770156.8300000001,6270733.68,1,
770160.43,6270733.68,2,
770160.7300000001,6270733.68,8,
770161.03,6270733.68,3,
770161.3300000001,6270733.68,5,
770161.6300000001,6270733.68,1,
770165.2300000001,6270733.68,6,
770165.53,6270733.68,4,
770165.8300000001,6270733.68,3,
770166.1300000001,6270733.68,4,
770166.43,6270733.68,3,
770169.7300000001,6270733.68,1,
770170.03,6270733.68,1,
770170.3300000001,6270733.68,2,
770170.6300000001,6270733.68,6,
770170.93,6270733.68,5,
770171.2300000001,6270733.68,4,
770171.53,6270733.68,1,
770174.53,6270733.68,2,
770174.8300000001,6270733.68,3,
770175.1300000001,6270733.68,3,
770175.43,6270733.68,5,
770175.7300000001,6270733.68,1,
770178.7300000001,6270733.68,1,
770179.03,6270733.68,2,
770179.3300000001,6270733.68,4,
770179.6300000001,6270733.68,3,
770179.93,6270733.68,3,
770180.2300000001,6270733.68,4,
770180.53,6270733.68,4,
770180.8300000001,6270733.68,6,
770181.1300000001,6270733.68,2,
770181.43,6270733.68,1,
770183.53,6270733.68,1,
770183.8300000001,6270733.68,3,
770184.1300000001,6270733.68,1,
770184.43,6270733.68,4,
770184.7300000001,6270733.68,4,
770185.03,6270733.68,3,
770185.3300000001,6270733.68,6,
770185.6300000001,6270733.68,4,
770188.6300000001,6270733.68,1,
770188.93,6270733.68,4,
770189.2300000001,6270733.68,2,
770189.53,6270733.68,1,
770189.8300000001,6270733.68,5,
770190.1300000001,6270733.68,3,
770190.43,6270733.68,5,
770190.7300000001,6270733.68,2,
770191.03,6270733.68,1,
770191.3300000001,6270733.68,1,
770194.93,6270733.68,3,
770199.4300000002,6270733.68,2,
770199.7300000001,6270733.68,1,
770112.73,6270733.98,1,
770113.03,6270733.98,1,
770113.3300000001,6270733.98,2,
770116.6300000001,6270733.98,3,
770116.93,6270733.98,5,
770117.23,6270733.98,4,
770117.53,6270733.98,3,
770117.8300000001,6270733.98,3,
770118.1300000001,6270733.98,2,
770118.43,6270733.98,1,
770121.43,6270733.98,2,
770121.73,6270733.98,3,
770122.03,6270733.98,1,
770122.3300000001,6270733.98,5,
770122.6300000001,6270733.98,5,
770122.93,6270733.98,3,
770126.53,6270733.98,1,
770126.8300000001,6270733.98,5,
770127.1300000001,6270733.98,6,
770127.43,6270733.98,3,
770127.73,6270733.98,4,
770131.03,6270733.98,2,
770131.3300000001,6270733.98,3,
770131.6300000001,6270733.98,6,
770131.93,6270733.98,4,
770132.23,6270733.98,3,
770132.53,6270733.98,4,
770132.8300000001,6270733.98,2,
770136.1300000001,6270733.98,1,
770136.43,6270733.98,7,
770136.7300000001,6270733.98,4,
770137.03,6270733.98,6,
770137.3300000001,6270733.98,1,
770137.93,6270733.98,1,
770140.6300000001,6270733.98,1,
770140.93,6270733.98,3,
770141.2300000001,6270733.98,1,
770141.53,6270733.98,5,
770141.8300000001,6270733.98,5,
770142.1300000001,6270733.98,3,
770142.43,6270733.98,5,
770145.7300000001,6270733.98,1,
770146.03,6270733.98,3,
770146.3300000001,6270733.98,3,
770146.6300000001,6270733.98,3,
770146.93,6270733.98,3,
770147.2300000001,6270733.98,3,
770150.2300000001,6270733.98,2,
770150.53,6270733.98,3,
770150.8300000001,6270733.98,6,
770151.1300000001,6270733.98,5,
770151.43,6270733.98,4,
770151.7300000001,6270733.98,2,
770154.7300000001,6270733.98,1,
770155.03,6270733.98,1,
770155.3300000001,6270733.98,4,
770155.6300000001,6270733.98,4,
770155.93,6270733.98,4,
770156.2300000001,6270733.98,2,
770156.53,6270733.98,1,
770160.1300000001,6270733.98,2,
770160.43,6270733.98,5,
770160.7300000001,6270733.98,4,
770161.03,6270733.98,3,
770161.3300000001,6270733.98,1,
770164.3300000001,6270733.98,1,
770164.6300000001,6270733.98,2,
770164.93,6270733.98,4,
770165.2300000001,6270733.98,2,
770165.53,6270733.98,6,
770165.8300000001,6270733.98,4,
770166.1300000001,6270733.98,2,
770169.43,6270733.98,4,
770169.7300000001,6270733.98,4,
770170.03,6270733.98,2,
770170.3300000001,6270733.98,5,
770170.6300000001,6270733.98,4,
770170.93,6270733.98,4,
770174.2300000001,6270733.98,2,
770174.53,6270733.98,4,
770174.8300000001,6270733.98,3,
770175.1300000001,6270733.98,4,
770175.43,6270733.98,3,
770178.7300000001,6270733.98,2,
770179.3300000001,6270733.98,2,
770179.6300000001,6270733.98,5,
770179.93,6270733.98,3,
770180.2300000001,6270733.98,3,
770180.53,6270733.98,2,
770180.8300000001,6270733.98,1,
770181.1300000001,6270733.98,1,
770183.53,6270733.98,2,
770183.8300000001,6270733.98,4,
770184.1300000001,6270733.98,2,
770184.43,6270733.98,3,
770184.7300000001,6270733.98,4,
770185.03,6270733.98,5,
770185.3300000001,6270733.98,3,
770185.6300000001,6270733.98,3,
770188.3300000001,6270733.98,4,
770188.6300000001,6270733.98,4,
770188.93,6270733.98,4,
770189.2300000001,6270733.98,6,
770189.53,6270733.98,3,
770189.8300000001,6270733.98,6,
770190.1300000001,6270733.98,4,
770190.43,6270733.98,4,
770190.7300000001,6270733.98,3,
770194.3300000001,6270733.98,1,
770199.4300000002,6270733.98,3,
770199.7300000001,6270733.98,1,
770116.03,6270734.279999999,1,
770116.3300000001,6270734.279999999,4,
770116.6300000001,6270734.279999999,3,
770116.93,6270734.279999999,4,
770117.23,6270734.279999999,1,
770117.53,6270734.279999999,3,
770121.1300000001,6270734.279999999,4,
770121.43,6270734.279999999,4,
770121.73,6270734.279999999,5,
770122.03,6270734.279999999,7,
770122.3300000001,6270734.279999999,4,
770125.93,6270734.279999999,2,
770126.23,6270734.279999999,4,
770126.53,6270734.279999999,5,
770126.8300000001,6270734.279999999,4,
770127.1300000001,6270734.279999999,4,
770131.03,6270734.279999999,2,
770131.3300000001,6270734.279999999,4,
770131.6300000001,6270734.279999999,4,
770131.93,6270734.279999999,5,
770132.23,6270734.279999999,2,
770132.53,6270734.279999999,1,
770135.8300000001,6270734.279999999,1,
770136.1300000001,6270734.279999999,3,
770136.43,6270734.279999999,5,
770136.7300000001,6270734.279999999,1,
770140.03,6270734.279999999,1,
770140.3300000001,6270734.279999999,3,
770140.6300000001,6270734.279999999,7,
770140.93,6270734.279999999,4,
770141.2300000001,6270734.279999999,4,
770141.53,6270734.279999999,3,
770141.8300000001,6270734.279999999,3,
770142.1300000001,6270734.279999999,2,
770145.43,6270734.279999999,3,
770145.7300000001,6270734.279999999,6,
770146.03,6270734.279999999,4,
770146.3300000001,6270734.279999999,4,
770146.6300000001,6270734.279999999,3,
770146.93,6270734.279999999,4,
770149.93,6270734.279999999,2,
770150.2300000001,6270734.279999999,2,
770150.53,6270734.279999999,2,
770150.8300000001,6270734.279999999,7,
770151.1300000001,6270734.279999999,5,
770151.43,6270734.279999999,4,
770151.7300000001,6270734.279999999,1,
770154.7300000001,6270734.279999999,3,
770155.03,6270734.279999999,5,
770155.3300000001,6270734.279999999,2,
770155.6300000001,6270734.279999999,5,
770155.93,6270734.279999999,3,
770159.2300000001,6270734.279999999,1,
770159.53,6270734.279999999,3,
770159.8300000001,6270734.279999999,2,
770160.1300000001,6270734.279999999,7,
770160.43,6270734.279999999,3,
770161.03,6270734.279999999,1,
770164.3300000001,6270734.279999999,4,
770164.6300000001,6270734.279999999,6,
770164.93,6270734.279999999,5,
770165.2300000001,6270734.279999999,4,
770165.53,6270734.279999999,1,
770169.1300000001,6270734.279999999,3,
770169.43,6270734.279999999,4,
770169.7300000001,6270734.279999999,5,
770170.03,6270734.279999999,4,
770173.03,6270734.279999999,1,
770173.6300000001,6270734.279999999,1,
770173.93,6270734.279999999,4,
770174.2300000001,6270734.279999999,6,
770174.53,6270734.279999999,3,
770174.8300000001,6270734.279999999,4,
770175.1300000001,6270734.279999999,1,
770177.8300000001,6270734.279999999,1,
770178.43,6270734.279999999,1,
770178.7300000001,6270734.279999999,2,
770179.03,6270734.279999999,3,
770179.3300000001,6270734.279999999,2,
770179.6300000001,6270734.279999999,6,
770179.93,6270734.279999999,2,
770180.2300000001,6270734.279999999,1,
770180.53,6270734.279999999,1,
770183.2300000001,6270734.279999999,5,
770183.53,6270734.279999999,5,
770183.8300000001,6270734.279999999,4,
770184.1300000001,6270734.279999999,3,
770184.43,6270734.279999999,5,
770184.7300000001,6270734.279999999,4,
770185.03,6270734.279999999,1,
770185.3300000001,6270734.279999999,1,
770187.7300000001,6270734.279999999,3,
770188.03,6270734.279999999,3,
770188.3300000001,6270734.279999999,4,
770188.6300000001,6270734.279999999,4,
770188.93,6270734.279999999,3,
770189.2300000001,6270734.279999999,3,
770189.53,6270734.279999999,4,
770189.8300000001,6270734.279999999,1,
770190.7300000001,6270734.279999999,1,
770193.1300000001,6270734.279999999,1,
770194.3300000001,6270734.279999999,2,
770198.8300000001,6270734.279999999,1,
770199.1300000001,6270734.279999999,1,
770115.73,6270734.58,1,
770116.03,6270734.58,5,
770116.3300000001,6270734.58,5,
770116.6300000001,6270734.58,3,
770116.93,6270734.58,5,
770117.23,6270734.58,1,
770120.53,6270734.58,2,
770120.8300000001,6270734.58,5,
770121.1300000001,6270734.58,2,
770121.43,6270734.58,5,
770121.73,6270734.58,2,
770122.03,6270734.58,2,
770125.03,6270734.58,2,
770125.3300000001,6270734.58,2,
770125.6300000001,6270734.58,2,
770125.93,6270734.58,4,
770126.23,6270734.58,3,
770126.53,6270734.58,4,
770130.43,6270734.58,3,
770130.73,6270734.58,5,
770131.03,6270734.58,4,
770131.3300000001,6270734.58,3,
770135.23,6270734.58,2,
770135.53,6270734.58,3,
770135.8300000001,6270734.58,2,
770136.1300000001,6270734.58,2,
770136.43,6270734.58,1,
770136.7300000001,6270734.58,1,
770139.7300000001,6270734.58,1,
770140.03,6270734.58,5,
770140.3300000001,6270734.58,3,
770140.6300000001,6270734.58,5,
770140.93,6270734.58,2,
770141.2300000001,6270734.58,2,
770141.53,6270734.58,1,
770141.8300000001,6270734.58,1,
770144.53,6270734.58,1,
770144.8300000001,6270734.58,1,
770145.1300000001,6270734.58,5,
770145.43,6270734.58,6,
770145.7300000001,6270734.58,3,
770146.03,6270734.58,4,
770146.3300000001,6270734.58,2,
770146.6300000001,6270734.58,2,
770149.6300000001,6270734.58,1,
770149.93,6270734.58,5,
770150.2300000001,6270734.58,3,
770150.53,6270734.58,5,
770150.8300000001,6270734.58,3,
770151.1300000001,6270734.58,4,
770153.8300000001,6270734.58,1,
770154.1300000001,6270734.58,1,
770154.43,6270734.58,3,
770154.7300000001,6270734.58,8,
770155.03,6270734.58,4,
770155.3300000001,6270734.58,5,
770155.6300000001,6270734.58,1,
770158.6300000001,6270734.58,3,
770158.93,6270734.58,2,
770159.2300000001,6270734.58,4,
770159.53,6270734.58,3,
770159.8300000001,6270734.58,4,
770160.1300000001,6270734.58,1,
770163.43,6270734.58,1,
770163.7300000001,6270734.58,1,
770164.03,6270734.58,6,
770164.3300000001,6270734.58,6,
770164.6300000001,6270734.58,5,
770164.93,6270734.58,4,
770165.2300000001,6270734.58,1,
770169.1300000001,6270734.58,6,
770169.43,6270734.58,4,
770169.7300000001,6270734.58,5,
770172.7300000001,6270734.58,1,
770173.03,6270734.58,1,
770173.3300000001,6270734.58,4,
770173.6300000001,6270734.58,6,
770173.93,6270734.58,4,
770174.2300000001,6270734.58,2,
770174.53,6270734.58,2,
770177.53,6270734.58,1,
770177.8300000001,6270734.58,2,
770178.1300000001,6270734.58,3,
770178.43,6270734.58,1,
770178.7300000001,6270734.58,5,
770179.03,6270734.58,4,
770179.3300000001,6270734.58,4,
770179.6300000001,6270734.58,1,
770182.6300000001,6270734.58,3,
770182.93,6270734.58,2,
770183.2300000001,6270734.58,5,
770183.53,6270734.58,6,
770183.8300000001,6270734.58,2,
770184.1300000001,6270734.58,4,
770184.43,6270734.58,4,
770184.7300000001,6270734.58,1,
770187.1300000001,6270734.58,1,
770187.43,6270734.58,5,
770187.7300000001,6270734.58,4,
770188.03,6270734.58,3,
770188.3300000001,6270734.58,5,
770188.6300000001,6270734.58,5,
770188.93,6270734.58,3,
770189.2300000001,6270734.58,1,
770193.1300000001,6270734.58,1,
770193.43,6270734.58,5,
770197.9300000002,6270734.58,2,
770198.2300000001,6270734.58,1,
770115.1300000001,6270734.879999999,2,
770115.43,6270734.879999999,3,
770115.73,6270734.879999999,5,
770116.03,6270734.879999999,3,
770116.3300000001,6270734.879999999,2,
770116.6300000001,6270734.879999999,3,
770116.93,6270734.879999999,1,
770120.23,6270734.879999999,2,
770120.53,6270734.879999999,4,
770120.8300000001,6270734.879999999,6,
770121.1300000001,6270734.879999999,6,
770124.73,6270734.879999999,1,
770125.03,6270734.879999999,3,
770125.3300000001,6270734.879999999,3,
770125.6300000001,6270734.879999999,6,
770125.93,6270734.879999999,5,
770126.23,6270734.879999999,1,
770126.53,6270734.879999999,2,
770129.53,6270734.879999999,1,
770130.1300000001,6270734.879999999,1,
770130.43,6270734.879999999,5,
770130.73,6270734.879999999,5,
770131.03,6270734.879999999,3,
770131.3300000001,6270734.879999999,1,
770134.93,6270734.879999999,2,
770135.23,6270734.879999999,1,
770135.53,6270734.879999999,2,
770139.1300000001,6270734.879999999,2,
770139.43,6270734.879999999,3,
770139.7300000001,6270734.879999999,3,
770140.03,6270734.879999999,3,
770140.3300000001,6270734.879999999,5,
770140.6300000001,6270734.879999999,5,
770140.93,6270734.879999999,5,
770144.2300000001,6270734.879999999,1,
770144.53,6270734.879999999,4,
770144.8300000001,6270734.879999999,5,
770145.1300000001,6270734.879999999,2,
770145.43,6270734.879999999,4,
770145.7300000001,6270734.879999999,4,
770146.03,6270734.879999999,1,
770148.7300000001,6270734.879999999,1,
770149.3300000001,6270734.879999999,3,
770149.6300000001,6270734.879999999,5,
770149.93,6270734.879999999,4,
770150.2300000001,6270734.879999999,3,
770150.53,6270734.879999999,2,
770150.8300000001,6270734.879999999,1,
770153.2300000001,6270734.879999999,1,
770153.53,6270734.879999999,1,
770153.8300000001,6270734.879999999,4,
770154.1300000001,6270734.879999999,4,
770154.43,6270734.879999999,4,
770154.7300000001,6270734.879999999,3,
770155.03,6270734.879999999,3,
770158.6300000001,6270734.879999999,6,
770158.93,6270734.879999999,4,
770159.2300000001,6270734.879999999,3,
770159.53,6270734.879999999,5,
770162.8300000001,6270734.879999999,1,
770163.43,6270734.879999999,5,
770163.7300000001,6270734.879999999,5,
770164.03,6270734.879999999,5,
770164.3300000001,6270734.879999999,4,
770164.6300000001,6270734.879999999,2,
770167.93,6270734.879999999,1,
770168.2300000001,6270734.879999999,4,
770168.53,6270734.879999999,3,
770168.8300000001,6270734.879999999,5,
770169.1300000001,6270734.879999999,1,
770173.03,6270734.879999999,7,
770173.3300000001,6270734.879999999,4,
770173.6300000001,6270734.879999999,4,
770173.93,6270734.879999999,3,
770177.53,6270734.879999999,1,
770177.8300000001,6270734.879999999,5,
770178.1300000001,6270734.879999999,3,
770178.43,6270734.879999999,4,
770178.7300000001,6270734.879999999,5,
770179.03,6270734.879999999,5,
770179.3300000001,6270734.879999999,2,
770182.3300000001,6270734.879999999,3,
770182.6300000001,6270734.879999999,4,
770182.93,6270734.879999999,5,
770183.2300000001,6270734.879999999,5,
770183.53,6270734.879999999,4,
770184.1300000001,6270734.879999999,2,
770184.43,6270734.879999999,1,
770186.53,6270734.879999999,3,
770186.8300000001,6270734.879999999,1,
770187.43,6270734.879999999,3,
770187.7300000001,6270734.879999999,3,
770188.03,6270734.879999999,5,
770188.3300000001,6270734.879999999,6,
770188.6300000001,6270734.879999999,3,
770188.93,6270734.879999999,1,
770192.2300000001,6270734.879999999,2,
770192.53,6270734.879999999,5,
770192.8300000001,6270734.879999999,3,
770193.1300000001,6270734.879999999,1,
770197.03,6270734.879999999,2,
770197.3300000001,6270734.879999999,7,
770198.2300000001,6270734.879999999,2,
770201.8300000001,6270734.879999999,1,
770202.1300000001,6270734.879999999,1,
770114.8300000001,6270735.18,4,
770115.1300000001,6270735.18,5,
770115.43,6270735.18,8,
770115.73,6270735.18,3,
770116.03,6270735.18,3,
770116.3300000001,6270735.18,4,
770119.3300000001,6270735.18,1,
770119.6300000001,6270735.18,1,
770119.93,6270735.18,4,
770120.23,6270735.18,5,
770120.53,6270735.18,3,
770120.8300000001,6270735.18,1,
770124.1300000001,6270735.18,1,
770124.43,6270735.18,3,
770124.73,6270735.18,3,
770125.03,6270735.18,5,
770125.3300000001,6270735.18,5,
770125.6300000001,6270735.18,2,
770129.53,6270735.18,3,
770130.1300000001,6270735.18,1,
770130.43,6270735.18,6,
770134.03,6270735.18,1,
770134.3300000001,6270735.18,6,
770134.6300000001,6270735.18,5,
770134.93,6270735.18,4,
770135.23,6270735.18,3,
770139.1300000001,6270735.18,5,
770139.43,6270735.18,5,
770139.7300000001,6270735.18,4,
770140.03,6270735.18,4,
770140.3300000001,6270735.18,4,
770143.93,6270735.18,1,
770144.2300000001,6270735.18,5,
770144.53,6270735.18,3,
770144.8300000001,6270735.18,5,
770145.1300000001,6270735.18,4,
770145.43,6270735.18,1,
770148.7300000001,6270735.18,4,
770149.03,6270735.18,4,
770149.3300000001,6270735.18,5,
770149.6300000001,6270735.18,4,
770149.93,6270735.18,6,
770153.2300000001,6270735.18,3,
770153.53,6270735.18,7,
770153.8300000001,6270735.18,5,
770154.1300000001,6270735.18,5,
770154.43,6270735.18,2,
770157.43,6270735.18,1,
770157.7300000001,6270735.18,2,
770158.03,6270735.18,3,
770158.3300000001,6270735.18,6,
770158.6300000001,6270735.18,5,
770158.93,6270735.18,6,
770159.2300000001,6270735.18,2,
770162.53,6270735.18,2,
770162.8300000001,6270735.18,6,
770163.1300000001,6270735.18,3,
770163.43,6270735.18,4,
770163.7300000001,6270735.18,2,
770164.03,6270735.18,2,
770164.3300000001,6270735.18,1,
770167.3300000001,6270735.18,2,
770167.6300000001,6270735.18,4,
770167.93,6270735.18,5,
770168.2300000001,6270735.18,5,
770168.53,6270735.18,7,
770168.8300000001,6270735.18,2,
770172.1300000001,6270735.18,1,
770172.43,6270735.18,3,
770172.7300000001,6270735.18,5,
770173.03,6270735.18,5,
770173.3300000001,6270735.18,3,
770173.6300000001,6270735.18,2,
770177.2300000001,6270735.18,4,
770177.53,6270735.18,5,
770177.8300000001,6270735.18,2,
770178.1300000001,6270735.18,4,
770178.43,6270735.18,3,
770178.7300000001,6270735.18,1,
770182.03,6270735.18,2,
770182.3300000001,6270735.18,2,
770182.6300000001,6270735.18,4,
770182.93,6270735.18,4,
770183.2300000001,6270735.18,2,
770186.8300000001,6270735.18,1,
770187.43,6270735.18,1,
770188.03,6270735.18,4,
770188.3300000001,6270735.18,1,
770191.93,6270735.18,1,
770192.2300000001,6270735.18,5,
770192.53,6270735.18,3,
770192.8300000001,6270735.18,2,
770193.1300000001,6270735.18,2,
770196.4300000002,6270735.18,2,
770196.7300000001,6270735.18,1,
770197.03,6270735.18,4,
770197.3300000001,6270735.18,5,
770197.6300000001,6270735.18,1,
770197.9300000002,6270735.18,1,
770201.53,6270735.18,1,
770201.8300000001,6270735.18,1,
770202.1300000001,6270735.18,3,
770114.23,6270735.48,1,
770114.53,6270735.48,4,
770114.8300000001,6270735.48,5,
770115.1300000001,6270735.48,5,
770115.43,6270735.48,4,
770115.73,6270735.48,1,
770116.3300000001,6270735.48,2,
770119.03,6270735.48,2,
770119.3300000001,6270735.48,5,
770119.6300000001,6270735.48,4,
770119.93,6270735.48,6,
770120.23,6270735.48,2,
770120.53,6270735.48,3,
770123.8300000001,6270735.48,1,
770124.1300000001,6270735.48,4,
770124.43,6270735.48,7,
770124.73,6270735.48,4,
770125.03,6270735.48,4,
770125.3300000001,6270735.48,4,
770125.6300000001,6270735.48,2,
770128.6300000001,6270735.48,1,
770128.93,6270735.48,2,
770129.23,6270735.48,3,
770129.53,6270735.48,4,
770129.8300000001,6270735.48,5,
770130.1300000001,6270735.48,1,
770133.43,6270735.48,2,
770133.73,6270735.48,4,
770134.03,6270735.48,5,
770134.3300000001,6270735.48,2,
770134.6300000001,6270735.48,4,
770137.93,6270735.48,1,
770138.2300000001,6270735.48,3,
770138.53,6270735.48,2,
770138.8300000001,6270735.48,5,
770139.1300000001,6270735.48,3,
770139.43,6270735.48,3,
770139.7300000001,6270735.48,1,
770140.03,6270735.48,2,
770140.3300000001,6270735.48,1,
770143.6300000001,6270735.48,2,
770143.93,6270735.48,4,
770144.2300000001,6270735.48,5,
770144.53,6270735.48,3,
770144.8300000001,6270735.48,1,
770145.1300000001,6270735.48,1,
770148.43,6270735.48,6,
770148.7300000001,6270735.48,2,
770149.03,6270735.48,4,
770149.3300000001,6270735.48,3,
770149.6300000001,6270735.48,2,
770152.6300000001,6270735.48,2,
770152.93,6270735.48,4,
770153.2300000001,6270735.48,8,
770153.53,6270735.48,5,
770153.8300000001,6270735.48,4,
770157.1300000001,6270735.48,1,
770157.43,6270735.48,5,
770157.7300000001,6270735.48,4,
770158.03,6270735.48,3,
770158.3300000001,6270735.48,5,
770158.6300000001,6270735.48,3,
770162.2300000001,6270735.48,2,
770162.53,6270735.48,7,
770162.8300000001,6270735.48,4,
770163.1300000001,6270735.48,3,
770163.43,6270735.48,3,
770167.03,6270735.48,1,
770167.3300000001,6270735.48,4,
770167.6300000001,6270735.48,3,
770167.93,6270735.48,4,
770168.2300000001,6270735.48,3,
770172.1300000001,6270735.48,5,
770172.43,6270735.48,5,
770172.7300000001,6270735.48,4,
770173.03,6270735.48,1,
770177.2300000001,6270735.48,2,
770177.53,6270735.48,3,
770177.8300000001,6270735.48,6,
770178.1300000001,6270735.48,2,
770180.8300000001,6270735.48,1,
770181.1300000001,6270735.48,3,
770181.43,6270735.48,4,
770181.7300000001,6270735.48,4,
770182.3300000001,6270735.48,1,
770185.93,6270735.48,1,
770186.53,6270735.48,1,
770186.8300000001,6270735.48,4,
770187.1300000001,6270735.48,2,
770187.7300000001,6270735.48,1,
770188.03,6270735.48,4,
770188.3300000001,6270735.48,1,
770191.3300000001,6270735.48,1,
770191.93,6270735.48,7,
770192.2300000001,6270735.48,3,
770192.53,6270735.48,1,
770196.4300000002,6270735.48,2,
770196.7300000001,6270735.48,2,
770197.03,6270735.48,2,
770200.9300000002,6270735.48,4,
770201.2300000001,6270735.48,3,
770201.53,6270735.48,3,
770201.8300000001,6270735.48,1,
770205.4300000002,6270735.48,1,
770114.23,6270735.779999999,3,
770114.53,6270735.779999999,5,
770114.8300000001,6270735.779999999,2,
770115.1300000001,6270735.779999999,2,
770115.43,6270735.779999999,1,
770118.43,6270735.779999999,2,
770118.73,6270735.779999999,2,
770119.03,6270735.779999999,4,
770119.3300000001,6270735.779999999,6,
770119.6300000001,6270735.779999999,3,
770119.93,6270735.779999999,3,
770123.23,6270735.779999999,1,
770123.53,6270735.779999999,2,
770123.8300000001,6270735.779999999,3,
770124.1300000001,6270735.779999999,2,
770124.43,6270735.779999999,3,
770124.73,6270735.779999999,4,
770125.03,6270735.779999999,1,
770125.3300000001,6270735.779999999,1,
770128.3300000001,6270735.779999999,4,
770128.6300000001,6270735.779999999,4,
770128.93,6270735.779999999,3,
770129.23,6270735.779999999,5,
770129.53,6270735.779999999,5,
770130.1300000001,6270735.779999999,1,
770132.8300000001,6270735.779999999,1,
770133.1300000001,6270735.779999999,4,
770133.43,6270735.779999999,4,
770133.73,6270735.779999999,3,
770134.03,6270735.779999999,4,
770134.3300000001,6270735.779999999,6,
770137.6300000001,6270735.779999999,2,
770137.93,6270735.779999999,2,
770138.2300000001,6270735.779999999,2,
770138.53,6270735.779999999,5,
770138.8300000001,6270735.779999999,4,
770139.1300000001,6270735.779999999,3,
770142.7300000001,6270735.779999999,1,
770143.03,6270735.779999999,4,
770143.3300000001,6270735.779999999,5,
770143.6300000001,6270735.779999999,1,
770143.93,6270735.779999999,1,
770144.2300000001,6270735.779999999,1,
770144.53,6270735.779999999,1,
770147.53,6270735.779999999,1,
770147.8300000001,6270735.779999999,5,
770148.1300000001,6270735.779999999,6,
770148.43,6270735.779999999,6,
770148.7300000001,6270735.779999999,5,
770149.03,6270735.779999999,2,
770152.03,6270735.779999999,1,
770152.3300000001,6270735.779999999,3,
770152.6300000001,6270735.779999999,7,
770152.93,6270735.779999999,4,
770153.2300000001,6270735.779999999,3,
770153.53,6270735.779999999,2,
770156.8300000001,6270735.779999999,1,
770157.1300000001,6270735.779999999,2,
770157.43,6270735.779999999,7,
770157.7300000001,6270735.779999999,3,
770158.03,6270735.779999999,5,
770158.3300000001,6270735.779999999,3,
770158.6300000001,6270735.779999999,1,
770161.93,6270735.779999999,4,
770162.2300000001,6270735.779999999,4,
770162.53,6270735.779999999,4,
770162.8300000001,6270735.779999999,3,
770163.1300000001,6270735.779999999,1,
770166.43,6270735.779999999,2,
770166.7300000001,6270735.779999999,5,
770167.03,6270735.779999999,5,
770167.3300000001,6270735.779999999,6,
770167.6300000001,6270735.779999999,3,
770167.93,6270735.779999999,1,
770170.6300000001,6270735.779999999,2,
770171.2300000001,6270735.779999999,2,
770171.53,6270735.779999999,3,
770171.8300000001,6270735.779999999,6,
770172.1300000001,6270735.779999999,3,
770172.43,6270735.779999999,2,
770172.7300000001,6270735.779999999,1,
770176.03,6270735.779999999,2,
770176.93,6270735.779999999,3,
770177.2300000001,6270735.779999999,4,
770177.53,6270735.779999999,3,
770177.8300000001,6270735.779999999,1,
770180.8300000001,6270735.779999999,2,
770181.1300000001,6270735.779999999,2,
770181.43,6270735.779999999,5,
770181.7300000001,6270735.779999999,3,
770182.03,6270735.779999999,3,
770185.6300000001,6270735.779999999,2,
770185.93,6270735.779999999,3,
770186.2300000001,6270735.779999999,4,
770186.53,6270735.779999999,6,
770186.8300000001,6270735.779999999,3,
770191.3300000001,6270735.779999999,3,
770191.6300000001,6270735.779999999,4,
770191.93,6270735.779999999,1,
770192.2300000001,6270735.779999999,1,
770192.53,6270735.779999999,1,
770195.8300000001,6270735.779999999,1,
770196.1300000001,6270735.779999999,2,
770196.4300000002,6270735.779999999,4,
770196.7300000001,6270735.779999999,1,
770200.3300000001,6270735.779999999,3,
770200.6300000001,6270735.779999999,3,
770200.9300000002,6270735.779999999,1,
770201.2300000001,6270735.779999999,6,
770201.53,6270735.779999999,1,
770201.8300000001,6270735.779999999,1,
770204.8300000001,6270735.779999999,1,
770205.1300000001,6270735.779999999,4,
770205.4300000002,6270735.779999999,3,
770114.23,6270736.08,2,
770114.53,6270736.08,3,
770114.8300000001,6270736.08,1,
770118.1300000001,6270736.08,2,
770118.43,6270736.08,4,
770118.73,6270736.08,5,
770119.03,6270736.08,5,
770119.3300000001,6270736.08,3,
770119.6300000001,6270736.08,2,
770122.6300000001,6270736.08,1,
770122.93,6270736.08,1,
770123.23,6270736.08,4,
770123.53,6270736.08,3,
770123.8300000001,6270736.08,4,
770124.1300000001,6270736.08,3,
770124.43,6270736.08,2,
770128.03,6270736.08,1,
770128.3300000001,6270736.08,6,
770128.6300000001,6270736.08,2,
770128.93,6270736.08,4,
770129.23,6270736.08,1,
770132.23,6270736.08,1,
770132.53,6270736.08,5,
770132.8300000001,6270736.08,3,
770133.1300000001,6270736.08,3,
770133.43,6270736.08,6,
770133.73,6270736.08,3,
770134.3300000001,6270736.08,1,
770137.3300000001,6270736.08,4,
770137.6300000001,6270736.08,3,
770137.93,6270736.08,2,
770138.2300000001,6270736.08,4,
770138.53,6270736.08,4,
770138.8300000001,6270736.08,2,
770142.1300000001,6270736.08,1,
770142.43,6270736.08,3,
770142.7300000001,6270736.08,5,
770143.03,6270736.08,3,
770143.3300000001,6270736.08,5,
770143.6300000001,6270736.08,4,
770143.93,6270736.08,1,
770146.93,6270736.08,1,
770147.2300000001,6270736.08,1,
770147.53,6270736.08,4,
770147.8300000001,6270736.08,6,
770148.1300000001,6270736.08,3,
770148.43,6270736.08,3,
770148.7300000001,6270736.08,1,
770151.7300000001,6270736.08,2,
770152.03,6270736.08,6,
770152.3300000001,6270736.08,5,
770152.6300000001,6270736.08,4,
770152.93,6270736.08,4,
770153.2300000001,6270736.08,2,
770156.2300000001,6270736.08,2,
770156.8300000001,6270736.08,5,
770157.1300000001,6270736.08,8,
770157.43,6270736.08,2,
770157.7300000001,6270736.08,2,
770161.03,6270736.08,1,
770161.3300000001,6270736.08,2,
770161.6300000001,6270736.08,4,
770161.93,6270736.08,5,
770162.2300000001,6270736.08,5,
770162.53,6270736.08,2,
770165.8300000001,6270736.08,2,
770166.1300000001,6270736.08,3,
770166.43,6270736.08,3,
770166.7300000001,6270736.08,3,
770167.03,6270736.08,6,
770167.3300000001,6270736.08,2,
770167.6300000001,6270736.08,3,
770167.93,6270736.08,2,
770170.6300000001,6270736.08,3,
770170.93,6270736.08,4,
770171.2300000001,6270736.08,7,
770171.53,6270736.08,4,
770171.8300000001,6270736.08,5,
770172.1300000001,6270736.08,2,
770175.43,6270736.08,1,
770176.03,6270736.08,6,
770176.3300000001,6270736.08,6,
770176.6300000001,6270736.08,1,
770177.2300000001,6270736.08,1,
770180.53,6270736.08,1,
770180.8300000001,6270736.08,4,
770181.1300000001,6270736.08,4,
770181.43,6270736.08,4,
770181.7300000001,6270736.08,1,
770182.03,6270736.08,1,
770185.3300000001,6270736.08,4,
770185.6300000001,6270736.08,3,
770185.93,6270736.08,4,
770186.2300000001,6270736.08,1,
770186.53,6270736.08,4,
770186.8300000001,6270736.08,2,
770189.8300000001,6270736.08,1,
770190.7300000001,6270736.08,1,
770191.03,6270736.08,1,
770194.93,6270736.08,1,
770195.2300000001,6270736.08,4,
770195.53,6270736.08,1,
770195.8300000001,6270736.08,1,
770196.1300000001,6270736.08,3,
770199.7300000001,6270736.08,1,
770200.03,6270736.08,6,
770200.3300000001,6270736.08,4,
770200.6300000001,6270736.08,1,
770200.9300000002,6270736.08,1,
770201.2300000001,6270736.08,1,
770204.53,6270736.08,1,
770204.8300000001,6270736.08,5,
770205.1300000001,6270736.08,6,
770205.4300000002,6270736.08,3,
770117.53,6270736.379999999,2,
770117.8300000001,6270736.379999999,1,
770118.1300000001,6270736.379999999,7,
770118.43,6270736.379999999,2,
770118.73,6270736.379999999,5,
770122.93,6270736.379999999,4,
770123.23,6270736.379999999,5,
770123.53,6270736.379999999,4,
770123.8300000001,6270736.379999999,3,
770127.1300000001,6270736.379999999,2,
770127.43,6270736.379999999,2,
770127.73,6270736.379999999,5,
770128.03,6270736.379999999,3,
770128.3300000001,6270736.379999999,4,
770128.6300000001,6270736.379999999,5,
770128.93,6270736.379999999,3,
770131.6300000001,6270736.379999999,1,
770132.23,6270736.379999999,4,
770132.53,6270736.379999999,2,
770132.8300000001,6270736.379999999,5,
770133.1300000001,6270736.379999999,3,
770133.43,6270736.379999999,3,
770136.7300000001,6270736.379999999,3,
770137.03,6270736.379999999,2,
770137.3300000001,6270736.379999999,7,
770137.6300000001,6270736.379999999,2,
770137.93,6270736.379999999,3,
770138.2300000001,6270736.379999999,5,
770141.8300000001,6270736.379999999,3,
770142.1300000001,6270736.379999999,5,
770142.43,6270736.379999999,6,
770142.7300000001,6270736.379999999,4,
770143.03,6270736.379999999,6,
770143.3300000001,6270736.379999999,1,
770146.6300000001,6270736.379999999,3,
770146.93,6270736.379999999,2,
770147.2300000001,6270736.379999999,5,
770147.53,6270736.379999999,5,
770147.8300000001,6270736.379999999,4,
770148.1300000001,6270736.379999999,3,
770151.1300000001,6270736.379999999,2,
770151.43,6270736.379999999,5,
770151.7300000001,6270736.379999999,5,
770152.03,6270736.379999999,6,
770152.3300000001,6270736.379999999,4,
770152.6300000001,6270736.379999999,1,
770155.93,6270736.379999999,2,
770156.2300000001,6270736.379999999,3,
770156.53,6270736.379999999,6,
770156.8300000001,6270736.379999999,4,
770160.43,6270736.379999999,3,
770160.7300000001,6270736.379999999,3,
770161.03,6270736.379999999,4,
770161.3300000001,6270736.379999999,5,
770161.6300000001,6270736.379999999,4,
770161.93,6270736.379999999,4,
770162.2300000001,6270736.379999999,1,
770165.53,6270736.379999999,1,
770165.8300000001,6270736.379999999,4,
770166.1300000001,6270736.379999999,2,
770166.43,6270736.379999999,7,
770166.7300000001,6270736.379999999,4,
770170.3300000001,6270736.379999999,5,
770170.6300000001,6270736.379999999,3,
770170.93,6270736.379999999,4,
770171.2300000001,6270736.379999999,4,
770171.53,6270736.379999999,1,
770174.8300000001,6270736.379999999,1,
770175.1300000001,6270736.379999999,3,
770175.43,6270736.379999999,2,
770175.7300000001,6270736.379999999,4,
770176.03,6270736.379999999,3,
770176.3300000001,6270736.379999999,4,
770176.6300000001,6270736.379999999,4,
770179.93,6270736.379999999,2,
770180.2300000001,6270736.379999999,4,
770180.53,6270736.379999999,5,
770180.8300000001,6270736.379999999,4,
770181.1300000001,6270736.379999999,4,
770184.43,6270736.379999999,3,
770185.03,6270736.379999999,3,
770185.3300000001,6270736.379999999,3,
770185.6300000001,6270736.379999999,4,
770185.93,6270736.379999999,4,
770186.2300000001,6270736.379999999,4,
770189.53,6270736.379999999,1,
770190.1300000001,6270736.379999999,1,
770190.43,6270736.379999999,1,
770194.93,6270736.379999999,1,
770195.2300000001,6270736.379999999,2,
770195.53,6270736.379999999,4,
770195.8300000001,6270736.379999999,1,
770199.7300000001,6270736.379999999,6,
770200.03,6270736.379999999,5,
770200.3300000001,6270736.379999999,3,
770200.6300000001,6270736.379999999,1,
770203.9300000002,6270736.379999999,3,
770204.2300000001,6270736.379999999,3,
770204.53,6270736.379999999,4,
770204.8300000001,6270736.379999999,5,
770205.1300000001,6270736.379999999,4,
770205.4300000002,6270736.379999999,4,
770116.93,6270736.68,2,
770117.23,6270736.68,2,
770117.53,6270736.68,5,
770117.8300000001,6270736.68,8,
770118.1300000001,6270736.68,4,
770118.43,6270736.68,3,
770122.03,6270736.68,1,
770122.3300000001,6270736.68,2,
770122.6300000001,6270736.68,6,
770122.93,6270736.68,5,
770123.23,6270736.68,6,
770123.53,6270736.68,1,
770126.53,6270736.68,1,
770126.8300000001,6270736.68,1,
770127.1300000001,6270736.68,5,
770127.43,6270736.68,4,
770127.73,6270736.68,3,
770128.03,6270736.68,4,
770128.3300000001,6270736.68,2,
770131.3300000001,6270736.68,1,
770131.6300000001,6270736.68,4,
770131.93,6270736.68,5,
770132.23,6270736.68,5,
770132.53,6270736.68,5,
770132.8300000001,6270736.68,5,
770133.1300000001,6270736.68,1,
770136.43,6270736.68,2,
770136.7300000001,6270736.68,5,
770137.03,6270736.68,5,
770137.3300000001,6270736.68,5,
770137.6300000001,6270736.68,5,
770137.93,6270736.68,2,
770141.2300000001,6270736.68,2,
770141.53,6270736.68,3,
770141.8300000001,6270736.68,4,
770142.1300000001,6270736.68,4,
770142.43,6270736.68,4,
770142.7300000001,6270736.68,5,
770146.3300000001,6270736.68,1,
770146.6300000001,6270736.68,5,
770146.93,6270736.68,4,
770147.2300000001,6270736.68,5,
770147.53,6270736.68,5,
770150.8300000001,6270736.68,1,
770151.1300000001,6270736.68,4,
770151.43,6270736.68,4,
770151.7300000001,6270736.68,6,
770152.03,6270736.68,3,
770155.6300000001,6270736.68,1,
770155.93,6270736.68,4,
770156.2300000001,6270736.68,4,
770156.53,6270736.68,1,
770160.1300000001,6270736.68,2,
770160.43,6270736.68,1,
770160.7300000001,6270736.68,5,
770161.03,6270736.68,3,
770161.3300000001,6270736.68,5,
770161.6300000001,6270736.68,2,
770164.93,6270736.68,1,
770165.2300000001,6270736.68,4,
770165.53,6270736.68,4,
770165.8300000001,6270736.68,1,
770166.1300000001,6270736.68,5,
770166.43,6270736.68,2,
770166.7300000001,6270736.68,1,
770169.43,6270736.68,1,
770169.7300000001,6270736.68,2,
770170.03,6270736.68,5,
770170.3300000001,6270736.68,6,
770170.6300000001,6270736.68,4,
770170.93,6270736.68,2,
770171.2300000001,6270736.68,1,
770175.1300000001,6270736.68,6,
770175.43,6270736.68,6,
770175.7300000001,6270736.68,4,
770176.03,6270736.68,4,
770176.3300000001,6270736.68,2,
770179.3300000001,6270736.68,1,
770179.6300000001,6270736.68,2,
770179.93,6270736.68,5,
770180.2300000001,6270736.68,6,
770180.53,6270736.68,2,
770180.8300000001,6270736.68,4,
770181.1300000001,6270736.68,2,
770184.1300000001,6270736.68,1,
770184.43,6270736.68,4,
770184.7300000001,6270736.68,4,
770185.03,6270736.68,5,
770185.3300000001,6270736.68,3,
770185.6300000001,6270736.68,2,
770185.93,6270736.68,1,
770186.2300000001,6270736.68,2,
770189.2300000001,6270736.68,2,
770189.53,6270736.68,1,
770189.8300000001,6270736.68,3,
770190.1300000001,6270736.68,4,
770194.93,6270736.68,1,
770195.2300000001,6270736.68,1,
770199.4300000002,6270736.68,4,
770199.7300000001,6270736.68,3,
770200.03,6270736.68,1,
770203.3300000001,6270736.68,3,
770203.6300000001,6270736.68,2,
770203.9300000002,6270736.68,4,
770204.2300000001,6270736.68,5,
770204.53,6270736.68,5,
770204.8300000001,6270736.68,2,
770116.3300000001,6270736.98,1,
770116.6300000001,6270736.98,1,
770116.93,6270736.98,4,
770117.23,6270736.98,6,
770117.53,6270736.98,6,
770117.8300000001,6270736.98,4,
770118.1300000001,6270736.98,1,
770121.43,6270736.98,2,
770121.73,6270736.98,4,
770122.03,6270736.98,3,
770122.3300000001,6270736.98,3,
770122.6300000001,6270736.98,1,
770126.23,6270736.98,2,
770126.53,6270736.98,3,
770126.8300000001,6270736.98,4,
770127.1300000001,6270736.98,4,
770127.43,6270736.98,6,
770127.73,6270736.98,1,
770131.03,6270736.98,4,
770131.3300000001,6270736.98,4,
770131.6300000001,6270736.98,3,
770131.93,6270736.98,5,
770132.23,6270736.98,4,
770136.1300000001,6270736.98,4,
770136.43,6270736.98,5,
770136.7300000001,6270736.98,2,
770137.03,6270736.98,5,
770137.3300000001,6270736.98,1,
770140.6300000001,6270736.98,1,
770140.93,6270736.98,1,
770141.2300000001,6270736.98,7,
770141.53,6270736.98,4,
770141.8300000001,6270736.98,6,
770142.1300000001,6270736.98,5,
770142.43,6270736.98,1,
770146.03,6270736.98,6,
770146.3300000001,6270736.98,4,
770146.6300000001,6270736.98,7,
770146.93,6270736.98,5,
770147.2300000001,6270736.98,1,
770149.93,6270736.98,1,
770150.2300000001,6270736.98,1,
770150.53,6270736.98,2,
770150.8300000001,6270736.98,3,
770151.1300000001,6270736.98,4,
770151.43,6270736.98,5,
770151.7300000001,6270736.98,2,
770154.7300000001,6270736.98,1,
770155.03,6270736.98,1,
770155.6300000001,6270736.98,1,
770155.93,6270736.98,2,
770156.2300000001,6270736.98,1,
770159.53,6270736.98,1,
770159.8300000001,6270736.98,2,
770160.1300000001,6270736.98,5,
770160.43,6270736.98,5,
770160.7300000001,6270736.98,3,
770161.03,6270736.98,3,
770164.6300000001,6270736.98,2,
770164.93,6270736.98,7,
770165.2300000001,6270736.98,3,
770165.53,6270736.98,6,
770165.8300000001,6270736.98,3,
770166.1300000001,6270736.98,5,
770169.1300000001,6270736.98,1,
770169.43,6270736.98,3,
770169.7300000001,6270736.98,3,
770170.03,6270736.98,5,
770170.3300000001,6270736.98,1,
770174.2300000001,6270736.98,2,
770174.53,6270736.98,4,
770174.8300000001,6270736.98,3,
770175.1300000001,6270736.98,2,
770175.43,6270736.98,4,
770175.7300000001,6270736.98,6,
770176.03,6270736.98,2,
770179.03,6270736.98,3,
770179.3300000001,6270736.98,6,
770179.6300000001,6270736.98,5,
770179.93,6270736.98,6,
770180.2300000001,6270736.98,3,
770180.53,6270736.98,5,
770180.8300000001,6270736.98,1,
770183.2300000001,6270736.98,2,
770184.1300000001,6270736.98,4,
770184.43,6270736.98,4,
770184.7300000001,6270736.98,2,
770185.03,6270736.98,7,
770185.3300000001,6270736.98,1,
770188.93,6270736.98,3,
770189.53,6270736.98,4,
770189.8300000001,6270736.98,1,
770193.43,6270736.98,1,
770194.03,6270736.98,4,
770194.3300000001,6270736.98,1,
770194.6300000001,6270736.98,1,
770198.2300000001,6270736.98,1,
770198.53,6270736.98,2,
770198.8300000001,6270736.98,4,
770199.1300000001,6270736.98,4,
770199.4300000002,6270736.98,1,
770203.03,6270736.98,1,
770203.3300000001,6270736.98,3,
770203.6300000001,6270736.98,6,
770203.9300000002,6270736.98,3,
770204.2300000001,6270736.98,3,
770204.53,6270736.98,3,
770116.03,6270737.279999999,1,
770116.3300000001,6270737.279999999,2,
770116.6300000001,6270737.279999999,4,
770116.93,6270737.279999999,6,
770117.23,6270737.279999999,3,
770117.53,6270737.279999999,1,
770121.1300000001,6270737.279999999,2,
770121.43,6270737.279999999,3,
770121.73,6270737.279999999,6,
770122.03,6270737.279999999,4,
770122.3300000001,6270737.279999999,3,
770125.6300000001,6270737.279999999,2,
770125.93,6270737.279999999,2,
770126.23,6270737.279999999,4,
770126.53,6270737.279999999,1,
770126.8300000001,6270737.279999999,2,
770127.1300000001,6270737.279999999,4,
770127.43,6270737.279999999,1,
770130.43,6270737.279999999,3,
770130.73,6270737.279999999,4,
770131.03,6270737.279999999,3,
770131.3300000001,6270737.279999999,3,
770131.6300000001,6270737.279999999,2,
770131.93,6270737.279999999,2,
770135.23,6270737.279999999,1,
770135.53,6270737.279999999,3,
770135.8300000001,6270737.279999999,6,
770136.1300000001,6270737.279999999,3,
770136.43,6270737.279999999,4,
770136.7300000001,6270737.279999999,1,
770140.6300000001,6270737.279999999,2,
770140.93,6270737.279999999,5,
770141.2300000001,6270737.279999999,4,
770141.53,6270737.279999999,5,
770145.43,6270737.279999999,3,
770145.7300000001,6270737.279999999,5,
770146.03,6270737.279999999,3,
770146.3300000001,6270737.279999999,5,
770146.6300000001,6270737.279999999,2,
770146.93,6270737.279999999,1,
770149.6300000001,6270737.279999999,1,
770149.93,6270737.279999999,3,
770150.2300000001,6270737.279999999,7,
770150.53,6270737.279999999,7,
770150.8300000001,6270737.279999999,2,
770151.1300000001,6270737.279999999,1,
770154.1300000001,6270737.279999999,1,
770154.43,6270737.279999999,6,
770154.7300000001,6270737.279999999,3,
770155.03,6270737.279999999,5,
770155.3300000001,6270737.279999999,7,
770159.2300000001,6270737.279999999,4,
770159.53,6270737.279999999,4,
770159.8300000001,6270737.279999999,6,
770160.1300000001,6270737.279999999,5,
770160.43,6270737.279999999,3,
770160.7300000001,6270737.279999999,2,
770164.03,6270737.279999999,3,
770164.3300000001,6270737.279999999,2,
770164.6300000001,6270737.279999999,5,
770164.93,6270737.279999999,4,
770165.2300000001,6270737.279999999,1,
770165.53,6270737.279999999,2,
770168.53,6270737.279999999,2,
770168.8300000001,6270737.279999999,4,
770169.1300000001,6270737.279999999,3,
770169.43,6270737.279999999,6,
770169.7300000001,6270737.279999999,2,
770173.3300000001,6270737.279999999,1,
770173.6300000001,6270737.279999999,2,
770173.93,6270737.279999999,2,
770174.2300000001,6270737.279999999,3,
770174.53,6270737.279999999,5,
770174.8300000001,6270737.279999999,2,
770175.1300000001,6270737.279999999,1,
770175.43,6270737.279999999,4,
770175.7300000001,6270737.279999999,1,
770178.7300000001,6270737.279999999,4,
770179.03,6270737.279999999,5,
770179.3300000001,6270737.279999999,4,
770179.6300000001,6270737.279999999,4,
770179.93,6270737.279999999,6,
770180.2300000001,6270737.279999999,5,
770180.53,6270737.279999999,1,
770182.93,6270737.279999999,1,
770183.2300000001,6270737.279999999,2,
770183.53,6270737.279999999,2,
770183.8300000001,6270737.279999999,6,
770184.1300000001,6270737.279999999,6,
770184.43,6270737.279999999,4,
770184.7300000001,6270737.279999999,7,
770185.03,6270737.279999999,1,
770185.3300000001,6270737.279999999,1,
770188.6300000001,6270737.279999999,4,
770188.93,6270737.279999999,4,
770189.2300000001,6270737.279999999,6,
770189.53,6270737.279999999,1,
770192.8300000001,6270737.279999999,1,
770193.1300000001,6270737.279999999,1,
770193.43,6270737.279999999,3,
770193.7300000001,6270737.279999999,1,
770194.03,6270737.279999999,1,
770194.3300000001,6270737.279999999,2,
770197.9300000002,6270737.279999999,4,
770198.2300000001,6270737.279999999,3,
770198.53,6270737.279999999,4,
770198.8300000001,6270737.279999999,3,
770202.1300000001,6270737.279999999,1,
770202.4300000002,6270737.279999999,2,
770202.7300000001,6270737.279999999,3,
770203.03,6270737.279999999,4,
770203.3300000001,6270737.279999999,4,
770203.6300000001,6270737.279999999,5,
770203.9300000002,6270737.279999999,4,
770115.43,6270737.58,2,
770115.73,6270737.58,3,
770116.03,6270737.58,5,
770116.3300000001,6270737.58,7,
770116.6300000001,6270737.58,4,
770116.93,6270737.58,3,
770120.8300000001,6270737.58,3,
770121.1300000001,6270737.58,1,
770121.43,6270737.58,6,
770121.73,6270737.58,4,
770125.3300000001,6270737.58,1,
770125.6300000001,6270737.58,4,
770125.93,6270737.58,5,
770126.23,6270737.58,6,
770126.53,6270737.58,3,
770126.8300000001,6270737.58,3,
770129.8300000001,6270737.58,1,
770130.43,6270737.58,6,
770130.73,6270737.58,2,
770131.03,6270737.58,4,
770131.3300000001,6270737.58,3,
770131.6300000001,6270737.58,2,
770134.93,6270737.58,2,
770135.23,6270737.58,5,
770135.53,6270737.58,3,
770135.8300000001,6270737.58,3,
770136.1300000001,6270737.58,5,
770139.7300000001,6270737.58,1,
770140.03,6270737.58,4,
770140.3300000001,6270737.58,1,
770140.6300000001,6270737.58,4,
770140.93,6270737.58,7,
770141.2300000001,6270737.58,5,
770141.53,6270737.58,1,
770144.8300000001,6270737.58,2,
770145.1300000001,6270737.58,7,
770145.43,6270737.58,3,
770145.7300000001,6270737.58,4,
770146.03,6270737.58,3,
770146.3300000001,6270737.58,1,
770149.3300000001,6270737.58,2,
770149.6300000001,6270737.58,1,
770149.93,6270737.58,4,
770150.2300000001,6270737.58,6,
770150.53,6270737.58,3,
770150.8300000001,6270737.58,1,
770153.53,6270737.58,1,
770154.1300000001,6270737.58,4,
770154.43,6270737.58,2,
770154.7300000001,6270737.58,5,
770155.03,6270737.58,3,
770158.6300000001,6270737.58,1,
770159.2300000001,6270737.58,4,
770159.53,6270737.58,4,
770159.8300000001,6270737.58,3,
770160.1300000001,6270737.58,2,
770163.43,6270737.58,1,
770163.7300000001,6270737.58,2,
770164.03,6270737.58,4,
770164.3300000001,6270737.58,4,
770164.6300000001,6270737.58,4,
770167.6300000001,6270737.58,1,
770167.93,6270737.58,1,
770168.2300000001,6270737.58,1,
770168.53,6270737.58,5,
770168.8300000001,6270737.58,5,
770169.1300000001,6270737.58,7,
770169.43,6270737.58,2,
770173.03,6270737.58,1,
770173.3300000001,6270737.58,2,
770173.6300000001,6270737.58,4,
770173.93,6270737.58,6,
770174.2300000001,6270737.58,4,
770174.53,6270737.58,6,
770174.8300000001,6270737.58,2,
770177.2300000001,6270737.58,2,
770177.53,6270737.58,1,
770177.8300000001,6270737.58,1,
770178.1300000001,6270737.58,4,
770178.43,6270737.58,8,
770178.7300000001,6270737.58,4,
770179.03,6270737.58,5,
770179.3300000001,6270737.58,3,
770179.6300000001,6270737.58,4,
770179.93,6270737.58,2,
770180.2300000001,6270737.58,2,
770182.93,6270737.58,2,
770183.2300000001,6270737.58,5,
770183.53,6270737.58,2,
770183.8300000001,6270737.58,5,
770184.1300000001,6270737.58,4,
770184.43,6270737.58,3,
770184.7300000001,6270737.58,1,
770188.03,6270737.58,1,
770188.3300000001,6270737.58,1,
770188.6300000001,6270737.58,3,
770188.93,6270737.58,2,
770192.53,6270737.58,1,
770192.8300000001,6270737.58,3,
770193.1300000001,6270737.58,3,
770193.43,6270737.58,4,
770193.7300000001,6270737.58,1,
770194.03,6270737.58,1,
770197.9300000002,6270737.58,2,
770198.2300000001,6270737.58,2,
770198.53,6270737.58,2,
770201.8300000001,6270737.58,1,
770202.1300000001,6270737.58,2,
770202.4300000002,6270737.58,5,
770202.7300000001,6270737.58,5,
770203.03,6270737.58,2,
770203.6300000001,6270737.58,2,
770203.9300000002,6270737.58,2,
770115.43,6270737.879999999,3,
770115.73,6270737.879999999,4,
770116.03,6270737.879999999,6,
770116.3300000001,6270737.879999999,4,
770120.23,6270737.879999999,3,
770120.53,6270737.879999999,4,
770120.8300000001,6270737.879999999,4,
770121.1300000001,6270737.879999999,7,
770121.43,6270737.879999999,4,
770121.73,6270737.879999999,1,
770124.73,6270737.879999999,1,
770125.03,6270737.879999999,4,
770125.3300000001,6270737.879999999,6,
770125.6300000001,6270737.879999999,2,
770125.93,6270737.879999999,5,
770126.23,6270737.879999999,3,
770129.53,6270737.879999999,1,
770129.8300000001,6270737.879999999,3,
770130.1300000001,6270737.879999999,6,
770130.43,6270737.879999999,4,
770130.73,6270737.879999999,5,
770131.03,6270737.879999999,5,
770134.6300000001,6270737.879999999,3,
770134.93,6270737.879999999,5,
770135.23,6270737.879999999,6,
770135.53,6270737.879999999,4,
770135.8300000001,6270737.879999999,2,
770139.1300000001,6270737.879999999,1,
770139.43,6270737.879999999,1,
770139.7300000001,6270737.879999999,2,
770140.03,6270737.879999999,4,
770140.3300000001,6270737.879999999,4,
770140.6300000001,6270737.879999999,6,
770140.93,6270737.879999999,1,
770144.53,6270737.879999999,2,
770144.8300000001,6270737.879999999,2,
770145.1300000001,6270737.879999999,5,
770145.43,6270737.879999999,6,
770148.7300000001,6270737.879999999,5,
770149.03,6270737.879999999,3,
770149.3300000001,6270737.879999999,6,
770149.6300000001,6270737.879999999,5,
770149.93,6270737.879999999,6,
770153.53,6270737.879999999,5,
770153.8300000001,6270737.879999999,4,
770154.1300000001,6270737.879999999,6,
770154.43,6270737.879999999,5,
770154.7300000001,6270737.879999999,3,
770155.03,6270737.879999999,1,
770158.3300000001,6270737.879999999,1,
770158.6300000001,6270737.879999999,3,
770158.93,6270737.879999999,4,
770159.2300000001,6270737.879999999,5,
770159.53,6270737.879999999,5,
770159.8300000001,6270737.879999999,1,
770163.1300000001,6270737.879999999,5,
770163.43,6270737.879999999,6,
770163.7300000001,6270737.879999999,4,
770164.03,6270737.879999999,4,
770164.3300000001,6270737.879999999,4,
770164.6300000001,6270737.879999999,1,
770167.3300000001,6270737.879999999,1,
770167.6300000001,6270737.879999999,3,
770167.93,6270737.879999999,5,
770168.2300000001,6270737.879999999,5,
770168.53,6270737.879999999,4,
770168.8300000001,6270737.879999999,4,
770169.1300000001,6270737.879999999,1,
770172.43,6270737.879999999,4,
770172.7300000001,6270737.879999999,4,
770173.03,6270737.879999999,5,
770173.3300000001,6270737.879999999,5,
770173.6300000001,6270737.879999999,4,
770173.93,6270737.879999999,1,
770174.2300000001,6270737.879999999,2,
770177.2300000001,6270737.879999999,3,
770177.53,6270737.879999999,4,
770177.8300000001,6270737.879999999,5,
770178.1300000001,6270737.879999999,1,
770178.43,6270737.879999999,4,
770178.7300000001,6270737.879999999,4,
770179.03,6270737.879999999,4,
770179.3300000001,6270737.879999999,4,
770182.03,6270737.879999999,1,
770182.3300000001,6270737.879999999,1,
770182.6300000001,6270737.879999999,4,
770182.93,6270737.879999999,6,
770183.2300000001,6270737.879999999,3,
770183.53,6270737.879999999,4,
770183.8300000001,6270737.879999999,4,
770184.43,6270737.879999999,2,
770187.43,6270737.879999999,1,
770187.7300000001,6270737.879999999,5,
770188.03,6270737.879999999,1,
770191.93,6270737.879999999,1,
770192.2300000001,6270737.879999999,1,
770192.53,6270737.879999999,4,
770192.8300000001,6270737.879999999,5,
770193.1300000001,6270737.879999999,4,
770193.43,6270737.879999999,1,
770201.2300000001,6270737.879999999,1,
770201.53,6270737.879999999,2,
770201.8300000001,6270737.879999999,8,
770202.1300000001,6270737.879999999,4,
770202.4300000002,6270737.879999999,5,
770202.7300000001,6270737.879999999,4,
770206.3300000001,6270737.879999999,1,
770115.73,6270738.18,6,
770116.03,6270738.18,2,
770119.3300000001,6270738.18,1,
770119.6300000001,6270738.18,3,
770119.93,6270738.18,3,
770120.23,6270738.18,5,
770120.53,6270738.18,6,
770120.8300000001,6270738.18,2,
770121.1300000001,6270738.18,2,
770124.1300000001,6270738.18,1,
770124.43,6270738.18,5,
770124.73,6270738.18,4,
770125.03,6270738.18,5,
770125.3300000001,6270738.18,6,
770125.6300000001,6270738.18,2,
770129.23,6270738.18,2,
770129.53,6270738.18,5,
770129.8300000001,6270738.18,5,
770130.1300000001,6270738.18,5,
770130.43,6270738.18,2,
770133.43,6270738.18,1,
770133.73,6270738.18,2,
770134.03,6270738.18,6,
770134.3300000001,6270738.18,5,
770134.6300000001,6270738.18,3,
770134.93,6270738.18,5,
770135.23,6270738.18,3,
770135.53,6270738.18,3,
770139.1300000001,6270738.18,5,
770139.43,6270738.18,4,
770139.7300000001,6270738.18,5,
770140.03,6270738.18,5,
770140.3300000001,6270738.18,4,
770143.93,6270738.18,3,
770144.2300000001,6270738.18,3,
770144.53,6270738.18,3,
770144.8300000001,6270738.18,1,
770145.43,6270738.18,1,
770148.1300000001,6270738.18,1,
770148.43,6270738.18,4,
770148.7300000001,6270738.18,3,
770149.03,6270738.18,6,
770149.3300000001,6270738.18,6,
770149.6300000001,6270738.18,4,
770152.93,6270738.18,2,
770153.2300000001,6270738.18,4,
770153.53,6270738.18,3,
770153.8300000001,6270738.18,6,
770154.7300000001,6270738.18,1,
770157.7300000001,6270738.18,1,
770158.03,6270738.18,2,
770158.3300000001,6270738.18,5,
770158.6300000001,6270738.18,4,
770158.93,6270738.18,3,
770159.2300000001,6270738.18,2,
770162.53,6270738.18,1,
770162.8300000001,6270738.18,4,
770163.1300000001,6270738.18,7,
770163.43,6270738.18,3,
770163.7300000001,6270738.18,4,
770164.03,6270738.18,1,
770164.3300000001,6270738.18,1,
770167.3300000001,6270738.18,1,
770167.6300000001,6270738.18,4,
770167.93,6270738.18,6,
770168.2300000001,6270738.18,1,
770168.53,6270738.18,1,
770168.8300000001,6270738.18,1,
770172.1300000001,6270738.18,1,
770172.43,6270738.18,6,
770172.7300000001,6270738.18,2,
770173.03,6270738.18,4,
770173.3300000001,6270738.18,3,
770173.6300000001,6270738.18,3,
770173.93,6270738.18,3,
770176.3300000001,6270738.18,2,
770176.93,6270738.18,1,
770177.2300000001,6270738.18,2,
770177.53,6270738.18,2,
770177.8300000001,6270738.18,6,
770178.1300000001,6270738.18,6,
770178.43,6270738.18,3,
770178.7300000001,6270738.18,5,
770179.03,6270738.18,1,
770182.03,6270738.18,4,
770182.3300000001,6270738.18,4,
770182.6300000001,6270738.18,6,
770182.93,6270738.18,4,
770183.2300000001,6270738.18,2,
770183.53,6270738.18,3,
770183.8300000001,6270738.18,3,
770187.1300000001,6270738.18,3,
770187.43,6270738.18,5,
770187.7300000001,6270738.18,5,
770188.03,6270738.18,1,
770192.2300000001,6270738.18,4,
770192.53,6270738.18,4,
770192.8300000001,6270738.18,2,
770200.9300000002,6270738.18,1,
770201.2300000001,6270738.18,3,
770201.53,6270738.18,4,
770201.8300000001,6270738.18,6,
770202.1300000001,6270738.18,5,
770202.4300000002,6270738.18,1,
770202.7300000001,6270738.18,1,
770205.7300000001,6270738.18,1,
770206.03,6270738.18,3,
770206.3300000001,6270738.18,3,
770206.6300000001,6270738.18,3,
770206.9300000002,6270738.18,8,
770207.2300000001,6270738.18,1,
770119.3300000001,6270738.48,3,
770119.6300000001,6270738.48,5,
770119.93,6270738.48,2,
770120.23,6270738.48,3,
770120.53,6270738.48,2,
770123.8300000001,6270738.48,3,
770124.1300000001,6270738.48,5,
770124.43,6270738.48,2,
770124.73,6270738.48,5,
770125.03,6270738.48,7,
770125.3300000001,6270738.48,3,
770128.6300000001,6270738.48,3,
770128.93,6270738.48,5,
770129.23,6270738.48,4,
770129.53,6270738.48,3,
770129.8300000001,6270738.48,2,
770133.43,6270738.48,3,
770133.73,6270738.48,5,
770134.03,6270738.48,4,
770134.3300000001,6270738.48,4,
770134.6300000001,6270738.48,2,
770134.93,6270738.48,3,
770138.2300000001,6270738.48,1,
770138.53,6270738.48,1,
770138.8300000001,6270738.48,2,
770139.1300000001,6270738.48,3,
770139.43,6270738.48,5,
770139.7300000001,6270738.48,3,
770143.03,6270738.48,1,
770143.3300000001,6270738.48,2,
770143.6300000001,6270738.48,4,
770143.93,6270738.48,5,
770144.2300000001,6270738.48,2,
770144.53,6270738.48,2,
770148.1300000001,6270738.48,1,
770148.43,6270738.48,5,
770148.7300000001,6270738.48,4,
770149.03,6270738.48,3,
770149.6300000001,6270738.48,1,
770152.93,6270738.48,2,
770153.2300000001,6270738.48,3,
770153.53,6270738.48,1,
770157.1300000001,6270738.48,2,
770157.43,6270738.48,1,
770157.7300000001,6270738.48,5,
770158.03,6270738.48,4,
770158.3300000001,6270738.48,2,
770158.6300000001,6270738.48,3,
770161.93,6270738.48,1,
770162.2300000001,6270738.48,2,
770162.53,6270738.48,5,
770162.8300000001,6270738.48,4,
770163.1300000001,6270738.48,4,
770163.43,6270738.48,3,
770166.7300000001,6270738.48,1,
770167.3300000001,6270738.48,7,
770167.6300000001,6270738.48,4,
770167.93,6270738.48,5,
770171.8300000001,6270738.48,2,
770172.1300000001,6270738.48,5,
770172.43,6270738.48,2,
770172.7300000001,6270738.48,5,
770173.03,6270738.48,3,
770173.3300000001,6270738.48,4,
770176.3300000001,6270738.48,2,
770176.6300000001,6270738.48,5,
770176.93,6270738.48,3,
770177.2300000001,6270738.48,2,
770177.53,6270738.48,1,
770177.8300000001,6270738.48,2,
770178.1300000001,6270738.48,3,
770178.43,6270738.48,1,
770181.43,6270738.48,1,
770181.7300000001,6270738.48,4,
770182.03,6270738.48,4,
770182.3300000001,6270738.48,4,
770182.6300000001,6270738.48,5,
770182.93,6270738.48,1,
770186.2300000001,6270738.48,1,
770186.53,6270738.48,2,
770186.8300000001,6270738.48,2,
770187.1300000001,6270738.48,6,
770187.43,6270738.48,3,
770187.7300000001,6270738.48,1,
770191.6300000001,6270738.48,1,
770191.93,6270738.48,1,
770192.2300000001,6270738.48,2,
770192.53,6270738.48,2,
770196.7300000001,6270738.48,2,
770200.3300000001,6270738.48,1,
770200.6300000001,6270738.48,2,
770200.9300000002,6270738.48,6,
770201.2300000001,6270738.48,1,
770201.53,6270738.48,4,
770201.8300000001,6270738.48,2,
770205.7300000001,6270738.48,2,
770206.03,6270738.48,1,
770206.3300000001,6270738.48,5,
770206.6300000001,6270738.48,5,
770206.9300000002,6270738.48,3,
770117.8300000001,6270738.779999999,1,
770118.43,6270738.779999999,1,
770118.73,6270738.779999999,5,
770119.03,6270738.779999999,2,
770119.3300000001,6270738.779999999,3,
770119.6300000001,6270738.779999999,2,
770119.93,6270738.779999999,2,
770123.53,6270738.779999999,4,
770123.8300000001,6270738.779999999,5,
770124.1300000001,6270738.779999999,3,
770124.43,6270738.779999999,1,
770128.03,6270738.779999999,1,
770128.3300000001,6270738.779999999,3,
770128.6300000001,6270738.779999999,3,
770128.93,6270738.779999999,4,
770129.23,6270738.779999999,5,
770129.53,6270738.779999999,3,
770132.8300000001,6270738.779999999,1,
770133.1300000001,6270738.779999999,4,
770133.43,6270738.779999999,1,
770133.73,6270738.779999999,7,
770134.03,6270738.779999999,3,
770134.3300000001,6270738.779999999,3,
770137.93,6270738.779999999,2,
770138.2300000001,6270738.779999999,3,
770138.53,6270738.779999999,5,
770138.8300000001,6270738.779999999,5,
770139.1300000001,6270738.779999999,4,
770139.43,6270738.779999999,5,
770143.03,6270738.779999999,2,
770143.3300000001,6270738.779999999,4,
770143.6300000001,6270738.779999999,5,
770143.93,6270738.779999999,4,
770144.2300000001,6270738.779999999,2,
770148.1300000001,6270738.779999999,3,
770148.43,6270738.779999999,2,
770156.53,6270738.779999999,1,
770156.8300000001,6270738.779999999,2,
770157.1300000001,6270738.779999999,1,
770157.43,6270738.779999999,4,
770157.7300000001,6270738.779999999,1,
770158.03,6270738.779999999,1,
770161.6300000001,6270738.779999999,4,
770161.93,6270738.779999999,4,
770162.2300000001,6270738.779999999,4,
770162.53,6270738.779999999,5,
770162.8300000001,6270738.779999999,3,
770163.1300000001,6270738.779999999,2,
770163.43,6270738.779999999,1,
770166.1300000001,6270738.779999999,1,
770166.43,6270738.779999999,3,
770166.7300000001,6270738.779999999,4,
770167.03,6270738.779999999,2,
770167.3300000001,6270738.779999999,1,
770167.6300000001,6270738.779999999,2,
770170.6300000001,6270738.779999999,1,
770171.53,6270738.779999999,2,
770171.8300000001,6270738.779999999,8,
770172.1300000001,6270738.779999999,9,
770172.43,6270738.779999999,3,
770172.7300000001,6270738.779999999,2,
770173.03,6270738.779999999,1,
770175.7300000001,6270738.779999999,3,
770176.03,6270738.779999999,1,
770176.6300000001,6270738.779999999,6,
770176.93,6270738.779999999,6,
770177.2300000001,6270738.779999999,4,
770177.53,6270738.779999999,3,
770181.1300000001,6270738.779999999,2,
770181.43,6270738.779999999,4,
770181.7300000001,6270738.779999999,6,
770182.03,6270738.779999999,3,
770182.3300000001,6270738.779999999,7,
770182.6300000001,6270738.779999999,1,
770185.93,6270738.779999999,1,
770186.2300000001,6270738.779999999,5,
770186.53,6270738.779999999,3,
770186.8300000001,6270738.779999999,2,
770191.03,6270738.779999999,2,
770191.3300000001,6270738.779999999,1,
770191.6300000001,6270738.779999999,2,
770191.93,6270738.779999999,2,
770192.2300000001,6270738.779999999,1,
770196.1300000001,6270738.779999999,1,
770196.4300000002,6270738.779999999,1,
770200.03,6270738.779999999,1,
770200.3300000001,6270738.779999999,5,
770200.6300000001,6270738.779999999,5,
770200.9300000002,6270738.779999999,4,
770201.2300000001,6270738.779999999,4,
770204.8300000001,6270738.779999999,1,
770205.1300000001,6270738.779999999,1,
770205.4300000002,6270738.779999999,6,
770205.7300000001,6270738.779999999,4,
770206.03,6270738.779999999,5,
770206.3300000001,6270738.779999999,5,
770206.6300000001,6270738.779999999,2,
770118.1300000001,6270739.08,2,
770118.43,6270739.08,3,
770118.73,6270739.08,3,
770119.03,6270739.08,5,
770119.3300000001,6270739.08,2,
770122.93,6270739.08,1,
770123.23,6270739.08,5,
770123.53,6270739.08,3,
770123.8300000001,6270739.08,5,
770124.1300000001,6270739.08,2,
770124.43,6270739.08,2,
770127.43,6270739.08,1,
770127.73,6270739.08,2,
770128.03,6270739.08,4,
770128.3300000001,6270739.08,5,
770128.6300000001,6270739.08,3,
770128.93,6270739.08,3,
770129.23,6270739.08,2,
770132.8300000001,6270739.08,5,
770133.1300000001,6270739.08,4,
770133.43,6270739.08,6,
770133.73,6270739.08,4,
770134.03,6270739.08,1,
770134.3300000001,6270739.08,1,
770137.6300000001,6270739.08,2,
770137.93,6270739.08,7,
770138.2300000001,6270739.08,4,
770138.53,6270739.08,5,
770138.8300000001,6270739.08,3,
770141.8300000001,6270739.08,1,
770142.43,6270739.08,1,
770142.7300000001,6270739.08,6,
770143.03,6270739.08,4,
770143.3300000001,6270739.08,6,
770143.6300000001,6270739.08,2,
770146.93,6270739.08,2,
770147.2300000001,6270739.08,3,
770147.53,6270739.08,1,
770151.43,6270739.08,1,
770151.7300000001,6270739.08,4,
770152.03,6270739.08,1,
770156.2300000001,6270739.08,3,
770156.53,6270739.08,4,
770156.8300000001,6270739.08,2,
770157.1300000001,6270739.08,7,
770157.43,6270739.08,3,
770161.03,6270739.08,1,
770161.3300000001,6270739.08,3,
770161.6300000001,6270739.08,5,
770161.93,6270739.08,6,
770162.2300000001,6270739.08,3,
770162.53,6270739.08,4,
770165.8300000001,6270739.08,3,
770166.1300000001,6270739.08,5,
770166.43,6270739.08,4,
770166.7300000001,6270739.08,6,
770167.03,6270739.08,3,
770169.7300000001,6270739.08,1,
770170.03,6270739.08,4,
770170.3300000001,6270739.08,1,
770170.6300000001,6270739.08,5,
770170.93,6270739.08,2,
770171.2300000001,6270739.08,2,
770171.53,6270739.08,5,
770171.8300000001,6270739.08,4,
770172.1300000001,6270739.08,3,
770172.43,6270739.08,3,
770174.8300000001,6270739.08,3,
770175.1300000001,6270739.08,4,
770175.7300000001,6270739.08,3,
770176.03,6270739.08,4,
770176.3300000001,6270739.08,5,
770176.6300000001,6270739.08,4,
770176.93,6270739.08,4,
770177.2300000001,6270739.08,4,
770177.53,6270739.08,1,
770180.2300000001,6270739.08,1,
770180.53,6270739.08,5,
770180.8300000001,6270739.08,5,
770181.1300000001,6270739.08,1,
770181.43,6270739.08,3,
770181.7300000001,6270739.08,5,
770182.03,6270739.08,3,
770182.3300000001,6270739.08,1,
770185.3300000001,6270739.08,2,
770185.6300000001,6270739.08,7,
770185.93,6270739.08,4,
770186.2300000001,6270739.08,5,
770186.53,6270739.08,4,
770186.8300000001,6270739.08,1,
770190.7300000001,6270739.08,1,
770191.03,6270739.08,4,
770195.53,6270739.08,2,
770195.8300000001,6270739.08,2,
770199.4300000002,6270739.08,1,
770199.7300000001,6270739.08,4,
770200.03,6270739.08,4,
770200.3300000001,6270739.08,3,
770200.6300000001,6270739.08,6,
770200.9300000002,6270739.08,1,
770204.2300000001,6270739.08,1,
770204.8300000001,6270739.08,6,
770205.1300000001,6270739.08,3,
770205.4300000002,6270739.08,3,
770205.7300000001,6270739.08,3,
770206.03,6270739.08,1,
770117.53,6270739.379999999,4,
770117.8300000001,6270739.379999999,3,
770118.1300000001,6270739.379999999,6,
770118.43,6270739.379999999,6,
770118.73,6270739.379999999,4,
770122.6300000001,6270739.379999999,5,
770122.93,6270739.379999999,4,
770123.23,6270739.379999999,2,
770123.53,6270739.379999999,2,
770123.8300000001,6270739.379999999,2,
770126.8300000001,6270739.379999999,2,
770127.43,6270739.379999999,2,
770127.73,6270739.379999999,6,
770128.03,6270739.379999999,5,
770128.3300000001,6270739.379999999,5,
770128.6300000001,6270739.379999999,2,
770132.53,6270739.379999999,5,
770132.8300000001,6270739.379999999,5,
770133.1300000001,6270739.379999999,4,
770133.43,6270739.379999999,2,
770134.03,6270739.379999999,1,
770137.03,6270739.379999999,1,
770137.3300000001,6270739.379999999,3,
770137.6300000001,6270739.379999999,6,
770137.93,6270739.379999999,4,
770138.2300000001,6270739.379999999,3,
770138.53,6270739.379999999,1,
770141.8300000001,6270739.379999999,1,
770142.1300000001,6270739.379999999,3,
770142.43,6270739.379999999,5,
770142.7300000001,6270739.379999999,4,
770143.3300000001,6270739.379999999,2,
770146.03,6270739.379999999,1,
770146.3300000001,6270739.379999999,2,
770146.6300000001,6270739.379999999,3,
770146.93,6270739.379999999,6,
770147.2300000001,6270739.379999999,5,
770147.53,6270739.379999999,4,
770150.8300000001,6270739.379999999,4,
770151.1300000001,6270739.379999999,3,
770151.43,6270739.379999999,3,
770151.7300000001,6270739.379999999,5,
770152.03,6270739.379999999,4,
770155.6300000001,6270739.379999999,2,
770155.93,6270739.379999999,5,
770156.2300000001,6270739.379999999,3,
770156.53,6270739.379999999,5,
770156.8300000001,6270739.379999999,5,
770157.1300000001,6270739.379999999,2,
770160.43,6270739.379999999,1,
770160.7300000001,6270739.379999999,2,
770161.03,6270739.379999999,4,
770161.3300000001,6270739.379999999,5,
770161.6300000001,6270739.379999999,5,
770161.93,6270739.379999999,4,
770162.2300000001,6270739.379999999,5,
770165.53,6270739.379999999,2,
770165.8300000001,6270739.379999999,7,
770166.1300000001,6270739.379999999,5,
770166.43,6270739.379999999,3,
770166.7300000001,6270739.379999999,1,
770169.7300000001,6270739.379999999,2,
770170.03,6270739.379999999,3,
770170.3300000001,6270739.379999999,1,
770170.93,6270739.379999999,6,
770171.2300000001,6270739.379999999,5,
770171.53,6270739.379999999,3,
770171.8300000001,6270739.379999999,3,
770172.1300000001,6270739.379999999,5,
770172.43,6270739.379999999,2,
770174.8300000001,6270739.379999999,3,
770175.1300000001,6270739.379999999,4,
770175.43,6270739.379999999,2,
770175.7300000001,6270739.379999999,3,
770176.03,6270739.379999999,6,
770176.3300000001,6270739.379999999,3,
770176.6300000001,6270739.379999999,3,
770179.3300000001,6270739.379999999,1,
770179.6300000001,6270739.379999999,1,
770179.93,6270739.379999999,2,
770180.2300000001,6270739.379999999,4,
770180.53,6270739.379999999,3,
770180.8300000001,6270739.379999999,5,
770181.1300000001,6270739.379999999,3,
770181.43,6270739.379999999,4,
770184.7300000001,6270739.379999999,2,
770185.03,6270739.379999999,4,
770185.3300000001,6270739.379999999,3,
770185.6300000001,6270739.379999999,3,
770185.93,6270739.379999999,5,
770186.2300000001,6270739.379999999,1,
770190.7300000001,6270739.379999999,1,
770195.2300000001,6270739.379999999,1,
770195.53,6270739.379999999,1,
770199.1300000001,6270739.379999999,2,
770199.4300000002,6270739.379999999,4,
770199.7300000001,6270739.379999999,4,
770200.03,6270739.379999999,5,
770200.3300000001,6270739.379999999,4,
770203.9300000002,6270739.379999999,1,
770204.2300000001,6270739.379999999,2,
770204.53,6270739.379999999,4,
770204.8300000001,6270739.379999999,4,
770205.1300000001,6270739.379999999,5,
770205.4300000002,6270739.379999999,4,
770205.7300000001,6270739.379999999,1,
770117.23,6270739.68,4,
770117.53,6270739.68,4,
770117.8300000001,6270739.68,5,
770118.1300000001,6270739.68,4,
770118.43,6270739.68,4,
770118.73,6270739.68,1,
770121.73,6270739.68,3,
770122.03,6270739.68,2,
770122.3300000001,6270739.68,6,
770122.6300000001,6270739.68,7,
770122.93,6270739.68,3,
770123.23,6270739.68,1,
770126.53,6270739.68,2,
770126.8300000001,6270739.68,4,
770127.1300000001,6270739.68,4,
770127.43,6270739.68,5,
770127.73,6270739.68,4,
770128.03,6270739.68,3,
770131.03,6270739.68,1,
770131.3300000001,6270739.68,1,
770131.6300000001,6270739.68,3,
770131.93,6270739.68,3,
770132.23,6270739.68,5,
770132.53,6270739.68,1,
770132.8300000001,6270739.68,2,
770133.1300000001,6270739.68,1,
770136.7300000001,6270739.68,2,
770137.03,6270739.68,5,
770137.3300000001,6270739.68,6,
770137.6300000001,6270739.68,1,
770137.93,6270739.68,3,
770141.53,6270739.68,1,
770141.8300000001,6270739.68,6,
770142.1300000001,6270739.68,4,
770142.43,6270739.68,5,
770142.7300000001,6270739.68,4,
770145.7300000001,6270739.68,2,
770146.03,6270739.68,3,
770146.3300000001,6270739.68,3,
770146.6300000001,6270739.68,4,
770146.93,6270739.68,4,
770147.2300000001,6270739.68,3,
770150.2300000001,6270739.68,1,
770150.53,6270739.68,4,
770150.8300000001,6270739.68,3,
770151.1300000001,6270739.68,4,
770151.43,6270739.68,4,
770151.7300000001,6270739.68,2,
770155.3300000001,6270739.68,2,
770155.6300000001,6270739.68,4,
770155.93,6270739.68,5,
770156.2300000001,6270739.68,3,
770156.53,6270739.68,4,
770156.8300000001,6270739.68,1,
770157.1300000001,6270739.68,1,
770160.1300000001,6270739.68,4,
770160.43,6270739.68,3,
770160.7300000001,6270739.68,6,
770161.03,6270739.68,4,
770161.3300000001,6270739.68,3,
770161.6300000001,6270739.68,2,
770161.93,6270739.68,2,
770164.93,6270739.68,3,
770165.2300000001,6270739.68,4,
770165.53,6270739.68,4,
770165.8300000001,6270739.68,2,
770166.1300000001,6270739.68,2,
770166.43,6270739.68,1,
770168.8300000001,6270739.68,1,
770169.7300000001,6270739.68,3,
770170.03,6270739.68,4,
770170.3300000001,6270739.68,2,
770170.6300000001,6270739.68,1,
770170.93,6270739.68,6,
770171.2300000001,6270739.68,4,
770171.53,6270739.68,4,
770171.8300000001,6270739.68,2,
770172.43,6270739.68,1,
770174.53,6270739.68,2,
770174.8300000001,6270739.68,6,
770175.1300000001,6270739.68,5,
770175.43,6270739.68,3,
770175.7300000001,6270739.68,6,
770176.03,6270739.68,2,
770176.3300000001,6270739.68,4,
770176.6300000001,6270739.68,1,
770179.03,6270739.68,3,
770179.3300000001,6270739.68,5,
770179.6300000001,6270739.68,5,
770179.93,6270739.68,3,
770180.2300000001,6270739.68,7,
770180.53,6270739.68,4,
770180.8300000001,6270739.68,6,
770181.1300000001,6270739.68,4,
770184.1300000001,6270739.68,1,
770184.43,6270739.68,3,
770184.7300000001,6270739.68,5,
770185.03,6270739.68,5,
770185.3300000001,6270739.68,4,
770185.6300000001,6270739.68,3,
770189.53,6270739.68,1,
770189.8300000001,6270739.68,1,
770198.53,6270739.68,2,
770198.8300000001,6270739.68,5,
770199.1300000001,6270739.68,6,
770199.4300000002,6270739.68,6,
770199.7300000001,6270739.68,4,
770200.03,6270739.68,2,
770203.6300000001,6270739.68,1,
770203.9300000002,6270739.68,3,
770204.2300000001,6270739.68,5,
770204.53,6270739.68,4,
770204.8300000001,6270739.68,2,
770207.8300000001,6270739.68,1,
770208.1300000001,6270739.68,2,
770116.93,6270739.98,2,
770117.23,6270739.98,5,
770117.53,6270739.98,3,
770117.8300000001,6270739.98,3,
770118.1300000001,6270739.98,3,
770121.43,6270739.98,3,
770121.73,6270739.98,3,
770122.03,6270739.98,7,
770122.3300000001,6270739.98,3,
770125.93,6270739.98,2,
770126.23,6270739.98,1,
770126.53,6270739.98,5,
770126.8300000001,6270739.98,4,
770127.1300000001,6270739.98,3,
770127.43,6270739.98,3,
770131.03,6270739.98,3,
770131.3300000001,6270739.98,5,
770131.6300000001,6270739.98,4,
770131.93,6270739.98,4,
770132.23,6270739.98,5,
770135.8300000001,6270739.98,1,
770136.1300000001,6270739.98,2,
770136.43,6270739.98,5,
770136.7300000001,6270739.98,5,
770137.03,6270739.98,2,
770137.3300000001,6270739.98,2,
770140.6300000001,6270739.98,1,
770140.93,6270739.98,2,
770141.2300000001,6270739.98,3,
770141.53,6270739.98,5,
770141.8300000001,6270739.98,5,
770142.1300000001,6270739.98,5,
770142.43,6270739.98,1,
770142.7300000001,6270739.98,1,
770145.1300000001,6270739.98,2,
770145.43,6270739.98,1,
770145.7300000001,6270739.98,4,
770146.03,6270739.98,3,
770146.3300000001,6270739.98,4,
770146.6300000001,6270739.98,3,
770146.93,6270739.98,1,
770149.93,6270739.98,2,
770150.2300000001,6270739.98,6,
770150.53,6270739.98,3,
770150.8300000001,6270739.98,4,
770151.1300000001,6270739.98,4,
770151.43,6270739.98,2,
770154.7300000001,6270739.98,2,
770155.03,6270739.98,5,
770155.3300000001,6270739.98,4,
770155.6300000001,6270739.98,5,
770155.93,6270739.98,2,
770156.2300000001,6270739.98,3,
770159.53,6270739.98,1,
770159.8300000001,6270739.98,2,
770160.1300000001,6270739.98,4,
770160.43,6270739.98,4,
770160.7300000001,6270739.98,3,
770161.03,6270739.98,3,
770161.3300000001,6270739.98,1,
770164.3300000001,6270739.98,2,
770164.6300000001,6270739.98,3,
770164.93,6270739.98,4,
770165.2300000001,6270739.98,7,
770165.53,6270739.98,1,
770168.8300000001,6270739.98,4,
770169.1300000001,6270739.98,3,
770169.43,6270739.98,1,
770169.7300000001,6270739.98,3,
770170.03,6270739.98,5,
770170.3300000001,6270739.98,5,
770170.6300000001,6270739.98,2,
770171.2300000001,6270739.98,3,
770171.53,6270739.98,1,
770174.2300000001,6270739.98,4,
770174.53,6270739.98,2,
770174.8300000001,6270739.98,4,
770175.1300000001,6270739.98,5,
770175.43,6270739.98,6,
770175.7300000001,6270739.98,3,
770178.7300000001,6270739.98,3,
770179.03,6270739.98,2,
770179.3300000001,6270739.98,6,
770179.6300000001,6270739.98,4,
770179.93,6270739.98,2,
770183.53,6270739.98,1,
770183.8300000001,6270739.98,1,
770184.1300000001,6270739.98,6,
770184.43,6270739.98,4,
770184.7300000001,6270739.98,5,
770185.03,6270739.98,5,
770185.3300000001,6270739.98,1,
770189.53,6270739.98,4,
770189.8300000001,6270739.98,5,
770193.43,6270739.98,2,
770193.7300000001,6270739.98,2,
770194.03,6270739.98,1,
770198.2300000001,6270739.98,3,
770198.53,6270739.98,4,
770198.8300000001,6270739.98,4,
770199.1300000001,6270739.98,5,
770199.4300000002,6270739.98,3,
770199.7300000001,6270739.98,3,
770203.03,6270739.98,1,
770203.3300000001,6270739.98,4,
770203.6300000001,6270739.98,4,
770203.9300000002,6270739.98,5,
770204.2300000001,6270739.98,4,
770204.8300000001,6270739.98,1,
770207.2300000001,6270739.98,1,
770207.53,6270739.98,3,
770207.8300000001,6270739.98,5,
770208.1300000001,6270739.98,3,
770116.93,6270740.279999999,4,
770117.23,6270740.279999999,5,
770117.53,6270740.279999999,5,
770117.8300000001,6270740.279999999,1,
770121.1300000001,6270740.279999999,2,
770121.43,6270740.279999999,3,
770121.73,6270740.279999999,2,
770122.03,6270740.279999999,3,
770122.3300000001,6270740.279999999,1,
770125.3300000001,6270740.279999999,1,
770125.6300000001,6270740.279999999,2,
770125.93,6270740.279999999,5,
770126.23,6270740.279999999,4,
770126.53,6270740.279999999,3,
770126.8300000001,6270740.279999999,2,
770130.43,6270740.279999999,3,
770130.73,6270740.279999999,3,
770131.03,6270740.279999999,6,
770131.3300000001,6270740.279999999,5,
770131.6300000001,6270740.279999999,3,
770131.93,6270740.279999999,3,
770135.53,6270740.279999999,4,
770135.8300000001,6270740.279999999,5,
770136.1300000001,6270740.279999999,5,
770136.43,6270740.279999999,6,
770136.7300000001,6270740.279999999,2,
770137.03,6270740.279999999,1,
770140.3300000001,6270740.279999999,2,
770140.6300000001,6270740.279999999,2,
770140.93,6270740.279999999,6,
770141.2300000001,6270740.279999999,5,
770141.53,6270740.279999999,4,
770145.1300000001,6270740.279999999,4,
770145.43,6270740.279999999,6,
770145.7300000001,6270740.279999999,5,
770146.03,6270740.279999999,4,
770146.3300000001,6270740.279999999,1,
770149.3300000001,6270740.279999999,2,
770149.6300000001,6270740.279999999,2,
770149.93,6270740.279999999,4,
770150.2300000001,6270740.279999999,4,
770150.53,6270740.279999999,3,
770150.8300000001,6270740.279999999,4,
770151.1300000001,6270740.279999999,1,
770154.43,6270740.279999999,5,
770154.7300000001,6270740.279999999,5,
770155.03,6270740.279999999,4,
770155.3300000001,6270740.279999999,3,
770159.2300000001,6270740.279999999,1,
770159.53,6270740.279999999,3,
770159.8300000001,6270740.279999999,7,
770160.1300000001,6270740.279999999,2,
770160.43,6270740.279999999,5,
770160.7300000001,6270740.279999999,1,
770163.7300000001,6270740.279999999,1,
770164.03,6270740.279999999,3,
770164.3300000001,6270740.279999999,7,
770164.6300000001,6270740.279999999,2,
770164.93,6270740.279999999,6,
770165.2300000001,6270740.279999999,3,
770168.8300000001,6270740.279999999,3,
770169.1300000001,6270740.279999999,4,
770169.43,6270740.279999999,3,
770169.7300000001,6270740.279999999,3,
770170.03,6270740.279999999,1,
770170.6300000001,6270740.279999999,1,
770173.03,6270740.279999999,3,
770173.3300000001,6270740.279999999,1,
770173.6300000001,6270740.279999999,3,
770173.93,6270740.279999999,5,
770174.2300000001,6270740.279999999,4,
770174.53,6270740.279999999,4,
770174.8300000001,6270740.279999999,4,
770175.43,6270740.279999999,2,
770178.1300000001,6270740.279999999,1,
770178.7300000001,6270740.279999999,2,
770179.03,6270740.279999999,5,
770179.3300000001,6270740.279999999,2,
770179.6300000001,6270740.279999999,3,
770179.93,6270740.279999999,2,
770183.2300000001,6270740.279999999,1,
770183.53,6270740.279999999,4,
770183.8300000001,6270740.279999999,3,
770184.1300000001,6270740.279999999,3,
770184.43,6270740.279999999,4,
770184.7300000001,6270740.279999999,4,
770185.03,6270740.279999999,3,
770188.3300000001,6270740.279999999,1,
770188.6300000001,6270740.279999999,2,
770188.93,6270740.279999999,5,
770189.2300000001,6270740.279999999,1,
770189.8300000001,6270740.279999999,1,
770193.1300000001,6270740.279999999,1,
770193.43,6270740.279999999,4,
770193.7300000001,6270740.279999999,2,
770194.03,6270740.279999999,1,
770197.3300000001,6270740.279999999,1,
770197.9300000002,6270740.279999999,2,
770198.2300000001,6270740.279999999,5,
770198.53,6270740.279999999,5,
770198.8300000001,6270740.279999999,6,
770199.1300000001,6270740.279999999,2,
770199.4300000002,6270740.279999999,1,
770202.4300000002,6270740.279999999,1,
770202.7300000001,6270740.279999999,1,
770203.03,6270740.279999999,3,
770203.3300000001,6270740.279999999,5,
770203.6300000001,6270740.279999999,5,
770207.2300000001,6270740.279999999,4,
770207.53,6270740.279999999,4,
770207.8300000001,6270740.279999999,2,
770208.1300000001,6270740.279999999,2,
770117.23,6270740.58,4,
770117.53,6270740.58,2,
770120.23,6270740.58,1,
770120.53,6270740.58,1,
770121.1300000001,6270740.58,5,
770121.43,6270740.58,3,
770121.73,6270740.58,1,
770124.73,6270740.58,1,
770125.3300000001,6270740.58,3,
770125.6300000001,6270740.58,7,
770125.93,6270740.58,3,
770126.23,6270740.58,2,
770129.8300000001,6270740.58,2,
770130.1300000001,6270740.58,2,
770130.43,6270740.58,6,
770130.73,6270740.58,6,
770131.03,6270740.58,5,
770131.3300000001,6270740.58,2,
770134.6300000001,6270740.58,1,
770134.93,6270740.58,2,
770135.23,6270740.58,3,
770135.53,6270740.58,3,
770135.8300000001,6270740.58,6,
770136.1300000001,6270740.58,3,
770136.43,6270740.58,3,
770139.7300000001,6270740.58,1,
770140.03,6270740.58,4,
770140.3300000001,6270740.58,4,
770140.6300000001,6270740.58,5,
770140.93,6270740.58,4,
770141.2300000001,6270740.58,4,
770143.93,6270740.58,1,
770144.2300000001,6270740.58,1,
770144.53,6270740.58,1,
770144.8300000001,6270740.58,4,
770145.1300000001,6270740.58,3,
770145.43,6270740.58,5,
770145.7300000001,6270740.58,4,
770148.7300000001,6270740.58,3,
770149.03,6270740.58,1,
770149.3300000001,6270740.58,4,
770149.6300000001,6270740.58,4,
770149.93,6270740.58,6,
770150.2300000001,6270740.58,4,
770150.53,6270740.58,2,
770153.53,6270740.58,1,
770153.8300000001,6270740.58,1,
770154.1300000001,6270740.58,6,
770154.43,6270740.58,4,
770154.7300000001,6270740.58,5,
770155.03,6270740.58,3,
770158.6300000001,6270740.58,1,
770158.93,6270740.58,5,
770159.2300000001,6270740.58,4,
770159.53,6270740.58,5,
770159.8300000001,6270740.58,5,
770160.1300000001,6270740.58,3,
770160.43,6270740.58,1,
770163.43,6270740.58,3,
770163.7300000001,6270740.58,6,
770164.03,6270740.58,5,
770164.3300000001,6270740.58,3,
770164.6300000001,6270740.58,4,
770164.93,6270740.58,1,
770168.2300000001,6270740.58,1,
770168.53,6270740.58,2,
770169.1300000001,6270740.58,2,
770169.43,6270740.58,3,
770169.7300000001,6270740.58,2,
770172.43,6270740.58,1,
770172.7300000001,6270740.58,4,
770173.03,6270740.58,1,
770173.3300000001,6270740.58,4,
770173.6300000001,6270740.58,3,
770173.93,6270740.58,5,
770174.2300000001,6270740.58,7,
770174.53,6270740.58,2,
770177.8300000001,6270740.58,3,
770178.1300000001,6270740.58,2,
770178.43,6270740.58,3,
770178.7300000001,6270740.58,6,
770179.03,6270740.58,3,
770179.3300000001,6270740.58,6,
770179.6300000001,6270740.58,4,
770182.93,6270740.58,3,
770183.2300000001,6270740.58,4,
770183.53,6270740.58,5,
770183.8300000001,6270740.58,2,
770184.1300000001,6270740.58,4,
770184.43,6270740.58,2,
770188.03,6270740.58,3,
770188.3300000001,6270740.58,4,
770188.6300000001,6270740.58,4,
770197.03,6270740.58,1,
770197.3300000001,6270740.58,3,
770197.6300000001,6270740.58,5,
770197.9300000002,6270740.58,4,
770198.2300000001,6270740.58,5,
770198.53,6270740.58,2,
770201.8300000001,6270740.58,2,
770202.1300000001,6270740.58,1,
770202.4300000002,6270740.58,3,
770202.7300000001,6270740.58,5,
770203.03,6270740.58,4,
770203.6300000001,6270740.58,1,
770206.3300000001,6270740.58,1,
770206.6300000001,6270740.58,2,
770206.9300000002,6270740.58,7,
770207.2300000001,6270740.58,4,
770207.53,6270740.58,6,
770207.8300000001,6270740.58,4,
770117.23,6270740.879999999,2,
770119.6300000001,6270740.879999999,1,
770119.93,6270740.879999999,4,
770120.23,6270740.879999999,3,
770120.53,6270740.879999999,4,
770120.8300000001,6270740.879999999,4,
770124.43,6270740.879999999,2,
770124.73,6270740.879999999,2,
770125.03,6270740.879999999,3,
770125.3300000001,6270740.879999999,4,
770125.6300000001,6270740.879999999,2,
770125.93,6270740.879999999,2,
770129.23,6270740.879999999,1,
770129.53,6270740.879999999,4,
770129.8300000001,6270740.879999999,5,
770130.1300000001,6270740.879999999,4,
770130.43,6270740.879999999,3,
770130.73,6270740.879999999,3,
770131.03,6270740.879999999,3,
770134.93,6270740.879999999,4,
770135.23,6270740.879999999,5,
770135.53,6270740.879999999,3,
770135.8300000001,6270740.879999999,1,
770139.7300000001,6270740.879999999,4,
770140.03,6270740.879999999,7,
770140.3300000001,6270740.879999999,3,
770140.6300000001,6270740.879999999,3,
770140.93,6270740.879999999,2,
770143.6300000001,6270740.879999999,3,
770143.93,6270740.879999999,3,
770144.2300000001,6270740.879999999,5,
770144.53,6270740.879999999,5,
770144.8300000001,6270740.879999999,2,
770145.1300000001,6270740.879999999,5,
770148.43,6270740.879999999,1,
770148.7300000001,6270740.879999999,4,
770149.03,6270740.879999999,4,
770149.3300000001,6270740.879999999,2,
770149.6300000001,6270740.879999999,5,
770149.93,6270740.879999999,3,
770150.2300000001,6270740.879999999,1,
770153.2300000001,6270740.879999999,1,
770153.53,6270740.879999999,5,
770153.8300000001,6270740.879999999,4,
770154.1300000001,6270740.879999999,5,
770154.43,6270740.879999999,4,
770158.03,6270740.879999999,1,
770158.3300000001,6270740.879999999,4,
770158.6300000001,6270740.879999999,2,
770158.93,6270740.879999999,4,
770159.2300000001,6270740.879999999,5,
770162.8300000001,6270740.879999999,2,
770163.1300000001,6270740.879999999,2,
770163.43,6270740.879999999,4,
770163.7300000001,6270740.879999999,7,
770164.03,6270740.879999999,3,
770164.6300000001,6270740.879999999,1,
770167.93,6270740.879999999,1,
770168.2300000001,6270740.879999999,4,
770168.53,6270740.879999999,5,
770168.8300000001,6270740.879999999,4,
770169.1300000001,6270740.879999999,2,
770169.43,6270740.879999999,1,
770172.43,6270740.879999999,3,
770172.7300000001,6270740.879999999,4,
770173.03,6270740.879999999,4,
770173.3300000001,6270740.879999999,3,
770173.6300000001,6270740.879999999,7,
770173.93,6270740.879999999,7,
770174.2300000001,6270740.879999999,3,
770177.8300000001,6270740.879999999,4,
770178.1300000001,6270740.879999999,7,
770178.43,6270740.879999999,5,
770178.7300000001,6270740.879999999,4,
770179.03,6270740.879999999,1,
770182.3300000001,6270740.879999999,1,
770182.6300000001,6270740.879999999,3,
770182.93,6270740.879999999,3,
770183.2300000001,6270740.879999999,4,
770183.53,6270740.879999999,2,
770183.8300000001,6270740.879999999,3,
770187.7300000001,6270740.879999999,1,
770188.03,6270740.879999999,3,
770188.3300000001,6270740.879999999,6,
770196.4300000002,6270740.879999999,1,
770196.7300000001,6270740.879999999,1,
770197.03,6270740.879999999,5,
770197.3300000001,6270740.879999999,5,
770197.6300000001,6270740.879999999,5,
770197.9300000002,6270740.879999999,5,
770198.2300000001,6270740.879999999,2,
770201.53,6270740.879999999,1,
770201.8300000001,6270740.879999999,3,
770202.1300000001,6270740.879999999,4,
770202.4300000002,6270740.879999999,5,
770202.7300000001,6270740.879999999,3,
770203.03,6270740.879999999,1,
770206.3300000001,6270740.879999999,2,
770206.6300000001,6270740.879999999,6,
770206.9300000002,6270740.879999999,1,
770207.2300000001,6270740.879999999,1,
770207.53,6270740.879999999,1,
770119.03,6270741.18,1,
770119.3300000001,6270741.18,3,
770119.6300000001,6270741.18,2,
770119.93,6270741.18,6,
770120.23,6270741.18,4,
770120.53,6270741.18,5,
770120.8300000001,6270741.18,1,
770124.43,6270741.18,7,
770124.73,6270741.18,4,
770125.03,6270741.18,3,
770125.3300000001,6270741.18,5,
770128.3300000001,6270741.18,1,
770128.6300000001,6270741.18,2,
770128.93,6270741.18,1,
770129.23,6270741.18,2,
770129.53,6270741.18,7,
770129.8300000001,6270741.18,2,
770130.1300000001,6270741.18,3,
770130.43,6270741.18,4,
770130.73,6270741.18,1,
770133.73,6270741.18,1,
770134.03,6270741.18,1,
770134.3300000001,6270741.18,2,
770134.6300000001,6270741.18,6,
770134.93,6270741.18,5,
770135.23,6270741.18,5,
770135.53,6270741.18,2,
770135.8300000001,6270741.18,1,
770138.8300000001,6270741.18,3,
770139.1300000001,6270741.18,2,
770139.43,6270741.18,4,
770139.7300000001,6270741.18,4,
770140.03,6270741.18,2,
770140.3300000001,6270741.18,3,
770143.3300000001,6270741.18,1,
770143.6300000001,6270741.18,3,
770143.93,6270741.18,7,
770144.2300000001,6270741.18,6,
770144.53,6270741.18,2,
770144.8300000001,6270741.18,5,
770147.8300000001,6270741.18,1,
770148.1300000001,6270741.18,2,
770148.43,6270741.18,4,
770148.7300000001,6270741.18,6,
770149.03,6270741.18,3,
770149.3300000001,6270741.18,7,
770149.6300000001,6270741.18,3,
770152.6300000001,6270741.18,1,
770152.93,6270741.18,3,
770153.2300000001,6270741.18,5,
770153.53,6270741.18,3,
770153.8300000001,6270741.18,4,
770154.1300000001,6270741.18,1,
770154.43,6270741.18,1,
770157.43,6270741.18,2,
770157.7300000001,6270741.18,4,
770158.03,6270741.18,5,
770158.3300000001,6270741.18,4,
770158.6300000001,6270741.18,3,
770158.93,6270741.18,4,
770159.2300000001,6270741.18,1,
770162.53,6270741.18,1,
770162.8300000001,6270741.18,5,
770163.1300000001,6270741.18,6,
770163.43,6270741.18,2,
770163.7300000001,6270741.18,2,
770167.3300000001,6270741.18,2,
770167.6300000001,6270741.18,2,
770167.93,6270741.18,5,
770168.2300000001,6270741.18,5,
770168.53,6270741.18,5,
770168.8300000001,6270741.18,3,
770169.1300000001,6270741.18,2,
770171.53,6270741.18,1,
770172.1300000001,6270741.18,3,
770172.43,6270741.18,6,
770172.7300000001,6270741.18,3,
770173.03,6270741.18,4,
770173.3300000001,6270741.18,3,
770173.6300000001,6270741.18,5,
770173.93,6270741.18,1,
770176.93,6270741.18,3,
770177.2300000001,6270741.18,4,
770177.53,6270741.18,4,
770177.8300000001,6270741.18,3,
770178.1300000001,6270741.18,2,
770178.43,6270741.18,2,
770178.7300000001,6270741.18,1,
770182.03,6270741.18,2,
770182.3300000001,6270741.18,5,
770182.6300000001,6270741.18,3,
770182.93,6270741.18,3,
770183.2300000001,6270741.18,3,
770187.7300000001,6270741.18,2,
770196.4300000002,6270741.18,4,
770196.7300000001,6270741.18,4,
770197.03,6270741.18,4,
770197.3300000001,6270741.18,3,
770197.6300000001,6270741.18,2,
770201.2300000001,6270741.18,3,
770201.53,6270741.18,2,
770201.8300000001,6270741.18,5,
770202.1300000001,6270741.18,5,
770202.4300000002,6270741.18,3,
770202.7300000001,6270741.18,1,
770205.1300000001,6270741.18,1,
770205.4300000002,6270741.18,1,
770205.7300000001,6270741.18,1,
770206.03,6270741.18,4,
770206.3300000001,6270741.18,4,
770206.6300000001,6270741.18,2,
770206.9300000002,6270741.18,2,
770118.43,6270741.48,2,
770118.73,6270741.48,3,
770119.03,6270741.48,5,
770119.3300000001,6270741.48,4,
770119.6300000001,6270741.48,4,
770119.93,6270741.48,3,
770120.23,6270741.48,6,
770120.8300000001,6270741.48,2,
770123.23,6270741.48,2,
770123.53,6270741.48,3,
770124.1300000001,6270741.48,3,
770124.43,6270741.48,6,
770124.73,6270741.48,2,
770125.03,6270741.48,3,
770125.3300000001,6270741.48,2,
770128.3300000001,6270741.48,1,
770128.6300000001,6270741.48,1,
770128.93,6270741.48,7,
770129.23,6270741.48,3,
770129.53,6270741.48,4,
770129.8300000001,6270741.48,3,
770133.43,6270741.48,2,
770133.73,6270741.48,1,
770134.03,6270741.48,3,
770134.3300000001,6270741.48,6,
770134.6300000001,6270741.48,4,
770134.93,6270741.48,2,
770138.53,6270741.48,1,
770138.8300000001,6270741.48,4,
770139.1300000001,6270741.48,6,
770139.43,6270741.48,5,
770139.7300000001,6270741.48,5,
770140.03,6270741.48,1,
770142.7300000001,6270741.48,2,
770143.03,6270741.48,3,
770143.3300000001,6270741.48,4,
770143.6300000001,6270741.48,3,
770143.93,6270741.48,3,
770144.2300000001,6270741.48,3,
770144.53,6270741.48,3,
770147.53,6270741.48,2,
770147.8300000001,6270741.48,6,
770148.1300000001,6270741.48,3,
770148.43,6270741.48,4,
770148.7300000001,6270741.48,2,
770152.03,6270741.48,4,
770152.3300000001,6270741.48,3,
770152.6300000001,6270741.48,3,
770152.93,6270741.48,6,
770153.2300000001,6270741.48,3,
770153.53,6270741.48,1,
770156.8300000001,6270741.48,1,
770157.1300000001,6270741.48,1,
770157.43,6270741.48,3,
770157.7300000001,6270741.48,2,
770158.03,6270741.48,4,
770158.3300000001,6270741.48,3,
770158.6300000001,6270741.48,3,
770158.93,6270741.48,1,
770161.93,6270741.48,2,
770162.2300000001,6270741.48,5,
770162.53,6270741.48,6,
770162.8300000001,6270741.48,5,
770163.1300000001,6270741.48,4,
770167.03,6270741.48,2,
770167.3300000001,6270741.48,3,
770167.6300000001,6270741.48,4,
770167.93,6270741.48,5,
770168.2300000001,6270741.48,4,
770168.53,6270741.48,5,
770168.8300000001,6270741.48,2,
770171.53,6270741.48,4,
770171.8300000001,6270741.48,2,
770172.1300000001,6270741.48,3,
770172.43,6270741.48,4,
770172.7300000001,6270741.48,5,
770173.03,6270741.48,4,
770173.3300000001,6270741.48,6,
770173.6300000001,6270741.48,2,
770176.3300000001,6270741.48,1,
770176.6300000001,6270741.48,4,
770176.93,6270741.48,2,
770177.2300000001,6270741.48,5,
770177.53,6270741.48,4,
770177.8300000001,6270741.48,5,
770178.1300000001,6270741.48,2,
770181.1300000001,6270741.48,1,
770181.43,6270741.48,2,
770181.7300000001,6270741.48,3,
770182.03,6270741.48,5,
770182.3300000001,6270741.48,2,
770182.6300000001,6270741.48,1,
770182.93,6270741.48,4,
770186.2300000001,6270741.48,1,
770186.53,6270741.48,1,
770186.8300000001,6270741.48,2,
770191.03,6270741.48,2,
770195.8300000001,6270741.48,1,
770196.1300000001,6270741.48,3,
770196.4300000002,6270741.48,3,
770196.7300000001,6270741.48,5,
770197.03,6270741.48,3,
770200.6300000001,6270741.48,2,
770200.9300000002,6270741.48,1,
770201.2300000001,6270741.48,6,
770201.53,6270741.48,5,
770201.8300000001,6270741.48,3,
770202.1300000001,6270741.48,1,
770204.8300000001,6270741.48,1,
770205.1300000001,6270741.48,4,
770205.4300000002,6270741.48,4,
770205.7300000001,6270741.48,5,
770206.03,6270741.48,2,
770206.3300000001,6270741.48,2,
770118.1300000001,6270741.779999999,1,
770118.43,6270741.779999999,4,
770118.73,6270741.779999999,3,
770119.03,6270741.779999999,6,
770119.3300000001,6270741.779999999,6,
770119.6300000001,6270741.779999999,4,
770119.93,6270741.779999999,2,
770120.23,6270741.779999999,2,
770122.93,6270741.779999999,2,
770123.23,6270741.779999999,1,
770123.53,6270741.779999999,4,
770123.8300000001,6270741.779999999,4,
770124.1300000001,6270741.779999999,5,
770124.43,6270741.779999999,2,
770124.73,6270741.779999999,2,
770127.73,6270741.779999999,2,
770128.03,6270741.779999999,3,
770128.3300000001,6270741.779999999,5,
770128.6300000001,6270741.779999999,5,
770128.93,6270741.779999999,2,
770129.23,6270741.779999999,6,
770129.53,6270741.779999999,1,
770133.1300000001,6270741.779999999,1,
770133.43,6270741.779999999,4,
770133.73,6270741.779999999,4,
770134.03,6270741.779999999,4,
770134.3300000001,6270741.779999999,1,
770138.2300000001,6270741.779999999,4,
770138.53,6270741.779999999,3,
770138.8300000001,6270741.779999999,6,
770139.1300000001,6270741.779999999,2,
770139.7300000001,6270741.779999999,1,
770142.43,6270741.779999999,3,
770142.7300000001,6270741.779999999,3,
770143.03,6270741.779999999,5,
770143.3300000001,6270741.779999999,3,
770143.6300000001,6270741.779999999,3,
770143.93,6270741.779999999,3,
770147.2300000001,6270741.779999999,4,
770147.53,6270741.779999999,6,
770147.8300000001,6270741.779999999,4,
770148.1300000001,6270741.779999999,5,
770148.43,6270741.779999999,3,
770148.7300000001,6270741.779999999,1,
770152.03,6270741.779999999,4,
770152.3300000001,6270741.779999999,5,
770152.6300000001,6270741.779999999,5,
770152.93,6270741.779999999,4,
770156.53,6270741.779999999,1,
770156.8300000001,6270741.779999999,4,
770157.1300000001,6270741.779999999,6,
770157.43,6270741.779999999,4,
770157.7300000001,6270741.779999999,6,
770158.03,6270741.779999999,3,
770161.3300000001,6270741.779999999,1,
770161.6300000001,6270741.779999999,4,
770161.93,6270741.779999999,5,
770162.2300000001,6270741.779999999,4,
770162.53,6270741.779999999,6,
770162.8300000001,6270741.779999999,2,
770167.03,6270741.779999999,3,
770167.3300000001,6270741.779999999,6,
770167.6300000001,6270741.779999999,5,
770167.93,6270741.779999999,3,
770170.93,6270741.779999999,1,
770171.2300000001,6270741.779999999,2,
770171.53,6270741.779999999,3,
770171.8300000001,6270741.779999999,3,
770172.1300000001,6270741.779999999,6,
770172.43,6270741.779999999,5,
770172.7300000001,6270741.779999999,4,
770173.03,6270741.779999999,2,
770173.3300000001,6270741.779999999,2,
770173.6300000001,6270741.779999999,1,
770176.03,6270741.779999999,1,
770176.3300000001,6270741.779999999,3,
770176.6300000001,6270741.779999999,6,
770176.93,6270741.779999999,3,
770177.2300000001,6270741.779999999,5,
770177.53,6270741.779999999,7,
770177.8300000001,6270741.779999999,4,
770180.8300000001,6270741.779999999,1,
770181.1300000001,6270741.779999999,4,
770181.43,6270741.779999999,7,
770181.7300000001,6270741.779999999,3,
770182.03,6270741.779999999,5,
770182.3300000001,6270741.779999999,3,
770185.93,6270741.779999999,2,
770186.2300000001,6270741.779999999,5,
770186.53,6270741.779999999,5,
770186.8300000001,6270741.779999999,3,
770190.43,6270741.779999999,2,
770190.7300000001,6270741.779999999,1,
770191.03,6270741.779999999,4,
770195.2300000001,6270741.779999999,1,
770195.53,6270741.779999999,2,
770195.8300000001,6270741.779999999,6,
770196.1300000001,6270741.779999999,3,
770196.4300000002,6270741.779999999,2,
770200.03,6270741.779999999,1,
770200.3300000001,6270741.779999999,1,
770200.6300000001,6270741.779999999,4,
770200.9300000002,6270741.779999999,6,
770201.2300000001,6270741.779999999,1,
770204.8300000001,6270741.779999999,3,
770205.1300000001,6270741.779999999,6,
770205.4300000002,6270741.779999999,3,
770205.7300000001,6270741.779999999,3,
770206.03,6270741.779999999,5,
770206.3300000001,6270741.779999999,1,
770208.7300000001,6270741.779999999,1,
770209.03,6270741.779999999,1,
770117.8300000001,6270742.08,1,
770118.1300000001,6270742.08,6,
770118.43,6270742.08,2,
770118.73,6270742.08,4,
770119.03,6270742.08,1,
770119.3300000001,6270742.08,1,
770119.6300000001,6270742.08,1,
770119.93,6270742.08,1,
770122.6300000001,6270742.08,2,
770122.93,6270742.08,5,
770123.23,6270742.08,6,
770123.53,6270742.08,3,
770123.8300000001,6270742.08,3,
770124.43,6270742.08,1,
770127.43,6270742.08,2,
770127.73,6270742.08,5,
770128.03,6270742.08,5,
770128.3300000001,6270742.08,5,
770128.6300000001,6270742.08,6,
770128.93,6270742.08,5,
770129.23,6270742.08,3,
770129.53,6270742.08,1,
770132.8300000001,6270742.08,5,
770133.1300000001,6270742.08,4,
770133.43,6270742.08,7,
770133.73,6270742.08,3,
770134.03,6270742.08,1,
770134.3300000001,6270742.08,1,
770137.3300000001,6270742.08,1,
770137.6300000001,6270742.08,3,
770137.93,6270742.08,4,
770138.2300000001,6270742.08,4,
770138.53,6270742.08,6,
770138.8300000001,6270742.08,1,
770142.1300000001,6270742.08,1,
770142.43,6270742.08,3,
770142.7300000001,6270742.08,6,
770143.03,6270742.08,4,
770143.3300000001,6270742.08,1,
770146.3300000001,6270742.08,1,
770146.6300000001,6270742.08,1,
770146.93,6270742.08,2,
770147.2300000001,6270742.08,5,
770147.53,6270742.08,4,
770147.8300000001,6270742.08,2,
770148.1300000001,6270742.08,1,
770151.1300000001,6270742.08,1,
770151.43,6270742.08,5,
770151.7300000001,6270742.08,6,
770152.03,6270742.08,4,
770152.3300000001,6270742.08,3,
770152.6300000001,6270742.08,2,
770155.93,6270742.08,1,
770156.2300000001,6270742.08,1,
770156.53,6270742.08,4,
770156.8300000001,6270742.08,5,
770157.1300000001,6270742.08,5,
770157.43,6270742.08,4,
770161.03,6270742.08,3,
770161.3300000001,6270742.08,5,
770161.6300000001,6270742.08,4,
770161.93,6270742.08,6,
770162.2300000001,6270742.08,3,
770165.8300000001,6270742.08,1,
770166.43,6270742.08,1,
770166.7300000001,6270742.08,1,
770167.03,6270742.08,2,
770167.3300000001,6270742.08,2,
770167.6300000001,6270742.08,5,
770167.93,6270742.08,2,
770169.7300000001,6270742.08,3,
770170.6300000001,6270742.08,2,
770170.93,6270742.08,2,
770171.2300000001,6270742.08,4,
770171.53,6270742.08,4,
770171.8300000001,6270742.08,6,
770172.1300000001,6270742.08,5,
770172.43,6270742.08,2,
770175.43,6270742.08,4,
770175.7300000001,6270742.08,1,
770176.03,6270742.08,2,
770176.3300000001,6270742.08,5,
770176.6300000001,6270742.08,4,
770176.93,6270742.08,5,
770177.2300000001,6270742.08,2,
770177.53,6270742.08,2,
770180.53,6270742.08,4,
770180.8300000001,6270742.08,4,
770181.1300000001,6270742.08,3,
770181.43,6270742.08,5,
770181.7300000001,6270742.08,3,
770185.3300000001,6270742.08,3,
770185.6300000001,6270742.08,3,
770185.93,6270742.08,5,
770186.2300000001,6270742.08,4,
770186.8300000001,6270742.08,1,
770190.43,6270742.08,3,
770190.7300000001,6270742.08,2,
770191.03,6270742.08,3,
770194.93,6270742.08,1,
770195.2300000001,6270742.08,6,
770195.53,6270742.08,2,
770195.8300000001,6270742.08,3,
770199.7300000001,6270742.08,3,
770200.03,6270742.08,2,
770200.3300000001,6270742.08,4,
770200.6300000001,6270742.08,4,
770200.9300000002,6270742.08,3,
770203.9300000002,6270742.08,2,
770204.2300000001,6270742.08,2,
770204.53,6270742.08,5,
770204.8300000001,6270742.08,4,
770205.1300000001,6270742.08,2,
770205.4300000002,6270742.08,3,
770205.7300000001,6270742.08,1,
770208.7300000001,6270742.08,2,
770209.03,6270742.08,3,
770209.3300000001,6270742.08,5,
770209.6300000001,6270742.08,3,
770209.9300000002,6270742.08,1,
770117.8300000001,6270742.379999999,1,
770118.1300000001,6270742.379999999,4,
770118.43,6270742.379999999,5,
770118.73,6270742.379999999,4,
770119.03,6270742.379999999,2,
770119.3300000001,6270742.379999999,2,
770121.73,6270742.379999999,1,
770122.03,6270742.379999999,3,
770122.3300000001,6270742.379999999,5,
770122.6300000001,6270742.379999999,3,
770122.93,6270742.379999999,6,
770123.23,6270742.379999999,4,
770123.53,6270742.379999999,3,
770126.8300000001,6270742.379999999,1,
770127.1300000001,6270742.379999999,2,
770127.43,6270742.379999999,6,
770127.73,6270742.379999999,4,
770128.03,6270742.379999999,3,
770128.3300000001,6270742.379999999,6,
770129.23,6270742.379999999,3,
770129.53,6270742.379999999,1,
770132.23,6270742.379999999,3,
770132.53,6270742.379999999,3,
770132.8300000001,6270742.379999999,6,
770133.1300000001,6270742.379999999,6,
770133.43,6270742.379999999,1,
770133.73,6270742.379999999,1,
770136.7300000001,6270742.379999999,2,
770137.03,6270742.379999999,5,
770137.3300000001,6270742.379999999,2,
770137.6300000001,6270742.379999999,5,
770137.93,6270742.379999999,4,
770138.2300000001,6270742.379999999,3,
770138.53,6270742.379999999,1,
770141.53,6270742.379999999,2,
770141.8300000001,6270742.379999999,4,
770142.1300000001,6270742.379999999,5,
770142.43,6270742.379999999,5,
770142.7300000001,6270742.379999999,5,
770143.03,6270742.379999999,2,
770146.03,6270742.379999999,1,
770146.3300000001,6270742.379999999,5,
770146.6300000001,6270742.379999999,6,
770146.93,6270742.379999999,2,
770147.2300000001,6270742.379999999,3,
770150.53,6270742.379999999,1,
770150.8300000001,6270742.379999999,3,
770151.1300000001,6270742.379999999,6,
770151.43,6270742.379999999,4,
770151.7300000001,6270742.379999999,7,
770152.03,6270742.379999999,3,
770155.93,6270742.379999999,2,
770156.2300000001,6270742.379999999,6,
770156.53,6270742.379999999,4,
770156.8300000001,6270742.379999999,4,
770157.1300000001,6270742.379999999,3,
770160.43,6270742.379999999,3,
770160.7300000001,6270742.379999999,3,
770161.03,6270742.379999999,4,
770161.3300000001,6270742.379999999,5,
770161.6300000001,6270742.379999999,5,
770161.93,6270742.379999999,1,
770165.2300000001,6270742.379999999,1,
770165.53,6270742.379999999,3,
770165.8300000001,6270742.379999999,3,
770166.1300000001,6270742.379999999,6,
770166.43,6270742.379999999,3,
770167.3300000001,6270742.379999999,1,
770167.6300000001,6270742.379999999,2,
770169.1300000001,6270742.379999999,1,
770169.43,6270742.379999999,1,
770169.7300000001,6270742.379999999,5,
770170.03,6270742.379999999,1,
770170.3300000001,6270742.379999999,1,
770170.6300000001,6270742.379999999,6,
770170.93,6270742.379999999,3,
770171.2300000001,6270742.379999999,5,
770171.53,6270742.379999999,1,
770171.8300000001,6270742.379999999,2,
770172.1300000001,6270742.379999999,1,
770175.1300000001,6270742.379999999,2,
770175.43,6270742.379999999,3,
770175.7300000001,6270742.379999999,5,
770176.03,6270742.379999999,1,
770176.3300000001,6270742.379999999,2,
770176.6300000001,6270742.379999999,2,
770176.93,6270742.379999999,1,
770179.93,6270742.379999999,4,
770180.2300000001,6270742.379999999,5,
770180.53,6270742.379999999,6,
770180.8300000001,6270742.379999999,3,
770181.1300000001,6270742.379999999,1,
770181.43,6270742.379999999,1,
770184.7300000001,6270742.379999999,4,
770185.03,6270742.379999999,4,
770185.3300000001,6270742.379999999,5,
770185.6300000001,6270742.379999999,6,
770185.93,6270742.379999999,1,
770190.1300000001,6270742.379999999,6,
770190.43,6270742.379999999,3,
770194.3300000001,6270742.379999999,3,
770194.6300000001,6270742.379999999,3,
770194.93,6270742.379999999,5,
770195.2300000001,6270742.379999999,4,
770195.53,6270742.379999999,6,
770195.8300000001,6270742.379999999,2,
770198.8300000001,6270742.379999999,1,
770199.1300000001,6270742.379999999,2,
770199.4300000002,6270742.379999999,3,
770199.7300000001,6270742.379999999,4,
770200.03,6270742.379999999,4,
770200.3300000001,6270742.379999999,4,
770203.3300000001,6270742.379999999,1,
770203.6300000001,6270742.379999999,2,
770203.9300000002,6270742.379999999,2,
770204.2300000001,6270742.379999999,5,
770204.53,6270742.379999999,4,
770204.8300000001,6270742.379999999,3,
770205.1300000001,6270742.379999999,3,
770205.7300000001,6270742.379999999,1,
770208.4300000002,6270742.379999999,1,
770208.7300000001,6270742.379999999,2,
770209.03,6270742.379999999,4,
770209.3300000001,6270742.379999999,6,
770209.6300000001,6270742.379999999,5,
770118.1300000001,6270742.68,1,
770118.73,6270742.68,4,
770121.73,6270742.68,2,
770122.03,6270742.68,3,
770122.3300000001,6270742.68,5,
770122.6300000001,6270742.68,4,
770122.93,6270742.68,2,
770123.23,6270742.68,1,
770126.53,6270742.68,2,
770126.8300000001,6270742.68,5,
770127.1300000001,6270742.68,5,
770127.43,6270742.68,6,
770127.73,6270742.68,5,
770131.93,6270742.68,5,
770132.23,6270742.68,3,
770132.53,6270742.68,6,
770132.8300000001,6270742.68,2,
770133.1300000001,6270742.68,1,
770133.43,6270742.68,1,
770136.43,6270742.68,1,
770136.7300000001,6270742.68,3,
770137.03,6270742.68,4,
770137.3300000001,6270742.68,4,
770137.6300000001,6270742.68,4,
770137.93,6270742.68,1,
770141.2300000001,6270742.68,4,
770141.53,6270742.68,3,
770141.8300000001,6270742.68,4,
770142.1300000001,6270742.68,2,
770142.43,6270742.68,1,
770145.7300000001,6270742.68,2,
770146.03,6270742.68,5,
770146.3300000001,6270742.68,6,
770146.6300000001,6270742.68,3,
770146.93,6270742.68,1,
770150.2300000001,6270742.68,2,
770150.53,6270742.68,3,
770150.8300000001,6270742.68,5,
770151.1300000001,6270742.68,2,
770151.43,6270742.68,6,
770155.03,6270742.68,1,
770155.3300000001,6270742.68,2,
770155.6300000001,6270742.68,4,
770155.93,6270742.68,5,
770156.2300000001,6270742.68,4,
770156.53,6270742.68,3,
770156.8300000001,6270742.68,3,
770160.1300000001,6270742.68,4,
770160.43,6270742.68,7,
770160.7300000001,6270742.68,5,
770161.03,6270742.68,3,
770161.3300000001,6270742.68,4,
770164.93,6270742.68,2,
770165.2300000001,6270742.68,1,
770165.53,6270742.68,5,
770165.8300000001,6270742.68,4,
770166.1300000001,6270742.68,5,
770166.43,6270742.68,4,
770166.7300000001,6270742.68,2,
770168.8300000001,6270742.68,1,
770169.1300000001,6270742.68,4,
770169.43,6270742.68,1,
770169.7300000001,6270742.68,4,
770170.03,6270742.68,4,
770170.3300000001,6270742.68,5,
770170.6300000001,6270742.68,2,
770170.93,6270742.68,4,
770174.2300000001,6270742.68,3,
770174.53,6270742.68,3,
770174.8300000001,6270742.68,5,
770175.1300000001,6270742.68,4,
770175.43,6270742.68,3,
770175.7300000001,6270742.68,5,
770176.03,6270742.68,2,
770179.3300000001,6270742.68,1,
770179.6300000001,6270742.68,4,
770179.93,6270742.68,6,
770180.2300000001,6270742.68,3,
770180.53,6270742.68,3,
770180.8300000001,6270742.68,1,
770184.1300000001,6270742.68,2,
770184.43,6270742.68,3,
770184.7300000001,6270742.68,4,
770185.03,6270742.68,4,
770185.3300000001,6270742.68,3,
770185.6300000001,6270742.68,1,
770188.6300000001,6270742.68,1,
770189.2300000001,6270742.68,2,
770189.53,6270742.68,2,
770189.8300000001,6270742.68,3,
770190.1300000001,6270742.68,1,
770193.7300000001,6270742.68,1,
770194.03,6270742.68,2,
770194.3300000001,6270742.68,6,
770194.6300000001,6270742.68,4,
770194.93,6270742.68,4,
770197.9300000002,6270742.68,1,
770198.8300000001,6270742.68,3,
770199.1300000001,6270742.68,5,
770199.4300000002,6270742.68,3,
770199.7300000001,6270742.68,5,
770200.03,6270742.68,2,
770202.7300000001,6270742.68,1,
770203.03,6270742.68,1,
770203.3300000001,6270742.68,2,
770203.6300000001,6270742.68,4,
770203.9300000002,6270742.68,4,
770204.53,6270742.68,1,
770207.53,6270742.68,2,
770207.8300000001,6270742.68,1,
770208.1300000001,6270742.68,2,
770208.4300000002,6270742.68,4,
770208.7300000001,6270742.68,4,
770209.03,6270742.68,5,
770209.3300000001,6270742.68,2,
770121.43,6270742.98,2,
770121.73,6270742.98,5,
770122.03,6270742.98,5,
770125.93,6270742.98,1,
770126.23,6270742.98,5,
770126.53,6270742.98,5,
770126.8300000001,6270742.98,5,
770127.1300000001,6270742.98,3,
770127.43,6270742.98,5,
770127.73,6270742.98,1,
770131.3300000001,6270742.98,4,
770131.6300000001,6270742.98,4,
770131.93,6270742.98,6,
770132.23,6270742.98,3,
770132.53,6270742.98,1,
770135.8300000001,6270742.98,1,
770136.43,6270742.98,1,
770136.7300000001,6270742.98,6,
770137.03,6270742.98,3,
770137.3300000001,6270742.98,3,
770137.6300000001,6270742.98,1,
770140.3300000001,6270742.98,2,
770140.6300000001,6270742.98,1,
770140.93,6270742.98,3,
770141.2300000001,6270742.98,5,
770141.53,6270742.98,5,
770141.8300000001,6270742.98,4,
770145.1300000001,6270742.98,1,
770145.43,6270742.98,1,
770146.03,6270742.98,4,
770146.3300000001,6270742.98,6,
770146.6300000001,6270742.98,1,
770149.6300000001,6270742.98,2,
770150.2300000001,6270742.98,4,
770150.53,6270742.98,7,
770150.8300000001,6270742.98,3,
770151.1300000001,6270742.98,2,
770151.43,6270742.98,1,
770154.7300000001,6270742.98,2,
770155.03,6270742.98,4,
770155.3300000001,6270742.98,5,
770155.6300000001,6270742.98,4,
770155.93,6270742.98,2,
770156.2300000001,6270742.98,2,
770159.2300000001,6270742.98,1,
770159.53,6270742.98,3,
770159.8300000001,6270742.98,4,
770160.1300000001,6270742.98,4,
770160.43,6270742.98,2,
770160.7300000001,6270742.98,2,
770164.3300000001,6270742.98,2,
770164.6300000001,6270742.98,1,
770164.93,6270742.98,1,
770165.2300000001,6270742.98,4,
770165.53,6270742.98,7,
770165.8300000001,6270742.98,5,
770166.43,6270742.98,2,
770168.8300000001,6270742.98,2,
770169.1300000001,6270742.98,6,
770169.43,6270742.98,6,
770169.7300000001,6270742.98,4,
770170.03,6270742.98,3,
770170.3300000001,6270742.98,8,
770170.6300000001,6270742.98,3,
770170.93,6270742.98,1,
770174.2300000001,6270742.98,5,
770174.53,6270742.98,5,
770174.8300000001,6270742.98,6,
770175.1300000001,6270742.98,4,
770175.43,6270742.98,5,
770176.03,6270742.98,1,
770178.7300000001,6270742.98,1,
770179.03,6270742.98,2,
770179.3300000001,6270742.98,6,
770179.6300000001,6270742.98,4,
770179.93,6270742.98,4,
770180.2300000001,6270742.98,5,
770180.53,6270742.98,1,
770183.8300000001,6270742.98,1,
770184.1300000001,6270742.98,4,
770184.43,6270742.98,4,
770184.7300000001,6270742.98,4,
770185.03,6270742.98,2,
770185.3300000001,6270742.98,1,
770188.6300000001,6270742.98,2,
770188.93,6270742.98,7,
770189.2300000001,6270742.98,3,
770189.53,6270742.98,2,
770193.1300000001,6270742.98,1,
770193.43,6270742.98,1,
770193.7300000001,6270742.98,3,
770194.03,6270742.98,5,
770194.3300000001,6270742.98,3,
770194.6300000001,6270742.98,1,
770197.9300000002,6270742.98,3,
770198.2300000001,6270742.98,2,
770198.53,6270742.98,5,
770198.8300000001,6270742.98,4,
770199.1300000001,6270742.98,4,
770199.4300000002,6270742.98,4,
770202.7300000001,6270742.98,2,
770203.03,6270742.98,3,
770203.3300000001,6270742.98,4,
770203.6300000001,6270742.98,3,
770203.9300000002,6270742.98,4,
770207.2300000001,6270742.98,3,
770207.53,6270742.98,1,
770207.8300000001,6270742.98,2,
770208.1300000001,6270742.98,4,
770208.4300000002,6270742.98,7,
770208.7300000001,6270742.98,1,
770209.03,6270742.98,1,
770209.3300000001,6270742.98,1,
770121.1300000001,6270743.279999999,1,
770121.43,6270743.279999999,4,
770121.73,6270743.279999999,4,
770122.03,6270743.279999999,2,
770122.3300000001,6270743.279999999,2,
770125.3300000001,6270743.279999999,2,
770125.6300000001,6270743.279999999,2,
770125.93,6270743.279999999,6,
770126.23,6270743.279999999,7,
770126.53,6270743.279999999,4,
770126.8300000001,6270743.279999999,1,
770130.1300000001,6270743.279999999,1,
770130.43,6270743.279999999,3,
770130.73,6270743.279999999,3,
770131.03,6270743.279999999,5,
770131.3300000001,6270743.279999999,4,
770131.6300000001,6270743.279999999,5,
770131.93,6270743.279999999,2,
770132.23,6270743.279999999,2,
770135.53,6270743.279999999,5,
770135.8300000001,6270743.279999999,5,
770136.1300000001,6270743.279999999,1,
770136.43,6270743.279999999,3,
770136.7300000001,6270743.279999999,2,
770140.03,6270743.279999999,2,
770140.3300000001,6270743.279999999,3,
770140.6300000001,6270743.279999999,6,
770140.93,6270743.279999999,5,
770141.2300000001,6270743.279999999,2,
770144.2300000001,6270743.279999999,1,
770144.53,6270743.279999999,2,
770144.8300000001,6270743.279999999,3,
770145.1300000001,6270743.279999999,3,
770145.43,6270743.279999999,1,
770149.3300000001,6270743.279999999,1,
770149.6300000001,6270743.279999999,2,
770149.93,6270743.279999999,3,
770154.1300000001,6270743.279999999,1,
770154.43,6270743.279999999,2,
770154.7300000001,6270743.279999999,6,
770155.03,6270743.279999999,5,
770155.3300000001,6270743.279999999,2,
770155.6300000001,6270743.279999999,3,
770155.93,6270743.279999999,1,
770159.2300000001,6270743.279999999,5,
770159.53,6270743.279999999,5,
770159.8300000001,6270743.279999999,5,
770160.1300000001,6270743.279999999,3,
770160.43,6270743.279999999,4,
770164.03,6270743.279999999,1,
770164.3300000001,6270743.279999999,3,
770164.6300000001,6270743.279999999,4,
770165.2300000001,6270743.279999999,1,
770165.53,6270743.279999999,2,
770165.8300000001,6270743.279999999,3,
770168.2300000001,6270743.279999999,1,
770168.53,6270743.279999999,2,
770168.8300000001,6270743.279999999,2,
770169.1300000001,6270743.279999999,5,
770169.43,6270743.279999999,5,
770169.7300000001,6270743.279999999,3,
770170.03,6270743.279999999,4,
770170.3300000001,6270743.279999999,3,
770173.6300000001,6270743.279999999,2,
770173.93,6270743.279999999,1,
770174.2300000001,6270743.279999999,3,
770174.53,6270743.279999999,4,
770174.8300000001,6270743.279999999,5,
770175.7300000001,6270743.279999999,5,
770178.43,6270743.279999999,4,
770178.7300000001,6270743.279999999,3,
770179.03,6270743.279999999,5,
770179.3300000001,6270743.279999999,3,
770179.6300000001,6270743.279999999,2,
770179.93,6270743.279999999,2,
770183.2300000001,6270743.279999999,4,
770183.53,6270743.279999999,3,
770183.8300000001,6270743.279999999,5,
770184.1300000001,6270743.279999999,5,
770184.43,6270743.279999999,3,
770184.7300000001,6270743.279999999,2,
770185.03,6270743.279999999,1,
770187.43,6270743.279999999,1,
770187.7300000001,6270743.279999999,3,
770188.03,6270743.279999999,3,
770188.3300000001,6270743.279999999,2,
770188.6300000001,6270743.279999999,5,
770188.93,6270743.279999999,5,
770189.2300000001,6270743.279999999,1,
770192.8300000001,6270743.279999999,1,
770193.1300000001,6270743.279999999,6,
770193.43,6270743.279999999,2,
770193.7300000001,6270743.279999999,4,
770194.03,6270743.279999999,3,
770194.6300000001,6270743.279999999,1,
770197.6300000001,6270743.279999999,3,
770197.9300000002,6270743.279999999,5,
770198.2300000001,6270743.279999999,3,
770198.53,6270743.279999999,1,
770198.8300000001,6270743.279999999,3,
770199.1300000001,6270743.279999999,1,
770202.1300000001,6270743.279999999,2,
770202.4300000002,6270743.279999999,4,
770202.7300000001,6270743.279999999,5,
770203.03,6270743.279999999,4,
770203.3300000001,6270743.279999999,3,
770203.6300000001,6270743.279999999,1,
770206.9300000002,6270743.279999999,1,
770207.2300000001,6270743.279999999,4,
770207.53,6270743.279999999,4,
770207.8300000001,6270743.279999999,7,
770208.1300000001,6270743.279999999,6,
770208.4300000002,6270743.279999999,2,
770120.23,6270743.58,1,
770120.53,6270743.58,2,
770121.43,6270743.58,3,
770125.03,6270743.58,3,
770125.3300000001,6270743.58,3,
770125.6300000001,6270743.58,4,
770125.93,6270743.58,5,
770126.23,6270743.58,2,
770130.1300000001,6270743.58,4,
770130.43,6270743.58,3,
770130.73,6270743.58,5,
770131.03,6270743.58,5,
770131.3300000001,6270743.58,4,
770131.6300000001,6270743.58,1,
770134.93,6270743.58,3,
770135.23,6270743.58,4,
770135.53,6270743.58,7,
770135.8300000001,6270743.58,3,
770136.1300000001,6270743.58,5,
770139.43,6270743.58,2,
770139.7300000001,6270743.58,1,
770140.03,6270743.58,7,
770140.3300000001,6270743.58,5,
770140.6300000001,6270743.58,4,
770143.93,6270743.58,5,
770144.2300000001,6270743.58,1,
770144.53,6270743.58,6,
770144.8300000001,6270743.58,5,
770145.1300000001,6270743.58,4,
770148.7300000001,6270743.58,3,
770149.03,6270743.58,2,
770149.3300000001,6270743.58,6,
770149.6300000001,6270743.58,4,
770149.93,6270743.58,3,
770153.8300000001,6270743.58,2,
770154.1300000001,6270743.58,3,
770154.43,6270743.58,6,
770154.7300000001,6270743.58,4,
770155.03,6270743.58,2,
770158.3300000001,6270743.58,2,
770158.6300000001,6270743.58,4,
770158.93,6270743.58,6,
770159.2300000001,6270743.58,3,
770159.53,6270743.58,6,
770159.8300000001,6270743.58,3,
770163.43,6270743.58,2,
770163.7300000001,6270743.58,1,
770164.03,6270743.58,4,
770164.3300000001,6270743.58,6,
770164.6300000001,6270743.58,3,
770168.2300000001,6270743.58,3,
770168.53,6270743.58,2,
770168.8300000001,6270743.58,5,
770169.1300000001,6270743.58,5,
770169.43,6270743.58,2,
770173.6300000001,6270743.58,2,
770173.93,6270743.58,4,
770174.2300000001,6270743.58,6,
770174.53,6270743.58,3,
770174.8300000001,6270743.58,1,
770177.8300000001,6270743.58,2,
770178.1300000001,6270743.58,2,
770178.43,6270743.58,6,
770178.7300000001,6270743.58,3,
770179.03,6270743.58,2,
770179.3300000001,6270743.58,1,
770182.6300000001,6270743.58,1,
770182.93,6270743.58,1,
770183.2300000001,6270743.58,4,
770183.53,6270743.58,5,
770183.8300000001,6270743.58,4,
770184.1300000001,6270743.58,2,
770184.43,6270743.58,1,
770187.43,6270743.58,5,
770187.7300000001,6270743.58,5,
770188.03,6270743.58,4,
770188.3300000001,6270743.58,5,
770188.6300000001,6270743.58,3,
770192.2300000001,6270743.58,3,
770192.53,6270743.58,2,
770192.8300000001,6270743.58,4,
770193.1300000001,6270743.58,6,
770193.43,6270743.58,6,
770193.7300000001,6270743.58,1,
770194.6300000001,6270743.58,1,
770197.6300000001,6270743.58,1,
770197.9300000002,6270743.58,4,
770198.2300000001,6270743.58,3,
770198.53,6270743.58,2,
770201.53,6270743.58,4,
770201.8300000001,6270743.58,4,
770202.1300000001,6270743.58,3,
770202.4300000002,6270743.58,5,
770202.7300000001,6270743.58,4,
770203.03,6270743.58,1,
770203.3300000001,6270743.58,1,
770206.6300000001,6270743.58,2,
770206.9300000002,6270743.58,5,
770207.2300000001,6270743.58,4,
770207.53,6270743.58,3,
770207.8300000001,6270743.58,1,
770208.1300000001,6270743.58,1,
770119.6300000001,6270743.879999999,1,
770120.23,6270743.879999999,5,
770120.53,6270743.879999999,4,
770120.8300000001,6270743.879999999,3,
770124.73,6270743.879999999,2,
770125.03,6270743.879999999,3,
770125.3300000001,6270743.879999999,5,
770125.6300000001,6270743.879999999,5,
770125.93,6270743.879999999,3,
770126.23,6270743.879999999,1,
770129.53,6270743.879999999,1,
770129.8300000001,6270743.879999999,1,
770130.1300000001,6270743.879999999,5,
770130.43,6270743.879999999,2,
770130.73,6270743.879999999,5,
770131.03,6270743.879999999,3,
770134.3300000001,6270743.879999999,1,
770134.6300000001,6270743.879999999,3,
770134.93,6270743.879999999,5,
770135.23,6270743.879999999,3,
770135.53,6270743.879999999,3,
770136.1300000001,6270743.879999999,1,
770138.8300000001,6270743.879999999,2,
770139.1300000001,6270743.879999999,2,
770139.43,6270743.879999999,4,
770139.7300000001,6270743.879999999,4,
770140.03,6270743.879999999,2,
770140.3300000001,6270743.879999999,1,
770140.6300000001,6270743.879999999,1,
770143.3300000001,6270743.879999999,2,
770143.6300000001,6270743.879999999,3,
770143.93,6270743.879999999,4,
770144.2300000001,6270743.879999999,5,
770144.53,6270743.879999999,4,
770144.8300000001,6270743.879999999,6,
770145.1300000001,6270743.879999999,4,
770148.1300000001,6270743.879999999,1,
770148.43,6270743.879999999,2,
770148.7300000001,6270743.879999999,4,
770149.03,6270743.879999999,4,
770149.3300000001,6270743.879999999,5,
770149.6300000001,6270743.879999999,4,
770149.93,6270743.879999999,1,
770153.53,6270743.879999999,2,
770153.8300000001,6270743.879999999,6,
770154.1300000001,6270743.879999999,2,
770154.43,6270743.879999999,4,
770154.7300000001,6270743.879999999,2,
770158.03,6270743.879999999,5,
770158.3300000001,6270743.879999999,5,
770158.6300000001,6270743.879999999,5,
770158.93,6270743.879999999,5,
770159.2300000001,6270743.879999999,1,
770159.53,6270743.879999999,1,
770163.1300000001,6270743.879999999,4,
770163.43,6270743.879999999,1,
770163.7300000001,6270743.879999999,1,
770164.03,6270743.879999999,6,
770164.3300000001,6270743.879999999,6,
770164.6300000001,6270743.879999999,4,
770167.93,6270743.879999999,4,
770168.2300000001,6270743.879999999,4,
770168.53,6270743.879999999,3,
770168.8300000001,6270743.879999999,4,
770169.1300000001,6270743.879999999,2,
770172.7300000001,6270743.879999999,2,
770173.03,6270743.879999999,3,
770173.3300000001,6270743.879999999,5,
770173.6300000001,6270743.879999999,3,
770173.93,6270743.879999999,5,
770174.2300000001,6270743.879999999,6,
770177.53,6270743.879999999,3,
770177.8300000001,6270743.879999999,5,
770178.1300000001,6270743.879999999,4,
770178.43,6270743.879999999,2,
770178.7300000001,6270743.879999999,4,
770179.03,6270743.879999999,2,
770182.6300000001,6270743.879999999,5,
770182.93,6270743.879999999,4,
770183.2300000001,6270743.879999999,4,
770183.53,6270743.879999999,3,
770183.8300000001,6270743.879999999,1,
770184.1300000001,6270743.879999999,1,
770187.1300000001,6270743.879999999,3,
770187.43,6270743.879999999,3,
770187.7300000001,6270743.879999999,4,
770188.03,6270743.879999999,5,
770188.3300000001,6270743.879999999,2,
770191.93,6270743.879999999,2,
770192.2300000001,6270743.879999999,2,
770192.53,6270743.879999999,4,
770192.8300000001,6270743.879999999,5,
770193.1300000001,6270743.879999999,3,
770193.43,6270743.879999999,3,
770196.4300000002,6270743.879999999,4,
770197.03,6270743.879999999,3,
770197.3300000001,6270743.879999999,4,
770197.6300000001,6270743.879999999,1,
770197.9300000002,6270743.879999999,1,
770201.2300000001,6270743.879999999,1,
770201.53,6270743.879999999,6,
770201.8300000001,6270743.879999999,5,
770202.1300000001,6270743.879999999,3,
770202.4300000002,6270743.879999999,2,
770206.03,6270743.879999999,2,
770206.3300000001,6270743.879999999,5,
770206.6300000001,6270743.879999999,3,
770206.9300000002,6270743.879999999,4,
770207.2300000001,6270743.879999999,2,
770210.8300000001,6270743.879999999,1,
770119.6300000001,6270744.18,4,
770119.93,6270744.18,3,
770120.23,6270744.18,3,
770120.53,6270744.18,2,
770120.8300000001,6270744.18,1,
770123.8300000001,6270744.18,3,
770124.1300000001,6270744.18,1,
770124.43,6270744.18,4,
770124.73,6270744.18,6,
770125.03,6270744.18,5,
770125.3300000001,6270744.18,4,
770125.6300000001,6270744.18,3,
770125.93,6270744.18,1,
770128.93,6270744.18,2,
770129.23,6270744.18,4,
770129.53,6270744.18,5,
770129.8300000001,6270744.18,5,
770130.1300000001,6270744.18,6,
770130.43,6270744.18,4,
770133.73,6270744.18,1,
770134.03,6270744.18,4,
770134.3300000001,6270744.18,2,
770134.6300000001,6270744.18,4,
770134.93,6270744.18,6,
770135.23,6270744.18,4,
770138.2300000001,6270744.18,2,
770138.53,6270744.18,1,
770138.8300000001,6270744.18,5,
770139.1300000001,6270744.18,6,
770139.43,6270744.18,5,
770139.7300000001,6270744.18,4,
770143.03,6270744.18,2,
770143.3300000001,6270744.18,4,
770143.6300000001,6270744.18,4,
770143.93,6270744.18,2,
770144.2300000001,6270744.18,4,
770144.53,6270744.18,3,
770144.8300000001,6270744.18,2,
770147.8300000001,6270744.18,1,
770148.1300000001,6270744.18,3,
770148.43,6270744.18,5,
770148.7300000001,6270744.18,4,
770149.03,6270744.18,4,
770149.3300000001,6270744.18,3,
770152.93,6270744.18,1,
770153.2300000001,6270744.18,5,
770153.53,6270744.18,5,
770153.8300000001,6270744.18,3,
770154.1300000001,6270744.18,3,
770154.43,6270744.18,1,
770157.43,6270744.18,3,
770157.7300000001,6270744.18,3,
770158.03,6270744.18,2,
770158.3300000001,6270744.18,5,
770158.6300000001,6270744.18,4,
770158.93,6270744.18,3,
770162.53,6270744.18,1,
770162.8300000001,6270744.18,4,
770163.1300000001,6270744.18,2,
770163.43,6270744.18,5,
770163.7300000001,6270744.18,3,
770164.03,6270744.18,1,
770164.3300000001,6270744.18,2,
770164.6300000001,6270744.18,3,
770167.93,6270744.18,4,
770168.2300000001,6270744.18,4,
770168.53,6270744.18,4,
770168.8300000001,6270744.18,3,
770172.7300000001,6270744.18,2,
770173.03,6270744.18,6,
770173.3300000001,6270744.18,5,
770173.6300000001,6270744.18,2,
770176.93,6270744.18,2,
770177.2300000001,6270744.18,4,
770177.53,6270744.18,5,
770177.8300000001,6270744.18,4,
770178.1300000001,6270744.18,4,
770178.43,6270744.18,4,
770182.03,6270744.18,3,
770182.3300000001,6270744.18,5,
770182.6300000001,6270744.18,4,
770182.93,6270744.18,2,
770183.2300000001,6270744.18,4,
770186.8300000001,6270744.18,3,
770187.1300000001,6270744.18,4,
770187.43,6270744.18,7,
770187.7300000001,6270744.18,2,
770188.03,6270744.18,1,
770191.6300000001,6270744.18,4,
770191.93,6270744.18,2,
770192.2300000001,6270744.18,1,
770192.53,6270744.18,2,
770193.43,6270744.18,1,
770195.53,6270744.18,1,
770195.8300000001,6270744.18,1,
770196.1300000001,6270744.18,3,
770196.4300000002,6270744.18,2,
770196.7300000001,6270744.18,4,
770197.03,6270744.18,3,
770197.3300000001,6270744.18,4,
770200.3300000001,6270744.18,1,
770200.6300000001,6270744.18,2,
770200.9300000002,6270744.18,3,
770201.2300000001,6270744.18,4,
770201.53,6270744.18,2,
770201.8300000001,6270744.18,4,
770202.1300000001,6270744.18,2,
770205.4300000002,6270744.18,1,
770205.7300000001,6270744.18,3,
770206.03,6270744.18,4,
770206.3300000001,6270744.18,6,
770206.6300000001,6270744.18,4,
770210.2300000001,6270744.18,1,
770210.53,6270744.18,3,
770210.8300000001,6270744.18,2,
770211.1300000001,6270744.18,2,
770119.93,6270744.48,3,
770120.23,6270744.48,1,
770120.8300000001,6270744.48,1,
770122.6300000001,6270744.48,1,
770123.8300000001,6270744.48,5,
770124.1300000001,6270744.48,5,
770124.43,6270744.48,3,
770124.73,6270744.48,4,
770125.03,6270744.48,2,
770125.6300000001,6270744.48,1,
770128.3300000001,6270744.48,3,
770128.6300000001,6270744.48,3,
770128.93,6270744.48,6,
770129.23,6270744.48,4,
770129.53,6270744.48,4,
770129.8300000001,6270744.48,5,
770130.1300000001,6270744.48,1,
770133.1300000001,6270744.48,1,
770133.43,6270744.48,1,
770133.73,6270744.48,4,
770134.03,6270744.48,4,
770134.3300000001,6270744.48,5,
770134.6300000001,6270744.48,1,
770137.93,6270744.48,2,
770138.2300000001,6270744.48,3,
770138.53,6270744.48,3,
770138.8300000001,6270744.48,4,
770139.1300000001,6270744.48,2,
770139.43,6270744.48,3,
770142.7300000001,6270744.48,2,
770143.03,6270744.48,6,
770143.3300000001,6270744.48,5,
770143.6300000001,6270744.48,4,
770143.93,6270744.48,6,
770144.2300000001,6270744.48,1,
770147.2300000001,6270744.48,1,
770147.53,6270744.48,2,
770147.8300000001,6270744.48,4,
770148.1300000001,6270744.48,3,
770148.43,6270744.48,5,
770148.7300000001,6270744.48,2,
770149.03,6270744.48,1,
770152.3300000001,6270744.48,2,
770152.6300000001,6270744.48,2,
770152.93,6270744.48,6,
770153.2300000001,6270744.48,5,
770153.53,6270744.48,6,
770153.8300000001,6270744.48,3,
770157.1300000001,6270744.48,6,
770157.43,6270744.48,3,
770157.7300000001,6270744.48,5,
770158.03,6270744.48,5,
770158.3300000001,6270744.48,3,
770158.6300000001,6270744.48,1,
770161.3300000001,6270744.48,1,
770161.6300000001,6270744.48,2,
770161.93,6270744.48,2,
770162.53,6270744.48,2,
770162.8300000001,6270744.48,2,
770163.1300000001,6270744.48,6,
770163.43,6270744.48,7,
770163.7300000001,6270744.48,2,
770166.7300000001,6270744.48,2,
770167.03,6270744.48,3,
770167.3300000001,6270744.48,5,
770167.6300000001,6270744.48,3,
770167.93,6270744.48,7,
770168.2300000001,6270744.48,5,
770168.53,6270744.48,2,
770168.8300000001,6270744.48,3,
770172.43,6270744.48,1,
770172.7300000001,6270744.48,6,
770173.3300000001,6270744.48,4,
770176.3300000001,6270744.48,1,
770176.6300000001,6270744.48,3,
770176.93,6270744.48,5,
770177.2300000001,6270744.48,2,
770177.53,6270744.48,1,
770177.8300000001,6270744.48,1,
770181.1300000001,6270744.48,1,
770181.43,6270744.48,3,
770181.7300000001,6270744.48,6,
770182.03,6270744.48,5,
770182.3300000001,6270744.48,5,
770182.6300000001,6270744.48,3,
770186.2300000001,6270744.48,2,
770186.53,6270744.48,2,
770186.8300000001,6270744.48,3,
770187.1300000001,6270744.48,6,
770187.43,6270744.48,3,
770190.7300000001,6270744.48,1,
770191.03,6270744.48,2,
770191.3300000001,6270744.48,5,
770191.6300000001,6270744.48,3,
770191.93,6270744.48,5,
770195.2300000001,6270744.48,2,
770195.53,6270744.48,3,
770195.8300000001,6270744.48,4,
770196.1300000001,6270744.48,2,
770196.4300000002,6270744.48,4,
770196.7300000001,6270744.48,1,
770200.3300000001,6270744.48,4,
770200.6300000001,6270744.48,3,
770200.9300000002,6270744.48,4,
770201.2300000001,6270744.48,4,
770201.53,6270744.48,1,
770205.4300000002,6270744.48,3,
770205.7300000001,6270744.48,4,
770206.03,6270744.48,4,
770206.3300000001,6270744.48,2,
770209.9300000002,6270744.48,1,
770210.2300000001,6270744.48,2,
770210.53,6270744.48,3,
770210.8300000001,6270744.48,8,
770211.1300000001,6270744.48,1,
770122.3300000001,6270744.779999999,1,
770122.93,6270744.779999999,1,
770123.23,6270744.779999999,4,
770123.53,6270744.779999999,3,
770123.8300000001,6270744.779999999,6,
770124.1300000001,6270744.779999999,4,
770124.43,6270744.779999999,2,
770128.03,6270744.779999999,2,
770128.3300000001,6270744.779999999,3,
770128.6300000001,6270744.779999999,5,
770128.93,6270744.779999999,3,
770129.23,6270744.779999999,6,
770129.53,6270744.779999999,2,
770129.8300000001,6270744.779999999,1,
770132.53,6270744.779999999,1,
770132.8300000001,6270744.779999999,2,
770133.1300000001,6270744.779999999,3,
770133.43,6270744.779999999,6,
770133.73,6270744.779999999,7,
770134.03,6270744.779999999,3,
770134.3300000001,6270744.779999999,5,
770137.3300000001,6270744.779999999,1,
770137.6300000001,6270744.779999999,1,
770137.93,6270744.779999999,5,
770138.2300000001,6270744.779999999,6,
770138.53,6270744.779999999,4,
770141.8300000001,6270744.779999999,1,
770142.1300000001,6270744.779999999,2,
770142.43,6270744.779999999,5,
770142.7300000001,6270744.779999999,5,
770143.03,6270744.779999999,2,
770143.3300000001,6270744.779999999,6,
770143.6300000001,6270744.779999999,4,
770143.93,6270744.779999999,1,
770146.93,6270744.779999999,6,
770147.2300000001,6270744.779999999,3,
770147.53,6270744.779999999,4,
770147.8300000001,6270744.779999999,6,
770148.1300000001,6270744.779999999,6,
770148.43,6270744.779999999,1,
770151.7300000001,6270744.779999999,1,
770152.03,6270744.779999999,5,
770152.3300000001,6270744.779999999,6,
770152.6300000001,6270744.779999999,5,
770152.93,6270744.779999999,4,
770153.2300000001,6270744.779999999,3,
770156.8300000001,6270744.779999999,3,
770157.1300000001,6270744.779999999,4,
770157.43,6270744.779999999,5,
770157.7300000001,6270744.779999999,6,
770161.6300000001,6270744.779999999,3,
770161.93,6270744.779999999,4,
770162.2300000001,6270744.779999999,4,
770162.8300000001,6270744.779999999,1,
770163.1300000001,6270744.779999999,1,
770163.43,6270744.779999999,2,
770166.43,6270744.779999999,3,
770166.7300000001,6270744.779999999,4,
770167.03,6270744.779999999,5,
770167.3300000001,6270744.779999999,4,
770167.6300000001,6270744.779999999,4,
770167.93,6270744.779999999,4,
770171.53,6270744.779999999,2,
770171.8300000001,6270744.779999999,1,
770172.43,6270744.779999999,5,
770175.7300000001,6270744.779999999,2,
770176.03,6270744.779999999,2,
770176.3300000001,6270744.779999999,5,
770176.6300000001,6270744.779999999,7,
770176.93,6270744.779999999,6,
770177.2300000001,6270744.779999999,3,
770177.8300000001,6270744.779999999,1,
770180.8300000001,6270744.779999999,1,
770181.1300000001,6270744.779999999,4,
770181.43,6270744.779999999,2,
770181.7300000001,6270744.779999999,4,
770182.03,6270744.779999999,3,
770182.3300000001,6270744.779999999,1,
770182.6300000001,6270744.779999999,1,
770185.3300000001,6270744.779999999,1,
770185.6300000001,6270744.779999999,1,
770185.93,6270744.779999999,4,
770186.2300000001,6270744.779999999,4,
770186.53,6270744.779999999,3,
770190.1300000001,6270744.779999999,1,
770190.43,6270744.779999999,2,
770190.7300000001,6270744.779999999,4,
770191.03,6270744.779999999,5,
770191.3300000001,6270744.779999999,5,
770191.6300000001,6270744.779999999,3,
770191.93,6270744.779999999,1,
770194.93,6270744.779999999,1,
770195.2300000001,6270744.779999999,5,
770195.53,6270744.779999999,5,
770195.8300000001,6270744.779999999,4,
770196.1300000001,6270744.779999999,3,
770196.4300000002,6270744.779999999,4,
770199.4300000002,6270744.779999999,1,
770199.7300000001,6270744.779999999,6,
770200.03,6270744.779999999,2,
770200.3300000001,6270744.779999999,4,
770200.6300000001,6270744.779999999,2,
770200.9300000002,6270744.779999999,3,
770201.2300000001,6270744.779999999,1,
770205.1300000001,6270744.779999999,7,
770205.4300000002,6270744.779999999,4,
770206.03,6270744.779999999,2,
770209.6300000001,6270744.779999999,2,
770209.9300000002,6270744.779999999,3,
770210.2300000001,6270744.779999999,6,
770210.53,6270744.779999999,2,
770210.8300000001,6270744.779999999,1,
770122.3300000001,6270745.08,1,
770122.6300000001,6270745.08,2,
770122.93,6270745.08,4,
770123.23,6270745.08,5,
770123.53,6270745.08,5,
770123.8300000001,6270745.08,3,
770124.1300000001,6270745.08,2,
770127.73,6270745.08,3,
770128.03,6270745.08,4,
770128.3300000001,6270745.08,3,
770128.6300000001,6270745.08,3,
770128.93,6270745.08,4,
770129.23,6270745.08,1,
770132.23,6270745.08,2,
770132.53,6270745.08,2,
770132.8300000001,6270745.08,4,
770133.1300000001,6270745.08,5,
770133.43,6270745.08,4,
770133.73,6270745.08,2,
770134.03,6270745.08,1,
770136.7300000001,6270745.08,2,
770137.03,6270745.08,2,
770137.3300000001,6270745.08,2,
770137.6300000001,6270745.08,4,
770137.93,6270745.08,5,
770138.2300000001,6270745.08,5,
770138.53,6270745.08,1,
770141.8300000001,6270745.08,2,
770142.1300000001,6270745.08,4,
770142.43,6270745.08,7,
770142.7300000001,6270745.08,3,
770143.03,6270745.08,2,
770146.3300000001,6270745.08,1,
770146.6300000001,6270745.08,3,
770146.93,6270745.08,4,
770147.2300000001,6270745.08,6,
770147.53,6270745.08,5,
770147.8300000001,6270745.08,1,
770151.1300000001,6270745.08,2,
770151.43,6270745.08,2,
770151.7300000001,6270745.08,5,
770152.03,6270745.08,7,
770152.3300000001,6270745.08,6,
770152.6300000001,6270745.08,2,
770152.93,6270745.08,1,
770155.93,6270745.08,1,
770156.2300000001,6270745.08,2,
770156.53,6270745.08,6,
770156.8300000001,6270745.08,4,
770157.1300000001,6270745.08,3,
770157.43,6270745.08,2,
770160.7300000001,6270745.08,1,
770161.3300000001,6270745.08,4,
770161.93,6270745.08,5,
770162.2300000001,6270745.08,4,
770162.53,6270745.08,4,
770166.1300000001,6270745.08,1,
770166.43,6270745.08,6,
770166.7300000001,6270745.08,6,
770167.03,6270745.08,4,
770167.3300000001,6270745.08,4,
770167.6300000001,6270745.08,1,
770170.03,6270745.08,1,
770170.3300000001,6270745.08,1,
770170.93,6270745.08,3,
770171.2300000001,6270745.08,4,
770171.53,6270745.08,3,
770171.8300000001,6270745.08,5,
770172.1300000001,6270745.08,3,
770175.7300000001,6270745.08,5,
770176.03,6270745.08,2,
770176.3300000001,6270745.08,4,
770177.2300000001,6270745.08,1,
770180.53,6270745.08,5,
770180.8300000001,6270745.08,6,
770181.1300000001,6270745.08,5,
770181.43,6270745.08,4,
770181.7300000001,6270745.08,1,
770185.03,6270745.08,2,
770185.3300000001,6270745.08,4,
770185.6300000001,6270745.08,5,
770185.93,6270745.08,6,
770186.2300000001,6270745.08,3,
770186.53,6270745.08,1,
770189.8300000001,6270745.08,1,
770190.1300000001,6270745.08,5,
770190.43,6270745.08,4,
770190.7300000001,6270745.08,3,
770191.03,6270745.08,2,
770191.3300000001,6270745.08,2,
770194.93,6270745.08,6,
770195.2300000001,6270745.08,3,
770195.53,6270745.08,4,
770195.8300000001,6270745.08,2,
770196.1300000001,6270745.08,1,
770199.1300000001,6270745.08,3,
770199.4300000002,6270745.08,5,
770199.7300000001,6270745.08,6,
770200.03,6270745.08,3,
770200.3300000001,6270745.08,4,
770200.6300000001,6270745.08,4,
770204.53,6270745.08,1,
770204.8300000001,6270745.08,4,
770205.1300000001,6270745.08,3,
770205.4300000002,6270745.08,1,
770208.7300000001,6270745.08,1,
770209.03,6270745.08,5,
770209.3300000001,6270745.08,3,
770209.6300000001,6270745.08,6,
770209.9300000002,6270745.08,6,
770210.2300000001,6270745.08,3,
770121.73,6270745.379999999,2,
770122.03,6270745.379999999,2,
770122.3300000001,6270745.379999999,4,
770122.6300000001,6270745.379999999,6,
770122.93,6270745.379999999,6,
770123.23,6270745.379999999,2,
770123.53,6270745.379999999,1,
770123.8300000001,6270745.379999999,4,
770127.43,6270745.379999999,4,
770127.73,6270745.379999999,5,
770128.03,6270745.379999999,5,
770128.3300000001,6270745.379999999,8,
770128.6300000001,6270745.379999999,1,
770131.3300000001,6270745.379999999,3,
770131.93,6270745.379999999,1,
770132.23,6270745.379999999,6,
770132.53,6270745.379999999,5,
770132.8300000001,6270745.379999999,3,
770133.1300000001,6270745.379999999,5,
770136.43,6270745.379999999,1,
770136.7300000001,6270745.379999999,2,
770137.03,6270745.379999999,5,
770137.3300000001,6270745.379999999,4,
770137.6300000001,6270745.379999999,1,
770138.2300000001,6270745.379999999,2,
770141.2300000001,6270745.379999999,3,
770141.53,6270745.379999999,3,
770141.8300000001,6270745.379999999,5,
770142.1300000001,6270745.379999999,5,
770142.43,6270745.379999999,3,
770146.3300000001,6270745.379999999,4,
770146.6300000001,6270745.379999999,5,
770146.93,6270745.379999999,5,
770147.2300000001,6270745.379999999,3,
770150.53,6270745.379999999,1,
770150.8300000001,6270745.379999999,2,
770151.1300000001,6270745.379999999,5,
770151.43,6270745.379999999,6,
770151.7300000001,6270745.379999999,3,
770152.03,6270745.379999999,4,
770152.3300000001,6270745.379999999,2,
770152.6300000001,6270745.379999999,1,
770155.3300000001,6270745.379999999,1,
770155.6300000001,6270745.379999999,1,
770155.93,6270745.379999999,4,
770156.2300000001,6270745.379999999,5,
770156.53,6270745.379999999,3,
770156.8300000001,6270745.379999999,2,
770157.1300000001,6270745.379999999,1,
770160.7300000001,6270745.379999999,4,
770161.03,6270745.379999999,2,
770161.3300000001,6270745.379999999,4,
770161.6300000001,6270745.379999999,2,
770161.93,6270745.379999999,5,
770162.2300000001,6270745.379999999,3,
770162.53,6270745.379999999,1,
770166.1300000001,6270745.379999999,1,
770166.43,6270745.379999999,2,
770166.7300000001,6270745.379999999,1,
770167.03,6270745.379999999,1,
770169.43,6270745.379999999,1,
770170.03,6270745.379999999,4,
770170.3300000001,6270745.379999999,3,
770170.6300000001,6270745.379999999,5,
770170.93,6270745.379999999,3,
770171.2300000001,6270745.379999999,5,
770171.53,6270745.379999999,4,
770171.8300000001,6270745.379999999,2,
770175.1300000001,6270745.379999999,1,
770175.43,6270745.379999999,4,
770175.7300000001,6270745.379999999,7,
770176.03,6270745.379999999,1,
770176.3300000001,6270745.379999999,3,
770176.6300000001,6270745.379999999,1,
770179.93,6270745.379999999,2,
770180.2300000001,6270745.379999999,6,
770180.53,6270745.379999999,5,
770180.8300000001,6270745.379999999,4,
770181.1300000001,6270745.379999999,3,
770184.43,6270745.379999999,1,
770184.7300000001,6270745.379999999,3,
770185.03,6270745.379999999,4,
770185.3300000001,6270745.379999999,3,
770185.6300000001,6270745.379999999,4,
770185.93,6270745.379999999,4,
770189.2300000001,6270745.379999999,1,
770189.53,6270745.379999999,2,
770189.8300000001,6270745.379999999,6,
770190.1300000001,6270745.379999999,5,
770190.43,6270745.379999999,4,
770190.7300000001,6270745.379999999,1,
770194.03,6270745.379999999,2,
770194.3300000001,6270745.379999999,1,
770194.6300000001,6270745.379999999,3,
770194.93,6270745.379999999,4,
770195.2300000001,6270745.379999999,5,
770195.8300000001,6270745.379999999,1,
770198.53,6270745.379999999,1,
770198.8300000001,6270745.379999999,1,
770199.1300000001,6270745.379999999,4,
770199.4300000002,6270745.379999999,5,
770199.7300000001,6270745.379999999,5,
770200.03,6270745.379999999,3,
770200.3300000001,6270745.379999999,2,
770204.8300000001,6270745.379999999,1,
770208.4300000002,6270745.379999999,2,
770208.7300000001,6270745.379999999,3,
770209.03,6270745.379999999,4,
770209.3300000001,6270745.379999999,4,
770209.6300000001,6270745.379999999,5,
770209.9300000002,6270745.379999999,1,
770210.2300000001,6270745.379999999,2,
770121.43,6270745.68,1,
770121.73,6270745.68,3,
770122.03,6270745.68,4,
770122.3300000001,6270745.68,6,
770122.6300000001,6270745.68,2,
770122.93,6270745.68,3,
770123.8300000001,6270745.68,2,
770127.43,6270745.68,3,
770127.73,6270745.68,4,
770128.03,6270745.68,3,
770131.3300000001,6270745.68,2,
770131.6300000001,6270745.68,3,
770131.93,6270745.68,4,
770132.23,6270745.68,5,
770132.53,6270745.68,4,
770132.8300000001,6270745.68,3,
770136.1300000001,6270745.68,4,
770136.43,6270745.68,5,
770136.7300000001,6270745.68,3,
770137.03,6270745.68,6,
770137.3300000001,6270745.68,2,
770137.6300000001,6270745.68,1,
770140.6300000001,6270745.68,2,
770140.93,6270745.68,4,
770141.2300000001,6270745.68,4,
770141.53,6270745.68,3,
770141.8300000001,6270745.68,4,
770142.1300000001,6270745.68,1,
770145.43,6270745.68,3,
770145.7300000001,6270745.68,3,
770146.03,6270745.68,4,
770146.3300000001,6270745.68,5,
770146.6300000001,6270745.68,4,
770146.93,6270745.68,1,
770150.2300000001,6270745.68,1,
770150.53,6270745.68,3,
770150.8300000001,6270745.68,7,
770151.1300000001,6270745.68,5,
770151.43,6270745.68,6,
770151.7300000001,6270745.68,2,
770152.03,6270745.68,2,
770155.03,6270745.68,3,
770155.3300000001,6270745.68,5,
770155.6300000001,6270745.68,4,
770155.93,6270745.68,4,
770156.2300000001,6270745.68,4,
770160.43,6270745.68,4,
770160.7300000001,6270745.68,4,
770161.03,6270745.68,3,
770161.3300000001,6270745.68,4,
770161.6300000001,6270745.68,5,
770161.93,6270745.68,1,
770164.3300000001,6270745.68,1,
770164.6300000001,6270745.68,1,
770164.93,6270745.68,3,
770165.2300000001,6270745.68,3,
770165.53,6270745.68,1,
770165.8300000001,6270745.68,1,
770169.1300000001,6270745.68,2,
770169.43,6270745.68,3,
770169.7300000001,6270745.68,4,
770170.03,6270745.68,5,
770170.3300000001,6270745.68,3,
770170.6300000001,6270745.68,5,
770170.93,6270745.68,3,
770171.53,6270745.68,5,
770171.8300000001,6270745.68,3,
770174.2300000001,6270745.68,1,
770174.53,6270745.68,3,
770174.8300000001,6270745.68,5,
770175.1300000001,6270745.68,5,
770175.43,6270745.68,5,
770175.7300000001,6270745.68,1,
770176.03,6270745.68,1,
770179.6300000001,6270745.68,5,
770179.93,6270745.68,7,
770180.2300000001,6270745.68,1,
770180.53,6270745.68,6,
770180.8300000001,6270745.68,1,
770181.1300000001,6270745.68,1,
770184.1300000001,6270745.68,1,
770184.43,6270745.68,7,
770184.7300000001,6270745.68,6,
770185.03,6270745.68,5,
770185.3300000001,6270745.68,3,
770189.2300000001,6270745.68,2,
770189.53,6270745.68,6,
770189.8300000001,6270745.68,5,
770190.1300000001,6270745.68,1,
770190.43,6270745.68,3,
770193.7300000001,6270745.68,2,
770194.03,6270745.68,3,
770194.3300000001,6270745.68,5,
770194.6300000001,6270745.68,3,
770194.93,6270745.68,3,
770195.2300000001,6270745.68,1,
770198.2300000001,6270745.68,3,
770198.53,6270745.68,3,
770198.8300000001,6270745.68,5,
770199.1300000001,6270745.68,4,
770199.4300000002,6270745.68,2,
770199.7300000001,6270745.68,3,
770208.1300000001,6270745.68,2,
770208.4300000002,6270745.68,4,
770208.7300000001,6270745.68,7,
770209.3300000001,6270745.68,1,
770209.6300000001,6270745.68,1,
770120.8300000001,6270745.98,1,
770121.1300000001,6270745.98,3,
770121.43,6270745.98,2,
770121.73,6270745.98,6,
770122.03,6270745.98,6,
770122.3300000001,6270745.98,2,
770122.6300000001,6270745.98,1,
770131.03,6270745.98,3,
770131.3300000001,6270745.98,5,
770131.6300000001,6270745.98,3,
770131.93,6270745.98,5,
770132.23,6270745.98,1,
770135.53,6270745.98,2,
770135.8300000001,6270745.98,6,
770136.1300000001,6270745.98,3,
770136.43,6270745.98,5,
770136.7300000001,6270745.98,2,
770137.03,6270745.98,1,
770140.03,6270745.98,1,
770140.3300000001,6270745.98,5,
770140.6300000001,6270745.98,3,
770140.93,6270745.98,5,
770141.2300000001,6270745.98,4,
770141.53,6270745.98,2,
770144.53,6270745.98,2,
770145.1300000001,6270745.98,1,
770145.43,6270745.98,3,
770145.7300000001,6270745.98,6,
770146.03,6270745.98,6,
770146.3300000001,6270745.98,4,
770146.6300000001,6270745.98,1,
770149.93,6270745.98,4,
770150.2300000001,6270745.98,5,
770150.53,6270745.98,3,
770150.8300000001,6270745.98,5,
770151.1300000001,6270745.98,3,
770151.43,6270745.98,1,
770154.43,6270745.98,2,
770154.7300000001,6270745.98,5,
770155.03,6270745.98,3,
770155.3300000001,6270745.98,5,
770155.6300000001,6270745.98,3,
770158.93,6270745.98,1,
770159.2300000001,6270745.98,1,
770159.53,6270745.98,1,
770160.7300000001,6270745.98,1,
770161.03,6270745.98,5,
770161.3300000001,6270745.98,1,
770163.43,6270745.98,1,
770163.7300000001,6270745.98,6,
770164.03,6270745.98,3,
770164.3300000001,6270745.98,1,
770164.6300000001,6270745.98,5,
770164.93,6270745.98,5,
770165.2300000001,6270745.98,5,
770165.53,6270745.98,5,
770169.1300000001,6270745.98,4,
770169.43,6270745.98,4,
770169.7300000001,6270745.98,7,
770170.03,6270745.98,2,
770170.3300000001,6270745.98,2,
770170.6300000001,6270745.98,3,
770170.93,6270745.98,1,
770173.6300000001,6270745.98,1,
770173.93,6270745.98,2,
770174.2300000001,6270745.98,2,
770174.53,6270745.98,3,
770174.8300000001,6270745.98,6,
770175.1300000001,6270745.98,3,
770175.43,6270745.98,2,
770179.3300000001,6270745.98,1,
770179.6300000001,6270745.98,4,
770179.93,6270745.98,4,
770183.53,6270745.98,1,
770183.8300000001,6270745.98,2,
770184.1300000001,6270745.98,6,
770184.43,6270745.98,3,
770184.7300000001,6270745.98,3,
770185.03,6270745.98,2,
770185.3300000001,6270745.98,1,
770188.03,6270745.98,2,
770188.6300000001,6270745.98,4,
770188.93,6270745.98,4,
770189.2300000001,6270745.98,7,
770189.53,6270745.98,4,
770189.8300000001,6270745.98,1,
770190.43,6270745.98,1,
770192.8300000001,6270745.98,2,
770193.1300000001,6270745.98,2,
770193.43,6270745.98,5,
770193.7300000001,6270745.98,5,
770194.03,6270745.98,4,
770194.3300000001,6270745.98,4,
770197.9300000002,6270745.98,2,
770198.2300000001,6270745.98,5,
770198.53,6270745.98,3,
770198.8300000001,6270745.98,4,
770199.1300000001,6270745.98,3,
770199.4300000002,6270745.98,2,
770202.7300000001,6270745.98,1,
770207.2300000001,6270745.98,1,
770207.53,6270745.98,4,
770207.8300000001,6270745.98,4,
770208.1300000001,6270745.98,6,
770208.4300000002,6270745.98,4,
770208.7300000001,6270745.98,1,
770120.8300000001,6270746.279999999,2,
770121.1300000001,6270746.279999999,3,
770121.43,6270746.279999999,6,
770121.73,6270746.279999999,3,
770122.03,6270746.279999999,1,
770125.93,6270746.279999999,2,
770130.43,6270746.279999999,2,
770130.73,6270746.279999999,3,
770131.03,6270746.279999999,3,
770131.3300000001,6270746.279999999,4,
770131.6300000001,6270746.279999999,3,
770131.93,6270746.279999999,2,
770135.23,6270746.279999999,4,
770135.53,6270746.279999999,3,
770135.8300000001,6270746.279999999,6,
770136.1300000001,6270746.279999999,4,
770139.7300000001,6270746.279999999,3,
770140.03,6270746.279999999,5,
770140.3300000001,6270746.279999999,5,
770140.6300000001,6270746.279999999,5,
770140.93,6270746.279999999,3,
770144.2300000001,6270746.279999999,1,
770144.53,6270746.279999999,2,
770144.8300000001,6270746.279999999,7,
770145.1300000001,6270746.279999999,5,
770145.43,6270746.279999999,5,
770145.7300000001,6270746.279999999,5,
770146.03,6270746.279999999,1,
770146.3300000001,6270746.279999999,1,
770149.3300000001,6270746.279999999,2,
770149.6300000001,6270746.279999999,1,
770149.93,6270746.279999999,5,
770150.2300000001,6270746.279999999,4,
770150.53,6270746.279999999,5,
770153.8300000001,6270746.279999999,2,
770154.1300000001,6270746.279999999,2,
770154.43,6270746.279999999,5,
770154.7300000001,6270746.279999999,5,
770155.03,6270746.279999999,5,
770155.3300000001,6270746.279999999,3,
770158.03,6270746.279999999,4,
770158.3300000001,6270746.279999999,2,
770158.93,6270746.279999999,1,
770159.2300000001,6270746.279999999,6,
770159.53,6270746.279999999,1,
770160.7300000001,6270746.279999999,5,
770163.43,6270746.279999999,1,
770163.7300000001,6270746.279999999,3,
770164.03,6270746.279999999,3,
770164.3300000001,6270746.279999999,6,
770164.6300000001,6270746.279999999,6,
770164.93,6270746.279999999,4,
770165.2300000001,6270746.279999999,3,
770165.53,6270746.279999999,4,
770168.8300000001,6270746.279999999,5,
770169.1300000001,6270746.279999999,3,
770169.43,6270746.279999999,3,
770169.7300000001,6270746.279999999,4,
770170.03,6270746.279999999,3,
770170.6300000001,6270746.279999999,2,
770173.3300000001,6270746.279999999,1,
770173.6300000001,6270746.279999999,6,
770173.93,6270746.279999999,4,
770174.2300000001,6270746.279999999,3,
770174.53,6270746.279999999,5,
770178.43,6270746.279999999,2,
770178.7300000001,6270746.279999999,2,
770182.93,6270746.279999999,1,
770183.2300000001,6270746.279999999,2,
770183.53,6270746.279999999,2,
770183.8300000001,6270746.279999999,3,
770184.43,6270746.279999999,1,
770188.03,6270746.279999999,1,
770188.3300000001,6270746.279999999,5,
770188.6300000001,6270746.279999999,3,
770188.93,6270746.279999999,5,
770192.53,6270746.279999999,1,
770192.8300000001,6270746.279999999,2,
770193.1300000001,6270746.279999999,3,
770193.43,6270746.279999999,4,
770193.7300000001,6270746.279999999,7,
770194.03,6270746.279999999,1,
770197.6300000001,6270746.279999999,1,
770197.9300000002,6270746.279999999,6,
770198.2300000001,6270746.279999999,6,
770198.53,6270746.279999999,2,
770202.4300000002,6270746.279999999,4,
770202.7300000001,6270746.279999999,2,
770203.03,6270746.279999999,1,
770206.9300000002,6270746.279999999,1,
770207.2300000001,6270746.279999999,5,
770207.53,6270746.279999999,3,
770207.8300000001,6270746.279999999,5,
770208.1300000001,6270746.279999999,2,
770208.4300000002,6270746.279999999,3,
770211.4300000002,6270746.279999999,2,
770211.7300000001,6270746.279999999,2,
770120.8300000001,6270746.58,3,
770121.1300000001,6270746.58,7,
770121.43,6270746.58,2,
770121.73,6270746.58,1,
770125.3300000001,6270746.58,3,
770125.6300000001,6270746.58,4,
770125.93,6270746.58,2,
770129.8300000001,6270746.58,1,
770130.1300000001,6270746.58,4,
770130.43,6270746.58,7,
770130.73,6270746.58,3,
770131.03,6270746.58,4,
770131.3300000001,6270746.58,1,
770134.6300000001,6270746.58,2,
770134.93,6270746.58,2,
770135.23,6270746.58,1,
770135.53,6270746.58,5,
770135.8300000001,6270746.58,3,
770138.8300000001,6270746.58,1,
770139.1300000001,6270746.58,2,
770139.43,6270746.58,4,
770139.7300000001,6270746.58,5,
770140.03,6270746.58,6,
770140.3300000001,6270746.58,3,
770140.6300000001,6270746.58,2,
770140.93,6270746.58,1,
770143.93,6270746.58,1,
770144.53,6270746.58,2,
770144.8300000001,6270746.58,6,
770145.1300000001,6270746.58,5,
770145.43,6270746.58,3,
770145.7300000001,6270746.58,1,
770148.7300000001,6270746.58,1,
770149.03,6270746.58,4,
770149.3300000001,6270746.58,1,
770149.6300000001,6270746.58,7,
770149.93,6270746.58,4,
770150.2300000001,6270746.58,2,
770153.2300000001,6270746.58,1,
770153.53,6270746.58,2,
770153.8300000001,6270746.58,3,
770154.1300000001,6270746.58,6,
770154.43,6270746.58,4,
770154.7300000001,6270746.58,3,
770155.03,6270746.58,4,
770157.7300000001,6270746.58,2,
770158.03,6270746.58,4,
770158.3300000001,6270746.58,2,
770158.6300000001,6270746.58,3,
770158.93,6270746.58,6,
770159.2300000001,6270746.58,4,
770159.53,6270746.58,4,
770159.8300000001,6270746.58,4,
770163.1300000001,6270746.58,2,
770163.43,6270746.58,4,
770163.7300000001,6270746.58,4,
770164.03,6270746.58,4,
770164.3300000001,6270746.58,4,
770164.6300000001,6270746.58,2,
770164.93,6270746.58,1,
770165.2300000001,6270746.58,1,
770165.53,6270746.58,1,
770167.6300000001,6270746.58,1,
770168.2300000001,6270746.58,2,
770168.53,6270746.58,5,
770168.8300000001,6270746.58,6,
770169.1300000001,6270746.58,2,
770169.43,6270746.58,1,
770169.7300000001,6270746.58,1,
770170.03,6270746.58,1,
770173.03,6270746.58,4,
770173.3300000001,6270746.58,5,
770173.6300000001,6270746.58,4,
770173.93,6270746.58,4,
770174.2300000001,6270746.58,5,
770174.53,6270746.58,1,
770177.8300000001,6270746.58,1,
770178.1300000001,6270746.58,2,
770178.43,6270746.58,6,
770178.7300000001,6270746.58,2,
770182.3300000001,6270746.58,1,
770182.6300000001,6270746.58,2,
770182.93,6270746.58,6,
770183.2300000001,6270746.58,6,
770183.53,6270746.58,2,
770187.43,6270746.58,1,
770187.7300000001,6270746.58,3,
770188.03,6270746.58,4,
770188.3300000001,6270746.58,6,
770188.6300000001,6270746.58,4,
770189.2300000001,6270746.58,1,
770189.53,6270746.58,1,
770191.6300000001,6270746.58,1,
770192.2300000001,6270746.58,1,
770192.53,6270746.58,1,
770192.8300000001,6270746.58,5,
770193.1300000001,6270746.58,6,
770193.43,6270746.58,5,
770197.03,6270746.58,2,
770197.3300000001,6270746.58,6,
770197.6300000001,6270746.58,4,
770197.9300000002,6270746.58,2,
770201.53,6270746.58,1,
770201.8300000001,6270746.58,2,
770202.1300000001,6270746.58,5,
770202.4300000002,6270746.58,3,
770202.7300000001,6270746.58,5,
770206.3300000001,6270746.58,1,
770206.6300000001,6270746.58,3,
770206.9300000002,6270746.58,4,
770207.2300000001,6270746.58,5,
770207.53,6270746.58,5,
770207.8300000001,6270746.58,3,
770208.1300000001,6270746.58,1,
770211.1300000001,6270746.58,2,
770211.4300000002,6270746.58,6,
770211.7300000001,6270746.58,3,
770212.03,6270746.58,2,
770120.8300000001,6270746.88,1,
770124.73,6270746.88,1,
770125.03,6270746.88,7,
770125.3300000001,6270746.88,6,
770125.6300000001,6270746.88,2,
770129.23,6270746.88,1,
770129.53,6270746.88,3,
770129.8300000001,6270746.88,3,
770130.1300000001,6270746.88,6,
770130.43,6270746.88,5,
770130.73,6270746.88,2,
770131.03,6270746.88,1,
770133.73,6270746.88,1,
770134.03,6270746.88,1,
770134.3300000001,6270746.88,5,
770134.6300000001,6270746.88,5,
770134.93,6270746.88,5,
770135.23,6270746.88,2,
770138.53,6270746.88,2,
770138.8300000001,6270746.88,3,
770139.1300000001,6270746.88,1,
770139.43,6270746.88,6,
770139.7300000001,6270746.88,3,
770140.03,6270746.88,2,
770140.3300000001,6270746.88,1,
770143.6300000001,6270746.88,3,
770143.93,6270746.88,1,
770144.2300000001,6270746.88,7,
770144.53,6270746.88,5,
770144.8300000001,6270746.88,3,
770148.43,6270746.88,2,
770148.7300000001,6270746.88,4,
770149.03,6270746.88,5,
770149.3300000001,6270746.88,5,
770149.6300000001,6270746.88,2,
770153.2300000001,6270746.88,5,
770153.53,6270746.88,3,
770153.8300000001,6270746.88,5,
770154.1300000001,6270746.88,2,
770157.7300000001,6270746.88,2,
770158.03,6270746.88,2,
770158.3300000001,6270746.88,5,
770158.6300000001,6270746.88,3,
770158.93,6270746.88,6,
770159.2300000001,6270746.88,3,
770159.8300000001,6270746.88,3,
770162.8300000001,6270746.88,2,
770163.1300000001,6270746.88,2,
770163.43,6270746.88,4,
770163.7300000001,6270746.88,4,
770164.03,6270746.88,4,
770164.3300000001,6270746.88,3,
770164.6300000001,6270746.88,1,
770167.3300000001,6270746.88,1,
770167.6300000001,6270746.88,3,
770167.93,6270746.88,7,
770168.2300000001,6270746.88,3,
770168.53,6270746.88,5,
770169.1300000001,6270746.88,3,
770169.43,6270746.88,3,
770172.1300000001,6270746.88,1,
770172.43,6270746.88,3,
770172.7300000001,6270746.88,2,
770173.03,6270746.88,4,
770173.3300000001,6270746.88,4,
770173.6300000001,6270746.88,4,
770177.53,6270746.88,5,
770177.8300000001,6270746.88,5,
770178.1300000001,6270746.88,3,
770178.43,6270746.88,4,
770178.7300000001,6270746.88,1,
770182.03,6270746.88,4,
770182.3300000001,6270746.88,2,
770182.6300000001,6270746.88,7,
770182.93,6270746.88,4,
770183.2300000001,6270746.88,4,
770183.53,6270746.88,3,
770186.8300000001,6270746.88,3,
770187.1300000001,6270746.88,3,
770187.43,6270746.88,6,
770187.7300000001,6270746.88,4,
770188.03,6270746.88,1,
770188.3300000001,6270746.88,3,
770191.6300000001,6270746.88,1,
770191.93,6270746.88,1,
770192.2300000001,6270746.88,3,
770192.53,6270746.88,4,
770192.8300000001,6270746.88,3,
770193.1300000001,6270746.88,1,
770196.4300000002,6270746.88,2,
770196.7300000001,6270746.88,5,
770197.03,6270746.88,3,
770197.3300000001,6270746.88,5,
770197.6300000001,6270746.88,4,
770201.2300000001,6270746.88,1,
770201.53,6270746.88,7,
770201.8300000001,6270746.88,5,
770202.1300000001,6270746.88,5,
770202.4300000002,6270746.88,4,
770202.7300000001,6270746.88,1,
770205.7300000001,6270746.88,1,
770206.03,6270746.88,3,
770206.3300000001,6270746.88,3,
770206.6300000001,6270746.88,4,
770206.9300000002,6270746.88,6,
770207.2300000001,6270746.88,4,
770210.8300000001,6270746.88,6,
770211.1300000001,6270746.88,4,
770211.4300000002,6270746.88,5,
770211.7300000001,6270746.88,3,
770212.03,6270746.88,1,
770123.53,6270747.18,1,
770123.8300000001,6270747.18,1,
770124.1300000001,6270747.18,2,
770124.43,6270747.18,4,
770124.73,6270747.18,6,
770125.03,6270747.18,5,
770125.3300000001,6270747.18,3,
770125.6300000001,6270747.18,1,
770128.93,6270747.18,1,
770129.23,6270747.18,3,
770129.53,6270747.18,4,
770129.8300000001,6270747.18,5,
770130.1300000001,6270747.18,4,
770133.73,6270747.18,1,
770134.03,6270747.18,4,
770134.3300000001,6270747.18,4,
770134.6300000001,6270747.18,6,
770137.93,6270747.18,2,
770138.2300000001,6270747.18,2,
770138.53,6270747.18,4,
770138.8300000001,6270747.18,6,
770139.1300000001,6270747.18,6,
770139.43,6270747.18,1,
770143.03,6270747.18,2,
770143.3300000001,6270747.18,1,
770143.6300000001,6270747.18,2,
770143.93,6270747.18,5,
770144.2300000001,6270747.18,3,
770147.8300000001,6270747.18,3,
770148.1300000001,6270747.18,1,
770148.43,6270747.18,4,
770148.7300000001,6270747.18,5,
770149.03,6270747.18,4,
770149.3300000001,6270747.18,3,
770152.6300000001,6270747.18,4,
770152.93,6270747.18,6,
770153.2300000001,6270747.18,3,
770153.53,6270747.18,5,
770153.8300000001,6270747.18,3,
770154.1300000001,6270747.18,1,
770157.43,6270747.18,1,
770157.7300000001,6270747.18,4,
770158.03,6270747.18,2,
770158.3300000001,6270747.18,2,
770158.6300000001,6270747.18,3,
770158.93,6270747.18,1,
770159.2300000001,6270747.18,2,
770159.53,6270747.18,1,
770161.93,6270747.18,1,
770162.8300000001,6270747.18,1,
770163.1300000001,6270747.18,5,
770163.43,6270747.18,4,
770163.7300000001,6270747.18,3,
770164.03,6270747.18,5,
770167.03,6270747.18,1,
770167.3300000001,6270747.18,2,
770167.6300000001,6270747.18,3,
770167.93,6270747.18,2,
770168.2300000001,6270747.18,5,
770168.53,6270747.18,1,
770169.1300000001,6270747.18,1,
770171.8300000001,6270747.18,1,
770172.1300000001,6270747.18,3,
770172.43,6270747.18,3,
770172.7300000001,6270747.18,5,
770173.03,6270747.18,4,
770173.3300000001,6270747.18,1,
770176.6300000001,6270747.18,2,
770176.93,6270747.18,2,
770177.2300000001,6270747.18,4,
770177.53,6270747.18,7,
770177.8300000001,6270747.18,4,
770178.1300000001,6270747.18,4,
770178.43,6270747.18,4,
770181.43,6270747.18,1,
770181.7300000001,6270747.18,3,
770182.03,6270747.18,2,
770182.3300000001,6270747.18,6,
770182.6300000001,6270747.18,6,
770182.93,6270747.18,4,
770186.2300000001,6270747.18,1,
770186.53,6270747.18,2,
770186.8300000001,6270747.18,3,
770187.1300000001,6270747.18,5,
770187.43,6270747.18,4,
770187.7300000001,6270747.18,1,
770191.3300000001,6270747.18,2,
770191.6300000001,6270747.18,4,
770191.93,6270747.18,4,
770192.2300000001,6270747.18,5,
770192.53,6270747.18,3,
770192.8300000001,6270747.18,2,
770195.8300000001,6270747.18,2,
770196.1300000001,6270747.18,2,
770196.4300000002,6270747.18,2,
770196.7300000001,6270747.18,3,
770197.03,6270747.18,2,
770200.6300000001,6270747.18,1,
770200.9300000002,6270747.18,1,
770201.2300000001,6270747.18,4,
770201.53,6270747.18,5,
770201.8300000001,6270747.18,5,
770202.1300000001,6270747.18,1,
770202.4300000002,6270747.18,1,
770205.4300000002,6270747.18,2,
770205.7300000001,6270747.18,2,
770206.03,6270747.18,1,
770206.3300000001,6270747.18,4,
770206.6300000001,6270747.18,6,
770206.9300000002,6270747.18,1,
770207.53,6270747.18,1,
770210.53,6270747.18,2,
770210.8300000001,6270747.18,5,
770211.1300000001,6270747.18,5,
770211.4300000002,6270747.18,3,
770211.7300000001,6270747.18,1,
770123.8300000001,6270747.48,4,
770124.1300000001,6270747.48,2,
770124.43,6270747.48,6,
770124.73,6270747.48,6,
770125.03,6270747.48,3,
770125.3300000001,6270747.48,1,
770128.3300000001,6270747.48,1,
770128.6300000001,6270747.48,3,
770128.93,6270747.48,5,
770129.23,6270747.48,4,
770129.53,6270747.48,3,
770129.8300000001,6270747.48,1,
770130.1300000001,6270747.48,2,
770132.53,6270747.48,1,
770132.8300000001,6270747.48,1,
770133.1300000001,6270747.48,3,
770133.43,6270747.48,2,
770133.73,6270747.48,3,
770134.03,6270747.48,6,
770134.3300000001,6270747.48,1,
770134.6300000001,6270747.48,1,
770137.93,6270747.48,5,
770138.2300000001,6270747.48,5,
770138.53,6270747.48,5,
770138.8300000001,6270747.48,3,
770139.1300000001,6270747.48,2,
770139.43,6270747.48,1,
770142.7300000001,6270747.48,2,
770143.03,6270747.48,2,
770143.3300000001,6270747.48,6,
770143.6300000001,6270747.48,4,
770143.93,6270747.48,1,
770147.53,6270747.48,2,
770147.8300000001,6270747.48,3,
770148.1300000001,6270747.48,4,
770148.43,6270747.48,5,
770148.7300000001,6270747.48,1,
770152.03,6270747.48,2,
770152.3300000001,6270747.48,5,
770152.6300000001,6270747.48,3,
770152.93,6270747.48,5,
770153.2300000001,6270747.48,3,
770153.53,6270747.48,2,
770156.8300000001,6270747.48,2,
770157.1300000001,6270747.48,1,
770157.43,6270747.48,6,
770157.7300000001,6270747.48,3,
770158.03,6270747.48,3,
770159.2300000001,6270747.48,3,
770161.93,6270747.48,5,
770162.2300000001,6270747.48,2,
770162.53,6270747.48,4,
770162.8300000001,6270747.48,7,
770163.1300000001,6270747.48,7,
770163.43,6270747.48,1,
770167.3300000001,6270747.48,3,
770167.6300000001,6270747.48,4,
770167.93,6270747.48,2,
770168.2300000001,6270747.48,5,
770168.53,6270747.48,2,
770171.53,6270747.48,1,
770171.8300000001,6270747.48,2,
770172.1300000001,6270747.48,6,
770172.43,6270747.48,6,
770172.7300000001,6270747.48,3,
770173.03,6270747.48,1,
770176.6300000001,6270747.48,3,
770176.93,6270747.48,5,
770177.2300000001,6270747.48,3,
770177.53,6270747.48,5,
770177.8300000001,6270747.48,1,
770180.8300000001,6270747.48,1,
770181.1300000001,6270747.48,3,
770181.43,6270747.48,5,
770181.7300000001,6270747.48,7,
770182.03,6270747.48,1,
770182.3300000001,6270747.48,7,
770182.6300000001,6270747.48,1,
770185.93,6270747.48,2,
770186.2300000001,6270747.48,2,
770186.53,6270747.48,6,
770186.8300000001,6270747.48,5,
770187.1300000001,6270747.48,3,
770190.7300000001,6270747.48,2,
770191.03,6270747.48,2,
770191.3300000001,6270747.48,5,
770191.6300000001,6270747.48,2,
770191.93,6270747.48,1,
770192.2300000001,6270747.48,2,
770195.53,6270747.48,1,
770195.8300000001,6270747.48,2,
770196.1300000001,6270747.48,3,
770196.4300000002,6270747.48,1,
770200.3300000001,6270747.48,2,
770200.6300000001,6270747.48,3,
770200.9300000002,6270747.48,3,
770201.2300000001,6270747.48,4,
770201.53,6270747.48,6,
770201.8300000001,6270747.48,2,
770202.4300000002,6270747.48,1,
770204.53,6270747.48,1,
770205.1300000001,6270747.48,1,
770205.4300000002,6270747.48,6,
770205.7300000001,6270747.48,5,
770206.03,6270747.48,4,
770206.3300000001,6270747.48,4,
770206.6300000001,6270747.48,2,
770209.6300000001,6270747.48,2,
770209.9300000002,6270747.48,1,
770210.2300000001,6270747.48,3,
770210.53,6270747.48,4,
770210.8300000001,6270747.48,2,
770211.1300000001,6270747.48,5,
770211.4300000002,6270747.48,3,
770122.93,6270747.779999999,1,
770123.23,6270747.779999999,2,
770123.53,6270747.779999999,4,
770123.8300000001,6270747.779999999,4,
770124.1300000001,6270747.779999999,6,
770128.03,6270747.779999999,3,
770128.3300000001,6270747.779999999,4,
770128.6300000001,6270747.779999999,2,
770128.93,6270747.779999999,3,
770129.23,6270747.779999999,2,
770132.23,6270747.779999999,1,
770132.53,6270747.779999999,3,
770132.8300000001,6270747.779999999,3,
770133.1300000001,6270747.779999999,5,
770133.43,6270747.779999999,5,
770133.73,6270747.779999999,5,
770137.3300000001,6270747.779999999,2,
770137.6300000001,6270747.779999999,4,
770137.93,6270747.779999999,5,
770138.2300000001,6270747.779999999,3,
770138.53,6270747.779999999,5,
770138.8300000001,6270747.779999999,1,
770141.8300000001,6270747.779999999,1,
770142.1300000001,6270747.779999999,4,
770142.43,6270747.779999999,5,
770142.7300000001,6270747.779999999,6,
770143.03,6270747.779999999,5,
770143.3300000001,6270747.779999999,1,
770143.6300000001,6270747.779999999,1,
770146.93,6270747.779999999,1,
770147.2300000001,6270747.779999999,5,
770147.53,6270747.779999999,6,
770147.8300000001,6270747.779999999,3,
770148.1300000001,6270747.779999999,5,
770148.43,6270747.779999999,1,
770148.7300000001,6270747.779999999,1,
770151.43,6270747.779999999,1,
770151.7300000001,6270747.779999999,3,
770152.03,6270747.779999999,4,
770152.3300000001,6270747.779999999,5,
770152.6300000001,6270747.779999999,4,
770152.93,6270747.779999999,3,
770155.93,6270747.779999999,1,
770156.8300000001,6270747.779999999,4,
770157.1300000001,6270747.779999999,4,
770157.43,6270747.779999999,6,
770157.7300000001,6270747.779999999,4,
770161.93,6270747.779999999,1,
770162.2300000001,6270747.779999999,6,
770162.53,6270747.779999999,5,
770162.8300000001,6270747.779999999,4,
770165.8300000001,6270747.779999999,4,
770166.1300000001,6270747.779999999,1,
770166.43,6270747.779999999,1,
770168.2300000001,6270747.779999999,1,
770170.93,6270747.779999999,1,
770171.2300000001,6270747.779999999,2,
770171.53,6270747.779999999,4,
770171.8300000001,6270747.779999999,6,
770172.1300000001,6270747.779999999,3,
770176.03,6270747.779999999,4,
770176.3300000001,6270747.779999999,7,
770176.6300000001,6270747.779999999,1,
770176.93,6270747.779999999,3,
770177.2300000001,6270747.779999999,4,
770177.53,6270747.779999999,1,
770180.2300000001,6270747.779999999,1,
770180.53,6270747.779999999,1,
770180.8300000001,6270747.779999999,4,
770181.1300000001,6270747.779999999,4,
770181.43,6270747.779999999,6,
770181.7300000001,6270747.779999999,1,
770182.03,6270747.779999999,1,
770185.03,6270747.779999999,1,
770185.3300000001,6270747.779999999,2,
770185.6300000001,6270747.779999999,3,
770185.93,6270747.779999999,1,
770186.2300000001,6270747.779999999,5,
770186.53,6270747.779999999,4,
770186.8300000001,6270747.779999999,2,
770190.43,6270747.779999999,2,
770190.7300000001,6270747.779999999,5,
770191.03,6270747.779999999,2,
770191.3300000001,6270747.779999999,6,
770191.6300000001,6270747.779999999,1,
770194.6300000001,6270747.779999999,1,
770194.93,6270747.779999999,2,
770195.2300000001,6270747.779999999,2,
770195.53,6270747.779999999,3,
770195.8300000001,6270747.779999999,6,
770196.1300000001,6270747.779999999,2,
770200.03,6270747.779999999,1,
770200.3300000001,6270747.779999999,5,
770200.6300000001,6270747.779999999,5,
770200.9300000002,6270747.779999999,6,
770201.2300000001,6270747.779999999,2,
770201.53,6270747.779999999,1,
770204.2300000001,6270747.779999999,3,
770204.53,6270747.779999999,3,
770204.8300000001,6270747.779999999,4,
770205.1300000001,6270747.779999999,3,
770205.4300000002,6270747.779999999,5,
770205.7300000001,6270747.779999999,2,
770206.03,6270747.779999999,4,
770209.6300000001,6270747.779999999,4,
770209.9300000002,6270747.779999999,3,
770210.2300000001,6270747.779999999,4,
770210.53,6270747.779999999,1,
770211.1300000001,6270747.779999999,1,
770211.4300000002,6270747.779999999,1,
770122.6300000001,6270748.08,1,
770122.93,6270748.08,5,
770123.23,6270748.08,5,
770123.53,6270748.08,5,
770123.8300000001,6270748.08,2,
770124.1300000001,6270748.08,3,
770124.43,6270748.08,1,
770127.73,6270748.08,4,
770128.03,6270748.08,4,
770128.3300000001,6270748.08,1,
770128.6300000001,6270748.08,8,
770128.93,6270748.08,1,
770131.93,6270748.08,1,
770132.23,6270748.08,2,
770132.53,6270748.08,4,
770132.8300000001,6270748.08,6,
770133.1300000001,6270748.08,2,
770133.43,6270748.08,2,
770133.73,6270748.08,1,
770136.7300000001,6270748.08,1,
770137.03,6270748.08,4,
770137.3300000001,6270748.08,5,
770137.6300000001,6270748.08,5,
770137.93,6270748.08,2,
770141.2300000001,6270748.08,1,
770141.8300000001,6270748.08,3,
770142.1300000001,6270748.08,5,
770142.43,6270748.08,4,
770142.7300000001,6270748.08,5,
770143.03,6270748.08,1,
770143.3300000001,6270748.08,1,
770146.3300000001,6270748.08,1,
770146.6300000001,6270748.08,2,
770146.93,6270748.08,3,
770147.2300000001,6270748.08,5,
770147.53,6270748.08,5,
770147.8300000001,6270748.08,2,
770151.1300000001,6270748.08,1,
770151.43,6270748.08,3,
770151.7300000001,6270748.08,4,
770152.03,6270748.08,6,
770152.3300000001,6270748.08,3,
770152.6300000001,6270748.08,3,
770155.3300000001,6270748.08,2,
770155.6300000001,6270748.08,2,
770155.93,6270748.08,2,
770156.2300000001,6270748.08,3,
770156.53,6270748.08,4,
770156.8300000001,6270748.08,4,
770157.1300000001,6270748.08,4,
770157.43,6270748.08,3,
770157.7300000001,6270748.08,5,
770162.2300000001,6270748.08,2,
770162.53,6270748.08,1,
770163.1300000001,6270748.08,1,
770165.53,6270748.08,4,
770165.8300000001,6270748.08,2,
770166.1300000001,6270748.08,5,
770166.43,6270748.08,2,
770170.3300000001,6270748.08,2,
770170.6300000001,6270748.08,4,
770170.93,6270748.08,2,
770171.2300000001,6270748.08,5,
770171.53,6270748.08,5,
770171.8300000001,6270748.08,5,
770172.1300000001,6270748.08,2,
770175.43,6270748.08,1,
770175.7300000001,6270748.08,4,
770176.03,6270748.08,5,
770176.3300000001,6270748.08,4,
770176.6300000001,6270748.08,3,
770180.2300000001,6270748.08,3,
770180.53,6270748.08,4,
770180.8300000001,6270748.08,4,
770181.1300000001,6270748.08,3,
770181.43,6270748.08,5,
770184.7300000001,6270748.08,1,
770185.03,6270748.08,1,
770185.3300000001,6270748.08,7,
770185.6300000001,6270748.08,4,
770185.93,6270748.08,4,
770186.2300000001,6270748.08,2,
770186.53,6270748.08,2,
770189.8300000001,6270748.08,1,
770190.1300000001,6270748.08,3,
770190.43,6270748.08,3,
770190.7300000001,6270748.08,1,
770191.03,6270748.08,2,
770191.6300000001,6270748.08,1,
770194.3300000001,6270748.08,2,
770194.6300000001,6270748.08,7,
770194.93,6270748.08,4,
770195.2300000001,6270748.08,3,
770195.53,6270748.08,5,
770195.8300000001,6270748.08,1,
770199.4300000002,6270748.08,2,
770199.7300000001,6270748.08,5,
770200.03,6270748.08,5,
770200.3300000001,6270748.08,8,
770200.6300000001,6270748.08,4,
770203.9300000002,6270748.08,3,
770204.2300000001,6270748.08,4,
770204.53,6270748.08,5,
770204.8300000001,6270748.08,5,
770205.1300000001,6270748.08,5,
770205.4300000002,6270748.08,1,
770209.3300000001,6270748.08,7,
770209.6300000001,6270748.08,2,
770209.9300000002,6270748.08,2,
770210.2300000001,6270748.08,2,
770122.3300000001,6270748.38,4,
770122.6300000001,6270748.38,3,
770122.93,6270748.38,4,
770123.23,6270748.38,6,
770123.53,6270748.38,1,
770126.8300000001,6270748.38,1,
770127.1300000001,6270748.38,5,
770127.43,6270748.38,5,
770127.73,6270748.38,5,
770128.03,6270748.38,4,
770128.3300000001,6270748.38,3,
770131.3300000001,6270748.38,2,
770131.6300000001,6270748.38,4,
770131.93,6270748.38,4,
770132.23,6270748.38,4,
770132.53,6270748.38,5,
770132.8300000001,6270748.38,4,
770136.43,6270748.38,4,
770136.7300000001,6270748.38,5,
770137.03,6270748.38,6,
770137.3300000001,6270748.38,4,
770137.6300000001,6270748.38,5,
770140.93,6270748.38,1,
770141.2300000001,6270748.38,5,
770141.53,6270748.38,5,
770141.8300000001,6270748.38,3,
770142.1300000001,6270748.38,5,
770142.43,6270748.38,2,
770142.7300000001,6270748.38,1,
770145.43,6270748.38,1,
770145.7300000001,6270748.38,2,
770146.03,6270748.38,4,
770146.3300000001,6270748.38,3,
770146.6300000001,6270748.38,6,
770146.93,6270748.38,3,
770147.2300000001,6270748.38,3,
770147.53,6270748.38,2,
770150.8300000001,6270748.38,2,
770151.1300000001,6270748.38,2,
770151.43,6270748.38,6,
770151.7300000001,6270748.38,6,
770152.03,6270748.38,2,
770152.3300000001,6270748.38,2,
770155.3300000001,6270748.38,3,
770155.6300000001,6270748.38,1,
770155.93,6270748.38,4,
770156.2300000001,6270748.38,4,
770156.53,6270748.38,4,
770156.8300000001,6270748.38,7,
770157.1300000001,6270748.38,1,
770157.43,6270748.38,2,
770157.7300000001,6270748.38,1,
770160.43,6270748.38,2,
770160.7300000001,6270748.38,3,
770162.2300000001,6270748.38,1,
770162.53,6270748.38,1,
770164.3300000001,6270748.38,1,
770164.93,6270748.38,2,
770165.2300000001,6270748.38,3,
770165.53,6270748.38,5,
770165.8300000001,6270748.38,5,
770166.1300000001,6270748.38,3,
770166.43,6270748.38,6,
770166.7300000001,6270748.38,1,
770170.03,6270748.38,1,
770170.3300000001,6270748.38,4,
770170.6300000001,6270748.38,5,
770170.93,6270748.38,5,
770171.2300000001,6270748.38,3,
770175.1300000001,6270748.38,3,
770175.43,6270748.38,4,
770175.7300000001,6270748.38,5,
770176.03,6270748.38,4,
770176.3300000001,6270748.38,3,
770179.3300000001,6270748.38,2,
770179.6300000001,6270748.38,2,
770179.93,6270748.38,6,
770180.2300000001,6270748.38,7,
770180.53,6270748.38,5,
770180.8300000001,6270748.38,4,
770181.1300000001,6270748.38,1,
770184.43,6270748.38,3,
770184.7300000001,6270748.38,2,
770185.03,6270748.38,3,
770185.3300000001,6270748.38,5,
770185.6300000001,6270748.38,5,
770185.93,6270748.38,1,
770189.53,6270748.38,4,
770189.8300000001,6270748.38,3,
770190.1300000001,6270748.38,4,
770190.43,6270748.38,3,
770190.7300000001,6270748.38,1,
770194.03,6270748.38,5,
770194.3300000001,6270748.38,3,
770194.6300000001,6270748.38,5,
770194.93,6270748.38,5,
770195.2300000001,6270748.38,1,
770195.53,6270748.38,1,
770198.8300000001,6270748.38,1,
770199.1300000001,6270748.38,3,
770199.4300000002,6270748.38,6,
770199.7300000001,6270748.38,4,
770200.03,6270748.38,3,
770200.3300000001,6270748.38,2,
770203.3300000001,6270748.38,3,
770203.6300000001,6270748.38,4,
770203.9300000002,6270748.38,3,
770204.2300000001,6270748.38,5,
770204.53,6270748.38,6,
770204.8300000001,6270748.38,2,
770205.1300000001,6270748.38,2,
770208.1300000001,6270748.38,1,
770208.7300000001,6270748.38,2,
770209.03,6270748.38,4,
770209.3300000001,6270748.38,7,
770212.6300000001,6270748.38,3,
770121.73,6270748.68,1,
770122.03,6270748.68,2,
770122.3300000001,6270748.68,7,
770122.6300000001,6270748.68,4,
770122.93,6270748.68,3,
770123.23,6270748.68,7,
770126.23,6270748.68,2,
770126.53,6270748.68,1,
770126.8300000001,6270748.68,3,
770127.1300000001,6270748.68,4,
770127.43,6270748.68,7,
770127.73,6270748.68,4,
770128.03,6270748.68,1,
770128.3300000001,6270748.68,2,
770131.3300000001,6270748.68,6,
770131.6300000001,6270748.68,4,
770131.93,6270748.68,4,
770132.23,6270748.68,4,
770132.53,6270748.68,3,
770135.8300000001,6270748.68,1,
770136.1300000001,6270748.68,6,
770136.43,6270748.68,4,
770136.7300000001,6270748.68,5,
770137.03,6270748.68,1,
770137.3300000001,6270748.68,1,
770140.6300000001,6270748.68,1,
770140.93,6270748.68,3,
770141.2300000001,6270748.68,5,
770141.53,6270748.68,4,
770141.8300000001,6270748.68,5,
770145.43,6270748.68,2,
770145.7300000001,6270748.68,4,
770146.03,6270748.68,4,
770146.3300000001,6270748.68,6,
770146.6300000001,6270748.68,4,
770146.93,6270748.68,1,
770150.2300000001,6270748.68,1,
770150.53,6270748.68,5,
770150.8300000001,6270748.68,3,
770151.1300000001,6270748.68,6,
770151.43,6270748.68,3,
770151.7300000001,6270748.68,3,
770155.6300000001,6270748.68,5,
770155.93,6270748.68,4,
770156.2300000001,6270748.68,5,
770156.53,6270748.68,2,
770156.8300000001,6270748.68,2,
770157.43,6270748.68,1,
770159.53,6270748.68,1,
770159.8300000001,6270748.68,3,
770160.43,6270748.68,2,
770160.7300000001,6270748.68,5,
770161.3300000001,6270748.68,1,
770164.3300000001,6270748.68,5,
770164.93,6270748.68,5,
770165.2300000001,6270748.68,2,
770165.53,6270748.68,4,
770165.8300000001,6270748.68,6,
770166.1300000001,6270748.68,6,
770166.43,6270748.68,5,
770169.43,6270748.68,1,
770169.7300000001,6270748.68,4,
770170.03,6270748.68,3,
770170.3300000001,6270748.68,4,
770170.6300000001,6270748.68,3,
770170.93,6270748.68,1,
770174.2300000001,6270748.68,3,
770174.53,6270748.68,1,
770174.8300000001,6270748.68,2,
770175.1300000001,6270748.68,5,
770175.43,6270748.68,5,
770175.7300000001,6270748.68,1,
770176.03,6270748.68,1,
770178.7300000001,6270748.68,1,
770179.03,6270748.68,1,
770179.3300000001,6270748.68,5,
770179.6300000001,6270748.68,2,
770179.93,6270748.68,5,
770180.2300000001,6270748.68,5,
770180.53,6270748.68,2,
770180.8300000001,6270748.68,1,
770183.8300000001,6270748.68,1,
770184.1300000001,6270748.68,2,
770184.43,6270748.68,3,
770184.7300000001,6270748.68,5,
770185.03,6270748.68,6,
770185.3300000001,6270748.68,2,
770189.2300000001,6270748.68,1,
770189.53,6270748.68,4,
770189.8300000001,6270748.68,2,
770190.1300000001,6270748.68,1,
770193.43,6270748.68,3,
770193.7300000001,6270748.68,3,
770194.03,6270748.68,4,
770194.3300000001,6270748.68,6,
770194.6300000001,6270748.68,2,
770198.53,6270748.68,1,
770198.8300000001,6270748.68,6,
770199.1300000001,6270748.68,2,
770199.4300000002,6270748.68,4,
770199.7300000001,6270748.68,1,
770202.7300000001,6270748.68,1,
770203.03,6270748.68,2,
770203.3300000001,6270748.68,3,
770203.6300000001,6270748.68,5,
770203.9300000002,6270748.68,5,
770204.2300000001,6270748.68,3,
770204.53,6270748.68,2,
770207.53,6270748.68,1,
770208.1300000001,6270748.68,3,
770208.4300000002,6270748.68,5,
770208.7300000001,6270748.68,4,
770209.03,6270748.68,1,
770212.3300000001,6270748.68,2,
770212.6300000001,6270748.68,1,
770212.9300000002,6270748.68,7,
770213.2300000001,6270748.68,5,
770213.53,6270748.68,2,
770122.03,6270748.98,1,
770122.3300000001,6270748.98,3,
770122.6300000001,6270748.98,1,
770122.93,6270748.98,3,
770123.23,6270748.98,1,
770125.6300000001,6270748.98,1,
770125.93,6270748.98,2,
770126.23,6270748.98,5,
770126.53,6270748.98,3,
770126.8300000001,6270748.98,6,
770127.1300000001,6270748.98,2,
770127.43,6270748.98,1,
770127.73,6270748.98,1,
770130.73,6270748.98,2,
770131.03,6270748.98,6,
770131.3300000001,6270748.98,4,
770131.6300000001,6270748.98,3,
770131.93,6270748.98,4,
770135.53,6270748.98,3,
770135.8300000001,6270748.98,4,
770136.1300000001,6270748.98,4,
770136.43,6270748.98,5,
770140.03,6270748.98,2,
770140.3300000001,6270748.98,6,
770140.6300000001,6270748.98,6,
770140.93,6270748.98,5,
770141.2300000001,6270748.98,1,
770141.53,6270748.98,2,
770145.1300000001,6270748.98,1,
770145.43,6270748.98,6,
770145.7300000001,6270748.98,5,
770146.03,6270748.98,1,
770146.3300000001,6270748.98,3,
770149.3300000001,6270748.98,1,
770149.6300000001,6270748.98,1,
770149.93,6270748.98,4,
770150.2300000001,6270748.98,5,
770150.53,6270748.98,6,
770150.8300000001,6270748.98,5,
770155.6300000001,6270748.98,1,
770155.93,6270748.98,3,
770156.53,6270748.98,2,
770156.8300000001,6270748.98,4,
770158.93,6270748.98,2,
770159.2300000001,6270748.98,4,
770159.53,6270748.98,5,
770159.8300000001,6270748.98,3,
770160.1300000001,6270748.98,2,
770160.43,6270748.98,2,
770160.7300000001,6270748.98,1,
770161.03,6270748.98,3,
770161.3300000001,6270748.98,1,
770164.3300000001,6270748.98,4,
770164.6300000001,6270748.98,3,
770164.93,6270748.98,4,
770165.2300000001,6270748.98,4,
770165.53,6270748.98,2,
770165.8300000001,6270748.98,3,
770166.1300000001,6270748.98,2,
770166.43,6270748.98,2,
770169.1300000001,6270748.98,2,
770169.43,6270748.98,7,
770169.7300000001,6270748.98,4,
770170.03,6270748.98,4,
770170.3300000001,6270748.98,4,
770170.6300000001,6270748.98,1,
770173.93,6270748.98,2,
770174.2300000001,6270748.98,2,
770174.53,6270748.98,6,
770174.8300000001,6270748.98,6,
770175.1300000001,6270748.98,1,
770178.7300000001,6270748.98,4,
770179.03,6270748.98,4,
770179.3300000001,6270748.98,6,
770179.6300000001,6270748.98,7,
770179.93,6270748.98,1,
770180.2300000001,6270748.98,1,
770183.2300000001,6270748.98,1,
770183.53,6270748.98,3,
770183.8300000001,6270748.98,5,
770184.1300000001,6270748.98,4,
770184.43,6270748.98,4,
770184.7300000001,6270748.98,1,
770188.6300000001,6270748.98,5,
770188.93,6270748.98,4,
770189.2300000001,6270748.98,4,
770189.53,6270748.98,1,
770192.8300000001,6270748.98,2,
770193.1300000001,6270748.98,6,
770193.43,6270748.98,2,
770193.7300000001,6270748.98,4,
770194.03,6270748.98,5,
770194.3300000001,6270748.98,2,
770194.6300000001,6270748.98,1,
770197.9300000002,6270748.98,1,
770198.2300000001,6270748.98,5,
770198.53,6270748.98,5,
770198.8300000001,6270748.98,5,
770199.1300000001,6270748.98,3,
770202.1300000001,6270748.98,1,
770202.7300000001,6270748.98,5,
770203.03,6270748.98,5,
770203.3300000001,6270748.98,3,
770203.6300000001,6270748.98,4,
770203.9300000002,6270748.98,3,
770204.2300000001,6270748.98,1,
770207.2300000001,6270748.98,2,
770207.53,6270748.98,3,
770207.8300000001,6270748.98,4,
770208.1300000001,6270748.98,5,
770208.4300000002,6270748.98,2,
770212.03,6270748.98,1,
770212.3300000001,6270748.98,2,
770212.6300000001,6270748.98,5,
770122.6300000001,6270749.279999999,3,
770125.6300000001,6270749.279999999,3,
770125.93,6270749.279999999,6,
770126.23,6270749.279999999,6,
770126.53,6270749.279999999,4,
770126.8300000001,6270749.279999999,2,
770127.1300000001,6270749.279999999,1,
770129.8300000001,6270749.279999999,2,
770130.1300000001,6270749.279999999,4,
770130.43,6270749.279999999,4,
770130.73,6270749.279999999,5,
770131.03,6270749.279999999,3,
770131.3300000001,6270749.279999999,6,
770131.6300000001,6270749.279999999,1,
770134.6300000001,6270749.279999999,1,
770134.93,6270749.279999999,2,
770135.23,6270749.279999999,5,
770135.53,6270749.279999999,4,
770135.8300000001,6270749.279999999,4,
770136.1300000001,6270749.279999999,2,
770136.43,6270749.279999999,1,
770139.43,6270749.279999999,1,
770139.7300000001,6270749.279999999,1,
770140.03,6270749.279999999,3,
770140.3300000001,6270749.279999999,3,
770140.6300000001,6270749.279999999,8,
770140.93,6270749.279999999,3,
770141.2300000001,6270749.279999999,4,
770144.2300000001,6270749.279999999,1,
770144.53,6270749.279999999,2,
770144.8300000001,6270749.279999999,3,
770145.1300000001,6270749.279999999,7,
770145.43,6270749.279999999,6,
770145.7300000001,6270749.279999999,2,
770146.03,6270749.279999999,3,
770149.3300000001,6270749.279999999,5,
770149.6300000001,6270749.279999999,2,
770149.93,6270749.279999999,4,
770150.2300000001,6270749.279999999,3,
770150.53,6270749.279999999,1,
770154.43,6270749.279999999,3,
770154.7300000001,6270749.279999999,4,
770155.03,6270749.279999999,2,
770155.3300000001,6270749.279999999,2,
770156.2300000001,6270749.279999999,1,
770158.93,6270749.279999999,2,
770159.2300000001,6270749.279999999,3,
770159.53,6270749.279999999,7,
770159.8300000001,6270749.279999999,3,
770160.1300000001,6270749.279999999,1,
770160.7300000001,6270749.279999999,1,
770161.03,6270749.279999999,1,
770164.03,6270749.279999999,3,
770164.3300000001,6270749.279999999,5,
770164.6300000001,6270749.279999999,5,
770164.93,6270749.279999999,1,
770165.2300000001,6270749.279999999,1,
770165.8300000001,6270749.279999999,1,
770166.1300000001,6270749.279999999,3,
770168.2300000001,6270749.279999999,1,
770168.53,6270749.279999999,1,
770168.8300000001,6270749.279999999,3,
770169.1300000001,6270749.279999999,5,
770169.43,6270749.279999999,6,
770169.7300000001,6270749.279999999,3,
770170.03,6270749.279999999,3,
770170.3300000001,6270749.279999999,1,
770173.3300000001,6270749.279999999,4,
770173.6300000001,6270749.279999999,2,
770173.93,6270749.279999999,5,
770174.2300000001,6270749.279999999,6,
770174.53,6270749.279999999,4,
770174.8300000001,6270749.279999999,2,
770177.8300000001,6270749.279999999,1,
770178.1300000001,6270749.279999999,1,
770178.43,6270749.279999999,2,
770178.7300000001,6270749.279999999,4,
770179.03,6270749.279999999,5,
770179.3300000001,6270749.279999999,5,
770179.6300000001,6270749.279999999,2,
770179.93,6270749.279999999,1,
770182.93,6270749.279999999,2,
770183.2300000001,6270749.279999999,5,
770183.53,6270749.279999999,5,
770183.8300000001,6270749.279999999,4,
770184.1300000001,6270749.279999999,2,
770184.43,6270749.279999999,2,
770184.7300000001,6270749.279999999,2,
770188.03,6270749.279999999,3,
770188.3300000001,6270749.279999999,5,
770188.6300000001,6270749.279999999,3,
770188.93,6270749.279999999,3,
770192.2300000001,6270749.279999999,1,
770192.53,6270749.279999999,2,
770192.8300000001,6270749.279999999,5,
770193.1300000001,6270749.279999999,3,
770193.43,6270749.279999999,6,
770193.7300000001,6270749.279999999,1,
770197.6300000001,6270749.279999999,1,
770197.9300000002,6270749.279999999,4,
770198.2300000001,6270749.279999999,4,
770198.53,6270749.279999999,2,
770201.8300000001,6270749.279999999,2,
770202.1300000001,6270749.279999999,3,
770202.4300000002,6270749.279999999,5,
770202.7300000001,6270749.279999999,2,
770203.03,6270749.279999999,3,
770203.3300000001,6270749.279999999,5,
770206.9300000002,6270749.279999999,1,
770207.2300000001,6270749.279999999,5,
770207.53,6270749.279999999,4,
770207.8300000001,6270749.279999999,3,
770208.1300000001,6270749.279999999,1,
770211.4300000002,6270749.279999999,1,
770211.7300000001,6270749.279999999,2,
770212.03,6270749.279999999,2,
770212.3300000001,6270749.279999999,6,
770125.03,6270749.58,1,
770125.3300000001,6270749.58,5,
770125.6300000001,6270749.58,5,
770125.93,6270749.58,3,
770126.23,6270749.58,2,
770129.23,6270749.58,2,
770129.53,6270749.58,2,
770129.8300000001,6270749.58,5,
770130.1300000001,6270749.58,3,
770130.43,6270749.58,3,
770130.73,6270749.58,2,
770131.03,6270749.58,2,
770134.3300000001,6270749.58,1,
770134.6300000001,6270749.58,4,
770134.93,6270749.58,4,
770135.23,6270749.58,6,
770135.53,6270749.58,7,
770136.43,6270749.58,1,
770139.1300000001,6270749.58,1,
770139.43,6270749.58,4,
770139.7300000001,6270749.58,7,
770140.03,6270749.58,3,
770140.3300000001,6270749.58,3,
770140.6300000001,6270749.58,1,
770143.93,6270749.58,1,
770144.2300000001,6270749.58,4,
770144.53,6270749.58,4,
770144.8300000001,6270749.58,5,
770145.1300000001,6270749.58,6,
770145.43,6270749.58,1,
770148.7300000001,6270749.58,1,
770149.03,6270749.58,6,
770149.3300000001,6270749.58,5,
770149.6300000001,6270749.58,5,
770149.93,6270749.58,4,
770150.2300000001,6270749.58,1,
770153.2300000001,6270749.58,2,
770153.53,6270749.58,4,
770153.8300000001,6270749.58,1,
770154.43,6270749.58,2,
770154.7300000001,6270749.58,2,
770155.03,6270749.58,6,
770155.3300000001,6270749.58,4,
770155.6300000001,6270749.58,4,
770158.3300000001,6270749.58,2,
770158.6300000001,6270749.58,2,
770158.93,6270749.58,5,
770159.2300000001,6270749.58,4,
770159.53,6270749.58,5,
770159.8300000001,6270749.58,2,
770164.03,6270749.58,1,
770164.3300000001,6270749.58,1,
770164.6300000001,6270749.58,4,
770164.93,6270749.58,4,
770165.2300000001,6270749.58,1,
770168.2300000001,6270749.58,2,
770168.53,6270749.58,4,
770168.8300000001,6270749.58,7,
770169.1300000001,6270749.58,4,
770169.43,6270749.58,2,
770172.7300000001,6270749.58,1,
770173.03,6270749.58,2,
770173.3300000001,6270749.58,4,
770173.6300000001,6270749.58,5,
770173.93,6270749.58,2,
770174.2300000001,6270749.58,4,
770174.53,6270749.58,1,
770177.8300000001,6270749.58,5,
770178.1300000001,6270749.58,3,
770178.43,6270749.58,5,
770178.7300000001,6270749.58,4,
770179.03,6270749.58,4,
770179.3300000001,6270749.58,1,
770182.3300000001,6270749.58,2,
770182.6300000001,6270749.58,3,
770182.93,6270749.58,4,
770183.2300000001,6270749.58,6,
770183.53,6270749.58,5,
770183.8300000001,6270749.58,2,
770184.1300000001,6270749.58,1,
770187.43,6270749.58,2,
770187.7300000001,6270749.58,4,
770188.03,6270749.58,5,
770188.3300000001,6270749.58,4,
770188.6300000001,6270749.58,1,
770191.93,6270749.58,1,
770192.2300000001,6270749.58,2,
770192.53,6270749.58,2,
770192.8300000001,6270749.58,6,
770193.1300000001,6270749.58,2,
770193.43,6270749.58,1,
770197.03,6270749.58,1,
770197.3300000001,6270749.58,2,
770197.6300000001,6270749.58,3,
770197.9300000002,6270749.58,5,
770198.2300000001,6270749.58,3,
770201.53,6270749.58,1,
770201.8300000001,6270749.58,4,
770202.1300000001,6270749.58,3,
770202.4300000002,6270749.58,5,
770202.7300000001,6270749.58,2,
770203.03,6270749.58,1,
770206.3300000001,6270749.58,1,
770206.6300000001,6270749.58,2,
770206.9300000002,6270749.58,3,
770207.2300000001,6270749.58,5,
770207.53,6270749.58,3,
770207.8300000001,6270749.58,1,
770210.53,6270749.58,1,
770210.8300000001,6270749.58,2,
770211.1300000001,6270749.58,2,
770211.4300000002,6270749.58,2,
770211.7300000001,6270749.58,5,
770212.03,6270749.58,4,
770212.3300000001,6270749.58,1,
770124.73,6270749.88,5,
770125.03,6270749.88,5,
770125.3300000001,6270749.88,5,
770125.6300000001,6270749.88,4,
770125.93,6270749.88,4,
770129.23,6270749.88,4,
770129.53,6270749.88,4,
770129.8300000001,6270749.88,4,
770130.1300000001,6270749.88,3,
770130.43,6270749.88,3,
770130.73,6270749.88,2,
770133.73,6270749.88,3,
770134.03,6270749.88,3,
770134.3300000001,6270749.88,3,
770134.6300000001,6270749.88,5,
770134.93,6270749.88,5,
770135.23,6270749.88,4,
770138.8300000001,6270749.88,3,
770139.1300000001,6270749.88,6,
770139.43,6270749.88,3,
770139.7300000001,6270749.88,4,
770140.03,6270749.88,4,
770140.3300000001,6270749.88,1,
770143.6300000001,6270749.88,4,
770143.93,6270749.88,4,
770144.2300000001,6270749.88,5,
770144.53,6270749.88,6,
770144.8300000001,6270749.88,4,
770145.1300000001,6270749.88,1,
770148.1300000001,6270749.88,1,
770148.43,6270749.88,2,
770148.7300000001,6270749.88,3,
770149.03,6270749.88,5,
770149.3300000001,6270749.88,6,
770149.6300000001,6270749.88,4,
770152.6300000001,6270749.88,4,
770152.93,6270749.88,5,
770153.2300000001,6270749.88,7,
770153.53,6270749.88,1,
770153.8300000001,6270749.88,2,
770154.7300000001,6270749.88,1,
770155.03,6270749.88,4,
770155.3300000001,6270749.88,1,
770155.6300000001,6270749.88,5,
770158.03,6270749.88,1,
770158.3300000001,6270749.88,2,
770158.6300000001,6270749.88,4,
770158.93,6270749.88,4,
770159.2300000001,6270749.88,7,
770159.53,6270749.88,3,
770159.8300000001,6270749.88,3,
770167.6300000001,6270749.88,2,
770167.93,6270749.88,4,
770168.2300000001,6270749.88,5,
770168.53,6270749.88,3,
770168.8300000001,6270749.88,2,
770169.1300000001,6270749.88,2,
770172.43,6270749.88,3,
770172.7300000001,6270749.88,4,
770173.03,6270749.88,6,
770173.3300000001,6270749.88,4,
770173.6300000001,6270749.88,3,
770173.93,6270749.88,1,
770174.2300000001,6270749.88,1,
770176.93,6270749.88,2,
770177.2300000001,6270749.88,2,
770177.53,6270749.88,2,
770177.8300000001,6270749.88,3,
770178.1300000001,6270749.88,7,
770178.43,6270749.88,4,
770181.43,6270749.88,1,
770181.7300000001,6270749.88,1,
770182.03,6270749.88,5,
770182.3300000001,6270749.88,5,
770182.6300000001,6270749.88,2,
770182.93,6270749.88,5,
770183.2300000001,6270749.88,3,
770183.53,6270749.88,1,
770186.8300000001,6270749.88,1,
770187.1300000001,6270749.88,2,
770187.43,6270749.88,4,
770187.7300000001,6270749.88,4,
770188.03,6270749.88,5,
770191.93,6270749.88,1,
770192.2300000001,6270749.88,1,
770192.8300000001,6270749.88,1,
770196.7300000001,6270749.88,2,
770197.03,6270749.88,5,
770197.3300000001,6270749.88,5,
770197.6300000001,6270749.88,3,
770197.9300000002,6270749.88,1,
770200.9300000002,6270749.88,3,
770201.2300000001,6270749.88,4,
770201.53,6270749.88,3,
770201.8300000001,6270749.88,4,
770202.1300000001,6270749.88,6,
770202.4300000002,6270749.88,2,
770202.7300000001,6270749.88,1,
770206.03,6270749.88,2,
770206.3300000001,6270749.88,4,
770206.6300000001,6270749.88,3,
770206.9300000002,6270749.88,4,
770207.2300000001,6270749.88,2,
770210.2300000001,6270749.88,2,
770210.53,6270749.88,2,
770210.8300000001,6270749.88,4,
770211.1300000001,6270749.88,4,
770211.4300000002,6270749.88,6,
770211.7300000001,6270749.88,3,
770123.8300000001,6270750.18,1,
770124.43,6270750.18,3,
770124.73,6270750.18,5,
770125.03,6270750.18,5,
770125.3300000001,6270750.18,1,
770128.3300000001,6270750.18,1,
770128.6300000001,6270750.18,4,
770128.93,6270750.18,3,
770129.23,6270750.18,5,
770129.53,6270750.18,5,
770129.8300000001,6270750.18,4,
770133.43,6270750.18,4,
770133.73,6270750.18,4,
770134.03,6270750.18,6,
770134.3300000001,6270750.18,3,
770134.6300000001,6270750.18,2,
770134.93,6270750.18,2,
770137.93,6270750.18,3,
770138.2300000001,6270750.18,2,
770138.53,6270750.18,6,
770138.8300000001,6270750.18,4,
770139.1300000001,6270750.18,4,
770139.43,6270750.18,5,
770139.7300000001,6270750.18,1,
770142.7300000001,6270750.18,1,
770143.03,6270750.18,1,
770143.3300000001,6270750.18,4,
770143.6300000001,6270750.18,4,
770143.93,6270750.18,6,
770144.2300000001,6270750.18,2,
770144.53,6270750.18,1,
770144.8300000001,6270750.18,1,
770148.1300000001,6270750.18,4,
770148.43,6270750.18,5,
770148.7300000001,6270750.18,6,
770149.03,6270750.18,1,
770149.3300000001,6270750.18,1,
770152.6300000001,6270750.18,5,
770152.93,6270750.18,4,
770153.2300000001,6270750.18,6,
770153.53,6270750.18,6,
770153.8300000001,6270750.18,3,
770157.7300000001,6270750.18,1,
770158.03,6270750.18,3,
770158.3300000001,6270750.18,4,
770158.6300000001,6270750.18,2,
770158.93,6270750.18,6,
770159.53,6270750.18,1,
770161.93,6270750.18,2,
770162.2300000001,6270750.18,3,
770162.53,6270750.18,4,
770162.8300000001,6270750.18,3,
770167.3300000001,6270750.18,5,
770167.6300000001,6270750.18,2,
770167.93,6270750.18,6,
770168.2300000001,6270750.18,3,
770172.1300000001,6270750.18,2,
770172.43,6270750.18,4,
770172.7300000001,6270750.18,4,
770173.03,6270750.18,3,
770173.3300000001,6270750.18,4,
770176.6300000001,6270750.18,1,
770176.93,6270750.18,5,
770177.2300000001,6270750.18,4,
770177.53,6270750.18,3,
770177.8300000001,6270750.18,7,
770178.1300000001,6270750.18,2,
770181.43,6270750.18,3,
770181.7300000001,6270750.18,4,
770182.03,6270750.18,2,
770182.3300000001,6270750.18,3,
770182.6300000001,6270750.18,4,
770182.93,6270750.18,1,
770183.2300000001,6270750.18,1,
770186.53,6270750.18,1,
770186.8300000001,6270750.18,2,
770187.1300000001,6270750.18,6,
770187.43,6270750.18,6,
770191.3300000001,6270750.18,1,
770191.6300000001,6270750.18,1,
770191.93,6270750.18,3,
770192.2300000001,6270750.18,1,
770195.8300000001,6270750.18,3,
770196.1300000001,6270750.18,1,
770196.4300000002,6270750.18,7,
770196.7300000001,6270750.18,3,
770197.03,6270750.18,1,
770200.6300000001,6270750.18,3,
770200.9300000002,6270750.18,4,
770201.2300000001,6270750.18,7,
770201.53,6270750.18,4,
770201.8300000001,6270750.18,5,
770202.1300000001,6270750.18,1,
770205.4300000002,6270750.18,1,
770205.7300000001,6270750.18,3,
770206.03,6270750.18,4,
770206.3300000001,6270750.18,4,
770209.9300000002,6270750.18,1,
770210.2300000001,6270750.18,4,
770210.53,6270750.18,4,
770210.8300000001,6270750.18,5,
770211.1300000001,6270750.18,4,
770214.1300000001,6270750.18,2,
770214.4300000002,6270750.18,1,
770123.53,6270750.48,1,
770123.8300000001,6270750.48,6,
770124.1300000001,6270750.48,4,
770124.43,6270750.48,5,
770124.73,6270750.48,1,
770125.03,6270750.48,2,
770125.3300000001,6270750.48,1,
770128.03,6270750.48,1,
770128.3300000001,6270750.48,4,
770128.6300000001,6270750.48,5,
770128.93,6270750.48,2,
770129.23,6270750.48,3,
770129.53,6270750.48,3,
770132.8300000001,6270750.48,1,
770133.1300000001,6270750.48,2,
770133.43,6270750.48,6,
770133.73,6270750.48,5,
770134.03,6270750.48,4,
770134.3300000001,6270750.48,3,
770134.6300000001,6270750.48,2,
770137.6300000001,6270750.48,1,
770137.93,6270750.48,2,
770138.2300000001,6270750.48,4,
770138.53,6270750.48,5,
770138.8300000001,6270750.48,3,
770139.1300000001,6270750.48,2,
770142.43,6270750.48,3,
770142.7300000001,6270750.48,3,
770143.03,6270750.48,4,
770143.3300000001,6270750.48,4,
770143.6300000001,6270750.48,3,
770143.93,6270750.48,2,
770147.2300000001,6270750.48,1,
770147.8300000001,6270750.48,5,
770148.1300000001,6270750.48,4,
770148.43,6270750.48,4,
770148.7300000001,6270750.48,2,
770152.6300000001,6270750.48,2,
770152.93,6270750.48,2,
770153.2300000001,6270750.48,3,
770153.53,6270750.48,5,
770157.1300000001,6270750.48,3,
770157.43,6270750.48,1,
770157.7300000001,6270750.48,2,
770158.03,6270750.48,5,
770158.3300000001,6270750.48,3,
770158.6300000001,6270750.48,3,
770161.6300000001,6270750.48,3,
770161.93,6270750.48,5,
770162.2300000001,6270750.48,2,
770162.53,6270750.48,5,
770162.8300000001,6270750.48,4,
770166.43,6270750.48,1,
770166.7300000001,6270750.48,1,
770167.03,6270750.48,6,
770167.3300000001,6270750.48,4,
770167.6300000001,6270750.48,6,
770167.93,6270750.48,2,
770168.2300000001,6270750.48,1,
770171.53,6270750.48,4,
770171.8300000001,6270750.48,4,
770172.1300000001,6270750.48,6,
770172.43,6270750.48,4,
770172.7300000001,6270750.48,5,
770176.03,6270750.48,1,
770176.3300000001,6270750.48,3,
770176.6300000001,6270750.48,6,
770176.93,6270750.48,2,
770177.2300000001,6270750.48,5,
770177.53,6270750.48,4,
770180.8300000001,6270750.48,1,
770181.1300000001,6270750.48,3,
770181.7300000001,6270750.48,5,
770182.03,6270750.48,8,
770182.3300000001,6270750.48,4,
770182.6300000001,6270750.48,1,
770185.93,6270750.48,3,
770186.2300000001,6270750.48,1,
770186.53,6270750.48,3,
770191.03,6270750.48,1,
770191.3300000001,6270750.48,3,
770191.6300000001,6270750.48,1,
770195.2300000001,6270750.48,1,
770195.53,6270750.48,4,
770195.8300000001,6270750.48,2,
770196.1300000001,6270750.48,4,
770196.4300000002,6270750.48,2,
770196.7300000001,6270750.48,1,
770200.03,6270750.48,1,
770200.3300000001,6270750.48,3,
770200.6300000001,6270750.48,6,
770200.9300000002,6270750.48,5,
770201.2300000001,6270750.48,3,
770205.1300000001,6270750.48,2,
770205.4300000002,6270750.48,2,
770205.7300000001,6270750.48,4,
770206.03,6270750.48,2,
770206.3300000001,6270750.48,2,
770206.6300000001,6270750.48,1,
770209.6300000001,6270750.48,2,
770209.9300000002,6270750.48,5,
770210.2300000001,6270750.48,4,
770210.53,6270750.48,4,
770214.1300000001,6270750.48,4,
770214.4300000002,6270750.48,3,
770214.7300000001,6270750.48,3,
770123.53,6270750.779999999,2,
770123.8300000001,6270750.779999999,5,
770124.1300000001,6270750.779999999,5,
770124.43,6270750.779999999,2,
770127.73,6270750.779999999,2,
770128.03,6270750.779999999,7,
770128.3300000001,6270750.779999999,5,
770128.6300000001,6270750.779999999,3,
770128.93,6270750.779999999,5,
770129.23,6270750.779999999,2,
770132.23,6270750.779999999,2,
770132.53,6270750.779999999,4,
770132.8300000001,6270750.779999999,3,
770133.1300000001,6270750.779999999,7,
770133.43,6270750.779999999,4,
770133.73,6270750.779999999,1,
770134.03,6270750.779999999,2,
770137.03,6270750.779999999,1,
770137.3300000001,6270750.779999999,1,
770137.6300000001,6270750.779999999,5,
770137.93,6270750.779999999,7,
770138.2300000001,6270750.779999999,5,
770138.8300000001,6270750.779999999,1,
770141.53,6270750.779999999,1,
770141.8300000001,6270750.779999999,1,
770142.1300000001,6270750.779999999,3,
770142.43,6270750.779999999,4,
770142.7300000001,6270750.779999999,6,
770143.03,6270750.779999999,5,
770143.3300000001,6270750.779999999,5,
770143.6300000001,6270750.779999999,3,
770143.93,6270750.779999999,1,
770146.93,6270750.779999999,3,
770147.2300000001,6270750.779999999,3,
770147.53,6270750.779999999,2,
770147.8300000001,6270750.779999999,2,
770148.1300000001,6270750.779999999,2,
770152.03,6270750.779999999,2,
770152.3300000001,6270750.779999999,6,
770152.6300000001,6270750.779999999,4,
770152.93,6270750.779999999,2,
770153.2300000001,6270750.779999999,2,
770153.53,6270750.779999999,4,
770155.93,6270750.779999999,1,
770156.2300000001,6270750.779999999,2,
770156.53,6270750.779999999,1,
770156.8300000001,6270750.779999999,1,
770157.1300000001,6270750.779999999,1,
770157.43,6270750.779999999,6,
770157.7300000001,6270750.779999999,3,
770158.03,6270750.779999999,1,
770158.3300000001,6270750.779999999,5,
770158.6300000001,6270750.779999999,2,
770161.03,6270750.779999999,2,
770161.3300000001,6270750.779999999,1,
770161.6300000001,6270750.779999999,3,
770161.93,6270750.779999999,3,
770162.2300000001,6270750.779999999,7,
770162.53,6270750.779999999,4,
770162.8300000001,6270750.779999999,4,
770163.1300000001,6270750.779999999,2,
770166.1300000001,6270750.779999999,3,
770166.43,6270750.779999999,4,
770166.7300000001,6270750.779999999,2,
770167.03,6270750.779999999,4,
770167.3300000001,6270750.779999999,3,
770167.6300000001,6270750.779999999,1,
770170.93,6270750.779999999,2,
770171.2300000001,6270750.779999999,3,
770171.53,6270750.779999999,4,
770171.8300000001,6270750.779999999,5,
770172.1300000001,6270750.779999999,1,
770172.43,6270750.779999999,3,
770175.43,6270750.779999999,1,
770175.7300000001,6270750.779999999,2,
770176.03,6270750.779999999,5,
770176.3300000001,6270750.779999999,6,
770176.6300000001,6270750.779999999,3,
770176.93,6270750.779999999,5,
770177.2300000001,6270750.779999999,3,
770180.53,6270750.779999999,3,
770180.8300000001,6270750.779999999,6,
770181.1300000001,6270750.779999999,2,
770181.43,6270750.779999999,4,
770181.7300000001,6270750.779999999,6,
770182.03,6270750.779999999,1,
770185.03,6270750.779999999,1,
770185.3300000001,6270750.779999999,1,
770185.6300000001,6270750.779999999,2,
770185.93,6270750.779999999,6,
770186.2300000001,6270750.779999999,3,
770191.03,6270750.779999999,1,
770191.3300000001,6270750.779999999,1,
770194.93,6270750.779999999,3,
770195.2300000001,6270750.779999999,5,
770195.53,6270750.779999999,5,
770195.8300000001,6270750.779999999,3,
770196.1300000001,6270750.779999999,6,
770196.4300000002,6270750.779999999,1,
770199.4300000002,6270750.779999999,1,
770199.7300000001,6270750.779999999,2,
770200.03,6270750.779999999,5,
770200.3300000001,6270750.779999999,6,
770200.6300000001,6270750.779999999,2,
770200.9300000002,6270750.779999999,1,
770201.2300000001,6270750.779999999,1,
770204.2300000001,6270750.779999999,1,
770204.53,6270750.779999999,2,
770204.8300000001,6270750.779999999,6,
770205.1300000001,6270750.779999999,2,
770205.4300000002,6270750.779999999,1,
770205.7300000001,6270750.779999999,2,
770209.3300000001,6270750.779999999,1,
770209.6300000001,6270750.779999999,5,
770209.9300000002,6270750.779999999,5,
770210.2300000001,6270750.779999999,4,
770213.53,6270750.779999999,4,
770213.8300000001,6270750.779999999,2,
770214.1300000001,6270750.779999999,5,
770214.4300000002,6270750.779999999,4,
770214.7300000001,6270750.779999999,5,
770215.03,6270750.779999999,1,
770123.53,6270751.08,2,
770123.8300000001,6270751.08,2,
770124.1300000001,6270751.08,5,
770127.73,6270751.08,6,
770128.03,6270751.08,6,
770128.3300000001,6270751.08,4,
770128.6300000001,6270751.08,1,
770131.93,6270751.08,4,
770132.23,6270751.08,3,
770132.53,6270751.08,4,
770132.8300000001,6270751.08,6,
770133.1300000001,6270751.08,2,
770133.43,6270751.08,1,
770136.43,6270751.08,1,
770137.03,6270751.08,6,
770137.3300000001,6270751.08,5,
770137.6300000001,6270751.08,4,
770137.93,6270751.08,4,
770138.2300000001,6270751.08,2,
770141.53,6270751.08,1,
770141.8300000001,6270751.08,1,
770142.1300000001,6270751.08,5,
770142.43,6270751.08,3,
770142.7300000001,6270751.08,4,
770143.03,6270751.08,2,
770143.3300000001,6270751.08,1,
770146.3300000001,6270751.08,1,
770146.6300000001,6270751.08,3,
770146.93,6270751.08,3,
770147.2300000001,6270751.08,7,
770147.53,6270751.08,3,
770150.53,6270751.08,2,
770150.8300000001,6270751.08,1,
770151.1300000001,6270751.08,1,
770151.43,6270751.08,2,
770151.7300000001,6270751.08,2,
770152.03,6270751.08,4,
770152.3300000001,6270751.08,6,
770152.6300000001,6270751.08,6,
770152.93,6270751.08,1,
770153.2300000001,6270751.08,1,
770155.6300000001,6270751.08,1,
770155.93,6270751.08,4,
770156.2300000001,6270751.08,3,
770156.53,6270751.08,6,
770156.8300000001,6270751.08,2,
770157.1300000001,6270751.08,4,
770157.43,6270751.08,1,
770157.7300000001,6270751.08,2,
770161.03,6270751.08,2,
770161.3300000001,6270751.08,6,
770161.6300000001,6270751.08,3,
770161.93,6270751.08,6,
770162.2300000001,6270751.08,3,
770162.53,6270751.08,2,
770162.8300000001,6270751.08,3,
770165.53,6270751.08,1,
770165.8300000001,6270751.08,5,
770166.1300000001,6270751.08,4,
770166.43,6270751.08,2,
770166.7300000001,6270751.08,6,
770167.03,6270751.08,3,
770170.3300000001,6270751.08,1,
770170.6300000001,6270751.08,2,
770170.93,6270751.08,4,
770171.2300000001,6270751.08,7,
770171.53,6270751.08,3,
770174.8300000001,6270751.08,1,
770175.1300000001,6270751.08,2,
770175.43,6270751.08,3,
770175.7300000001,6270751.08,5,
770176.03,6270751.08,3,
770176.3300000001,6270751.08,6,
770176.6300000001,6270751.08,6,
770176.93,6270751.08,1,
770179.6300000001,6270751.08,1,
770179.93,6270751.08,2,
770180.2300000001,6270751.08,4,
770180.53,6270751.08,5,
770180.8300000001,6270751.08,4,
770181.1300000001,6270751.08,5,
770181.43,6270751.08,1,
770184.7300000001,6270751.08,2,
770185.03,6270751.08,3,
770185.3300000001,6270751.08,4,
770185.6300000001,6270751.08,4,
770185.93,6270751.08,1,
770189.2300000001,6270751.08,1,
770189.53,6270751.08,1,
770189.8300000001,6270751.08,7,
770190.1300000001,6270751.08,2,
770190.43,6270751.08,3,
770194.3300000001,6270751.08,1,
770194.6300000001,6270751.08,5,
770194.93,6270751.08,7,
770195.2300000001,6270751.08,5,
770195.53,6270751.08,1,
770195.8300000001,6270751.08,3,
770196.1300000001,6270751.08,1,
770198.8300000001,6270751.08,1,
770199.1300000001,6270751.08,1,
770199.4300000002,6270751.08,4,
770199.7300000001,6270751.08,4,
770200.03,6270751.08,5,
770200.3300000001,6270751.08,2,
770204.2300000001,6270751.08,4,
770204.53,6270751.08,4,
770204.8300000001,6270751.08,6,
770205.1300000001,6270751.08,2,
770208.7300000001,6270751.08,3,
770209.03,6270751.08,4,
770209.3300000001,6270751.08,5,
770209.6300000001,6270751.08,3,
770209.9300000002,6270751.08,2,
770210.2300000001,6270751.08,1,
770213.2300000001,6270751.08,4,
770213.53,6270751.08,5,
770213.8300000001,6270751.08,6,
770214.1300000001,6270751.08,5,
770214.4300000002,6270751.08,2,
770214.7300000001,6270751.08,1,
770123.8300000001,6270751.38,1,
770124.1300000001,6270751.38,1,
770126.53,6270751.38,3,
770126.8300000001,6270751.38,3,
770127.43,6270751.38,4,
770127.73,6270751.38,1,
770128.03,6270751.38,1,
770131.6300000001,6270751.38,4,
770131.93,6270751.38,4,
770132.23,6270751.38,5,
770132.53,6270751.38,4,
770132.8300000001,6270751.38,3,
770136.1300000001,6270751.38,1,
770136.43,6270751.38,3,
770136.7300000001,6270751.38,6,
770137.03,6270751.38,5,
770137.3300000001,6270751.38,5,
770137.6300000001,6270751.38,1,
770140.93,6270751.38,2,
770141.2300000001,6270751.38,4,
770141.53,6270751.38,3,
770141.8300000001,6270751.38,6,
770142.1300000001,6270751.38,5,
770142.43,6270751.38,4,
770142.7300000001,6270751.38,1,
770146.03,6270751.38,1,
770146.3300000001,6270751.38,5,
770146.6300000001,6270751.38,2,
770146.93,6270751.38,5,
770147.2300000001,6270751.38,2,
770149.93,6270751.38,1,
770150.2300000001,6270751.38,5,
770150.53,6270751.38,1,
770150.8300000001,6270751.38,4,
770151.43,6270751.38,5,
770151.7300000001,6270751.38,7,
770152.03,6270751.38,6,
770152.3300000001,6270751.38,2,
770152.6300000001,6270751.38,3,
770152.93,6270751.38,2,
770155.03,6270751.38,2,
770155.3300000001,6270751.38,4,
770155.6300000001,6270751.38,3,
770155.93,6270751.38,2,
770156.2300000001,6270751.38,5,
770156.53,6270751.38,2,
770156.8300000001,6270751.38,1,
770160.7300000001,6270751.38,5,
770161.03,6270751.38,4,
770161.3300000001,6270751.38,3,
770161.6300000001,6270751.38,5,
770161.93,6270751.38,3,
770162.2300000001,6270751.38,1,
770162.53,6270751.38,1,
770165.2300000001,6270751.38,3,
770165.53,6270751.38,4,
770165.8300000001,6270751.38,5,
770166.1300000001,6270751.38,2,
770166.43,6270751.38,5,
770166.7300000001,6270751.38,1,
770170.03,6270751.38,3,
770170.3300000001,6270751.38,3,
770170.6300000001,6270751.38,4,
770170.93,6270751.38,4,
770174.53,6270751.38,1,
770174.8300000001,6270751.38,3,
770175.1300000001,6270751.38,4,
770175.43,6270751.38,5,
770175.7300000001,6270751.38,3,
770176.03,6270751.38,5,
770179.6300000001,6270751.38,2,
770179.93,6270751.38,6,
770180.2300000001,6270751.38,3,
770180.53,6270751.38,6,
770180.8300000001,6270751.38,3,
770184.1300000001,6270751.38,1,
770184.43,6270751.38,2,
770184.7300000001,6270751.38,3,
770185.03,6270751.38,4,
770185.3300000001,6270751.38,3,
770185.6300000001,6270751.38,2,
770188.93,6270751.38,2,
770189.2300000001,6270751.38,4,
770189.53,6270751.38,5,
770189.8300000001,6270751.38,4,
770190.1300000001,6270751.38,5,
770190.43,6270751.38,2,
770193.7300000001,6270751.38,1,
770194.03,6270751.38,2,
770194.3300000001,6270751.38,4,
770194.6300000001,6270751.38,5,
770194.93,6270751.38,6,
770195.2300000001,6270751.38,3,
770198.53,6270751.38,1,
770198.8300000001,6270751.38,1,
770199.1300000001,6270751.38,5,
770199.4300000002,6270751.38,5,
770199.7300000001,6270751.38,7,
770200.03,6270751.38,1,
770200.3300000001,6270751.38,1,
770203.3300000001,6270751.38,1,
770203.6300000001,6270751.38,2,
770203.9300000002,6270751.38,2,
770204.2300000001,6270751.38,4,
770204.53,6270751.38,1,
770207.8300000001,6270751.38,1,
770208.1300000001,6270751.38,2,
770208.4300000002,6270751.38,5,
770208.7300000001,6270751.38,4,
770209.03,6270751.38,4,
770209.3300000001,6270751.38,4,
770212.3300000001,6270751.38,2,
770212.6300000001,6270751.38,2,
770212.9300000002,6270751.38,3,
770213.2300000001,6270751.38,4,
770213.53,6270751.38,3,
770213.8300000001,6270751.38,6,
770214.1300000001,6270751.38,5,
770214.4300000002,6270751.38,4,
770125.6300000001,6270751.68,1,
770125.93,6270751.68,3,
770126.23,6270751.68,1,
770126.53,6270751.68,4,
770126.8300000001,6270751.68,6,
770127.1300000001,6270751.68,3,
770131.03,6270751.68,2,
770131.3300000001,6270751.68,3,
770131.6300000001,6270751.68,4,
770131.93,6270751.68,4,
770132.23,6270751.68,2,
770132.53,6270751.68,1,
770132.8300000001,6270751.68,1,
770135.8300000001,6270751.68,2,
770136.1300000001,6270751.68,3,
770136.43,6270751.68,1,
770136.7300000001,6270751.68,5,
770137.03,6270751.68,3,
770137.3300000001,6270751.68,1,
770140.6300000001,6270751.68,2,
770140.93,6270751.68,3,
770141.2300000001,6270751.68,7,
770141.53,6270751.68,2,
770141.8300000001,6270751.68,7,
770142.1300000001,6270751.68,5,
770145.7300000001,6270751.68,3,
770146.03,6270751.68,6,
770146.3300000001,6270751.68,6,
770146.6300000001,6270751.68,4,
770149.3300000001,6270751.68,1,
770149.6300000001,6270751.68,3,
770149.93,6270751.68,5,
770150.2300000001,6270751.68,5,
770150.53,6270751.68,3,
770150.8300000001,6270751.68,3,
770151.1300000001,6270751.68,2,
770151.43,6270751.68,6,
770151.7300000001,6270751.68,1,
770152.03,6270751.68,1,
770152.3300000001,6270751.68,1,
770154.7300000001,6270751.68,1,
770155.03,6270751.68,5,
770155.3300000001,6270751.68,5,
770155.6300000001,6270751.68,3,
770155.93,6270751.68,3,
770156.2300000001,6270751.68,5,
770156.53,6270751.68,1,
770156.8300000001,6270751.68,1,
770160.1300000001,6270751.68,1,
770160.43,6270751.68,1,
770161.03,6270751.68,3,
770161.3300000001,6270751.68,5,
770161.6300000001,6270751.68,1,
770164.6300000001,6270751.68,3,
770164.93,6270751.68,4,
770165.2300000001,6270751.68,3,
770165.53,6270751.68,4,
770165.8300000001,6270751.68,4,
770166.1300000001,6270751.68,2,
770169.7300000001,6270751.68,5,
770170.03,6270751.68,5,
770170.3300000001,6270751.68,6,
770170.6300000001,6270751.68,2,
770174.2300000001,6270751.68,1,
770174.53,6270751.68,3,
770174.8300000001,6270751.68,4,
770175.1300000001,6270751.68,6,
770175.43,6270751.68,6,
770175.7300000001,6270751.68,3,
770178.7300000001,6270751.68,1,
770179.03,6270751.68,2,
770179.3300000001,6270751.68,2,
770179.6300000001,6270751.68,5,
770179.93,6270751.68,3,
770180.2300000001,6270751.68,2,
770183.53,6270751.68,1,
770183.8300000001,6270751.68,1,
770184.1300000001,6270751.68,1,
770184.43,6270751.68,6,
770184.7300000001,6270751.68,4,
770185.03,6270751.68,2,
770185.3300000001,6270751.68,1,
770185.6300000001,6270751.68,1,
770188.3300000001,6270751.68,3,
770188.93,6270751.68,1,
770189.2300000001,6270751.68,3,
770189.53,6270751.68,5,
770189.8300000001,6270751.68,1,
770193.7300000001,6270751.68,3,
770194.03,6270751.68,4,
770194.3300000001,6270751.68,4,
770194.6300000001,6270751.68,1,
770198.53,6270751.68,1,
770198.8300000001,6270751.68,6,
770199.1300000001,6270751.68,5,
770199.4300000002,6270751.68,4,
770199.7300000001,6270751.68,1,
770203.03,6270751.68,4,
770203.3300000001,6270751.68,3,
770203.6300000001,6270751.68,3,
770203.9300000002,6270751.68,1,
770207.53,6270751.68,3,
770207.8300000001,6270751.68,2,
770208.1300000001,6270751.68,5,
770208.4300000002,6270751.68,4,
770208.7300000001,6270751.68,4,
770209.03,6270751.68,1,
770209.3300000001,6270751.68,1,
770212.6300000001,6270751.68,5,
770212.9300000002,6270751.68,4,
770213.2300000001,6270751.68,4,
770213.53,6270751.68,5,
770214.4300000002,6270751.68,1,
770125.3300000001,6270751.98,2,
770125.6300000001,6270751.98,6,
770125.93,6270751.98,2,
770126.23,6270751.98,3,
770126.53,6270751.98,5,
770126.8300000001,6270751.98,4,
770127.1300000001,6270751.98,1,
770130.43,6270751.98,4,
770130.73,6270751.98,2,
770131.03,6270751.98,6,
770131.3300000001,6270751.98,5,
770131.6300000001,6270751.98,4,
770131.93,6270751.98,2,
770135.23,6270751.98,1,
770135.53,6270751.98,5,
770135.8300000001,6270751.98,6,
770136.1300000001,6270751.98,4,
770136.43,6270751.98,6,
770137.03,6270751.98,1,
770140.3300000001,6270751.98,2,
770140.6300000001,6270751.98,2,
770140.93,6270751.98,4,
770141.2300000001,6270751.98,1,
770141.53,6270751.98,1,
770141.8300000001,6270751.98,2,
770144.8300000001,6270751.98,1,
770145.1300000001,6270751.98,2,
770145.43,6270751.98,5,
770145.7300000001,6270751.98,4,
770146.03,6270751.98,3,
770146.3300000001,6270751.98,1,
770149.3300000001,6270751.98,2,
770149.6300000001,6270751.98,5,
770149.93,6270751.98,6,
770150.2300000001,6270751.98,2,
770150.53,6270751.98,5,
770150.8300000001,6270751.98,4,
770151.1300000001,6270751.98,2,
770151.43,6270751.98,4,
770154.7300000001,6270751.98,3,
770155.03,6270751.98,6,
770155.3300000001,6270751.98,4,
770155.6300000001,6270751.98,4,
770155.93,6270751.98,5,
770156.2300000001,6270751.98,3,
770159.8300000001,6270751.98,2,
770160.1300000001,6270751.98,7,
770160.43,6270751.98,3,
770160.7300000001,6270751.98,2,
770161.3300000001,6270751.98,1,
770164.03,6270751.98,3,
770164.3300000001,6270751.98,4,
770164.6300000001,6270751.98,5,
770164.93,6270751.98,3,
770165.2300000001,6270751.98,3,
770165.53,6270751.98,3,
770165.8300000001,6270751.98,2,
770169.1300000001,6270751.98,3,
770169.43,6270751.98,5,
770169.7300000001,6270751.98,4,
770170.03,6270751.98,2,
770173.3300000001,6270751.98,2,
770173.6300000001,6270751.98,2,
770173.93,6270751.98,1,
770174.2300000001,6270751.98,6,
770174.53,6270751.98,3,
770174.8300000001,6270751.98,6,
770175.1300000001,6270751.98,3,
770178.1300000001,6270751.98,1,
770178.43,6270751.98,3,
770178.7300000001,6270751.98,3,
770179.03,6270751.98,6,
770179.3300000001,6270751.98,3,
770179.6300000001,6270751.98,3,
770179.93,6270751.98,5,
770183.2300000001,6270751.98,3,
770183.53,6270751.98,2,
770183.8300000001,6270751.98,3,
770184.1300000001,6270751.98,5,
770184.43,6270751.98,4,
770187.7300000001,6270751.98,1,
770188.03,6270751.98,2,
770188.3300000001,6270751.98,5,
770188.6300000001,6270751.98,5,
770188.93,6270751.98,3,
770189.2300000001,6270751.98,1,
770189.53,6270751.98,1,
770192.8300000001,6270751.98,1,
770193.1300000001,6270751.98,3,
770193.43,6270751.98,3,
770193.7300000001,6270751.98,4,
770194.03,6270751.98,1,
770197.3300000001,6270751.98,1,
770197.6300000001,6270751.98,2,
770197.9300000002,6270751.98,5,
770198.2300000001,6270751.98,5,
770198.53,6270751.98,6,
770198.8300000001,6270751.98,4,
770199.1300000001,6270751.98,4,
770199.4300000002,6270751.98,1,
770202.4300000002,6270751.98,1,
770202.7300000001,6270751.98,1,
770203.03,6270751.98,3,
770203.3300000001,6270751.98,1,
770207.2300000001,6270751.98,2,
770207.53,6270751.98,4,
770207.8300000001,6270751.98,4,
770208.1300000001,6270751.98,4,
770208.4300000002,6270751.98,4,
770211.7300000001,6270751.98,2,
770212.3300000001,6270751.98,1,
770212.6300000001,6270751.98,2,
770212.9300000002,6270751.98,3,
770125.03,6270752.279999999,7,
770125.3300000001,6270752.279999999,6,
770125.6300000001,6270752.279999999,5,
770125.93,6270752.279999999,6,
770126.23,6270752.279999999,4,
770126.8300000001,6270752.279999999,1,
770129.8300000001,6270752.279999999,2,
770130.1300000001,6270752.279999999,5,
770130.43,6270752.279999999,8,
770130.73,6270752.279999999,5,
770131.03,6270752.279999999,4,
770131.3300000001,6270752.279999999,2,
770134.6300000001,6270752.279999999,1,
770134.93,6270752.279999999,5,
770135.23,6270752.279999999,3,
770135.53,6270752.279999999,5,
770135.8300000001,6270752.279999999,5,
770136.1300000001,6270752.279999999,3,
770139.7300000001,6270752.279999999,1,
770140.03,6270752.279999999,3,
770140.3300000001,6270752.279999999,5,
770140.6300000001,6270752.279999999,6,
770140.93,6270752.279999999,3,
770144.53,6270752.279999999,1,
770144.8300000001,6270752.279999999,6,
770145.1300000001,6270752.279999999,3,
770145.43,6270752.279999999,4,
770145.7300000001,6270752.279999999,2,
770149.3300000001,6270752.279999999,1,
770149.6300000001,6270752.279999999,4,
770149.93,6270752.279999999,5,
770150.2300000001,6270752.279999999,4,
770150.53,6270752.279999999,5,
770150.8300000001,6270752.279999999,3,
770151.1300000001,6270752.279999999,1,
770154.1300000001,6270752.279999999,1,
770154.43,6270752.279999999,5,
770154.7300000001,6270752.279999999,6,
770155.03,6270752.279999999,3,
770155.3300000001,6270752.279999999,5,
770155.6300000001,6270752.279999999,1,
770155.93,6270752.279999999,3,
770156.2300000001,6270752.279999999,2,
770159.8300000001,6270752.279999999,2,
770160.1300000001,6270752.279999999,1,
770160.43,6270752.279999999,2,
770163.7300000001,6270752.279999999,5,
770164.03,6270752.279999999,5,
770164.3300000001,6270752.279999999,5,
770164.6300000001,6270752.279999999,4,
770164.93,6270752.279999999,4,
770165.2300000001,6270752.279999999,3,
770165.53,6270752.279999999,1,
770168.8300000001,6270752.279999999,1,
770169.1300000001,6270752.279999999,1,
770169.43,6270752.279999999,5,
770169.7300000001,6270752.279999999,6,
770170.03,6270752.279999999,1,
770173.03,6270752.279999999,2,
770173.3300000001,6270752.279999999,2,
770173.6300000001,6270752.279999999,3,
770173.93,6270752.279999999,6,
770174.2300000001,6270752.279999999,5,
770174.53,6270752.279999999,4,
770178.1300000001,6270752.279999999,1,
770178.43,6270752.279999999,4,
770178.7300000001,6270752.279999999,6,
770179.03,6270752.279999999,3,
770179.3300000001,6270752.279999999,4,
770179.6300000001,6270752.279999999,2,
770182.93,6270752.279999999,2,
770183.2300000001,6270752.279999999,2,
770183.53,6270752.279999999,4,
770183.8300000001,6270752.279999999,6,
770184.1300000001,6270752.279999999,2,
770187.43,6270752.279999999,1,
770187.7300000001,6270752.279999999,5,
770188.03,6270752.279999999,5,
770188.3300000001,6270752.279999999,6,
770188.6300000001,6270752.279999999,3,
770188.93,6270752.279999999,1,
770192.8300000001,6270752.279999999,3,
770193.1300000001,6270752.279999999,4,
770193.43,6270752.279999999,2,
770193.7300000001,6270752.279999999,2,
770197.03,6270752.279999999,1,
770197.6300000001,6270752.279999999,7,
770197.9300000002,6270752.279999999,5,
770198.2300000001,6270752.279999999,4,
770198.53,6270752.279999999,5,
770198.8300000001,6270752.279999999,4,
770201.8300000001,6270752.279999999,1,
770202.1300000001,6270752.279999999,3,
770202.4300000002,6270752.279999999,3,
770202.7300000001,6270752.279999999,6,
770203.03,6270752.279999999,1,
770203.3300000001,6270752.279999999,1,
770206.6300000001,6270752.279999999,1,
770206.9300000002,6270752.279999999,6,
770207.2300000001,6270752.279999999,4,
770207.53,6270752.279999999,4,
770207.8300000001,6270752.279999999,3,
770208.1300000001,6270752.279999999,3,
770211.7300000001,6270752.279999999,1,
770212.03,6270752.279999999,5,
770212.3300000001,6270752.279999999,1,
770125.03,6270752.58,4,
770125.3300000001,6270752.58,7,
770125.6300000001,6270752.58,2,
770125.93,6270752.58,5,
770126.23,6270752.58,1,
770129.23,6270752.58,1,
770129.53,6270752.58,2,
770129.8300000001,6270752.58,4,
770130.1300000001,6270752.58,5,
770130.43,6270752.58,1,
770130.73,6270752.58,3,
770134.3300000001,6270752.58,5,
770134.6300000001,6270752.58,4,
770134.93,6270752.58,5,
770135.23,6270752.58,3,
770135.53,6270752.58,2,
770135.8300000001,6270752.58,3,
770139.1300000001,6270752.58,1,
770139.43,6270752.58,2,
770139.7300000001,6270752.58,6,
770140.03,6270752.58,4,
770140.3300000001,6270752.58,3,
770143.6300000001,6270752.58,1,
770144.53,6270752.58,3,
770144.8300000001,6270752.58,5,
770145.1300000001,6270752.58,3,
770145.43,6270752.58,2,
770147.8300000001,6270752.58,2,
770148.43,6270752.58,1,
770148.7300000001,6270752.58,3,
770149.3300000001,6270752.58,2,
770149.6300000001,6270752.58,3,
770149.93,6270752.58,4,
770150.2300000001,6270752.58,6,
770153.2300000001,6270752.58,1,
770153.53,6270752.58,2,
770153.8300000001,6270752.58,2,
770154.1300000001,6270752.58,5,
770154.43,6270752.58,3,
770154.7300000001,6270752.58,3,
770155.03,6270752.58,2,
770155.3300000001,6270752.58,7,
770158.6300000001,6270752.58,4,
770158.93,6270752.58,4,
770160.43,6270752.58,1,
770163.1300000001,6270752.58,1,
770163.43,6270752.58,3,
770163.7300000001,6270752.58,4,
770164.03,6270752.58,3,
770164.3300000001,6270752.58,5,
770164.6300000001,6270752.58,2,
770167.93,6270752.58,1,
770168.2300000001,6270752.58,4,
770168.53,6270752.58,4,
770168.8300000001,6270752.58,1,
770169.1300000001,6270752.58,4,
770169.43,6270752.58,1,
770173.03,6270752.58,1,
770173.3300000001,6270752.58,6,
770173.6300000001,6270752.58,3,
770173.93,6270752.58,4,
770174.2300000001,6270752.58,1,
770177.53,6270752.58,2,
770177.8300000001,6270752.58,6,
770178.1300000001,6270752.58,4,
770178.43,6270752.58,5,
770178.7300000001,6270752.58,1,
770179.03,6270752.58,3,
770182.3300000001,6270752.58,1,
770182.6300000001,6270752.58,7,
770182.93,6270752.58,3,
770183.2300000001,6270752.58,4,
770183.53,6270752.58,3,
770183.8300000001,6270752.58,2,
770187.1300000001,6270752.58,2,
770187.43,6270752.58,4,
770187.7300000001,6270752.58,8,
770188.03,6270752.58,3,
770188.3300000001,6270752.58,2,
770191.93,6270752.58,1,
770192.2300000001,6270752.58,2,
770192.53,6270752.58,3,
770192.8300000001,6270752.58,4,
770193.1300000001,6270752.58,4,
770196.7300000001,6270752.58,2,
770197.03,6270752.58,4,
770197.3300000001,6270752.58,4,
770197.6300000001,6270752.58,4,
770197.9300000002,6270752.58,4,
770198.2300000001,6270752.58,2,
770198.53,6270752.58,1,
770201.53,6270752.58,2,
770201.8300000001,6270752.58,6,
770202.1300000001,6270752.58,3,
770202.4300000002,6270752.58,3,
770202.7300000001,6270752.58,2,
770206.6300000001,6270752.58,3,
770206.9300000002,6270752.58,4,
770207.2300000001,6270752.58,5,
770207.53,6270752.58,1,
770210.8300000001,6270752.58,2,
770211.1300000001,6270752.58,1,
770211.4300000002,6270752.58,6,
770211.7300000001,6270752.58,5,
770212.03,6270752.58,5,
770216.53,6270752.58,1,
770124.73,6270752.88,1,
770125.03,6270752.88,3,
770125.3300000001,6270752.88,5,
770125.6300000001,6270752.88,2,
770128.6300000001,6270752.88,2,
770128.93,6270752.88,1,
770129.23,6270752.88,2,
770129.53,6270752.88,5,
770129.8300000001,6270752.88,3,
770130.1300000001,6270752.88,4,
770130.43,6270752.88,5,
770133.73,6270752.88,1,
770134.03,6270752.88,2,
770134.3300000001,6270752.88,5,
770134.6300000001,6270752.88,5,
770134.93,6270752.88,4,
770135.23,6270752.88,1,
770138.8300000001,6270752.88,1,
770139.1300000001,6270752.88,3,
770139.43,6270752.88,4,
770139.7300000001,6270752.88,6,
770140.03,6270752.88,3,
770143.3300000001,6270752.88,2,
770143.6300000001,6270752.88,2,
770143.93,6270752.88,5,
770144.2300000001,6270752.88,3,
770144.53,6270752.88,1,
770144.8300000001,6270752.88,1,
770147.53,6270752.88,5,
770147.8300000001,6270752.88,3,
770148.1300000001,6270752.88,3,
770148.43,6270752.88,3,
770148.7300000001,6270752.88,4,
770149.03,6270752.88,5,
770149.3300000001,6270752.88,6,
770149.6300000001,6270752.88,3,
770149.93,6270752.88,4,
770153.2300000001,6270752.88,3,
770153.53,6270752.88,4,
770153.8300000001,6270752.88,5,
770154.1300000001,6270752.88,3,
770154.43,6270752.88,5,
770155.3300000001,6270752.88,1,
770158.6300000001,6270752.88,5,
770158.93,6270752.88,1,
770162.53,6270752.88,2,
770162.8300000001,6270752.88,6,
770163.1300000001,6270752.88,5,
770163.43,6270752.88,5,
770163.7300000001,6270752.88,3,
770164.03,6270752.88,6,
770164.3300000001,6270752.88,1,
770167.6300000001,6270752.88,1,
770167.93,6270752.88,4,
770168.2300000001,6270752.88,5,
770168.53,6270752.88,6,
770168.8300000001,6270752.88,3,
770169.1300000001,6270752.88,1,
770172.43,6270752.88,1,
770172.7300000001,6270752.88,3,
770173.03,6270752.88,6,
770173.3300000001,6270752.88,4,
770176.6300000001,6270752.88,1,
770176.93,6270752.88,3,
770177.2300000001,6270752.88,2,
770177.53,6270752.88,4,
770177.8300000001,6270752.88,4,
770178.1300000001,6270752.88,4,
770178.43,6270752.88,1,
770181.7300000001,6270752.88,1,
770182.03,6270752.88,2,
770182.3300000001,6270752.88,5,
770182.6300000001,6270752.88,8,
770182.93,6270752.88,5,
770183.2300000001,6270752.88,2,
770187.1300000001,6270752.88,5,
770187.43,6270752.88,2,
770187.7300000001,6270752.88,1,
770191.6300000001,6270752.88,1,
770191.93,6270752.88,4,
770192.2300000001,6270752.88,4,
770192.53,6270752.88,4,
770196.4300000002,6270752.88,3,
770196.7300000001,6270752.88,4,
770197.03,6270752.88,5,
770197.3300000001,6270752.88,5,
770197.6300000001,6270752.88,3,
770197.9300000002,6270752.88,1,
770198.2300000001,6270752.88,1,
770200.9300000002,6270752.88,3,
770201.2300000001,6270752.88,1,
770201.53,6270752.88,7,
770201.8300000001,6270752.88,2,
770202.1300000001,6270752.88,3,
770202.4300000002,6270752.88,1,
770202.7300000001,6270752.88,1,
770205.7300000001,6270752.88,1,
770206.03,6270752.88,1,
770206.3300000001,6270752.88,4,
770206.6300000001,6270752.88,6,
770206.9300000002,6270752.88,6,
770207.2300000001,6270752.88,4,
770210.2300000001,6270752.88,1,
770210.53,6270752.88,3,
770210.8300000001,6270752.88,3,
770211.1300000001,6270752.88,5,
770211.4300000002,6270752.88,4,
770211.7300000001,6270752.88,3,
770215.6300000001,6270752.88,1,
770215.9300000002,6270752.88,1,
770216.2300000001,6270752.88,2,
770125.03,6270753.18,1,
770128.3300000001,6270753.18,2,
770128.6300000001,6270753.18,6,
770128.93,6270753.18,6,
770129.23,6270753.18,3,
770129.53,6270753.18,4,
770129.8300000001,6270753.18,2,
770130.1300000001,6270753.18,1,
770133.1300000001,6270753.18,1,
770133.43,6270753.18,1,
770133.73,6270753.18,5,
770134.03,6270753.18,4,
770134.3300000001,6270753.18,4,
770134.6300000001,6270753.18,2,
770134.93,6270753.18,2,
770138.2300000001,6270753.18,1,
770138.53,6270753.18,4,
770138.8300000001,6270753.18,5,
770139.1300000001,6270753.18,5,
770139.43,6270753.18,4,
770139.7300000001,6270753.18,3,
770142.7300000001,6270753.18,1,
770143.03,6270753.18,2,
770143.3300000001,6270753.18,5,
770143.6300000001,6270753.18,3,
770143.93,6270753.18,6,
770147.53,6270753.18,1,
770147.8300000001,6270753.18,5,
770148.1300000001,6270753.18,3,
770148.43,6270753.18,5,
770148.7300000001,6270753.18,2,
770149.03,6270753.18,5,
770149.3300000001,6270753.18,5,
770152.3300000001,6270753.18,1,
770152.6300000001,6270753.18,3,
770152.93,6270753.18,5,
770153.2300000001,6270753.18,5,
770153.53,6270753.18,2,
770153.8300000001,6270753.18,3,
770154.1300000001,6270753.18,5,
770154.43,6270753.18,2,
770156.8300000001,6270753.18,1,
770157.7300000001,6270753.18,1,
770158.03,6270753.18,3,
770158.6300000001,6270753.18,2,
770158.93,6270753.18,1,
770162.2300000001,6270753.18,3,
770162.53,6270753.18,5,
770162.8300000001,6270753.18,4,
770163.1300000001,6270753.18,6,
770163.43,6270753.18,3,
770163.7300000001,6270753.18,1,
770164.03,6270753.18,1,
770167.03,6270753.18,1,
770167.3300000001,6270753.18,3,
770167.6300000001,6270753.18,4,
770167.93,6270753.18,6,
770168.2300000001,6270753.18,2,
770171.8300000001,6270753.18,4,
770172.1300000001,6270753.18,5,
770172.43,6270753.18,5,
770172.7300000001,6270753.18,3,
770173.03,6270753.18,4,
770173.3300000001,6270753.18,1,
770176.6300000001,6270753.18,3,
770176.93,6270753.18,5,
770177.2300000001,6270753.18,5,
770177.53,6270753.18,2,
770177.8300000001,6270753.18,1,
770178.1300000001,6270753.18,3,
770181.43,6270753.18,1,
770181.7300000001,6270753.18,3,
770182.03,6270753.18,3,
770182.3300000001,6270753.18,2,
770182.6300000001,6270753.18,2,
770182.93,6270753.18,1,
770183.2300000001,6270753.18,1,
770185.93,6270753.18,1,
770186.53,6270753.18,1,
770187.1300000001,6270753.18,1,
770191.03,6270753.18,2,
770191.3300000001,6270753.18,4,
770191.6300000001,6270753.18,4,
770191.93,6270753.18,5,
770192.2300000001,6270753.18,3,
770195.8300000001,6270753.18,4,
770196.1300000001,6270753.18,4,
770196.4300000002,6270753.18,3,
770196.7300000001,6270753.18,4,
770197.03,6270753.18,4,
770197.3300000001,6270753.18,3,
770197.6300000001,6270753.18,1,
770200.3300000001,6270753.18,2,
770200.6300000001,6270753.18,4,
770200.9300000002,6270753.18,2,
770201.2300000001,6270753.18,4,
770201.53,6270753.18,5,
770201.8300000001,6270753.18,2,
770204.8300000001,6270753.18,1,
770205.1300000001,6270753.18,2,
770205.4300000002,6270753.18,2,
770205.7300000001,6270753.18,4,
770206.03,6270753.18,6,
770206.3300000001,6270753.18,4,
770206.6300000001,6270753.18,1,
770209.9300000002,6270753.18,2,
770210.2300000001,6270753.18,3,
770210.53,6270753.18,7,
770210.8300000001,6270753.18,5,
770211.1300000001,6270753.18,3,
770211.4300000002,6270753.18,1,
770214.7300000001,6270753.18,1,
770215.03,6270753.18,1,
770215.3300000001,6270753.18,1,
770215.6300000001,6270753.18,2,
770215.9300000002,6270753.18,1,
770127.1300000001,6270753.48,1,
770127.43,6270753.48,4,
770127.73,6270753.48,1,
770128.03,6270753.48,1,
770128.3300000001,6270753.48,4,
770128.6300000001,6270753.48,6,
770128.93,6270753.48,6,
770129.23,6270753.48,4,
770129.53,6270753.48,2,
770129.8300000001,6270753.48,1,
770132.8300000001,6270753.48,2,
770133.1300000001,6270753.48,3,
770133.43,6270753.48,5,
770133.73,6270753.48,5,
770134.3300000001,6270753.48,1,
770134.6300000001,6270753.48,1,
770137.6300000001,6270753.48,3,
770137.93,6270753.48,5,
770138.2300000001,6270753.48,5,
770138.53,6270753.48,3,
770138.8300000001,6270753.48,6,
770139.1300000001,6270753.48,1,
770139.7300000001,6270753.48,1,
770142.1300000001,6270753.48,2,
770142.43,6270753.48,1,
770142.7300000001,6270753.48,4,
770143.03,6270753.48,5,
770143.3300000001,6270753.48,4,
770143.6300000001,6270753.48,6,
770143.93,6270753.48,2,
770144.2300000001,6270753.48,2,
770146.93,6270753.48,1,
770147.2300000001,6270753.48,2,
770147.53,6270753.48,3,
770147.8300000001,6270753.48,4,
770148.1300000001,6270753.48,6,
770148.43,6270753.48,3,
770148.7300000001,6270753.48,5,
770149.03,6270753.48,1,
770149.3300000001,6270753.48,1,
770151.7300000001,6270753.48,1,
770152.03,6270753.48,5,
770152.3300000001,6270753.48,3,
770152.6300000001,6270753.48,2,
770152.93,6270753.48,3,
770153.2300000001,6270753.48,6,
770153.53,6270753.48,2,
770153.8300000001,6270753.48,6,
770154.1300000001,6270753.48,5,
770156.53,6270753.48,3,
770156.8300000001,6270753.48,2,
770157.1300000001,6270753.48,4,
770157.7300000001,6270753.48,2,
770158.03,6270753.48,6,
770158.3300000001,6270753.48,1,
770158.6300000001,6270753.48,1,
770161.6300000001,6270753.48,2,
770161.93,6270753.48,3,
770162.2300000001,6270753.48,5,
770162.53,6270753.48,3,
770162.8300000001,6270753.48,5,
770163.1300000001,6270753.48,2,
770163.43,6270753.48,1,
770166.7300000001,6270753.48,4,
770167.03,6270753.48,4,
770167.3300000001,6270753.48,5,
770167.6300000001,6270753.48,4,
770167.93,6270753.48,2,
770168.2300000001,6270753.48,1,
770171.53,6270753.48,5,
770171.8300000001,6270753.48,4,
770172.1300000001,6270753.48,5,
770172.43,6270753.48,5,
770172.7300000001,6270753.48,2,
770173.03,6270753.48,1,
770176.03,6270753.48,2,
770176.3300000001,6270753.48,2,
770176.6300000001,6270753.48,6,
770176.93,6270753.48,4,
770177.2300000001,6270753.48,4,
770177.53,6270753.48,1,
770180.8300000001,6270753.48,2,
770181.1300000001,6270753.48,2,
770181.43,6270753.48,4,
770181.7300000001,6270753.48,4,
770182.03,6270753.48,2,
770182.3300000001,6270753.48,3,
770185.3300000001,6270753.48,1,
770185.6300000001,6270753.48,5,
770185.93,6270753.48,4,
770186.2300000001,6270753.48,5,
770186.53,6270753.48,5,
770186.8300000001,6270753.48,2,
770190.7300000001,6270753.48,2,
770191.03,6270753.48,2,
770191.3300000001,6270753.48,4,
770191.6300000001,6270753.48,3,
770191.93,6270753.48,1,
770195.2300000001,6270753.48,3,
770195.53,6270753.48,6,
770195.8300000001,6270753.48,5,
770196.1300000001,6270753.48,2,
770196.4300000002,6270753.48,4,
770196.7300000001,6270753.48,1,
770199.7300000001,6270753.48,1,
770200.03,6270753.48,3,
770200.3300000001,6270753.48,2,
770200.6300000001,6270753.48,5,
770200.9300000002,6270753.48,2,
770201.2300000001,6270753.48,1,
770204.8300000001,6270753.48,1,
770205.1300000001,6270753.48,2,
770205.4300000002,6270753.48,6,
770205.7300000001,6270753.48,5,
770206.03,6270753.48,2,
770206.3300000001,6270753.48,1,
770209.6300000001,6270753.48,2,
770209.9300000002,6270753.48,4,
770210.2300000001,6270753.48,5,
770210.53,6270753.48,3,
770210.8300000001,6270753.48,2,
770214.4300000002,6270753.48,1,
770214.7300000001,6270753.48,6,
770215.03,6270753.48,2,
770215.3300000001,6270753.48,3,
770126.8300000001,6270753.779999999,1,
770127.1300000001,6270753.779999999,5,
770127.43,6270753.779999999,4,
770127.73,6270753.779999999,3,
770128.03,6270753.779999999,2,
770128.3300000001,6270753.779999999,5,
770128.6300000001,6270753.779999999,4,
770128.93,6270753.779999999,3,
770129.23,6270753.779999999,1,
770132.23,6270753.779999999,2,
770132.53,6270753.779999999,2,
770132.8300000001,6270753.779999999,5,
770133.1300000001,6270753.779999999,4,
770133.43,6270753.779999999,4,
770133.73,6270753.779999999,3,
770137.03,6270753.779999999,1,
770137.3300000001,6270753.779999999,4,
770137.6300000001,6270753.779999999,5,
770137.93,6270753.779999999,2,
770138.2300000001,6270753.779999999,4,
770138.53,6270753.779999999,2,
770141.8300000001,6270753.779999999,1,
770142.1300000001,6270753.779999999,1,
770142.43,6270753.779999999,4,
770142.7300000001,6270753.779999999,5,
770143.03,6270753.779999999,3,
770143.3300000001,6270753.779999999,2,
770143.6300000001,6270753.779999999,1,
770146.93,6270753.779999999,5,
770147.2300000001,6270753.779999999,2,
770147.53,6270753.779999999,4,
770147.8300000001,6270753.779999999,5,
770148.1300000001,6270753.779999999,4,
770148.43,6270753.779999999,5,
770148.7300000001,6270753.779999999,4,
770151.1300000001,6270753.779999999,1,
770151.7300000001,6270753.779999999,5,
770152.03,6270753.779999999,5,
770152.3300000001,6270753.779999999,5,
770152.6300000001,6270753.779999999,4,
770152.93,6270753.779999999,5,
770153.2300000001,6270753.779999999,3,
770153.53,6270753.779999999,4,
770156.53,6270753.779999999,3,
770156.8300000001,6270753.779999999,5,
770157.1300000001,6270753.779999999,5,
770157.43,6270753.779999999,2,
770157.7300000001,6270753.779999999,1,
770161.3300000001,6270753.779999999,2,
770161.6300000001,6270753.779999999,5,
770161.93,6270753.779999999,5,
770162.2300000001,6270753.779999999,4,
770162.53,6270753.779999999,4,
770166.43,6270753.779999999,7,
770166.7300000001,6270753.779999999,4,
770167.03,6270753.779999999,6,
770167.3300000001,6270753.779999999,1,
770167.6300000001,6270753.779999999,1,
770170.6300000001,6270753.779999999,2,
770170.93,6270753.779999999,3,
770171.2300000001,6270753.779999999,5,
770171.53,6270753.779999999,2,
770171.8300000001,6270753.779999999,5,
770172.1300000001,6270753.779999999,5,
770175.1300000001,6270753.779999999,3,
770175.43,6270753.779999999,4,
770175.7300000001,6270753.779999999,3,
770176.03,6270753.779999999,3,
770176.3300000001,6270753.779999999,3,
770176.6300000001,6270753.779999999,3,
770176.93,6270753.779999999,4,
770177.2300000001,6270753.779999999,1,
770180.53,6270753.779999999,2,
770180.8300000001,6270753.779999999,2,
770181.1300000001,6270753.779999999,5,
770181.43,6270753.779999999,4,
770181.7300000001,6270753.779999999,2,
770184.7300000001,6270753.779999999,1,
770185.03,6270753.779999999,2,
770185.3300000001,6270753.779999999,5,
770185.6300000001,6270753.779999999,5,
770185.93,6270753.779999999,4,
770186.2300000001,6270753.779999999,5,
770190.1300000001,6270753.779999999,1,
770190.43,6270753.779999999,4,
770190.7300000001,6270753.779999999,3,
770191.03,6270753.779999999,6,
770191.3300000001,6270753.779999999,1,
770194.93,6270753.779999999,4,
770195.2300000001,6270753.779999999,2,
770195.53,6270753.779999999,5,
770195.8300000001,6270753.779999999,4,
770199.1300000001,6270753.779999999,1,
770199.4300000002,6270753.779999999,1,
770199.7300000001,6270753.779999999,4,
770200.03,6270753.779999999,5,
770200.3300000001,6270753.779999999,5,
770200.6300000001,6270753.779999999,1,
770200.9300000002,6270753.779999999,1,
770204.2300000001,6270753.779999999,1,
770204.53,6270753.779999999,4,
770204.8300000001,6270753.779999999,5,
770205.1300000001,6270753.779999999,6,
770205.4300000002,6270753.779999999,3,
770205.7300000001,6270753.779999999,1,
770206.3300000001,6270753.779999999,1,
770209.3300000001,6270753.779999999,4,
770209.6300000001,6270753.779999999,4,
770209.9300000002,6270753.779999999,6,
770210.2300000001,6270753.779999999,3,
770210.53,6270753.779999999,2,
770213.8300000001,6270753.779999999,2,
770214.1300000001,6270753.779999999,4,
770214.4300000002,6270753.779999999,5,
770214.7300000001,6270753.779999999,6,
770215.03,6270753.779999999,3,
770215.3300000001,6270753.779999999,1,
770126.53,6270754.08,1,
770126.8300000001,6270754.08,2,
770127.1300000001,6270754.08,2,
770127.43,6270754.08,5,
770127.73,6270754.08,3,
770128.03,6270754.08,5,
770128.3300000001,6270754.08,3,
770128.6300000001,6270754.08,1,
770131.6300000001,6270754.08,1,
770132.23,6270754.08,5,
770132.53,6270754.08,8,
770132.8300000001,6270754.08,5,
770133.1300000001,6270754.08,3,
770133.43,6270754.08,1,
770136.7300000001,6270754.08,2,
770137.03,6270754.08,3,
770137.3300000001,6270754.08,3,
770137.6300000001,6270754.08,5,
770137.93,6270754.08,6,
770138.2300000001,6270754.08,2,
770141.53,6270754.08,3,
770141.8300000001,6270754.08,5,
770142.1300000001,6270754.08,5,
770142.43,6270754.08,5,
770142.7300000001,6270754.08,4,
770143.03,6270754.08,1,
770145.7300000001,6270754.08,2,
770146.03,6270754.08,2,
770146.3300000001,6270754.08,3,
770146.6300000001,6270754.08,7,
770146.93,6270754.08,4,
770147.2300000001,6270754.08,7,
770147.53,6270754.08,2,
770148.1300000001,6270754.08,1,
770150.8300000001,6270754.08,1,
770151.1300000001,6270754.08,2,
770151.43,6270754.08,1,
770152.03,6270754.08,4,
770152.3300000001,6270754.08,3,
770152.6300000001,6270754.08,4,
770156.2300000001,6270754.08,3,
770156.53,6270754.08,3,
770156.8300000001,6270754.08,5,
770157.1300000001,6270754.08,2,
770157.43,6270754.08,2,
770158.03,6270754.08,1,
770160.43,6270754.08,1,
770160.7300000001,6270754.08,5,
770161.03,6270754.08,5,
770161.3300000001,6270754.08,5,
770161.6300000001,6270754.08,4,
770161.93,6270754.08,4,
770162.2300000001,6270754.08,1,
770162.53,6270754.08,1,
770165.53,6270754.08,1,
770165.8300000001,6270754.08,3,
770166.1300000001,6270754.08,5,
770166.43,6270754.08,5,
770166.7300000001,6270754.08,4,
770167.03,6270754.08,2,
770167.3300000001,6270754.08,2,
770170.6300000001,6270754.08,2,
770170.93,6270754.08,4,
770171.2300000001,6270754.08,1,
770171.53,6270754.08,5,
770171.8300000001,6270754.08,6,
770174.8300000001,6270754.08,1,
770175.1300000001,6270754.08,2,
770175.43,6270754.08,4,
770175.7300000001,6270754.08,5,
770176.03,6270754.08,4,
770176.3300000001,6270754.08,5,
770176.6300000001,6270754.08,1,
770179.93,6270754.08,1,
770180.2300000001,6270754.08,2,
770180.53,6270754.08,2,
770180.8300000001,6270754.08,4,
770181.1300000001,6270754.08,1,
770181.43,6270754.08,1,
770184.7300000001,6270754.08,2,
770185.03,6270754.08,5,
770185.3300000001,6270754.08,5,
770185.6300000001,6270754.08,3,
770185.93,6270754.08,2,
770190.1300000001,6270754.08,5,
770190.43,6270754.08,6,
770190.7300000001,6270754.08,2,
770194.03,6270754.08,2,
770194.3300000001,6270754.08,4,
770194.6300000001,6270754.08,5,
770194.93,6270754.08,6,
770195.2300000001,6270754.08,3,
770195.53,6270754.08,2,
770195.8300000001,6270754.08,1,
770199.1300000001,6270754.08,3,
770199.4300000002,6270754.08,5,
770199.7300000001,6270754.08,3,
770200.03,6270754.08,2,
770200.3300000001,6270754.08,2,
770203.3300000001,6270754.08,2,
770203.9300000002,6270754.08,3,
770204.2300000001,6270754.08,2,
770204.53,6270754.08,5,
770204.8300000001,6270754.08,6,
770205.1300000001,6270754.08,3,
770205.4300000002,6270754.08,1,
770209.3300000001,6270754.08,2,
770209.6300000001,6270754.08,4,
770209.9300000002,6270754.08,1,
770213.2300000001,6270754.08,2,
770213.8300000001,6270754.08,4,
770214.1300000001,6270754.08,2,
770214.4300000002,6270754.08,6,
770214.7300000001,6270754.08,5,
770215.03,6270754.08,1,
770126.23,6270754.38,1,
770126.53,6270754.38,1,
770126.8300000001,6270754.38,5,
770127.1300000001,6270754.38,4,
770127.43,6270754.38,6,
770127.73,6270754.38,5,
770128.03,6270754.38,2,
770131.03,6270754.38,1,
770131.3300000001,6270754.38,1,
770131.6300000001,6270754.38,5,
770131.93,6270754.38,5,
770132.23,6270754.38,4,
770132.53,6270754.38,3,
770132.8300000001,6270754.38,1,
770136.43,6270754.38,1,
770136.7300000001,6270754.38,5,
770137.03,6270754.38,5,
770137.3300000001,6270754.38,5,
770137.6300000001,6270754.38,2,
770141.2300000001,6270754.38,3,
770141.53,6270754.38,4,
770141.8300000001,6270754.38,4,
770142.1300000001,6270754.38,6,
770142.43,6270754.38,5,
770145.43,6270754.38,2,
770145.7300000001,6270754.38,3,
770146.03,6270754.38,4,
770146.3300000001,6270754.38,6,
770146.6300000001,6270754.38,3,
770146.93,6270754.38,5,
770147.2300000001,6270754.38,1,
770147.53,6270754.38,2,
770150.2300000001,6270754.38,2,
770150.8300000001,6270754.38,1,
770151.1300000001,6270754.38,1,
770151.43,6270754.38,6,
770151.7300000001,6270754.38,3,
770152.03,6270754.38,6,
770152.6300000001,6270754.38,2,
770156.53,6270754.38,3,
770156.8300000001,6270754.38,2,
770157.1300000001,6270754.38,1,
770157.43,6270754.38,1,
770160.1300000001,6270754.38,1,
770160.43,6270754.38,4,
770160.7300000001,6270754.38,4,
770161.03,6270754.38,7,
770161.3300000001,6270754.38,2,
770161.6300000001,6270754.38,1,
770164.93,6270754.38,2,
770165.2300000001,6270754.38,2,
770165.53,6270754.38,4,
770165.8300000001,6270754.38,5,
770166.1300000001,6270754.38,4,
770166.43,6270754.38,2,
770169.7300000001,6270754.38,1,
770170.03,6270754.38,1,
770170.3300000001,6270754.38,6,
770170.6300000001,6270754.38,5,
770170.93,6270754.38,6,
770171.2300000001,6270754.38,2,
770174.53,6270754.38,2,
770174.8300000001,6270754.38,5,
770175.1300000001,6270754.38,4,
770175.43,6270754.38,5,
770175.7300000001,6270754.38,3,
770176.03,6270754.38,2,
770179.6300000001,6270754.38,2,
770179.93,6270754.38,2,
770180.2300000001,6270754.38,5,
770180.53,6270754.38,3,
770180.8300000001,6270754.38,1,
770184.7300000001,6270754.38,1,
770185.03,6270754.38,6,
770185.3300000001,6270754.38,1,
770188.93,6270754.38,1,
770189.8300000001,6270754.38,1,
770190.1300000001,6270754.38,1,
770190.7300000001,6270754.38,1,
770193.7300000001,6270754.38,1,
770194.03,6270754.38,5,
770194.3300000001,6270754.38,3,
770194.6300000001,6270754.38,5,
770194.93,6270754.38,3,
770195.53,6270754.38,1,
770195.8300000001,6270754.38,1,
770198.8300000001,6270754.38,5,
770199.1300000001,6270754.38,4,
770199.4300000002,6270754.38,4,
770199.7300000001,6270754.38,3,
770200.03,6270754.38,1,
770200.3300000001,6270754.38,1,
770203.3300000001,6270754.38,1,
770203.6300000001,6270754.38,3,
770203.9300000002,6270754.38,2,
770204.2300000001,6270754.38,7,
770204.53,6270754.38,3,
770204.8300000001,6270754.38,1,
770208.1300000001,6270754.38,2,
770208.4300000002,6270754.38,4,
770208.7300000001,6270754.38,2,
770212.9300000002,6270754.38,2,
770213.2300000001,6270754.38,6,
770213.53,6270754.38,5,
770213.8300000001,6270754.38,5,
770214.1300000001,6270754.38,6,
770214.4300000002,6270754.38,2,
770125.93,6270754.68,2,
770126.23,6270754.68,4,
770126.53,6270754.68,5,
770126.8300000001,6270754.68,3,
770127.1300000001,6270754.68,6,
770127.43,6270754.68,2,
770127.73,6270754.68,1,
770130.73,6270754.68,3,
770131.03,6270754.68,3,
770131.3300000001,6270754.68,5,
770131.6300000001,6270754.68,5,
770131.93,6270754.68,5,
770135.53,6270754.68,1,
770135.8300000001,6270754.68,1,
770136.43,6270754.68,1,
770136.7300000001,6270754.68,2,
770137.03,6270754.68,2,
770137.3300000001,6270754.68,1,
770140.93,6270754.68,5,
770141.2300000001,6270754.68,6,
770141.53,6270754.68,4,
770141.8300000001,6270754.68,4,
770145.43,6270754.68,7,
770145.7300000001,6270754.68,3,
770146.03,6270754.68,1,
770146.3300000001,6270754.68,6,
770146.6300000001,6270754.68,4,
770146.93,6270754.68,3,
770149.93,6270754.68,3,
770150.2300000001,6270754.68,4,
770150.53,6270754.68,5,
770150.8300000001,6270754.68,3,
770151.1300000001,6270754.68,2,
770151.43,6270754.68,2,
770152.03,6270754.68,1,
770156.8300000001,6270754.68,1,
770159.8300000001,6270754.68,2,
770160.1300000001,6270754.68,6,
770160.43,6270754.68,4,
770160.7300000001,6270754.68,3,
770161.03,6270754.68,1,
770164.3300000001,6270754.68,1,
770164.6300000001,6270754.68,2,
770164.93,6270754.68,7,
770165.2300000001,6270754.68,3,
770165.53,6270754.68,3,
770165.8300000001,6270754.68,6,
770166.43,6270754.68,1,
770169.7300000001,6270754.68,6,
770170.03,6270754.68,5,
770170.3300000001,6270754.68,5,
770170.6300000001,6270754.68,6,
770170.93,6270754.68,1,
770174.2300000001,6270754.68,2,
770174.53,6270754.68,6,
770174.8300000001,6270754.68,4,
770175.1300000001,6270754.68,2,
770175.43,6270754.68,2,
770179.03,6270754.68,1,
770179.3300000001,6270754.68,4,
770179.6300000001,6270754.68,4,
770179.93,6270754.68,5,
770180.2300000001,6270754.68,1,
770180.8300000001,6270754.68,1,
770188.93,6270754.68,3,
770189.8300000001,6270754.68,1,
770190.1300000001,6270754.68,2,
770192.8300000001,6270754.68,2,
770193.1300000001,6270754.68,3,
770193.43,6270754.68,2,
770193.7300000001,6270754.68,6,
770194.03,6270754.68,2,
770194.3300000001,6270754.68,4,
770194.6300000001,6270754.68,2,
770194.93,6270754.68,1,
770198.2300000001,6270754.68,2,
770198.53,6270754.68,6,
770198.8300000001,6270754.68,1,
770199.1300000001,6270754.68,3,
770199.4300000002,6270754.68,1,
770199.7300000001,6270754.68,1,
770202.7300000001,6270754.68,1,
770203.03,6270754.68,2,
770203.3300000001,6270754.68,7,
770203.6300000001,6270754.68,4,
770203.9300000002,6270754.68,5,
770204.2300000001,6270754.68,3,
770207.53,6270754.68,2,
770207.8300000001,6270754.68,3,
770208.1300000001,6270754.68,3,
770208.4300000002,6270754.68,2,
770208.7300000001,6270754.68,3,
770212.3300000001,6270754.68,3,
770212.6300000001,6270754.68,3,
770212.9300000002,6270754.68,4,
770213.2300000001,6270754.68,3,
770213.53,6270754.68,5,
770213.8300000001,6270754.68,3,
770216.8300000001,6270754.68,1,
770217.1300000001,6270754.68,1,
770217.4300000002,6270754.68,1,
770125.93,6270754.98,2,
770126.23,6270754.98,3,
770126.53,6270754.98,4,
770126.8300000001,6270754.98,2,
770130.1300000001,6270754.98,1,
770130.43,6270754.98,4,
770130.73,6270754.98,1,
770131.03,6270754.98,6,
770131.3300000001,6270754.98,4,
770131.6300000001,6270754.98,2,
770135.23,6270754.98,1,
770135.53,6270754.98,5,
770135.8300000001,6270754.98,5,
770136.1300000001,6270754.98,4,
770136.43,6270754.98,1,
770136.7300000001,6270754.98,1,
770140.3300000001,6270754.98,4,
770140.6300000001,6270754.98,5,
770140.93,6270754.98,5,
770141.2300000001,6270754.98,3,
770141.53,6270754.98,2,
770141.8300000001,6270754.98,2,
770145.1300000001,6270754.98,3,
770145.43,6270754.98,4,
770145.7300000001,6270754.98,4,
770146.03,6270754.98,2,
770146.3300000001,6270754.98,4,
770149.3300000001,6270754.98,2,
770149.6300000001,6270754.98,1,
770149.93,6270754.98,3,
770150.2300000001,6270754.98,7,
770150.53,6270754.98,2,
770150.8300000001,6270754.98,5,
770155.03,6270754.98,1,
770155.3300000001,6270754.98,5,
770159.2300000001,6270754.98,1,
770159.53,6270754.98,5,
770159.8300000001,6270754.98,4,
770160.1300000001,6270754.98,1,
770160.43,6270754.98,4,
770160.7300000001,6270754.98,1,
770164.3300000001,6270754.98,2,
770164.6300000001,6270754.98,3,
770164.93,6270754.98,5,
770165.2300000001,6270754.98,3,
770165.53,6270754.98,2,
770165.8300000001,6270754.98,2,
770169.1300000001,6270754.98,4,
770169.43,6270754.98,5,
770169.7300000001,6270754.98,4,
770170.03,6270754.98,3,
770170.3300000001,6270754.98,3,
770173.3300000001,6270754.98,1,
770173.6300000001,6270754.98,2,
770173.93,6270754.98,3,
770174.2300000001,6270754.98,4,
770174.53,6270754.98,4,
770174.8300000001,6270754.98,1,
770178.43,6270754.98,3,
770178.7300000001,6270754.98,2,
770179.03,6270754.98,4,
770179.3300000001,6270754.98,5,
770179.6300000001,6270754.98,3,
770179.93,6270754.98,2,
770182.6300000001,6270754.98,1,
770182.93,6270754.98,1,
770183.2300000001,6270754.98,3,
770187.7300000001,6270754.98,1,
770188.3300000001,6270754.98,5,
770188.6300000001,6270754.98,5,
770188.93,6270754.98,5,
770189.2300000001,6270754.98,1,
770192.53,6270754.98,1,
770192.8300000001,6270754.98,3,
770193.1300000001,6270754.98,2,
770193.43,6270754.98,6,
770193.7300000001,6270754.98,5,
770194.03,6270754.98,3,
770197.3300000001,6270754.98,1,
770197.6300000001,6270754.98,1,
770197.9300000002,6270754.98,3,
770198.2300000001,6270754.98,3,
770198.53,6270754.98,4,
770198.8300000001,6270754.98,3,
770199.1300000001,6270754.98,1,
770202.1300000001,6270754.98,2,
770202.4300000002,6270754.98,2,
770202.7300000001,6270754.98,2,
770203.03,6270754.98,3,
770203.3300000001,6270754.98,4,
770203.6300000001,6270754.98,3,
770203.9300000002,6270754.98,2,
770206.9300000002,6270754.98,2,
770207.2300000001,6270754.98,1,
770207.53,6270754.98,5,
770207.8300000001,6270754.98,5,
770208.1300000001,6270754.98,3,
770212.03,6270754.98,2,
770212.3300000001,6270754.98,9,
770212.6300000001,6270754.98,5,
770212.9300000002,6270754.98,3,
770213.2300000001,6270754.98,4,
770216.53,6270754.98,2,
770216.8300000001,6270754.98,5,
770217.1300000001,6270754.98,4,
770217.4300000002,6270754.98,4,
770217.7300000001,6270754.98,1,
770126.23,6270755.279999999,1,
770129.8300000001,6270755.279999999,4,
770130.1300000001,6270755.279999999,1,
770130.43,6270755.279999999,5,
770130.73,6270755.279999999,6,
770131.03,6270755.279999999,4,
770131.3300000001,6270755.279999999,3,
770134.6300000001,6270755.279999999,2,
770134.93,6270755.279999999,3,
770135.23,6270755.279999999,7,
770135.53,6270755.279999999,3,
770135.8300000001,6270755.279999999,4,
770136.1300000001,6270755.279999999,2,
770139.43,6270755.279999999,1,
770139.7300000001,6270755.279999999,4,
770140.03,6270755.279999999,4,
770140.3300000001,6270755.279999999,4,
770140.6300000001,6270755.279999999,4,
770140.93,6270755.279999999,4,
770141.2300000001,6270755.279999999,1,
770144.8300000001,6270755.279999999,2,
770145.1300000001,6270755.279999999,4,
770145.43,6270755.279999999,3,
770145.7300000001,6270755.279999999,3,
770149.03,6270755.279999999,1,
770149.3300000001,6270755.279999999,3,
770149.6300000001,6270755.279999999,6,
770149.93,6270755.279999999,4,
770150.2300000001,6270755.279999999,1,
770150.53,6270755.279999999,3,
770150.8300000001,6270755.279999999,2,
770154.7300000001,6270755.279999999,1,
770155.03,6270755.279999999,5,
770155.3300000001,6270755.279999999,3,
770155.6300000001,6270755.279999999,4,
770158.3300000001,6270755.279999999,1,
770158.6300000001,6270755.279999999,1,
770158.93,6270755.279999999,4,
770159.2300000001,6270755.279999999,8,
770159.53,6270755.279999999,3,
770159.8300000001,6270755.279999999,5,
770160.1300000001,6270755.279999999,1,
770163.43,6270755.279999999,1,
770163.7300000001,6270755.279999999,2,
770164.03,6270755.279999999,4,
770164.3300000001,6270755.279999999,5,
770164.6300000001,6270755.279999999,6,
770164.93,6270755.279999999,2,
770165.2300000001,6270755.279999999,1,
770168.53,6270755.279999999,2,
770168.8300000001,6270755.279999999,5,
770169.1300000001,6270755.279999999,4,
770169.43,6270755.279999999,3,
770169.7300000001,6270755.279999999,5,
770173.03,6270755.279999999,1,
770173.3300000001,6270755.279999999,2,
770173.6300000001,6270755.279999999,5,
770173.93,6270755.279999999,7,
770174.2300000001,6270755.279999999,1,
770174.53,6270755.279999999,1,
770178.43,6270755.279999999,2,
770178.7300000001,6270755.279999999,5,
770179.03,6270755.279999999,1,
770179.3300000001,6270755.279999999,1,
770179.93,6270755.279999999,1,
770182.6300000001,6270755.279999999,1,
770182.93,6270755.279999999,3,
770183.2300000001,6270755.279999999,4,
770183.53,6270755.279999999,1,
770187.43,6270755.279999999,1,
770187.7300000001,6270755.279999999,2,
770188.03,6270755.279999999,4,
770188.3300000001,6270755.279999999,6,
770188.6300000001,6270755.279999999,3,
770191.93,6270755.279999999,1,
770192.2300000001,6270755.279999999,2,
770192.53,6270755.279999999,4,
770192.8300000001,6270755.279999999,3,
770193.1300000001,6270755.279999999,5,
770193.43,6270755.279999999,5,
770197.03,6270755.279999999,1,
770197.3300000001,6270755.279999999,3,
770197.6300000001,6270755.279999999,4,
770197.9300000002,6270755.279999999,4,
770201.8300000001,6270755.279999999,1,
770202.1300000001,6270755.279999999,4,
770202.4300000002,6270755.279999999,7,
770202.7300000001,6270755.279999999,3,
770203.03,6270755.279999999,3,
770203.3300000001,6270755.279999999,1,
770206.6300000001,6270755.279999999,6,
770206.9300000002,6270755.279999999,6,
770207.2300000001,6270755.279999999,5,
770207.53,6270755.279999999,2,
770207.8300000001,6270755.279999999,6,
770211.4300000002,6270755.279999999,3,
770211.7300000001,6270755.279999999,3,
770212.03,6270755.279999999,5,
770212.3300000001,6270755.279999999,2,
770212.6300000001,6270755.279999999,6,
770212.9300000002,6270755.279999999,1,
770215.9300000002,6270755.279999999,2,
770216.2300000001,6270755.279999999,4,
770216.53,6270755.279999999,5,
770216.8300000001,6270755.279999999,3,
770217.1300000001,6270755.279999999,5,
770217.4300000002,6270755.279999999,3,
770129.23,6270755.58,1,
770129.53,6270755.58,2,
770129.8300000001,6270755.58,5,
770130.1300000001,6270755.58,4,
770130.43,6270755.58,5,
770130.73,6270755.58,4,
770131.03,6270755.58,1,
770134.03,6270755.58,1,
770134.3300000001,6270755.58,3,
770134.6300000001,6270755.58,4,
770134.93,6270755.58,5,
770135.23,6270755.58,5,
770135.53,6270755.58,4,
770135.8300000001,6270755.58,1,
770138.8300000001,6270755.58,1,
770139.1300000001,6270755.58,1,
770139.43,6270755.58,4,
770139.7300000001,6270755.58,3,
770140.03,6270755.58,5,
770140.3300000001,6270755.58,2,
770140.6300000001,6270755.58,1,
770140.93,6270755.58,1,
770143.3300000001,6270755.58,1,
770143.93,6270755.58,1,
770144.53,6270755.58,1,
770144.8300000001,6270755.58,4,
770145.1300000001,6270755.58,5,
770145.43,6270755.58,5,
770145.7300000001,6270755.58,2,
770147.53,6270755.58,1,
770148.1300000001,6270755.58,1,
770148.7300000001,6270755.58,5,
770149.03,6270755.58,3,
770149.3300000001,6270755.58,4,
770149.6300000001,6270755.58,4,
770149.93,6270755.58,7,
770150.2300000001,6270755.58,2,
770152.93,6270755.58,1,
770153.2300000001,6270755.58,2,
770153.53,6270755.58,1,
770154.43,6270755.58,1,
770154.7300000001,6270755.58,1,
770155.3300000001,6270755.58,2,
770155.6300000001,6270755.58,2,
770158.3300000001,6270755.58,3,
770158.6300000001,6270755.58,2,
770158.93,6270755.58,6,
770159.2300000001,6270755.58,4,
770159.53,6270755.58,4,
770159.8300000001,6270755.58,2,
770163.43,6270755.58,3,
770163.7300000001,6270755.58,4,
770164.03,6270755.58,4,
770164.3300000001,6270755.58,2,
770164.6300000001,6270755.58,2,
770168.2300000001,6270755.58,4,
770168.53,6270755.58,4,
770168.8300000001,6270755.58,5,
770169.1300000001,6270755.58,1,
770169.43,6270755.58,2,
770172.43,6270755.58,1,
770172.7300000001,6270755.58,1,
770173.03,6270755.58,4,
770173.3300000001,6270755.58,5,
770173.6300000001,6270755.58,3,
770174.2300000001,6270755.58,1,
770177.53,6270755.58,1,
770177.8300000001,6270755.58,1,
770178.43,6270755.58,5,
770178.7300000001,6270755.58,1,
770182.03,6270755.58,2,
770182.3300000001,6270755.58,2,
770182.6300000001,6270755.58,2,
770182.93,6270755.58,6,
770183.2300000001,6270755.58,4,
770187.1300000001,6270755.58,1,
770187.43,6270755.58,3,
770187.7300000001,6270755.58,4,
770188.03,6270755.58,4,
770188.3300000001,6270755.58,3,
770191.6300000001,6270755.58,1,
770191.93,6270755.58,2,
770192.2300000001,6270755.58,4,
770192.53,6270755.58,4,
770192.8300000001,6270755.58,4,
770193.1300000001,6270755.58,3,
770193.43,6270755.58,1,
770196.7300000001,6270755.58,1,
770197.03,6270755.58,4,
770197.3300000001,6270755.58,5,
770197.6300000001,6270755.58,2,
770201.2300000001,6270755.58,1,
770201.53,6270755.58,2,
770201.8300000001,6270755.58,4,
770202.1300000001,6270755.58,7,
770202.4300000002,6270755.58,2,
770202.7300000001,6270755.58,3,
770206.03,6270755.58,2,
770206.3300000001,6270755.58,4,
770206.6300000001,6270755.58,3,
770206.9300000002,6270755.58,2,
770207.2300000001,6270755.58,6,
770207.53,6270755.58,4,
770211.1300000001,6270755.58,2,
770211.4300000002,6270755.58,5,
770211.7300000001,6270755.58,6,
770212.03,6270755.58,4,
770215.3300000001,6270755.58,1,
770215.6300000001,6270755.58,1,
770215.9300000002,6270755.58,4,
770216.2300000001,6270755.58,6,
770216.53,6270755.58,4,
770216.8300000001,6270755.58,3,
770217.1300000001,6270755.58,1,
770128.93,6270755.88,2,
770129.23,6270755.88,5,
770129.53,6270755.88,5,
770129.8300000001,6270755.88,4,
770130.1300000001,6270755.88,3,
770130.43,6270755.88,1,
770133.73,6270755.88,1,
770134.03,6270755.88,2,
770134.3300000001,6270755.88,6,
770134.6300000001,6270755.88,3,
770134.93,6270755.88,4,
770135.23,6270755.88,1,
770138.53,6270755.88,1,
770138.8300000001,6270755.88,2,
770139.1300000001,6270755.88,5,
770139.43,6270755.88,3,
770139.7300000001,6270755.88,5,
770140.03,6270755.88,1,
770143.03,6270755.88,6,
770143.3300000001,6270755.88,3,
770143.6300000001,6270755.88,3,
770143.93,6270755.88,2,
770144.53,6270755.88,2,
770144.8300000001,6270755.88,4,
770145.1300000001,6270755.88,1,
770145.43,6270755.88,1,
770147.53,6270755.88,5,
770147.8300000001,6270755.88,4,
770148.1300000001,6270755.88,2,
770148.43,6270755.88,6,
770148.7300000001,6270755.88,6,
770149.03,6270755.88,4,
770149.3300000001,6270755.88,2,
770149.6300000001,6270755.88,2,
770149.93,6270755.88,3,
770152.93,6270755.88,1,
770153.2300000001,6270755.88,3,
770153.53,6270755.88,2,
770154.43,6270755.88,1,
770157.43,6270755.88,2,
770157.7300000001,6270755.88,4,
770158.03,6270755.88,5,
770158.3300000001,6270755.88,4,
770158.6300000001,6270755.88,5,
770158.93,6270755.88,2,
770162.2300000001,6270755.88,2,
770162.53,6270755.88,2,
770162.8300000001,6270755.88,3,
770163.1300000001,6270755.88,5,
770163.43,6270755.88,6,
770163.7300000001,6270755.88,6,
770164.03,6270755.88,1,
770167.3300000001,6270755.88,3,
770167.6300000001,6270755.88,2,
770167.93,6270755.88,2,
770168.2300000001,6270755.88,5,
770168.53,6270755.88,4,
770168.8300000001,6270755.88,4,
770171.8300000001,6270755.88,1,
770172.1300000001,6270755.88,2,
770172.43,6270755.88,3,
770172.7300000001,6270755.88,6,
770173.03,6270755.88,4,
770173.3300000001,6270755.88,2,
770173.6300000001,6270755.88,2,
770177.2300000001,6270755.88,4,
770177.53,6270755.88,4,
770177.8300000001,6270755.88,2,
770178.1300000001,6270755.88,2,
770178.43,6270755.88,1,
770178.7300000001,6270755.88,2,
770181.7300000001,6270755.88,2,
770182.03,6270755.88,6,
770182.3300000001,6270755.88,2,
770182.6300000001,6270755.88,6,
770182.93,6270755.88,2,
770186.53,6270755.88,1,
770186.8300000001,6270755.88,2,
770187.1300000001,6270755.88,6,
770187.43,6270755.88,5,
770187.7300000001,6270755.88,5,
770188.03,6270755.88,1,
770191.03,6270755.88,3,
770191.6300000001,6270755.88,3,
770191.93,6270755.88,6,
770192.2300000001,6270755.88,4,
770192.53,6270755.88,5,
770196.1300000001,6270755.88,1,
770196.4300000002,6270755.88,5,
770196.7300000001,6270755.88,1,
770197.03,6270755.88,3,
770197.3300000001,6270755.88,1,
770200.6300000001,6270755.88,3,
770200.9300000002,6270755.88,2,
770201.2300000001,6270755.88,6,
770201.53,6270755.88,3,
770201.8300000001,6270755.88,4,
770202.1300000001,6270755.88,3,
770202.4300000002,6270755.88,4,
770205.7300000001,6270755.88,4,
770206.03,6270755.88,5,
770206.3300000001,6270755.88,6,
770206.6300000001,6270755.88,3,
770206.9300000002,6270755.88,2,
770207.2300000001,6270755.88,1,
770210.8300000001,6270755.88,2,
770211.1300000001,6270755.88,7,
770211.4300000002,6270755.88,4,
770211.7300000001,6270755.88,5,
770212.03,6270755.88,1,
770215.03,6270755.88,3,
770215.3300000001,6270755.88,4,
770215.6300000001,6270755.88,4,
770215.9300000002,6270755.88,3,
770216.2300000001,6270755.88,4,
770216.53,6270755.88,1,
770128.3300000001,6270756.18,4,
770128.6300000001,6270756.18,3,
770128.93,6270756.18,4,
770129.23,6270756.18,5,
770129.53,6270756.18,6,
770129.8300000001,6270756.18,1,
770133.1300000001,6270756.18,1,
770133.43,6270756.18,3,
770133.73,6270756.18,4,
770134.03,6270756.18,7,
770134.3300000001,6270756.18,2,
770134.6300000001,6270756.18,1,
770134.93,6270756.18,1,
770137.93,6270756.18,1,
770138.2300000001,6270756.18,1,
770138.53,6270756.18,1,
770138.8300000001,6270756.18,6,
770139.1300000001,6270756.18,3,
770139.43,6270756.18,5,
770139.7300000001,6270756.18,1,
770142.7300000001,6270756.18,2,
770143.03,6270756.18,2,
770143.3300000001,6270756.18,5,
770143.6300000001,6270756.18,2,
770143.93,6270756.18,6,
770144.2300000001,6270756.18,1,
770144.8300000001,6270756.18,1,
770147.2300000001,6270756.18,1,
770147.53,6270756.18,3,
770147.8300000001,6270756.18,5,
770148.1300000001,6270756.18,5,
770148.43,6270756.18,4,
770148.7300000001,6270756.18,2,
770149.03,6270756.18,4,
770152.3300000001,6270756.18,2,
770152.93,6270756.18,3,
770153.2300000001,6270756.18,4,
770153.53,6270756.18,4,
770153.8300000001,6270756.18,4,
770154.1300000001,6270756.18,1,
770157.1300000001,6270756.18,2,
770157.43,6270756.18,3,
770157.7300000001,6270756.18,5,
770158.03,6270756.18,6,
770158.3300000001,6270756.18,3,
770158.6300000001,6270756.18,4,
770162.2300000001,6270756.18,1,
770162.53,6270756.18,3,
770162.8300000001,6270756.18,5,
770163.1300000001,6270756.18,4,
770163.43,6270756.18,1,
770163.7300000001,6270756.18,1,
770166.7300000001,6270756.18,1,
770167.03,6270756.18,3,
770167.3300000001,6270756.18,4,
770167.6300000001,6270756.18,6,
770167.93,6270756.18,4,
770168.2300000001,6270756.18,1,
770168.53,6270756.18,3,
770171.53,6270756.18,2,
770171.8300000001,6270756.18,4,
770172.1300000001,6270756.18,4,
770172.43,6270756.18,6,
770172.7300000001,6270756.18,6,
770173.3300000001,6270756.18,2,
770176.93,6270756.18,3,
770177.2300000001,6270756.18,3,
770177.53,6270756.18,1,
770181.1300000001,6270756.18,3,
770181.43,6270756.18,5,
770181.7300000001,6270756.18,5,
770182.03,6270756.18,5,
770182.3300000001,6270756.18,3,
770186.2300000001,6270756.18,1,
770186.53,6270756.18,3,
770186.8300000001,6270756.18,5,
770187.1300000001,6270756.18,2,
770187.43,6270756.18,2,
770187.7300000001,6270756.18,1,
770190.7300000001,6270756.18,1,
770191.03,6270756.18,4,
770191.3300000001,6270756.18,6,
770191.6300000001,6270756.18,4,
770191.93,6270756.18,5,
770195.2300000001,6270756.18,1,
770195.8300000001,6270756.18,4,
770196.1300000001,6270756.18,4,
770196.4300000002,6270756.18,3,
770196.7300000001,6270756.18,5,
770197.03,6270756.18,1,
770200.3300000001,6270756.18,1,
770200.6300000001,6270756.18,4,
770200.9300000002,6270756.18,3,
770201.2300000001,6270756.18,4,
770201.53,6270756.18,2,
770201.8300000001,6270756.18,1,
770204.8300000001,6270756.18,1,
770205.1300000001,6270756.18,3,
770205.4300000002,6270756.18,3,
770205.7300000001,6270756.18,5,
770206.03,6270756.18,3,
770206.3300000001,6270756.18,4,
770206.6300000001,6270756.18,3,
770209.9300000002,6270756.18,2,
770210.2300000001,6270756.18,2,
770210.53,6270756.18,6,
770210.8300000001,6270756.18,2,
770211.1300000001,6270756.18,3,
770211.4300000002,6270756.18,3,
770214.4300000002,6270756.18,2,
770214.7300000001,6270756.18,1,
770215.03,6270756.18,4,
770215.3300000001,6270756.18,7,
770215.6300000001,6270756.18,3,
770215.9300000002,6270756.18,3,
770216.2300000001,6270756.18,2,
770128.03,6270756.48,4,
770128.3300000001,6270756.48,3,
770128.6300000001,6270756.48,3,
770128.93,6270756.48,6,
770129.23,6270756.48,3,
770129.53,6270756.48,1,
770132.8300000001,6270756.48,1,
770133.1300000001,6270756.48,5,
770133.43,6270756.48,6,
770133.73,6270756.48,2,
770134.03,6270756.48,5,
770137.6300000001,6270756.48,3,
770137.93,6270756.48,3,
770138.2300000001,6270756.48,4,
770138.8300000001,6270756.48,1,
770141.8300000001,6270756.48,3,
770142.1300000001,6270756.48,2,
770142.43,6270756.48,4,
770142.7300000001,6270756.48,5,
770143.03,6270756.48,5,
770143.3300000001,6270756.48,4,
770143.6300000001,6270756.48,6,
770143.93,6270756.48,4,
770146.6300000001,6270756.48,2,
770147.2300000001,6270756.48,4,
770147.53,6270756.48,2,
770147.8300000001,6270756.48,2,
770148.1300000001,6270756.48,3,
770148.43,6270756.48,2,
770148.7300000001,6270756.48,1,
770151.7300000001,6270756.48,2,
770152.03,6270756.48,3,
770152.3300000001,6270756.48,3,
770152.6300000001,6270756.48,5,
770152.93,6270756.48,6,
770153.2300000001,6270756.48,1,
770153.53,6270756.48,2,
770153.8300000001,6270756.48,1,
770154.1300000001,6270756.48,1,
770156.53,6270756.48,1,
770156.8300000001,6270756.48,2,
770157.1300000001,6270756.48,4,
770157.43,6270756.48,5,
770157.7300000001,6270756.48,5,
770158.03,6270756.48,1,
770158.3300000001,6270756.48,3,
770161.6300000001,6270756.48,2,
770161.93,6270756.48,4,
770162.2300000001,6270756.48,5,
770162.53,6270756.48,6,
770162.8300000001,6270756.48,4,
770166.43,6270756.48,1,
770166.7300000001,6270756.48,3,
770167.03,6270756.48,5,
770167.3300000001,6270756.48,5,
770167.6300000001,6270756.48,4,
770167.93,6270756.48,4,
770171.2300000001,6270756.48,3,
770171.53,6270756.48,2,
770171.8300000001,6270756.48,3,
770172.1300000001,6270756.48,5,
770172.43,6270756.48,3,
770173.3300000001,6270756.48,1,
770176.6300000001,6270756.48,4,
770176.93,6270756.48,2,
770177.2300000001,6270756.48,2,
770180.53,6270756.48,2,
770180.8300000001,6270756.48,1,
770181.1300000001,6270756.48,4,
770181.43,6270756.48,4,
770181.7300000001,6270756.48,3,
770182.03,6270756.48,1,
770185.6300000001,6270756.48,2,
770185.93,6270756.48,3,
770186.2300000001,6270756.48,5,
770186.53,6270756.48,5,
770186.8300000001,6270756.48,5,
770187.1300000001,6270756.48,1,
770190.1300000001,6270756.48,1,
770190.43,6270756.48,4,
770190.7300000001,6270756.48,4,
770191.03,6270756.48,4,
770191.3300000001,6270756.48,2,
770191.6300000001,6270756.48,1,
770191.93,6270756.48,1,
770195.2300000001,6270756.48,4,
770195.53,6270756.48,6,
770195.8300000001,6270756.48,2,
770196.1300000001,6270756.48,3,
770196.7300000001,6270756.48,1,
770199.7300000001,6270756.48,2,
770200.03,6270756.48,5,
770200.3300000001,6270756.48,4,
770200.6300000001,6270756.48,1,
770200.9300000002,6270756.48,7,
770201.2300000001,6270756.48,2,
770201.53,6270756.48,3,
770204.53,6270756.48,2,
770204.8300000001,6270756.48,4,
770205.1300000001,6270756.48,5,
770205.4300000002,6270756.48,6,
770205.7300000001,6270756.48,2,
770206.03,6270756.48,3,
770209.9300000002,6270756.48,5,
770210.2300000001,6270756.48,7,
770210.53,6270756.48,4,
770210.8300000001,6270756.48,3,
770211.1300000001,6270756.48,1,
770214.1300000001,6270756.48,2,
770214.4300000002,6270756.48,6,
770214.7300000001,6270756.48,5,
770215.03,6270756.48,4,
770215.3300000001,6270756.48,3,
770215.6300000001,6270756.48,3,
770127.43,6270756.779999999,1,
770127.73,6270756.779999999,4,
770128.03,6270756.779999999,5,
770128.3300000001,6270756.779999999,4,
770128.6300000001,6270756.779999999,4,
770128.93,6270756.779999999,2,
770132.23,6270756.779999999,1,
770132.53,6270756.779999999,1,
770132.8300000001,6270756.779999999,8,
770133.1300000001,6270756.779999999,2,
770133.43,6270756.779999999,3,
770133.73,6270756.779999999,4,
770137.03,6270756.779999999,4,
770137.3300000001,6270756.779999999,4,
770137.6300000001,6270756.779999999,6,
770137.93,6270756.779999999,4,
770138.2300000001,6270756.779999999,2,
770141.8300000001,6270756.779999999,5,
770142.1300000001,6270756.779999999,5,
770142.43,6270756.779999999,6,
770142.7300000001,6270756.779999999,5,
770143.03,6270756.779999999,2,
770143.3300000001,6270756.779999999,5,
770143.6300000001,6270756.779999999,4,
770143.93,6270756.779999999,2,
770146.03,6270756.779999999,3,
770146.3300000001,6270756.779999999,1,
770146.6300000001,6270756.779999999,2,
770146.93,6270756.779999999,6,
770147.2300000001,6270756.779999999,6,
770147.53,6270756.779999999,1,
770150.53,6270756.779999999,1,
770151.1300000001,6270756.779999999,2,
770151.43,6270756.779999999,4,
770151.7300000001,6270756.779999999,1,
770152.03,6270756.779999999,4,
770152.3300000001,6270756.779999999,7,
770152.6300000001,6270756.779999999,5,
770152.93,6270756.779999999,3,
770153.2300000001,6270756.779999999,3,
770155.93,6270756.779999999,1,
770156.53,6270756.779999999,4,
770156.8300000001,6270756.779999999,3,
770157.1300000001,6270756.779999999,5,
770157.43,6270756.779999999,5,
770158.03,6270756.779999999,1,
770161.3300000001,6270756.779999999,2,
770161.6300000001,6270756.779999999,3,
770161.93,6270756.779999999,5,
770162.2300000001,6270756.779999999,3,
770162.53,6270756.779999999,3,
770165.8300000001,6270756.779999999,2,
770166.1300000001,6270756.779999999,3,
770166.43,6270756.779999999,3,
770166.7300000001,6270756.779999999,4,
770167.03,6270756.779999999,2,
770167.3300000001,6270756.779999999,4,
770167.6300000001,6270756.779999999,1,
770170.3300000001,6270756.779999999,1,
770170.6300000001,6270756.779999999,1,
770170.93,6270756.779999999,5,
770171.2300000001,6270756.779999999,5,
770171.53,6270756.779999999,6,
770171.8300000001,6270756.779999999,1,
770172.43,6270756.779999999,1,
770175.7300000001,6270756.779999999,5,
770176.3300000001,6270756.779999999,3,
770176.93,6270756.779999999,2,
770179.93,6270756.779999999,1,
770180.2300000001,6270756.779999999,2,
770180.53,6270756.779999999,5,
770180.8300000001,6270756.779999999,6,
770181.1300000001,6270756.779999999,1,
770181.43,6270756.779999999,4,
770185.03,6270756.779999999,2,
770185.3300000001,6270756.779999999,4,
770185.6300000001,6270756.779999999,6,
770185.93,6270756.779999999,5,
770186.2300000001,6270756.779999999,3,
770189.8300000001,6270756.779999999,2,
770190.1300000001,6270756.779999999,1,
770190.43,6270756.779999999,5,
770190.7300000001,6270756.779999999,4,
770191.03,6270756.779999999,2,
770194.3300000001,6270756.779999999,1,
770194.6300000001,6270756.779999999,5,
770194.93,6270756.779999999,3,
770195.2300000001,6270756.779999999,6,
770195.53,6270756.779999999,4,
770195.8300000001,6270756.779999999,5,
770199.7300000001,6270756.779999999,6,
770200.03,6270756.779999999,3,
770200.3300000001,6270756.779999999,6,
770200.6300000001,6270756.779999999,4,
770201.2300000001,6270756.779999999,1,
770204.2300000001,6270756.779999999,3,
770204.53,6270756.779999999,3,
770204.8300000001,6270756.779999999,5,
770205.1300000001,6270756.779999999,3,
770205.4300000002,6270756.779999999,2,
770205.7300000001,6270756.779999999,2,
770209.03,6270756.779999999,3,
770209.3300000001,6270756.779999999,3,
770209.6300000001,6270756.779999999,4,
770209.9300000002,6270756.779999999,5,
770210.2300000001,6270756.779999999,2,
770210.53,6270756.779999999,1,
770213.2300000001,6270756.779999999,1,
770213.53,6270756.779999999,2,
770213.8300000001,6270756.779999999,3,
770214.1300000001,6270756.779999999,4,
770214.4300000002,6270756.779999999,5,
770214.7300000001,6270756.779999999,2,
770215.03,6270756.779999999,2,
770215.3300000001,6270756.779999999,1,
770218.6300000001,6270756.779999999,2,
770127.1300000001,6270757.08,3,
770127.43,6270757.08,3,
770127.73,6270757.08,5,
770128.03,6270757.08,6,
770128.3300000001,6270757.08,2,
770131.6300000001,6270757.08,1,
770131.93,6270757.08,3,
770132.23,6270757.08,5,
770132.53,6270757.08,6,
770132.8300000001,6270757.08,3,
770133.1300000001,6270757.08,1,
770133.43,6270757.08,1,
770136.7300000001,6270757.08,3,
770137.03,6270757.08,4,
770137.3300000001,6270757.08,6,
770137.6300000001,6270757.08,2,
770137.93,6270757.08,6,
770141.2300000001,6270757.08,2,
770141.53,6270757.08,1,
770141.8300000001,6270757.08,2,
770142.1300000001,6270757.08,4,
770142.43,6270757.08,1,
770142.7300000001,6270757.08,5,
770143.03,6270757.08,1,
770143.3300000001,6270757.08,1,
770145.7300000001,6270757.08,2,
770146.03,6270757.08,2,
770146.3300000001,6270757.08,3,
770146.6300000001,6270757.08,3,
770146.93,6270757.08,4,
770147.2300000001,6270757.08,3,
770147.53,6270757.08,1,
770150.53,6270757.08,1,
770150.8300000001,6270757.08,1,
770151.1300000001,6270757.08,5,
770151.43,6270757.08,4,
770151.7300000001,6270757.08,4,
770152.03,6270757.08,1,
770152.3300000001,6270757.08,5,
770152.6300000001,6270757.08,1,
770152.93,6270757.08,1,
770155.6300000001,6270757.08,1,
770155.93,6270757.08,3,
770156.2300000001,6270757.08,5,
770156.53,6270757.08,4,
770156.8300000001,6270757.08,5,
770157.1300000001,6270757.08,4,
770160.43,6270757.08,2,
770160.7300000001,6270757.08,2,
770161.03,6270757.08,4,
770161.3300000001,6270757.08,6,
770161.6300000001,6270757.08,6,
770161.93,6270757.08,3,
770162.2300000001,6270757.08,1,
770165.53,6270757.08,6,
770165.8300000001,6270757.08,4,
770166.1300000001,6270757.08,4,
770166.43,6270757.08,3,
770166.7300000001,6270757.08,5,
770167.03,6270757.08,1,
770167.3300000001,6270757.08,1,
770170.3300000001,6270757.08,1,
770170.6300000001,6270757.08,5,
770170.93,6270757.08,5,
770171.2300000001,6270757.08,4,
770175.1300000001,6270757.08,5,
770175.43,6270757.08,4,
770175.7300000001,6270757.08,3,
770176.03,6270757.08,4,
770179.93,6270757.08,5,
770180.2300000001,6270757.08,5,
770180.53,6270757.08,4,
770180.8300000001,6270757.08,5,
770181.1300000001,6270757.08,2,
770184.43,6270757.08,1,
770184.7300000001,6270757.08,2,
770185.03,6270757.08,3,
770185.3300000001,6270757.08,5,
770185.6300000001,6270757.08,2,
770185.93,6270757.08,1,
770189.2300000001,6270757.08,1,
770189.53,6270757.08,3,
770189.8300000001,6270757.08,6,
770190.1300000001,6270757.08,3,
770190.43,6270757.08,3,
770194.03,6270757.08,4,
770194.3300000001,6270757.08,4,
770194.6300000001,6270757.08,5,
770194.93,6270757.08,2,
770195.2300000001,6270757.08,6,
770195.53,6270757.08,1,
770198.8300000001,6270757.08,2,
770199.1300000001,6270757.08,5,
770199.4300000002,6270757.08,6,
770199.7300000001,6270757.08,6,
770200.03,6270757.08,3,
770203.6300000001,6270757.08,2,
770203.9300000002,6270757.08,5,
770204.2300000001,6270757.08,5,
770204.53,6270757.08,5,
770204.8300000001,6270757.08,3,
770205.1300000001,6270757.08,3,
770208.7300000001,6270757.08,4,
770209.03,6270757.08,4,
770209.3300000001,6270757.08,5,
770209.6300000001,6270757.08,4,
770209.9300000002,6270757.08,3,
770212.9300000002,6270757.08,1,
770213.2300000001,6270757.08,2,
770213.53,6270757.08,4,
770213.8300000001,6270757.08,3,
770214.1300000001,6270757.08,4,
770214.4300000002,6270757.08,2,
770214.7300000001,6270757.08,3,
770217.7300000001,6270757.08,4,
770218.03,6270757.08,5,
770218.3300000001,6270757.08,4,
770218.6300000001,6270757.08,3,
770218.9300000002,6270757.08,3,
770127.43,6270757.38,3,
770127.73,6270757.38,4,
770131.03,6270757.38,1,
770131.3300000001,6270757.38,1,
770131.6300000001,6270757.38,2,
770131.93,6270757.38,6,
770132.23,6270757.38,5,
770132.53,6270757.38,5,
770132.8300000001,6270757.38,2,
770136.43,6270757.38,1,
770136.7300000001,6270757.38,6,
770137.03,6270757.38,6,
770137.3300000001,6270757.38,3,
770137.6300000001,6270757.38,3,
770137.93,6270757.38,1,
770140.6300000001,6270757.38,2,
770140.93,6270757.38,4,
770141.2300000001,6270757.38,2,
770141.53,6270757.38,3,
770141.8300000001,6270757.38,3,
770142.1300000001,6270757.38,2,
770142.43,6270757.38,1,
770145.1300000001,6270757.38,1,
770145.7300000001,6270757.38,6,
770146.03,6270757.38,6,
770146.3300000001,6270757.38,4,
770146.6300000001,6270757.38,4,
770146.93,6270757.38,5,
770147.2300000001,6270757.38,5,
770147.53,6270757.38,1,
770150.53,6270757.38,4,
770150.8300000001,6270757.38,5,
770151.1300000001,6270757.38,3,
770151.43,6270757.38,4,
770151.7300000001,6270757.38,5,
770152.3300000001,6270757.38,1,
770155.03,6270757.38,2,
770155.3300000001,6270757.38,1,
770155.6300000001,6270757.38,3,
770155.93,6270757.38,4,
770156.2300000001,6270757.38,5,
770156.53,6270757.38,4,
770156.8300000001,6270757.38,1,
770160.1300000001,6270757.38,1,
770160.43,6270757.38,3,
770160.7300000001,6270757.38,4,
770161.03,6270757.38,5,
770161.3300000001,6270757.38,1,
770161.6300000001,6270757.38,1,
770164.93,6270757.38,3,
770165.2300000001,6270757.38,5,
770165.53,6270757.38,3,
770165.8300000001,6270757.38,4,
770166.1300000001,6270757.38,4,
770166.43,6270757.38,1,
770169.7300000001,6270757.38,1,
770170.03,6270757.38,5,
770170.3300000001,6270757.38,4,
770170.6300000001,6270757.38,4,
770170.93,6270757.38,1,
770171.2300000001,6270757.38,2,
770174.2300000001,6270757.38,1,
770174.53,6270757.38,1,
770174.8300000001,6270757.38,3,
770175.1300000001,6270757.38,7,
770175.43,6270757.38,6,
770175.7300000001,6270757.38,2,
770176.03,6270757.38,1,
770179.03,6270757.38,4,
770179.3300000001,6270757.38,2,
770179.6300000001,6270757.38,5,
770179.93,6270757.38,8,
770180.2300000001,6270757.38,1,
770184.1300000001,6270757.38,1,
770184.43,6270757.38,4,
770184.7300000001,6270757.38,6,
770185.03,6270757.38,4,
770185.3300000001,6270757.38,5,
770185.6300000001,6270757.38,2,
770188.3300000001,6270757.38,1,
770188.6300000001,6270757.38,2,
770188.93,6270757.38,5,
770189.2300000001,6270757.38,5,
770189.53,6270757.38,5,
770189.8300000001,6270757.38,5,
770190.1300000001,6270757.38,5,
770193.7300000001,6270757.38,4,
770194.03,6270757.38,5,
770194.3300000001,6270757.38,5,
770194.6300000001,6270757.38,2,
770194.93,6270757.38,4,
770198.8300000001,6270757.38,7,
770199.1300000001,6270757.38,6,
770199.4300000002,6270757.38,4,
770199.7300000001,6270757.38,3,
770200.03,6270757.38,1,
770203.3300000001,6270757.38,4,
770203.6300000001,6270757.38,2,
770203.9300000002,6270757.38,6,
770204.2300000001,6270757.38,3,
770204.53,6270757.38,3,
770208.1300000001,6270757.38,5,
770208.4300000002,6270757.38,5,
770208.7300000001,6270757.38,4,
770209.03,6270757.38,5,
770209.3300000001,6270757.38,5,
770209.6300000001,6270757.38,2,
770212.9300000002,6270757.38,5,
770213.2300000001,6270757.38,5,
770213.53,6270757.38,2,
770213.8300000001,6270757.38,6,
770214.1300000001,6270757.38,5,
770217.4300000002,6270757.38,2,
770217.7300000001,6270757.38,3,
770218.03,6270757.38,3,
770218.3300000001,6270757.38,7,
770218.6300000001,6270757.38,2,
770218.9300000002,6270757.38,4,
770219.2300000001,6270757.38,1,
770131.03,6270757.68,2,
770131.3300000001,6270757.68,4,
770131.6300000001,6270757.68,4,
770131.93,6270757.68,1,
770132.23,6270757.68,2,
770135.53,6270757.68,1,
770136.1300000001,6270757.68,1,
770136.43,6270757.68,7,
770136.7300000001,6270757.68,2,
770137.03,6270757.68,1,
770137.3300000001,6270757.68,1,
770140.6300000001,6270757.68,2,
770140.93,6270757.68,6,
770141.2300000001,6270757.68,7,
770141.53,6270757.68,4,
770144.8300000001,6270757.68,1,
770145.1300000001,6270757.68,4,
770145.43,6270757.68,7,
770145.7300000001,6270757.68,4,
770146.03,6270757.68,4,
770146.3300000001,6270757.68,4,
770146.93,6270757.68,2,
770149.93,6270757.68,1,
770150.2300000001,6270757.68,2,
770150.53,6270757.68,4,
770150.8300000001,6270757.68,4,
770151.1300000001,6270757.68,4,
770151.43,6270757.68,3,
770151.7300000001,6270757.68,1,
770154.7300000001,6270757.68,2,
770155.03,6270757.68,1,
770155.3300000001,6270757.68,5,
770155.6300000001,6270757.68,6,
770155.93,6270757.68,2,
770156.2300000001,6270757.68,1,
770159.8300000001,6270757.68,3,
770160.1300000001,6270757.68,4,
770160.43,6270757.68,6,
770160.7300000001,6270757.68,6,
770164.6300000001,6270757.68,6,
770164.93,6270757.68,2,
770165.2300000001,6270757.68,3,
770165.53,6270757.68,4,
770165.8300000001,6270757.68,5,
770169.1300000001,6270757.68,3,
770169.43,6270757.68,5,
770169.7300000001,6270757.68,4,
770170.03,6270757.68,4,
770170.3300000001,6270757.68,5,
770170.6300000001,6270757.68,1,
770174.2300000001,6270757.68,2,
770174.53,6270757.68,2,
770174.8300000001,6270757.68,4,
770175.1300000001,6270757.68,5,
770175.43,6270757.68,4,
770179.03,6270757.68,4,
770179.3300000001,6270757.68,6,
770179.6300000001,6270757.68,3,
770179.93,6270757.68,2,
770183.53,6270757.68,1,
770183.8300000001,6270757.68,1,
770184.1300000001,6270757.68,5,
770184.43,6270757.68,4,
770184.7300000001,6270757.68,4,
770185.03,6270757.68,2,
770187.7300000001,6270757.68,1,
770188.03,6270757.68,1,
770188.3300000001,6270757.68,4,
770188.6300000001,6270757.68,1,
770188.93,6270757.68,6,
770189.2300000001,6270757.68,6,
770189.53,6270757.68,1,
770193.1300000001,6270757.68,1,
770193.43,6270757.68,3,
770193.7300000001,6270757.68,4,
770194.03,6270757.68,4,
770194.3300000001,6270757.68,2,
770194.6300000001,6270757.68,3,
770197.9300000002,6270757.68,1,
770198.2300000001,6270757.68,4,
770198.53,6270757.68,5,
770198.8300000001,6270757.68,3,
770199.1300000001,6270757.68,1,
770199.4300000002,6270757.68,1,
770202.7300000001,6270757.68,2,
770203.03,6270757.68,6,
770203.3300000001,6270757.68,3,
770203.6300000001,6270757.68,5,
770203.9300000002,6270757.68,2,
770204.2300000001,6270757.68,1,
770207.53,6270757.68,2,
770207.8300000001,6270757.68,3,
770208.1300000001,6270757.68,4,
770208.4300000002,6270757.68,6,
770208.7300000001,6270757.68,3,
770209.03,6270757.68,3,
770209.3300000001,6270757.68,1,
770212.3300000001,6270757.68,2,
770212.6300000001,6270757.68,4,
770212.9300000002,6270757.68,3,
770213.2300000001,6270757.68,5,
770213.53,6270757.68,1,
770216.8300000001,6270757.68,3,
770217.1300000001,6270757.68,2,
770217.4300000002,6270757.68,5,
770217.7300000001,6270757.68,4,
770218.03,6270757.68,5,
770218.3300000001,6270757.68,3,
770218.6300000001,6270757.68,2,
770218.9300000002,6270757.68,3,
770130.43,6270757.98,1,
770131.03,6270757.98,6,
770131.3300000001,6270757.98,3,
770131.6300000001,6270757.98,5,
770131.93,6270757.98,1,
770135.23,6270757.98,1,
770135.53,6270757.98,4,
770135.8300000001,6270757.98,5,
770136.1300000001,6270757.98,5,
770136.43,6270757.98,4,
770136.7300000001,6270757.98,3,
770139.7300000001,6270757.98,1,
770140.03,6270757.98,5,
770140.3300000001,6270757.98,5,
770140.6300000001,6270757.98,6,
770140.93,6270757.98,2,
770141.2300000001,6270757.98,3,
770141.53,6270757.98,3,
770141.8300000001,6270757.98,3,
770144.53,6270757.98,2,
770144.8300000001,6270757.98,6,
770145.1300000001,6270757.98,3,
770145.43,6270757.98,5,
770145.7300000001,6270757.98,3,
770146.03,6270757.98,4,
770146.3300000001,6270757.98,2,
770149.3300000001,6270757.98,1,
770149.93,6270757.98,4,
770150.2300000001,6270757.98,2,
770150.53,6270757.98,5,
770150.8300000001,6270757.98,6,
770154.1300000001,6270757.98,4,
770154.43,6270757.98,3,
770154.7300000001,6270757.98,7,
770155.03,6270757.98,5,
770155.3300000001,6270757.98,6,
770155.6300000001,6270757.98,1,
770159.2300000001,6270757.98,1,
770159.53,6270757.98,2,
770159.8300000001,6270757.98,4,
770160.1300000001,6270757.98,5,
770160.43,6270757.98,5,
770160.7300000001,6270757.98,4,
770163.7300000001,6270757.98,1,
770164.03,6270757.98,3,
770164.3300000001,6270757.98,4,
770164.6300000001,6270757.98,5,
770164.93,6270757.98,5,
770165.2300000001,6270757.98,4,
770168.53,6270757.98,1,
770168.8300000001,6270757.98,1,
770169.1300000001,6270757.98,4,
770169.43,6270757.98,7,
770169.7300000001,6270757.98,4,
770170.03,6270757.98,2,
770173.3300000001,6270757.98,1,
770173.6300000001,6270757.98,3,
770173.93,6270757.98,3,
770174.2300000001,6270757.98,4,
770174.53,6270757.98,6,
770174.8300000001,6270757.98,3,
770175.1300000001,6270757.98,1,
770179.03,6270757.98,3,
770179.3300000001,6270757.98,2,
770179.6300000001,6270757.98,1,
770183.2300000001,6270757.98,2,
770183.53,6270757.98,2,
770183.8300000001,6270757.98,6,
770184.1300000001,6270757.98,5,
770184.43,6270757.98,5,
770187.7300000001,6270757.98,1,
770188.03,6270757.98,6,
770188.3300000001,6270757.98,2,
770188.6300000001,6270757.98,6,
770188.93,6270757.98,3,
770189.2300000001,6270757.98,2,
770192.53,6270757.98,2,
770192.8300000001,6270757.98,2,
770193.1300000001,6270757.98,5,
770193.43,6270757.98,2,
770193.7300000001,6270757.98,4,
770194.03,6270757.98,5,
770194.3300000001,6270757.98,2,
770194.6300000001,6270757.98,1,
770197.3300000001,6270757.98,1,
770197.6300000001,6270757.98,1,
770197.9300000002,6270757.98,5,
770198.2300000001,6270757.98,3,
770198.53,6270757.98,1,
770201.8300000001,6270757.98,1,
770202.1300000001,6270757.98,1,
770202.4300000002,6270757.98,7,
770202.7300000001,6270757.98,3,
770203.03,6270757.98,5,
770203.3300000001,6270757.98,5,
770203.6300000001,6270757.98,1,
770207.2300000001,6270757.98,4,
770207.53,6270757.98,4,
770207.8300000001,6270757.98,3,
770208.1300000001,6270757.98,4,
770208.4300000002,6270757.98,4,
770208.7300000001,6270757.98,1,
770211.7300000001,6270757.98,1,
770212.03,6270757.98,2,
770212.3300000001,6270757.98,5,
770212.6300000001,6270757.98,3,
770212.9300000002,6270757.98,5,
770213.2300000001,6270757.98,2,
770213.53,6270757.98,1,
770215.9300000002,6270757.98,1,
770216.8300000001,6270757.98,6,
770217.1300000001,6270757.98,4,
770217.4300000002,6270757.98,5,
770217.7300000001,6270757.98,3,
770218.03,6270757.98,2,
770129.23,6270758.279999999,1,
770129.8300000001,6270758.279999999,2,
770130.1300000001,6270758.279999999,6,
770130.43,6270758.279999999,6,
770130.73,6270758.279999999,3,
770131.03,6270758.279999999,3,
770131.3300000001,6270758.279999999,3,
770134.3300000001,6270758.279999999,1,
770134.6300000001,6270758.279999999,1,
770134.93,6270758.279999999,4,
770135.23,6270758.279999999,3,
770135.53,6270758.279999999,5,
770135.8300000001,6270758.279999999,3,
770136.1300000001,6270758.279999999,3,
770136.43,6270758.279999999,1,
770139.7300000001,6270758.279999999,3,
770140.03,6270758.279999999,6,
770140.3300000001,6270758.279999999,5,
770140.6300000001,6270758.279999999,3,
770140.93,6270758.279999999,3,
770141.2300000001,6270758.279999999,4,
770141.53,6270758.279999999,4,
770144.2300000001,6270758.279999999,7,
770144.53,6270758.279999999,7,
770144.8300000001,6270758.279999999,3,
770145.1300000001,6270758.279999999,3,
770145.43,6270758.279999999,3,
770145.7300000001,6270758.279999999,5,
770149.3300000001,6270758.279999999,3,
770149.6300000001,6270758.279999999,6,
770149.93,6270758.279999999,2,
770150.2300000001,6270758.279999999,8,
770150.53,6270758.279999999,2,
770150.8300000001,6270758.279999999,1,
770153.8300000001,6270758.279999999,2,
770154.1300000001,6270758.279999999,1,
770154.43,6270758.279999999,6,
770154.7300000001,6270758.279999999,5,
770155.03,6270758.279999999,3,
770155.3300000001,6270758.279999999,3,
770158.93,6270758.279999999,1,
770159.2300000001,6270758.279999999,3,
770159.53,6270758.279999999,5,
770159.8300000001,6270758.279999999,4,
770160.1300000001,6270758.279999999,3,
770160.43,6270758.279999999,3,
770163.7300000001,6270758.279999999,4,
770164.03,6270758.279999999,4,
770164.3300000001,6270758.279999999,5,
770164.6300000001,6270758.279999999,3,
770164.93,6270758.279999999,2,
770165.2300000001,6270758.279999999,1,
770168.2300000001,6270758.279999999,2,
770168.53,6270758.279999999,4,
770168.8300000001,6270758.279999999,4,
770169.1300000001,6270758.279999999,6,
770169.43,6270758.279999999,1,
770169.7300000001,6270758.279999999,1,
770170.03,6270758.279999999,1,
770173.03,6270758.279999999,4,
770173.3300000001,6270758.279999999,4,
770173.6300000001,6270758.279999999,4,
770173.93,6270758.279999999,5,
770174.2300000001,6270758.279999999,3,
770174.53,6270758.279999999,1,
770177.8300000001,6270758.279999999,1,
770178.1300000001,6270758.279999999,2,
770182.6300000001,6270758.279999999,1,
770182.93,6270758.279999999,2,
770183.2300000001,6270758.279999999,6,
770183.53,6270758.279999999,3,
770183.8300000001,6270758.279999999,4,
770184.1300000001,6270758.279999999,1,
770187.43,6270758.279999999,6,
770187.7300000001,6270758.279999999,5,
770188.03,6270758.279999999,1,
770188.3300000001,6270758.279999999,4,
770188.6300000001,6270758.279999999,2,
770188.93,6270758.279999999,3,
770192.2300000001,6270758.279999999,2,
770192.53,6270758.279999999,3,
770192.8300000001,6270758.279999999,7,
770193.1300000001,6270758.279999999,4,
770193.43,6270758.279999999,3,
770194.03,6270758.279999999,1,
770197.03,6270758.279999999,2,
770197.3300000001,6270758.279999999,3,
770197.6300000001,6270758.279999999,6,
770197.9300000002,6270758.279999999,6,
770198.2300000001,6270758.279999999,3,
770201.53,6270758.279999999,2,
770201.8300000001,6270758.279999999,3,
770202.1300000001,6270758.279999999,3,
770202.4300000002,6270758.279999999,5,
770202.7300000001,6270758.279999999,6,
770203.03,6270758.279999999,3,
770206.3300000001,6270758.279999999,1,
770206.9300000002,6270758.279999999,3,
770207.2300000001,6270758.279999999,6,
770207.53,6270758.279999999,4,
770207.8300000001,6270758.279999999,6,
770208.1300000001,6270758.279999999,3,
770208.4300000002,6270758.279999999,1,
770211.1300000001,6270758.279999999,1,
770211.4300000002,6270758.279999999,5,
770211.7300000001,6270758.279999999,4,
770212.03,6270758.279999999,4,
770212.3300000001,6270758.279999999,6,
770212.6300000001,6270758.279999999,3,
770216.2300000001,6270758.279999999,2,
770216.53,6270758.279999999,6,
770216.8300000001,6270758.279999999,6,
770217.1300000001,6270758.279999999,2,
770217.4300000002,6270758.279999999,4,
770217.7300000001,6270758.279999999,1,
770129.23,6270758.58,1,
770129.53,6270758.58,3,
770129.8300000001,6270758.58,5,
770130.1300000001,6270758.58,6,
770130.43,6270758.58,3,
770130.73,6270758.58,4,
770133.73,6270758.58,1,
770134.03,6270758.58,1,
770134.3300000001,6270758.58,3,
770134.6300000001,6270758.58,6,
770134.93,6270758.58,7,
770135.23,6270758.58,2,
770135.53,6270758.58,3,
770138.8300000001,6270758.58,2,
770139.1300000001,6270758.58,2,
770139.7300000001,6270758.58,1,
770140.03,6270758.58,4,
770140.3300000001,6270758.58,6,
770140.6300000001,6270758.58,1,
770143.93,6270758.58,1,
770144.53,6270758.58,3,
770144.8300000001,6270758.58,1,
770145.1300000001,6270758.58,2,
770145.43,6270758.58,3,
770148.1300000001,6270758.58,1,
770148.43,6270758.58,2,
770148.7300000001,6270758.58,2,
770149.03,6270758.58,4,
770149.3300000001,6270758.58,4,
770149.6300000001,6270758.58,2,
770149.93,6270758.58,4,
770150.8300000001,6270758.58,2,
770153.53,6270758.58,3,
770153.8300000001,6270758.58,3,
770154.1300000001,6270758.58,5,
770154.43,6270758.58,6,
770154.7300000001,6270758.58,3,
770155.03,6270758.58,3,
770158.03,6270758.58,1,
770158.3300000001,6270758.58,1,
770158.6300000001,6270758.58,2,
770158.93,6270758.58,1,
770159.2300000001,6270758.58,4,
770159.53,6270758.58,2,
770162.8300000001,6270758.58,1,
770163.1300000001,6270758.58,1,
770163.43,6270758.58,1,
770163.7300000001,6270758.58,4,
770164.03,6270758.58,4,
770164.3300000001,6270758.58,4,
770164.6300000001,6270758.58,2,
770167.6300000001,6270758.58,2,
770167.93,6270758.58,4,
770168.2300000001,6270758.58,5,
770168.53,6270758.58,2,
770168.8300000001,6270758.58,5,
770169.1300000001,6270758.58,1,
770172.43,6270758.58,1,
770172.7300000001,6270758.58,3,
770173.03,6270758.58,4,
770173.3300000001,6270758.58,3,
770173.6300000001,6270758.58,4,
770173.93,6270758.58,2,
770176.93,6270758.58,1,
770177.53,6270758.58,2,
770177.8300000001,6270758.58,7,
770182.03,6270758.58,1,
770182.3300000001,6270758.58,3,
770182.6300000001,6270758.58,4,
770182.93,6270758.58,4,
770183.2300000001,6270758.58,4,
770186.8300000001,6270758.58,3,
770187.1300000001,6270758.58,5,
770187.43,6270758.58,4,
770187.7300000001,6270758.58,3,
770188.03,6270758.58,4,
770188.3300000001,6270758.58,3,
770188.6300000001,6270758.58,3,
770191.93,6270758.58,2,
770192.2300000001,6270758.58,4,
770192.53,6270758.58,6,
770192.8300000001,6270758.58,3,
770193.1300000001,6270758.58,4,
770196.4300000002,6270758.58,2,
770196.7300000001,6270758.58,6,
770197.03,6270758.58,4,
770197.3300000001,6270758.58,5,
770197.6300000001,6270758.58,5,
770197.9300000002,6270758.58,1,
770201.53,6270758.58,5,
770201.8300000001,6270758.58,4,
770202.1300000001,6270758.58,7,
770202.4300000002,6270758.58,4,
770206.3300000001,6270758.58,5,
770206.6300000001,6270758.58,3,
770206.9300000002,6270758.58,6,
770207.2300000001,6270758.58,3,
770207.53,6270758.58,1,
770211.1300000001,6270758.58,4,
770211.4300000002,6270758.58,2,
770211.7300000001,6270758.58,5,
770212.03,6270758.58,4,
770212.3300000001,6270758.58,1,
770215.9300000002,6270758.58,6,
770216.2300000001,6270758.58,5,
770216.53,6270758.58,4,
770216.8300000001,6270758.58,2,
770128.6300000001,6270758.88,1,
770128.93,6270758.88,3,
770129.23,6270758.88,1,
770129.53,6270758.88,6,
770129.8300000001,6270758.88,4,
770130.1300000001,6270758.88,2,
770130.43,6270758.88,3,
770133.73,6270758.88,5,
770134.03,6270758.88,4,
770134.3300000001,6270758.88,4,
770134.6300000001,6270758.88,5,
770134.93,6270758.88,3,
770135.23,6270758.88,1,
770138.53,6270758.88,2,
770138.8300000001,6270758.88,4,
770139.1300000001,6270758.88,5,
770139.43,6270758.88,1,
770143.3300000001,6270758.88,1,
770143.6300000001,6270758.88,4,
770143.93,6270758.88,5,
770148.1300000001,6270758.88,5,
770148.43,6270758.88,2,
770148.7300000001,6270758.88,3,
770149.03,6270758.88,4,
770149.3300000001,6270758.88,6,
770149.6300000001,6270758.88,2,
770149.93,6270758.88,4,
770152.6300000001,6270758.88,1,
770152.93,6270758.88,2,
770153.2300000001,6270758.88,6,
770153.53,6270758.88,3,
770153.8300000001,6270758.88,4,
770154.1300000001,6270758.88,3,
770154.43,6270758.88,3,
770157.7300000001,6270758.88,1,
770158.03,6270758.88,3,
770158.3300000001,6270758.88,4,
770158.6300000001,6270758.88,5,
770158.93,6270758.88,1,
770159.53,6270758.88,1,
770162.53,6270758.88,1,
770162.8300000001,6270758.88,1,
770163.1300000001,6270758.88,4,
770163.43,6270758.88,3,
770163.7300000001,6270758.88,1,
770164.03,6270758.88,1,
770164.3300000001,6270758.88,1,
770167.3300000001,6270758.88,4,
770167.6300000001,6270758.88,4,
770167.93,6270758.88,5,
770168.2300000001,6270758.88,4,
770168.53,6270758.88,3,
770172.1300000001,6270758.88,1,
770172.43,6270758.88,5,
770172.7300000001,6270758.88,2,
770173.03,6270758.88,7,
770173.3300000001,6270758.88,2,
770173.6300000001,6270758.88,1,
770176.3300000001,6270758.88,1,
770176.6300000001,6270758.88,1,
770176.93,6270758.88,6,
770177.2300000001,6270758.88,7,
770177.53,6270758.88,6,
770181.7300000001,6270758.88,1,
770182.03,6270758.88,2,
770182.3300000001,6270758.88,2,
770182.6300000001,6270758.88,5,
770182.93,6270758.88,2,
770183.2300000001,6270758.88,1,
770186.53,6270758.88,2,
770186.8300000001,6270758.88,5,
770187.1300000001,6270758.88,4,
770187.43,6270758.88,5,
770187.7300000001,6270758.88,2,
770191.3300000001,6270758.88,1,
770191.6300000001,6270758.88,2,
770191.93,6270758.88,3,
770192.2300000001,6270758.88,4,
770192.53,6270758.88,3,
770192.8300000001,6270758.88,1,
770196.1300000001,6270758.88,3,
770196.4300000002,6270758.88,6,
770196.7300000001,6270758.88,3,
770197.03,6270758.88,5,
770197.3300000001,6270758.88,2,
770200.6300000001,6270758.88,1,
770200.9300000002,6270758.88,2,
770201.2300000001,6270758.88,1,
770201.53,6270758.88,3,
770201.8300000001,6270758.88,7,
770202.1300000001,6270758.88,1,
770205.7300000001,6270758.88,1,
770206.03,6270758.88,3,
770206.3300000001,6270758.88,4,
770206.6300000001,6270758.88,6,
770206.9300000002,6270758.88,5,
770207.2300000001,6270758.88,6,
770207.53,6270758.88,1,
770210.2300000001,6270758.88,1,
770210.53,6270758.88,3,
770210.8300000001,6270758.88,6,
770211.1300000001,6270758.88,3,
770211.4300000002,6270758.88,4,
770211.7300000001,6270758.88,4,
770212.03,6270758.88,1,
770215.03,6270758.88,1,
770215.3300000001,6270758.88,4,
770215.6300000001,6270758.88,5,
770215.9300000002,6270758.88,3,
770216.2300000001,6270758.88,5,
770216.53,6270758.88,2,
770219.53,6270758.88,1,
770219.8300000001,6270758.88,1,
770128.6300000001,6270759.18,4,
770128.93,6270759.18,6,
770129.23,6270759.18,5,
770129.53,6270759.18,3,
770129.8300000001,6270759.18,5,
770132.53,6270759.18,1,
770132.8300000001,6270759.18,4,
770133.1300000001,6270759.18,1,
770133.43,6270759.18,3,
770133.73,6270759.18,4,
770134.03,6270759.18,3,
770134.3300000001,6270759.18,4,
770134.6300000001,6270759.18,1,
770134.93,6270759.18,1,
770137.93,6270759.18,1,
770138.2300000001,6270759.18,1,
770138.53,6270759.18,3,
770138.8300000001,6270759.18,4,
770139.1300000001,6270759.18,5,
770139.43,6270759.18,2,
770142.43,6270759.18,2,
770142.7300000001,6270759.18,5,
770143.03,6270759.18,2,
770143.3300000001,6270759.18,4,
770143.6300000001,6270759.18,1,
770143.93,6270759.18,5,
770144.2300000001,6270759.18,2,
770147.2300000001,6270759.18,1,
770147.53,6270759.18,3,
770147.8300000001,6270759.18,6,
770148.1300000001,6270759.18,4,
770148.43,6270759.18,4,
770148.7300000001,6270759.18,3,
770149.03,6270759.18,7,
770149.3300000001,6270759.18,3,
770152.3300000001,6270759.18,1,
770152.6300000001,6270759.18,4,
770152.93,6270759.18,4,
770153.2300000001,6270759.18,7,
770153.53,6270759.18,4,
770153.8300000001,6270759.18,5,
770157.43,6270759.18,3,
770157.7300000001,6270759.18,4,
770158.03,6270759.18,4,
770158.3300000001,6270759.18,5,
770158.6300000001,6270759.18,4,
770161.93,6270759.18,1,
770162.2300000001,6270759.18,2,
770162.53,6270759.18,4,
770162.8300000001,6270759.18,4,
770163.1300000001,6270759.18,4,
770163.43,6270759.18,4,
770163.7300000001,6270759.18,1,
770166.7300000001,6270759.18,1,
770167.03,6270759.18,4,
770167.3300000001,6270759.18,6,
770167.6300000001,6270759.18,2,
770167.93,6270759.18,6,
770168.2300000001,6270759.18,2,
770171.53,6270759.18,1,
770171.8300000001,6270759.18,5,
770172.1300000001,6270759.18,6,
770172.43,6270759.18,5,
770172.7300000001,6270759.18,5,
770173.03,6270759.18,4,
770173.3300000001,6270759.18,1,
770176.03,6270759.18,1,
770176.3300000001,6270759.18,4,
770176.6300000001,6270759.18,4,
770176.93,6270759.18,5,
770177.2300000001,6270759.18,1,
770181.1300000001,6270759.18,1,
770181.43,6270759.18,1,
770181.7300000001,6270759.18,6,
770182.03,6270759.18,5,
770182.3300000001,6270759.18,4,
770185.93,6270759.18,1,
770186.2300000001,6270759.18,2,
770186.53,6270759.18,3,
770186.8300000001,6270759.18,5,
770187.1300000001,6270759.18,5,
770187.43,6270759.18,3,
770191.03,6270759.18,3,
770191.3300000001,6270759.18,4,
770191.6300000001,6270759.18,4,
770191.93,6270759.18,1,
770195.53,6270759.18,3,
770195.8300000001,6270759.18,8,
770196.1300000001,6270759.18,6,
770196.4300000002,6270759.18,4,
770196.7300000001,6270759.18,1,
770197.3300000001,6270759.18,1,
770200.3300000001,6270759.18,4,
770200.6300000001,6270759.18,3,
770200.9300000002,6270759.18,5,
770201.2300000001,6270759.18,5,
770201.8300000001,6270759.18,1,
770205.4300000002,6270759.18,3,
770205.7300000001,6270759.18,3,
770206.03,6270759.18,6,
770206.3300000001,6270759.18,4,
770206.6300000001,6270759.18,1,
770210.2300000001,6270759.18,5,
770210.53,6270759.18,5,
770210.8300000001,6270759.18,4,
770211.1300000001,6270759.18,4,
770211.4300000002,6270759.18,1,
770214.7300000001,6270759.18,2,
770215.03,6270759.18,4,
770215.3300000001,6270759.18,5,
770215.6300000001,6270759.18,4,
770215.9300000002,6270759.18,3,
770219.2300000001,6270759.18,2,
770219.53,6270759.18,3,
770219.8300000001,6270759.18,4,
770220.1300000001,6270759.18,3,
770128.6300000001,6270759.48,2,
770128.93,6270759.48,3,
770129.23,6270759.48,1,
770129.53,6270759.48,1,
770132.53,6270759.48,1,
770132.8300000001,6270759.48,4,
770133.1300000001,6270759.48,5,
770133.43,6270759.48,5,
770133.73,6270759.48,7,
770134.03,6270759.48,1,
770134.3300000001,6270759.48,4,
770134.6300000001,6270759.48,2,
770137.6300000001,6270759.48,5,
770137.93,6270759.48,1,
770138.2300000001,6270759.48,4,
770138.53,6270759.48,3,
770138.8300000001,6270759.48,6,
770139.1300000001,6270759.48,4,
770141.53,6270759.48,1,
770141.8300000001,6270759.48,1,
770142.1300000001,6270759.48,1,
770142.43,6270759.48,6,
770142.7300000001,6270759.48,4,
770143.03,6270759.48,5,
770143.3300000001,6270759.48,5,
770143.93,6270759.48,3,
770144.2300000001,6270759.48,1,
770146.93,6270759.48,3,
770147.2300000001,6270759.48,3,
770147.53,6270759.48,6,
770147.8300000001,6270759.48,4,
770148.1300000001,6270759.48,4,
770148.43,6270759.48,4,
770148.7300000001,6270759.48,3,
770149.03,6270759.48,1,
770151.7300000001,6270759.48,1,
770152.03,6270759.48,4,
770152.3300000001,6270759.48,6,
770152.6300000001,6270759.48,2,
770152.93,6270759.48,4,
770156.8300000001,6270759.48,1,
770157.1300000001,6270759.48,5,
770157.43,6270759.48,5,
770157.7300000001,6270759.48,5,
770158.03,6270759.48,4,
770161.6300000001,6270759.48,1,
770161.93,6270759.48,5,
770162.2300000001,6270759.48,4,
770162.53,6270759.48,5,
770162.8300000001,6270759.48,3,
770163.1300000001,6270759.48,1,
770165.8300000001,6270759.48,1,
770166.43,6270759.48,2,
770166.7300000001,6270759.48,6,
770167.03,6270759.48,4,
770167.3300000001,6270759.48,4,
770167.6300000001,6270759.48,2,
770167.93,6270759.48,1,
770171.2300000001,6270759.48,1,
770171.53,6270759.48,4,
770171.8300000001,6270759.48,6,
770172.1300000001,6270759.48,4,
770172.43,6270759.48,1,
770175.43,6270759.48,2,
770175.7300000001,6270759.48,3,
770176.03,6270759.48,6,
770176.3300000001,6270759.48,5,
770176.6300000001,6270759.48,4,
770176.93,6270759.48,1,
770180.53,6270759.48,1,
770180.8300000001,6270759.48,4,
770181.1300000001,6270759.48,3,
770181.43,6270759.48,5,
770181.7300000001,6270759.48,5,
770182.03,6270759.48,3,
770182.3300000001,6270759.48,2,
770185.3300000001,6270759.48,1,
770185.6300000001,6270759.48,4,
770185.93,6270759.48,4,
770186.2300000001,6270759.48,4,
770186.53,6270759.48,3,
770186.8300000001,6270759.48,4,
770187.1300000001,6270759.48,1,
770190.7300000001,6270759.48,4,
770191.03,6270759.48,7,
770191.3300000001,6270759.48,2,
770191.6300000001,6270759.48,1,
770194.6300000001,6270759.48,2,
770195.2300000001,6270759.48,4,
770195.53,6270759.48,3,
770195.8300000001,6270759.48,6,
770196.1300000001,6270759.48,3,
770196.4300000002,6270759.48,1,
770199.4300000002,6270759.48,1,
770199.7300000001,6270759.48,2,
770200.03,6270759.48,5,
770200.3300000001,6270759.48,2,
770200.6300000001,6270759.48,5,
770200.9300000002,6270759.48,2,
770204.53,6270759.48,2,
770204.8300000001,6270759.48,3,
770205.1300000001,6270759.48,5,
770205.4300000002,6270759.48,4,
770205.7300000001,6270759.48,2,
770206.03,6270759.48,1,
770209.3300000001,6270759.48,1,
770209.6300000001,6270759.48,3,
770209.9300000002,6270759.48,7,
770210.2300000001,6270759.48,3,
770210.53,6270759.48,4,
770210.8300000001,6270759.48,2,
770213.8300000001,6270759.48,1,
770214.1300000001,6270759.48,3,
770214.4300000002,6270759.48,4,
770214.7300000001,6270759.48,4,
770215.03,6270759.48,5,
770215.3300000001,6270759.48,5,
770215.9300000002,6270759.48,2,
770218.6300000001,6270759.48,2,
770218.9300000002,6270759.48,2,
770219.2300000001,6270759.48,5,
770219.53,6270759.48,3,
770219.8300000001,6270759.48,5,
770220.1300000001,6270759.48,2,
770131.6300000001,6270759.779999999,1,
770131.93,6270759.779999999,2,
770132.23,6270759.779999999,1,
770132.53,6270759.779999999,6,
770132.8300000001,6270759.779999999,2,
770133.1300000001,6270759.779999999,5,
770133.43,6270759.779999999,3,
770133.73,6270759.779999999,3,
770134.03,6270759.779999999,1,
770136.7300000001,6270759.779999999,1,
770137.03,6270759.779999999,3,
770137.3300000001,6270759.779999999,5,
770137.6300000001,6270759.779999999,6,
770137.93,6270759.779999999,5,
770138.2300000001,6270759.779999999,2,
770138.53,6270759.779999999,4,
770138.8300000001,6270759.779999999,3,
770139.1300000001,6270759.779999999,3,
770141.53,6270759.779999999,4,
770141.8300000001,6270759.779999999,5,
770142.1300000001,6270759.779999999,5,
770142.43,6270759.779999999,3,
770142.7300000001,6270759.779999999,4,
770143.03,6270759.779999999,5,
770143.3300000001,6270759.779999999,3,
770146.6300000001,6270759.779999999,5,
770146.93,6270759.779999999,5,
770147.2300000001,6270759.779999999,3,
770147.53,6270759.779999999,3,
770147.8300000001,6270759.779999999,6,
770148.1300000001,6270759.779999999,1,
770151.43,6270759.779999999,2,
770151.7300000001,6270759.779999999,5,
770152.03,6270759.779999999,6,
770152.3300000001,6270759.779999999,4,
770152.6300000001,6270759.779999999,4,
770156.2300000001,6270759.779999999,2,
770156.53,6270759.779999999,2,
770156.8300000001,6270759.779999999,6,
770157.1300000001,6270759.779999999,4,
770157.43,6270759.779999999,3,
770157.7300000001,6270759.779999999,3,
770161.03,6270759.779999999,3,
770161.3300000001,6270759.779999999,5,
770161.6300000001,6270759.779999999,2,
770161.93,6270759.779999999,6,
770162.2300000001,6270759.779999999,4,
770162.53,6270759.779999999,2,
770165.8300000001,6270759.779999999,3,
770166.1300000001,6270759.779999999,6,
770166.43,6270759.779999999,6,
770166.7300000001,6270759.779999999,4,
770167.03,6270759.779999999,3,
770167.3300000001,6270759.779999999,1,
770170.6300000001,6270759.779999999,1,
770170.93,6270759.779999999,5,
770171.2300000001,6270759.779999999,3,
770171.53,6270759.779999999,6,
770171.8300000001,6270759.779999999,4,
770174.8300000001,6270759.779999999,2,
770175.1300000001,6270759.779999999,3,
770175.43,6270759.779999999,4,
770175.7300000001,6270759.779999999,6,
770176.03,6270759.779999999,5,
770176.3300000001,6270759.779999999,2,
770180.2300000001,6270759.779999999,2,
770180.53,6270759.779999999,3,
770180.8300000001,6270759.779999999,4,
770181.1300000001,6270759.779999999,3,
770181.43,6270759.779999999,3,
770181.7300000001,6270759.779999999,1,
770184.43,6270759.779999999,1,
770184.7300000001,6270759.779999999,2,
770185.03,6270759.779999999,1,
770185.3300000001,6270759.779999999,5,
770185.6300000001,6270759.779999999,5,
770185.93,6270759.779999999,4,
770186.2300000001,6270759.779999999,3,
770186.53,6270759.779999999,1,
770186.8300000001,6270759.779999999,2,
770187.1300000001,6270759.779999999,1,
770189.53,6270759.779999999,1,
770189.8300000001,6270759.779999999,3,
770190.1300000001,6270759.779999999,2,
770190.43,6270759.779999999,2,
770190.7300000001,6270759.779999999,3,
770191.03,6270759.779999999,2,
770194.3300000001,6270759.779999999,2,
770194.93,6270759.779999999,4,
770195.2300000001,6270759.779999999,4,
770195.53,6270759.779999999,3,
770195.8300000001,6270759.779999999,3,
770199.4300000002,6270759.779999999,4,
770199.7300000001,6270759.779999999,3,
770200.03,6270759.779999999,2,
770200.3300000001,6270759.779999999,6,
770200.6300000001,6270759.779999999,1,
770204.2300000001,6270759.779999999,2,
770204.53,6270759.779999999,3,
770204.8300000001,6270759.779999999,4,
770205.1300000001,6270759.779999999,5,
770205.4300000002,6270759.779999999,3,
770208.7300000001,6270759.779999999,1,
770209.03,6270759.779999999,2,
770209.3300000001,6270759.779999999,5,
770209.6300000001,6270759.779999999,5,
770209.9300000002,6270759.779999999,3,
770210.2300000001,6270759.779999999,4,
770213.8300000001,6270759.779999999,2,
770214.1300000001,6270759.779999999,2,
770214.4300000002,6270759.779999999,3,
770214.7300000001,6270759.779999999,6,
770215.03,6270759.779999999,3,
770215.3300000001,6270759.779999999,1,
770218.6300000001,6270759.779999999,3,
770218.9300000002,6270759.779999999,5,
770219.2300000001,6270759.779999999,4,
770219.53,6270759.779999999,5,
770219.8300000001,6270759.779999999,2,
770220.1300000001,6270759.779999999,5,
770131.03,6270760.08,1,
770131.6300000001,6270760.08,2,
770131.93,6270760.08,6,
770132.23,6270760.08,5,
770132.53,6270760.08,4,
770132.8300000001,6270760.08,5,
770133.1300000001,6270760.08,1,
770133.43,6270760.08,1,
770133.73,6270760.08,1,
770136.7300000001,6270760.08,4,
770137.03,6270760.08,4,
770137.3300000001,6270760.08,4,
770137.93,6270760.08,4,
770138.2300000001,6270760.08,3,
770138.53,6270760.08,2,
770138.8300000001,6270760.08,1,
770140.3300000001,6270760.08,1,
770140.6300000001,6270760.08,1,
770140.93,6270760.08,1,
770141.2300000001,6270760.08,5,
770141.53,6270760.08,6,
770141.8300000001,6270760.08,4,
770142.1300000001,6270760.08,4,
770142.43,6270760.08,1,
770146.03,6270760.08,1,
770146.3300000001,6270760.08,5,
770146.6300000001,6270760.08,1,
770146.93,6270760.08,3,
770147.2300000001,6270760.08,4,
770147.53,6270760.08,1,
770151.1300000001,6270760.08,3,
770151.43,6270760.08,4,
770151.7300000001,6270760.08,5,
770152.03,6270760.08,4,
770155.6300000001,6270760.08,1,
770156.2300000001,6270760.08,2,
770156.53,6270760.08,4,
770156.8300000001,6270760.08,4,
770157.1300000001,6270760.08,4,
770157.7300000001,6270760.08,1,
770160.7300000001,6270760.08,1,
770161.03,6270760.08,4,
770161.3300000001,6270760.08,4,
770161.6300000001,6270760.08,4,
770161.93,6270760.08,3,
770165.2300000001,6270760.08,2,
770165.53,6270760.08,2,
770165.8300000001,6270760.08,3,
770166.1300000001,6270760.08,5,
770166.43,6270760.08,3,
770166.7300000001,6270760.08,1,
770169.43,6270760.08,1,
770170.03,6270760.08,1,
770170.3300000001,6270760.08,2,
770170.6300000001,6270760.08,4,
770170.93,6270760.08,5,
770171.2300000001,6270760.08,3,
770171.53,6270760.08,1,
770174.53,6270760.08,1,
770174.8300000001,6270760.08,6,
770175.1300000001,6270760.08,3,
770175.43,6270760.08,5,
770175.7300000001,6270760.08,5,
770176.03,6270760.08,1,
770176.3300000001,6270760.08,1,
770179.93,6270760.08,2,
770180.2300000001,6270760.08,4,
770180.53,6270760.08,5,
770180.8300000001,6270760.08,4,
770181.1300000001,6270760.08,2,
770183.8300000001,6270760.08,1,
770184.43,6270760.08,3,
770184.7300000001,6270760.08,2,
770185.03,6270760.08,3,
770185.3300000001,6270760.08,5,
770185.6300000001,6270760.08,4,
770185.93,6270760.08,4,
770189.2300000001,6270760.08,2,
770189.53,6270760.08,4,
770189.8300000001,6270760.08,4,
770190.1300000001,6270760.08,3,
770194.03,6270760.08,1,
770194.3300000001,6270760.08,3,
770194.6300000001,6270760.08,9,
770194.93,6270760.08,4,
770195.2300000001,6270760.08,2,
770195.53,6270760.08,1,
770198.8300000001,6270760.08,4,
770199.1300000001,6270760.08,3,
770199.4300000002,6270760.08,5,
770199.7300000001,6270760.08,5,
770200.03,6270760.08,5,
770200.3300000001,6270760.08,1,
770203.6300000001,6270760.08,1,
770203.9300000002,6270760.08,6,
770204.2300000001,6270760.08,6,
770204.53,6270760.08,4,
770204.8300000001,6270760.08,7,
770208.1300000001,6270760.08,1,
770208.4300000002,6270760.08,3,
770208.7300000001,6270760.08,4,
770209.03,6270760.08,5,
770209.3300000001,6270760.08,2,
770209.6300000001,6270760.08,6,
770209.9300000002,6270760.08,2,
770213.2300000001,6270760.08,2,
770213.53,6270760.08,2,
770213.8300000001,6270760.08,7,
770214.1300000001,6270760.08,4,
770214.4300000002,6270760.08,4,
770214.7300000001,6270760.08,1,
770218.03,6270760.08,1,
770218.3300000001,6270760.08,3,
770218.6300000001,6270760.08,4,
770218.9300000002,6270760.08,4,
770219.2300000001,6270760.08,2,
770219.53,6270760.08,2,
770219.8300000001,6270760.08,4,
770130.73,6270760.38,4,
770131.03,6270760.38,2,
770131.3300000001,6270760.38,5,
770131.6300000001,6270760.38,3,
770131.93,6270760.38,2,
770132.23,6270760.38,6,
770132.53,6270760.38,3,
770132.8300000001,6270760.38,1,
770133.1300000001,6270760.38,1,
770136.1300000001,6270760.38,5,
770136.43,6270760.38,2,
770136.7300000001,6270760.38,2,
770137.03,6270760.38,4,
770137.3300000001,6270760.38,5,
770137.6300000001,6270760.38,2,
770137.93,6270760.38,1,
770140.03,6270760.38,1,
770140.3300000001,6270760.38,4,
770140.6300000001,6270760.38,3,
770140.93,6270760.38,4,
770141.2300000001,6270760.38,3,
770141.53,6270760.38,1,
770141.8300000001,6270760.38,5,
770142.1300000001,6270760.38,5,
770145.1300000001,6270760.38,1,
770145.43,6270760.38,2,
770145.7300000001,6270760.38,3,
770146.03,6270760.38,2,
770146.3300000001,6270760.38,4,
770146.6300000001,6270760.38,6,
770146.93,6270760.38,5,
770147.2300000001,6270760.38,5,
770150.8300000001,6270760.38,3,
770151.1300000001,6270760.38,5,
770151.43,6270760.38,1,
770151.7300000001,6270760.38,3,
770152.03,6270760.38,1,
770155.03,6270760.38,1,
770155.3300000001,6270760.38,4,
770155.6300000001,6270760.38,4,
770155.93,6270760.38,3,
770156.2300000001,6270760.38,5,
770156.53,6270760.38,5,
770156.8300000001,6270760.38,2,
770160.1300000001,6270760.38,1,
770160.43,6270760.38,6,
770160.7300000001,6270760.38,4,
770161.03,6270760.38,4,
770161.3300000001,6270760.38,5,
770164.93,6270760.38,5,
770165.2300000001,6270760.38,4,
770165.53,6270760.38,3,
770165.8300000001,6270760.38,3,
770166.1300000001,6270760.38,3,
770166.43,6270760.38,1,
770169.43,6270760.38,1,
770169.7300000001,6270760.38,5,
770170.03,6270760.38,4,
770170.3300000001,6270760.38,5,
770170.6300000001,6270760.38,2,
770170.93,6270760.38,3,
770173.93,6270760.38,2,
770174.2300000001,6270760.38,3,
770174.53,6270760.38,3,
770174.8300000001,6270760.38,3,
770175.1300000001,6270760.38,5,
770175.43,6270760.38,4,
770179.3300000001,6270760.38,3,
770179.6300000001,6270760.38,4,
770179.93,6270760.38,1,
770180.2300000001,6270760.38,1,
770180.53,6270760.38,2,
770183.53,6270760.38,1,
770184.1300000001,6270760.38,5,
770184.43,6270760.38,5,
770184.7300000001,6270760.38,6,
770185.03,6270760.38,3,
770185.3300000001,6270760.38,2,
770185.6300000001,6270760.38,3,
770185.93,6270760.38,2,
770188.3300000001,6270760.38,1,
770188.6300000001,6270760.38,1,
770188.93,6270760.38,2,
770189.2300000001,6270760.38,4,
770189.53,6270760.38,6,
770189.8300000001,6270760.38,3,
770190.1300000001,6270760.38,1,
770193.43,6270760.38,3,
770193.7300000001,6270760.38,5,
770194.03,6270760.38,2,
770194.3300000001,6270760.38,6,
770194.6300000001,6270760.38,4,
770194.93,6270760.38,1,
770198.53,6270760.38,6,
770198.8300000001,6270760.38,5,
770199.1300000001,6270760.38,4,
770199.4300000002,6270760.38,3,
770203.3300000001,6270760.38,1,
770203.6300000001,6270760.38,4,
770203.9300000002,6270760.38,5,
770204.2300000001,6270760.38,1,
770204.53,6270760.38,3,
770204.8300000001,6270760.38,2,
770207.8300000001,6270760.38,1,
770208.1300000001,6270760.38,3,
770208.4300000002,6270760.38,3,
770208.7300000001,6270760.38,4,
770209.03,6270760.38,4,
770209.3300000001,6270760.38,3,
770212.3300000001,6270760.38,1,
770212.6300000001,6270760.38,3,
770212.9300000002,6270760.38,2,
770213.2300000001,6270760.38,6,
770213.53,6270760.38,6,
770213.8300000001,6270760.38,4,
770214.1300000001,6270760.38,2,
770217.4300000002,6270760.38,4,
770217.7300000001,6270760.38,4,
770218.03,6270760.38,4,
770218.3300000001,6270760.38,5,
770218.6300000001,6270760.38,2,
770219.2300000001,6270760.38,1,
770130.43,6270760.68,3,
770130.73,6270760.68,3,
770131.03,6270760.68,2,
770131.3300000001,6270760.68,6,
770131.6300000001,6270760.68,5,
770131.93,6270760.68,6,
770132.23,6270760.68,1,
770132.53,6270760.68,3,
770136.1300000001,6270760.68,3,
770136.43,6270760.68,5,
770136.7300000001,6270760.68,6,
770137.03,6270760.68,7,
770137.6300000001,6270760.68,3,
770140.03,6270760.68,3,
770140.3300000001,6270760.68,2,
770140.6300000001,6270760.68,5,
770140.93,6270760.68,3,
770141.2300000001,6270760.68,3,
770141.53,6270760.68,2,
770145.1300000001,6270760.68,2,
770145.43,6270760.68,4,
770145.7300000001,6270760.68,1,
770146.03,6270760.68,2,
770146.3300000001,6270760.68,3,
770146.6300000001,6270760.68,2,
770146.93,6270760.68,1,
770151.1300000001,6270760.68,2,
770151.43,6270760.68,1,
770154.7300000001,6270760.68,1,
770155.03,6270760.68,2,
770155.3300000001,6270760.68,5,
770155.6300000001,6270760.68,3,
770155.93,6270760.68,7,
770156.2300000001,6270760.68,4,
770156.53,6270760.68,3,
770159.8300000001,6270760.68,4,
770160.1300000001,6270760.68,2,
770160.43,6270760.68,4,
770160.7300000001,6270760.68,6,
770161.03,6270760.68,5,
770161.3300000001,6270760.68,1,
770164.3300000001,6270760.68,4,
770164.6300000001,6270760.68,6,
770164.93,6270760.68,5,
770165.2300000001,6270760.68,4,
770165.53,6270760.68,4,
770169.1300000001,6270760.68,1,
770169.43,6270760.68,3,
770169.7300000001,6270760.68,5,
770170.03,6270760.68,5,
770170.3300000001,6270760.68,4,
770173.3300000001,6270760.68,1,
770173.6300000001,6270760.68,2,
770173.93,6270760.68,4,
770174.2300000001,6270760.68,5,
770174.53,6270760.68,4,
770174.8300000001,6270760.68,7,
770175.1300000001,6270760.68,1,
770175.43,6270760.68,2,
770178.43,6270760.68,1,
770179.03,6270760.68,2,
770179.3300000001,6270760.68,3,
770179.6300000001,6270760.68,4,
770179.93,6270760.68,1,
770183.53,6270760.68,2,
770183.8300000001,6270760.68,5,
770184.1300000001,6270760.68,2,
770184.43,6270760.68,3,
770184.7300000001,6270760.68,6,
770185.3300000001,6270760.68,3,
770187.7300000001,6270760.68,1,
770188.3300000001,6270760.68,2,
770188.6300000001,6270760.68,2,
770188.93,6270760.68,7,
770189.2300000001,6270760.68,5,
770189.53,6270760.68,3,
770192.8300000001,6270760.68,1,
770193.1300000001,6270760.68,5,
770193.43,6270760.68,4,
770193.7300000001,6270760.68,4,
770194.03,6270760.68,1,
770194.3300000001,6270760.68,3,
770197.9300000002,6270760.68,2,
770198.2300000001,6270760.68,6,
770198.53,6270760.68,5,
770198.8300000001,6270760.68,1,
770199.1300000001,6270760.68,1,
770202.4300000002,6270760.68,1,
770202.7300000001,6270760.68,3,
770203.03,6270760.68,2,
770203.3300000001,6270760.68,5,
770203.6300000001,6270760.68,5,
770203.9300000002,6270760.68,1,
770204.53,6270760.68,1,
770207.53,6270760.68,3,
770207.8300000001,6270760.68,3,
770208.1300000001,6270760.68,5,
770208.4300000002,6270760.68,3,
770208.7300000001,6270760.68,5,
770212.3300000001,6270760.68,2,
770212.6300000001,6270760.68,7,
770212.9300000002,6270760.68,3,
770213.2300000001,6270760.68,6,
770213.53,6270760.68,1,
770216.8300000001,6270760.68,3,
770217.1300000001,6270760.68,2,
770217.4300000002,6270760.68,8,
770217.7300000001,6270760.68,2,
770218.03,6270760.68,5,
770218.3300000001,6270760.68,2,
770218.6300000001,6270760.68,2,
770220.7300000001,6270760.68,1,
770130.1300000001,6270760.98,2,
770130.43,6270760.98,5,
770130.73,6270760.98,3,
770131.03,6270760.98,4,
770131.3300000001,6270760.98,2,
770131.6300000001,6270760.98,5,
770135.8300000001,6270760.98,1,
770136.1300000001,6270760.98,3,
770136.43,6270760.98,4,
770136.7300000001,6270760.98,3,
770139.43,6270760.98,1,
770139.7300000001,6270760.98,5,
770140.03,6270760.98,5,
770140.3300000001,6270760.98,5,
770140.6300000001,6270760.98,4,
770140.93,6270760.98,5,
770144.2300000001,6270760.98,2,
770144.53,6270760.98,1,
770144.8300000001,6270760.98,2,
770145.1300000001,6270760.98,6,
770145.43,6270760.98,5,
770145.7300000001,6270760.98,4,
770146.03,6270760.98,4,
770146.3300000001,6270760.98,1,
770146.6300000001,6270760.98,1,
770154.43,6270760.98,3,
770154.7300000001,6270760.98,5,
770155.03,6270760.98,4,
770155.3300000001,6270760.98,5,
770155.6300000001,6270760.98,6,
770155.93,6270760.98,4,
770158.93,6270760.98,1,
770159.2300000001,6270760.98,3,
770159.53,6270760.98,5,
770159.8300000001,6270760.98,4,
770160.1300000001,6270760.98,2,
770160.43,6270760.98,4,
770160.7300000001,6270760.98,2,
770163.7300000001,6270760.98,1,
770164.03,6270760.98,3,
770164.3300000001,6270760.98,4,
770164.6300000001,6270760.98,6,
770164.93,6270760.98,5,
770165.2300000001,6270760.98,2,
770168.53,6270760.98,1,
770168.8300000001,6270760.98,3,
770169.1300000001,6270760.98,2,
770169.43,6270760.98,5,
770169.7300000001,6270760.98,3,
770172.7300000001,6270760.98,1,
770173.03,6270760.98,1,
770173.3300000001,6270760.98,3,
770173.6300000001,6270760.98,3,
770173.93,6270760.98,5,
770174.2300000001,6270760.98,6,
770174.53,6270760.98,5,
770174.8300000001,6270760.98,4,
770177.8300000001,6270760.98,1,
770178.1300000001,6270760.98,3,
770178.43,6270760.98,4,
770178.7300000001,6270760.98,4,
770179.03,6270760.98,2,
770179.3300000001,6270760.98,1,
770179.6300000001,6270760.98,1,
770182.93,6270760.98,1,
770183.2300000001,6270760.98,5,
770183.53,6270760.98,3,
770183.8300000001,6270760.98,3,
770184.1300000001,6270760.98,4,
770184.43,6270760.98,4,
770184.7300000001,6270760.98,2,
770187.43,6270760.98,1,
770187.7300000001,6270760.98,2,
770188.03,6270760.98,3,
770188.3300000001,6270760.98,2,
770188.6300000001,6270760.98,5,
770188.93,6270760.98,3,
770189.2300000001,6270760.98,1,
770192.53,6270760.98,1,
770192.8300000001,6270760.98,4,
770193.1300000001,6270760.98,4,
770193.43,6270760.98,4,
770193.7300000001,6270760.98,2,
770197.9300000002,6270760.98,4,
770198.2300000001,6270760.98,6,
770198.53,6270760.98,1,
770198.8300000001,6270760.98,2,
770201.8300000001,6270760.98,2,
770202.1300000001,6270760.98,1,
770202.4300000002,6270760.98,5,
770202.7300000001,6270760.98,3,
770203.03,6270760.98,4,
770203.3300000001,6270760.98,4,
770203.6300000001,6270760.98,5,
770206.6300000001,6270760.98,1,
770207.2300000001,6270760.98,3,
770207.53,6270760.98,6,
770207.8300000001,6270760.98,3,
770208.1300000001,6270760.98,5,
770208.4300000002,6270760.98,1,
770211.7300000001,6270760.98,3,
770212.03,6270760.98,1,
770212.3300000001,6270760.98,8,
770212.6300000001,6270760.98,5,
770212.9300000002,6270760.98,3,
770213.2300000001,6270760.98,1,
770216.2300000001,6270760.98,2,
770216.53,6270760.98,3,
770216.8300000001,6270760.98,3,
770217.1300000001,6270760.98,7,
770217.4300000002,6270760.98,4,
770217.7300000001,6270760.98,3,
770220.7300000001,6270760.98,2,
770221.03,6270760.98,4,
770221.3300000001,6270760.98,3,
770221.6300000001,6270760.98,1,
770129.8300000001,6270761.279999999,1,
770130.1300000001,6270761.279999999,5,
770130.43,6270761.279999999,5,
770130.73,6270761.279999999,4,
770131.03,6270761.279999999,4,
770131.3300000001,6270761.279999999,3,
770131.6300000001,6270761.279999999,1,
770134.93,6270761.279999999,1,
770135.23,6270761.279999999,3,
770135.53,6270761.279999999,3,
770136.1300000001,6270761.279999999,2,
770136.7300000001,6270761.279999999,4,
770139.43,6270761.279999999,2,
770139.7300000001,6270761.279999999,6,
770140.03,6270761.279999999,4,
770140.3300000001,6270761.279999999,2,
770143.6300000001,6270761.279999999,1,
770143.93,6270761.279999999,1,
770144.2300000001,6270761.279999999,2,
770144.53,6270761.279999999,6,
770144.8300000001,6270761.279999999,9,
770145.1300000001,6270761.279999999,3,
770145.43,6270761.279999999,4,
770145.7300000001,6270761.279999999,6,
770149.03,6270761.279999999,2,
770153.8300000001,6270761.279999999,2,
770154.1300000001,6270761.279999999,4,
770154.43,6270761.279999999,4,
770154.7300000001,6270761.279999999,5,
770155.03,6270761.279999999,4,
770155.3300000001,6270761.279999999,4,
770155.6300000001,6270761.279999999,1,
770158.6300000001,6270761.279999999,1,
770158.93,6270761.279999999,5,
770159.2300000001,6270761.279999999,4,
770159.53,6270761.279999999,5,
770159.8300000001,6270761.279999999,6,
770163.1300000001,6270761.279999999,1,
770163.43,6270761.279999999,4,
770163.7300000001,6270761.279999999,5,
770164.03,6270761.279999999,3,
770164.3300000001,6270761.279999999,3,
770164.6300000001,6270761.279999999,4,
770164.93,6270761.279999999,1,
770168.2300000001,6270761.279999999,2,
770168.53,6270761.279999999,3,
770168.8300000001,6270761.279999999,7,
770169.1300000001,6270761.279999999,4,
770169.43,6270761.279999999,3,
770172.43,6270761.279999999,1,
770172.7300000001,6270761.279999999,4,
770173.03,6270761.279999999,2,
770173.3300000001,6270761.279999999,6,
770173.6300000001,6270761.279999999,6,
770173.93,6270761.279999999,4,
770177.2300000001,6270761.279999999,3,
770177.53,6270761.279999999,1,
770177.8300000001,6270761.279999999,1,
770178.1300000001,6270761.279999999,5,
770178.43,6270761.279999999,6,
770178.7300000001,6270761.279999999,3,
770182.3300000001,6270761.279999999,1,
770182.6300000001,6270761.279999999,1,
770182.93,6270761.279999999,5,
770183.2300000001,6270761.279999999,5,
770183.53,6270761.279999999,5,
770183.8300000001,6270761.279999999,5,
770184.1300000001,6270761.279999999,3,
770184.43,6270761.279999999,3,
770184.7300000001,6270761.279999999,1,
770187.1300000001,6270761.279999999,2,
770187.43,6270761.279999999,5,
770187.7300000001,6270761.279999999,2,
770188.03,6270761.279999999,5,
770188.3300000001,6270761.279999999,5,
770192.2300000001,6270761.279999999,4,
770192.53,6270761.279999999,4,
770192.8300000001,6270761.279999999,5,
770193.1300000001,6270761.279999999,4,
770197.9300000002,6270761.279999999,1,
770198.2300000001,6270761.279999999,1,
770201.53,6270761.279999999,1,
770201.8300000001,6270761.279999999,3,
770202.1300000001,6270761.279999999,5,
770202.4300000002,6270761.279999999,3,
770202.7300000001,6270761.279999999,5,
770203.03,6270761.279999999,2,
770203.3300000001,6270761.279999999,3,
770206.3300000001,6270761.279999999,1,
770206.6300000001,6270761.279999999,4,
770206.9300000002,6270761.279999999,4,
770207.2300000001,6270761.279999999,4,
770207.53,6270761.279999999,2,
770207.8300000001,6270761.279999999,2,
770211.4300000002,6270761.279999999,4,
770211.7300000001,6270761.279999999,3,
770212.03,6270761.279999999,2,
770212.3300000001,6270761.279999999,5,
770212.6300000001,6270761.279999999,1,
770215.9300000002,6270761.279999999,2,
770216.2300000001,6270761.279999999,5,
770216.53,6270761.279999999,4,
770216.8300000001,6270761.279999999,3,
770217.1300000001,6270761.279999999,3,
770219.8300000001,6270761.279999999,1,
770220.1300000001,6270761.279999999,1,
770220.4300000002,6270761.279999999,4,
770220.7300000001,6270761.279999999,6,
770221.03,6270761.279999999,1,
770221.3300000001,6270761.279999999,3,
770221.6300000001,6270761.279999999,2,
770129.8300000001,6270761.58,2,
770130.1300000001,6270761.58,3,
770130.43,6270761.58,5,
770130.73,6270761.58,5,
770131.03,6270761.58,1,
770134.6300000001,6270761.58,1,
770134.93,6270761.58,4,
770135.23,6270761.58,4,
770135.53,6270761.58,2,
770139.7300000001,6270761.58,3,
770140.03,6270761.58,1,
770142.7300000001,6270761.58,1,
770143.3300000001,6270761.58,1,
770143.6300000001,6270761.58,1,
770143.93,6270761.58,5,
770144.2300000001,6270761.58,4,
770144.53,6270761.58,4,
770144.8300000001,6270761.58,4,
770145.1300000001,6270761.58,5,
770148.1300000001,6270761.58,1,
770148.43,6270761.58,2,
770148.7300000001,6270761.58,2,
770149.03,6270761.58,4,
770149.3300000001,6270761.58,3,
770153.2300000001,6270761.58,2,
770153.53,6270761.58,3,
770153.8300000001,6270761.58,4,
770154.1300000001,6270761.58,5,
770154.43,6270761.58,6,
770154.7300000001,6270761.58,4,
770155.03,6270761.58,3,
770158.03,6270761.58,1,
770158.3300000001,6270761.58,1,
770158.6300000001,6270761.58,3,
770158.93,6270761.58,4,
770159.2300000001,6270761.58,4,
770159.53,6270761.58,4,
770159.8300000001,6270761.58,1,
770162.53,6270761.58,2,
770162.8300000001,6270761.58,1,
770163.1300000001,6270761.58,5,
770163.43,6270761.58,3,
770163.7300000001,6270761.58,8,
770164.3300000001,6270761.58,1,
770167.93,6270761.58,1,
770168.2300000001,6270761.58,1,
770168.53,6270761.58,5,
770168.8300000001,6270761.58,5,
770169.1300000001,6270761.58,1,
770169.43,6270761.58,1,
770172.43,6270761.58,1,
770172.7300000001,6270761.58,2,
770173.03,6270761.58,3,
770173.3300000001,6270761.58,2,
770173.6300000001,6270761.58,4,
770176.93,6270761.58,1,
770177.2300000001,6270761.58,1,
770177.53,6270761.58,5,
770177.8300000001,6270761.58,6,
770178.1300000001,6270761.58,5,
770178.43,6270761.58,3,
770181.7300000001,6270761.58,2,
770182.03,6270761.58,1,
770182.3300000001,6270761.58,5,
770182.6300000001,6270761.58,2,
770182.93,6270761.58,3,
770183.2300000001,6270761.58,1,
770183.53,6270761.58,1,
770186.8300000001,6270761.58,3,
770187.1300000001,6270761.58,3,
770187.43,6270761.58,4,
770187.7300000001,6270761.58,5,
770188.03,6270761.58,1,
770188.3300000001,6270761.58,2,
770191.6300000001,6270761.58,3,
770191.93,6270761.58,6,
770192.2300000001,6270761.58,4,
770200.9300000002,6270761.58,1,
770201.2300000001,6270761.58,3,
770201.53,6270761.58,4,
770201.8300000001,6270761.58,4,
770202.1300000001,6270761.58,6,
770202.4300000002,6270761.58,3,
770202.7300000001,6270761.58,1,
770205.7300000001,6270761.58,1,
770206.03,6270761.58,2,
770206.3300000001,6270761.58,2,
770206.6300000001,6270761.58,6,
770206.9300000002,6270761.58,1,
770207.2300000001,6270761.58,4,
770207.53,6270761.58,1,
770210.2300000001,6270761.58,1,
770210.8300000001,6270761.58,1,
770211.1300000001,6270761.58,4,
770211.4300000002,6270761.58,5,
770211.7300000001,6270761.58,5,
770212.03,6270761.58,5,
770212.3300000001,6270761.58,1,
770215.6300000001,6270761.58,2,
770215.9300000002,6270761.58,6,
770216.2300000001,6270761.58,5,
770216.53,6270761.58,2,
770216.8300000001,6270761.58,4,
770219.8300000001,6270761.58,1,
770220.1300000001,6270761.58,5,
770220.4300000002,6270761.58,4,
770220.7300000001,6270761.58,5,
770221.03,6270761.58,5,
770221.3300000001,6270761.58,1,
770129.8300000001,6270761.88,2,
770130.1300000001,6270761.88,4,
770130.43,6270761.88,3,
770134.03,6270761.88,2,
770134.3300000001,6270761.88,3,
770134.6300000001,6270761.88,2,
770134.93,6270761.88,5,
770142.43,6270761.88,3,
770142.7300000001,6270761.88,2,
770143.03,6270761.88,1,
770143.3300000001,6270761.88,3,
770143.6300000001,6270761.88,5,
770143.93,6270761.88,5,
770144.2300000001,6270761.88,4,
770144.53,6270761.88,3,
770144.8300000001,6270761.88,1,
770147.8300000001,6270761.88,3,
770148.1300000001,6270761.88,4,
770148.43,6270761.88,3,
770148.7300000001,6270761.88,7,
770149.03,6270761.88,1,
770149.3300000001,6270761.88,1,
770153.2300000001,6270761.88,2,
770153.53,6270761.88,4,
770153.8300000001,6270761.88,7,
770154.1300000001,6270761.88,4,
770154.43,6270761.88,5,
770157.7300000001,6270761.88,1,
770158.03,6270761.88,4,
770158.3300000001,6270761.88,5,
770158.6300000001,6270761.88,3,
770158.93,6270761.88,5,
770159.2300000001,6270761.88,2,
770161.93,6270761.88,2,
770162.2300000001,6270761.88,3,
770162.53,6270761.88,6,
770162.8300000001,6270761.88,6,
770163.1300000001,6270761.88,2,
770163.43,6270761.88,4,
770163.7300000001,6270761.88,2,
770164.03,6270761.88,1,
770167.6300000001,6270761.88,2,
770167.93,6270761.88,1,
770168.2300000001,6270761.88,4,
770171.8300000001,6270761.88,2,
770172.1300000001,6270761.88,3,
770172.43,6270761.88,6,
770172.7300000001,6270761.88,4,
770173.03,6270761.88,1,
770176.93,6270761.88,4,
770177.2300000001,6270761.88,5,
770177.53,6270761.88,5,
770177.8300000001,6270761.88,3,
770178.1300000001,6270761.88,2,
770181.43,6270761.88,2,
770181.7300000001,6270761.88,2,
770182.03,6270761.88,5,
770182.3300000001,6270761.88,7,
770182.6300000001,6270761.88,3,
770182.93,6270761.88,4,
770186.2300000001,6270761.88,2,
770186.53,6270761.88,5,
770186.8300000001,6270761.88,3,
770187.1300000001,6270761.88,3,
770187.43,6270761.88,5,
770187.7300000001,6270761.88,1,
770191.03,6270761.88,2,
770191.3300000001,6270761.88,6,
770191.6300000001,6270761.88,4,
770191.93,6270761.88,6,
770192.2300000001,6270761.88,2,
770200.6300000001,6270761.88,1,
770200.9300000002,6270761.88,3,
770201.2300000001,6270761.88,4,
770201.53,6270761.88,6,
770201.8300000001,6270761.88,5,
770202.1300000001,6270761.88,2,
770202.4300000002,6270761.88,1,
770205.7300000001,6270761.88,3,
770206.03,6270761.88,5,
770206.3300000001,6270761.88,3,
770206.6300000001,6270761.88,5,
770206.9300000002,6270761.88,5,
770210.2300000001,6270761.88,2,
770210.53,6270761.88,1,
770210.8300000001,6270761.88,4,
770211.1300000001,6270761.88,5,
770211.4300000002,6270761.88,3,
770211.7300000001,6270761.88,4,
770212.03,6270761.88,1,
770215.03,6270761.88,3,
770215.3300000001,6270761.88,4,
770215.6300000001,6270761.88,7,
770215.9300000002,6270761.88,4,
770216.2300000001,6270761.88,1,
770216.53,6270761.88,1,
770219.53,6270761.88,1,
770219.8300000001,6270761.88,2,
770220.1300000001,6270761.88,4,
770220.4300000002,6270761.88,3,
770220.7300000001,6270761.88,2,
770221.03,6270761.88,1,
770130.43,6270762.18,2,
770132.23,6270762.18,1,
770132.53,6270762.18,2,
770132.8300000001,6270762.18,2,
770134.03,6270762.18,5,
770134.3300000001,6270762.18,4,
770134.6300000001,6270762.18,5,
770134.93,6270762.18,1,
770137.3300000001,6270762.18,3,
770142.43,6270762.18,4,
770142.7300000001,6270762.18,3,
770143.03,6270762.18,4,
770143.3300000001,6270762.18,6,
770143.6300000001,6270762.18,6,
770143.93,6270762.18,5,
770144.2300000001,6270762.18,2,
770144.53,6270762.18,1,
770147.2300000001,6270762.18,2,
770147.53,6270762.18,2,
770147.8300000001,6270762.18,2,
770148.1300000001,6270762.18,5,
770148.43,6270762.18,5,
770148.7300000001,6270762.18,4,
770149.03,6270762.18,2,
770152.3300000001,6270762.18,1,
770152.6300000001,6270762.18,3,
770152.93,6270762.18,5,
770153.2300000001,6270762.18,3,
770153.53,6270762.18,4,
770153.8300000001,6270762.18,3,
770156.8300000001,6270762.18,1,
770157.43,6270762.18,4,
770157.7300000001,6270762.18,4,
770158.03,6270762.18,2,
770158.3300000001,6270762.18,6,
770158.6300000001,6270762.18,1,
770158.93,6270762.18,4,
770159.2300000001,6270762.18,1,
770161.6300000001,6270762.18,2,
770161.93,6270762.18,2,
770162.2300000001,6270762.18,6,
770162.53,6270762.18,2,
770162.8300000001,6270762.18,6,
770163.1300000001,6270762.18,4,
770163.43,6270762.18,1,
770167.03,6270762.18,1,
770167.3300000001,6270762.18,4,
770167.6300000001,6270762.18,3,
770167.93,6270762.18,1,
770168.2300000001,6270762.18,1,
770171.2300000001,6270762.18,2,
770171.8300000001,6270762.18,5,
770172.1300000001,6270762.18,4,
770172.43,6270762.18,2,
770176.03,6270762.18,3,
770176.3300000001,6270762.18,4,
770176.6300000001,6270762.18,6,
770176.93,6270762.18,5,
770177.2300000001,6270762.18,3,
770177.53,6270762.18,3,
770177.8300000001,6270762.18,2,
770181.1300000001,6270762.18,5,
770181.43,6270762.18,5,
770181.7300000001,6270762.18,4,
770182.03,6270762.18,4,
770182.3300000001,6270762.18,1,
770185.93,6270762.18,2,
770186.2300000001,6270762.18,4,
770186.53,6270762.18,3,
770186.8300000001,6270762.18,5,
770187.1300000001,6270762.18,3,
770187.43,6270762.18,1,
770190.43,6270762.18,1,
770190.7300000001,6270762.18,6,
770191.03,6270762.18,4,
770191.3300000001,6270762.18,2,
770191.6300000001,6270762.18,5,
770192.2300000001,6270762.18,3,
770200.3300000001,6270762.18,2,
770200.6300000001,6270762.18,2,
770200.9300000002,6270762.18,6,
770201.2300000001,6270762.18,6,
770201.53,6270762.18,2,
770201.8300000001,6270762.18,1,
770204.8300000001,6270762.18,2,
770205.1300000001,6270762.18,2,
770205.4300000002,6270762.18,4,
770205.7300000001,6270762.18,2,
770206.03,6270762.18,5,
770206.3300000001,6270762.18,3,
770209.9300000002,6270762.18,2,
770210.2300000001,6270762.18,4,
770210.53,6270762.18,6,
770210.8300000001,6270762.18,3,
770211.1300000001,6270762.18,3,
770211.7300000001,6270762.18,1,
770214.7300000001,6270762.18,1,
770215.03,6270762.18,4,
770215.3300000001,6270762.18,5,
770215.6300000001,6270762.18,1,
770216.2300000001,6270762.18,1,
770218.9300000002,6270762.18,2,
770219.2300000001,6270762.18,4,
770219.53,6270762.18,1,
770219.8300000001,6270762.18,5,
770220.1300000001,6270762.18,5,
770220.4300000002,6270762.18,2,
770132.23,6270762.48,1,
770132.53,6270762.48,7,
770132.8300000001,6270762.48,4,
770133.1300000001,6270762.48,5,
770133.43,6270762.48,5,
770134.03,6270762.48,2,
770134.3300000001,6270762.48,5,
770137.03,6270762.48,2,
770137.3300000001,6270762.48,4,
770137.6300000001,6270762.48,5,
770137.93,6270762.48,2,
770142.1300000001,6270762.48,2,
770142.43,6270762.48,2,
770142.7300000001,6270762.48,5,
770143.03,6270762.48,4,
770143.3300000001,6270762.48,6,
770143.6300000001,6270762.48,3,
770143.93,6270762.48,2,
770144.2300000001,6270762.48,3,
770146.93,6270762.48,2,
770147.2300000001,6270762.48,5,
770147.53,6270762.48,5,
770147.8300000001,6270762.48,4,
770148.1300000001,6270762.48,2,
770148.43,6270762.48,4,
770148.7300000001,6270762.48,1,
770152.03,6270762.48,2,
770152.3300000001,6270762.48,6,
770152.6300000001,6270762.48,5,
770152.93,6270762.48,6,
770153.2300000001,6270762.48,3,
770153.53,6270762.48,3,
770156.8300000001,6270762.48,3,
770157.1300000001,6270762.48,4,
770157.43,6270762.48,4,
770157.7300000001,6270762.48,5,
770158.03,6270762.48,6,
770158.3300000001,6270762.48,1,
770161.03,6270762.48,1,
770161.3300000001,6270762.48,3,
770161.6300000001,6270762.48,5,
770161.93,6270762.48,6,
770162.2300000001,6270762.48,3,
770162.53,6270762.48,6,
770162.8300000001,6270762.48,2,
770166.43,6270762.48,3,
770166.7300000001,6270762.48,1,
770167.03,6270762.48,7,
770167.3300000001,6270762.48,2,
770167.6300000001,6270762.48,1,
770170.6300000001,6270762.48,1,
770170.93,6270762.48,6,
770171.2300000001,6270762.48,4,
770171.53,6270762.48,5,
770171.8300000001,6270762.48,2,
770175.43,6270762.48,2,
770175.7300000001,6270762.48,3,
770176.03,6270762.48,5,
770176.3300000001,6270762.48,3,
770176.6300000001,6270762.48,4,
770176.93,6270762.48,5,
770177.2300000001,6270762.48,3,
770180.2300000001,6270762.48,2,
770180.53,6270762.48,2,
770180.8300000001,6270762.48,6,
770181.1300000001,6270762.48,4,
770181.43,6270762.48,4,
770181.7300000001,6270762.48,4,
770182.03,6270762.48,6,
770185.03,6270762.48,1,
770185.3300000001,6270762.48,1,
770185.6300000001,6270762.48,4,
770185.93,6270762.48,3,
770186.2300000001,6270762.48,6,
770186.53,6270762.48,2,
770189.8300000001,6270762.48,1,
770190.1300000001,6270762.48,2,
770190.43,6270762.48,4,
770190.7300000001,6270762.48,3,
770191.03,6270762.48,4,
770191.3300000001,6270762.48,5,
770199.4300000002,6270762.48,1,
770199.7300000001,6270762.48,1,
770200.03,6270762.48,1,
770200.3300000001,6270762.48,4,
770200.6300000001,6270762.48,5,
770200.9300000002,6270762.48,2,
770201.2300000001,6270762.48,1,
770204.53,6270762.48,1,
770204.8300000001,6270762.48,2,
770205.1300000001,6270762.48,6,
770205.4300000002,6270762.48,4,
770205.7300000001,6270762.48,3,
770209.3300000001,6270762.48,1,
770209.6300000001,6270762.48,5,
770209.9300000002,6270762.48,5,
770210.2300000001,6270762.48,4,
770210.53,6270762.48,3,
770210.8300000001,6270762.48,1,
770214.1300000001,6270762.48,3,
770214.4300000002,6270762.48,5,
770214.7300000001,6270762.48,6,
770215.03,6270762.48,4,
770215.3300000001,6270762.48,4,
770215.6300000001,6270762.48,3,
770218.3300000001,6270762.48,1,
770218.6300000001,6270762.48,1,
770218.9300000002,6270762.48,1,
770219.2300000001,6270762.48,4,
770219.53,6270762.48,6,
770219.8300000001,6270762.48,6,
770220.1300000001,6270762.48,2,
770132.23,6270762.779999999,2,
770132.53,6270762.779999999,5,
770132.8300000001,6270762.779999999,7,
770133.1300000001,6270762.779999999,2,
770133.43,6270762.779999999,2,
770134.03,6270762.779999999,1,
770134.3300000001,6270762.779999999,1,
770136.7300000001,6270762.779999999,2,
770137.03,6270762.779999999,4,
770137.3300000001,6270762.779999999,4,
770137.6300000001,6270762.779999999,5,
770138.2300000001,6270762.779999999,1,
770141.2300000001,6270762.779999999,1,
770141.53,6270762.779999999,2,
770141.8300000001,6270762.779999999,2,
770142.1300000001,6270762.779999999,3,
770142.43,6270762.779999999,7,
770142.7300000001,6270762.779999999,4,
770143.3300000001,6270762.779999999,2,
770143.6300000001,6270762.779999999,1,
770146.3300000001,6270762.779999999,1,
770146.6300000001,6270762.779999999,6,
770146.93,6270762.779999999,6,
770147.2300000001,6270762.779999999,8,
770147.53,6270762.779999999,4,
770147.8300000001,6270762.779999999,3,
770148.1300000001,6270762.779999999,2,
770148.43,6270762.779999999,1,
770151.43,6270762.779999999,1,
770151.7300000001,6270762.779999999,2,
770152.03,6270762.779999999,4,
770152.3300000001,6270762.779999999,4,
770152.6300000001,6270762.779999999,5,
770152.93,6270762.779999999,1,
770156.2300000001,6270762.779999999,1,
770156.53,6270762.779999999,3,
770156.8300000001,6270762.779999999,5,
770157.1300000001,6270762.779999999,5,
770157.43,6270762.779999999,2,
770157.7300000001,6270762.779999999,2,
770158.03,6270762.779999999,1,
770161.03,6270762.779999999,3,
770161.3300000001,6270762.779999999,6,
770161.6300000001,6270762.779999999,6,
770161.93,6270762.779999999,4,
770162.2300000001,6270762.779999999,3,
770165.8300000001,6270762.779999999,1,
770166.1300000001,6270762.779999999,4,
770166.43,6270762.779999999,5,
770166.7300000001,6270762.779999999,6,
770167.03,6270762.779999999,1,
770170.3300000001,6270762.779999999,3,
770170.6300000001,6270762.779999999,6,
770170.93,6270762.779999999,3,
770171.2300000001,6270762.779999999,4,
770175.1300000001,6270762.779999999,1,
770175.43,6270762.779999999,5,
770175.7300000001,6270762.779999999,4,
770176.03,6270762.779999999,6,
770176.3300000001,6270762.779999999,2,
770176.6300000001,6270762.779999999,3,
770176.93,6270762.779999999,1,
770179.93,6270762.779999999,2,
770180.2300000001,6270762.779999999,5,
770180.53,6270762.779999999,6,
770180.8300000001,6270762.779999999,4,
770181.1300000001,6270762.779999999,4,
770181.43,6270762.779999999,5,
770181.7300000001,6270762.779999999,3,
770184.43,6270762.779999999,1,
770184.7300000001,6270762.779999999,1,
770185.03,6270762.779999999,3,
770185.3300000001,6270762.779999999,4,
770185.6300000001,6270762.779999999,2,
770185.93,6270762.779999999,5,
770186.2300000001,6270762.779999999,1,
770189.53,6270762.779999999,1,
770189.8300000001,6270762.779999999,3,
770190.1300000001,6270762.779999999,4,
770190.43,6270762.779999999,6,
770190.7300000001,6270762.779999999,1,
770191.03,6270762.779999999,3,
770199.1300000001,6270762.779999999,2,
770199.4300000002,6270762.779999999,2,
770199.7300000001,6270762.779999999,4,
770200.03,6270762.779999999,4,
770200.3300000001,6270762.779999999,5,
770203.9300000002,6270762.779999999,3,
770204.2300000001,6270762.779999999,2,
770204.53,6270762.779999999,6,
770204.8300000001,6270762.779999999,1,
770205.1300000001,6270762.779999999,3,
770205.4300000002,6270762.779999999,2,
770205.7300000001,6270762.779999999,1,
770208.7300000001,6270762.779999999,1,
770209.03,6270762.779999999,2,
770209.3300000001,6270762.779999999,5,
770209.6300000001,6270762.779999999,5,
770209.9300000002,6270762.779999999,3,
770210.2300000001,6270762.779999999,4,
770210.53,6270762.779999999,2,
770213.8300000001,6270762.779999999,5,
770214.1300000001,6270762.779999999,5,
770214.4300000002,6270762.779999999,6,
770214.7300000001,6270762.779999999,1,
770218.03,6270762.779999999,3,
770218.3300000001,6270762.779999999,2,
770218.6300000001,6270762.779999999,5,
770218.9300000002,6270762.779999999,3,
770219.2300000001,6270762.779999999,2,
770219.53,6270762.779999999,3,
770219.8300000001,6270762.779999999,3,
770132.23,6270763.08,4,
770132.53,6270763.08,4,
770132.8300000001,6270763.08,3,
770133.1300000001,6270763.08,1,
770136.1300000001,6270763.08,2,
770136.43,6270763.08,3,
770136.7300000001,6270763.08,4,
770137.03,6270763.08,5,
770137.3300000001,6270763.08,6,
770137.6300000001,6270763.08,4,
770137.93,6270763.08,2,
770140.93,6270763.08,1,
770141.2300000001,6270763.08,2,
770141.53,6270763.08,6,
770141.8300000001,6270763.08,5,
770142.1300000001,6270763.08,4,
770142.43,6270763.08,5,
770142.7300000001,6270763.08,2,
770146.03,6270763.08,2,
770146.3300000001,6270763.08,3,
770146.6300000001,6270763.08,4,
770146.93,6270763.08,5,
770147.2300000001,6270763.08,1,
770147.53,6270763.08,2,
770150.8300000001,6270763.08,1,
770151.1300000001,6270763.08,3,
770151.43,6270763.08,7,
770151.7300000001,6270763.08,4,
770152.03,6270763.08,2,
770152.3300000001,6270763.08,2,
770155.3300000001,6270763.08,1,
770155.6300000001,6270763.08,1,
770155.93,6270763.08,3,
770156.2300000001,6270763.08,6,
770156.53,6270763.08,4,
770156.8300000001,6270763.08,4,
770157.1300000001,6270763.08,3,
770157.43,6270763.08,1,
770160.43,6270763.08,1,
770160.7300000001,6270763.08,6,
770161.03,6270763.08,4,
770161.3300000001,6270763.08,4,
770161.6300000001,6270763.08,5,
770161.93,6270763.08,1,
770164.93,6270763.08,1,
770165.2300000001,6270763.08,3,
770165.53,6270763.08,5,
770165.8300000001,6270763.08,4,
770166.1300000001,6270763.08,3,
770166.43,6270763.08,1,
770169.7300000001,6270763.08,1,
770170.03,6270763.08,5,
770170.3300000001,6270763.08,4,
770170.6300000001,6270763.08,3,
770170.93,6270763.08,1,
770174.53,6270763.08,1,
770174.8300000001,6270763.08,1,
770175.1300000001,6270763.08,3,
770175.43,6270763.08,6,
770175.7300000001,6270763.08,4,
770176.03,6270763.08,3,
770179.6300000001,6270763.08,3,
770179.93,6270763.08,6,
770180.2300000001,6270763.08,4,
770180.53,6270763.08,4,
770180.8300000001,6270763.08,3,
770181.1300000001,6270763.08,2,
770181.43,6270763.08,1,
770184.1300000001,6270763.08,1,
770184.43,6270763.08,2,
770184.7300000001,6270763.08,5,
770185.03,6270763.08,3,
770185.3300000001,6270763.08,7,
770185.6300000001,6270763.08,4,
770189.2300000001,6270763.08,2,
770189.53,6270763.08,6,
770189.8300000001,6270763.08,4,
770190.1300000001,6270763.08,5,
770198.8300000001,6270763.08,3,
770199.1300000001,6270763.08,1,
770199.4300000002,6270763.08,4,
770199.7300000001,6270763.08,5,
770200.03,6270763.08,4,
770203.3300000001,6270763.08,1,
770203.6300000001,6270763.08,3,
770203.9300000002,6270763.08,3,
770204.2300000001,6270763.08,6,
770204.53,6270763.08,3,
770204.8300000001,6270763.08,2,
770208.1300000001,6270763.08,1,
770208.4300000002,6270763.08,3,
770208.7300000001,6270763.08,4,
770209.03,6270763.08,3,
770209.3300000001,6270763.08,6,
770209.6300000001,6270763.08,2,
770212.9300000002,6270763.08,2,
770213.2300000001,6270763.08,5,
770213.53,6270763.08,4,
770213.8300000001,6270763.08,5,
770214.1300000001,6270763.08,5,
770214.4300000002,6270763.08,4,
770217.4300000002,6270763.08,1,
770217.7300000001,6270763.08,3,
770218.03,6270763.08,2,
770218.3300000001,6270763.08,4,
770218.6300000001,6270763.08,5,
770218.9300000002,6270763.08,1,
770132.23,6270763.38,7,
770132.53,6270763.38,4,
770135.53,6270763.38,2,
770135.8300000001,6270763.38,5,
770136.1300000001,6270763.38,2,
770136.43,6270763.38,5,
770136.7300000001,6270763.38,4,
770137.03,6270763.38,3,
770137.3300000001,6270763.38,4,
770140.93,6270763.38,4,
770141.2300000001,6270763.38,3,
770141.53,6270763.38,6,
770141.8300000001,6270763.38,3,
770142.43,6270763.38,2,
770145.43,6270763.38,3,
770145.7300000001,6270763.38,4,
770146.03,6270763.38,5,
770146.3300000001,6270763.38,4,
770146.6300000001,6270763.38,3,
770146.93,6270763.38,3,
770150.2300000001,6270763.38,1,
770150.8300000001,6270763.38,5,
770151.1300000001,6270763.38,2,
770151.43,6270763.38,4,
770151.7300000001,6270763.38,3,
770155.03,6270763.38,1,
770155.3300000001,6270763.38,1,
770155.6300000001,6270763.38,5,
770155.93,6270763.38,4,
770156.2300000001,6270763.38,3,
770156.53,6270763.38,6,
770156.8300000001,6270763.38,3,
770159.8300000001,6270763.38,1,
770160.1300000001,6270763.38,2,
770160.43,6270763.38,9,
770160.7300000001,6270763.38,2,
770161.03,6270763.38,3,
770161.3300000001,6270763.38,4,
770161.6300000001,6270763.38,2,
770164.3300000001,6270763.38,2,
770164.6300000001,6270763.38,2,
770164.93,6270763.38,4,
770165.2300000001,6270763.38,3,
770165.53,6270763.38,4,
770165.8300000001,6270763.38,3,
770166.1300000001,6270763.38,3,
770169.1300000001,6270763.38,3,
770169.43,6270763.38,6,
770169.7300000001,6270763.38,5,
770170.03,6270763.38,5,
770170.3300000001,6270763.38,4,
770170.6300000001,6270763.38,4,
770170.93,6270763.38,1,
770174.2300000001,6270763.38,1,
770174.53,6270763.38,3,
770174.8300000001,6270763.38,5,
770175.1300000001,6270763.38,5,
770175.43,6270763.38,1,
770175.7300000001,6270763.38,5,
770179.03,6270763.38,3,
770179.3300000001,6270763.38,4,
770179.6300000001,6270763.38,5,
770179.93,6270763.38,3,
770180.2300000001,6270763.38,4,
770180.53,6270763.38,4,
770180.8300000001,6270763.38,1,
770182.93,6270763.38,1,
770183.2300000001,6270763.38,2,
770184.1300000001,6270763.38,4,
770184.43,6270763.38,4,
770184.7300000001,6270763.38,5,
770185.03,6270763.38,5,
770188.6300000001,6270763.38,1,
770188.93,6270763.38,4,
770189.2300000001,6270763.38,5,
770189.53,6270763.38,5,
770189.8300000001,6270763.38,3,
770198.2300000001,6270763.38,2,
770198.53,6270763.38,1,
770198.8300000001,6270763.38,5,
770199.1300000001,6270763.38,6,
770199.4300000002,6270763.38,3,
770199.7300000001,6270763.38,3,
770203.03,6270763.38,3,
770203.3300000001,6270763.38,3,
770203.6300000001,6270763.38,6,
770203.9300000002,6270763.38,3,
770204.2300000001,6270763.38,6,
770204.53,6270763.38,2,
770208.1300000001,6270763.38,3,
770208.4300000002,6270763.38,4,
770208.7300000001,6270763.38,4,
770209.03,6270763.38,4,
770209.3300000001,6270763.38,1,
770212.3300000001,6270763.38,1,
770212.6300000001,6270763.38,4,
770212.9300000002,6270763.38,4,
770213.2300000001,6270763.38,3,
770213.53,6270763.38,4,
770213.8300000001,6270763.38,4,
770216.8300000001,6270763.38,1,
770217.1300000001,6270763.38,2,
770217.4300000002,6270763.38,2,
770217.7300000001,6270763.38,4,
770218.03,6270763.38,5,
770218.3300000001,6270763.38,6,
770218.6300000001,6270763.38,1,
770131.93,6270763.68,1,
770132.23,6270763.68,6,
770132.53,6270763.68,1,
770132.8300000001,6270763.68,1,
770135.53,6270763.68,1,
770135.8300000001,6270763.68,1,
770136.1300000001,6270763.68,6,
770136.43,6270763.68,5,
770136.7300000001,6270763.68,2,
770137.03,6270763.68,4,
770140.03,6270763.68,1,
770140.3300000001,6270763.68,4,
770140.6300000001,6270763.68,4,
770140.93,6270763.68,4,
770141.2300000001,6270763.68,3,
770141.53,6270763.68,3,
770141.8300000001,6270763.68,3,
770144.8300000001,6270763.68,2,
770145.1300000001,6270763.68,4,
770145.43,6270763.68,5,
770145.7300000001,6270763.68,3,
770146.03,6270763.68,4,
770146.3300000001,6270763.68,3,
770146.6300000001,6270763.68,1,
770149.93,6270763.68,3,
770150.2300000001,6270763.68,4,
770150.53,6270763.68,4,
770150.8300000001,6270763.68,3,
770151.1300000001,6270763.68,5,
770151.43,6270763.68,1,
770155.03,6270763.68,1,
770155.3300000001,6270763.68,7,
770155.6300000001,6270763.68,3,
770155.93,6270763.68,5,
770156.2300000001,6270763.68,4,
770158.93,6270763.68,1,
770159.2300000001,6270763.68,2,
770159.53,6270763.68,4,
770159.8300000001,6270763.68,4,
770160.1300000001,6270763.68,4,
770160.43,6270763.68,4,
770160.7300000001,6270763.68,3,
770161.03,6270763.68,1,
770164.03,6270763.68,1,
770164.3300000001,6270763.68,4,
770164.6300000001,6270763.68,3,
770164.93,6270763.68,3,
770165.2300000001,6270763.68,4,
770165.53,6270763.68,5,
770168.53,6270763.68,3,
770168.8300000001,6270763.68,3,
770169.1300000001,6270763.68,8,
770169.43,6270763.68,4,
770169.7300000001,6270763.68,4,
770170.03,6270763.68,5,
770170.3300000001,6270763.68,1,
770173.93,6270763.68,1,
770174.2300000001,6270763.68,4,
770174.53,6270763.68,5,
770174.8300000001,6270763.68,4,
770175.1300000001,6270763.68,3,
770175.43,6270763.68,2,
770178.43,6270763.68,1,
770178.7300000001,6270763.68,4,
770179.03,6270763.68,6,
770179.3300000001,6270763.68,2,
770179.6300000001,6270763.68,1,
770179.93,6270763.68,1,
770180.2300000001,6270763.68,1,
770180.53,6270763.68,1,
770182.93,6270763.68,1,
770183.2300000001,6270763.68,3,
770183.53,6270763.68,3,
770183.8300000001,6270763.68,6,
770184.1300000001,6270763.68,2,
770184.43,6270763.68,6,
770184.7300000001,6270763.68,1,
770188.3300000001,6270763.68,5,
770188.6300000001,6270763.68,6,
770188.93,6270763.68,5,
770189.2300000001,6270763.68,4,
770189.53,6270763.68,2,
770197.3300000001,6270763.68,1,
770197.6300000001,6270763.68,2,
770197.9300000002,6270763.68,4,
770198.2300000001,6270763.68,2,
770198.53,6270763.68,6,
770198.8300000001,6270763.68,5,
770199.1300000001,6270763.68,2,
770202.4300000002,6270763.68,1,
770202.7300000001,6270763.68,2,
770203.03,6270763.68,6,
770203.3300000001,6270763.68,5,
770203.9300000002,6270763.68,5,
770207.53,6270763.68,2,
770207.8300000001,6270763.68,5,
770208.1300000001,6270763.68,4,
770208.4300000002,6270763.68,6,
770208.7300000001,6270763.68,4,
770212.03,6270763.68,3,
770212.3300000001,6270763.68,4,
770212.6300000001,6270763.68,2,
770212.9300000002,6270763.68,4,
770213.2300000001,6270763.68,4,
770213.53,6270763.68,1,
770216.53,6270763.68,1,
770216.8300000001,6270763.68,4,
770217.1300000001,6270763.68,3,
770217.4300000002,6270763.68,5,
770217.7300000001,6270763.68,4,
770218.03,6270763.68,1,
770134.93,6270763.98,1,
770135.23,6270763.98,2,
770135.53,6270763.98,5,
770136.1300000001,6270763.98,4,
770136.7300000001,6270763.98,1,
770139.43,6270763.98,1,
770140.03,6270763.98,6,
770140.3300000001,6270763.98,6,
770140.6300000001,6270763.98,3,
770140.93,6270763.98,2,
770141.2300000001,6270763.98,1,
770141.53,6270763.98,4,
770141.8300000001,6270763.98,2,
770144.2300000001,6270763.98,1,
770144.53,6270763.98,4,
770144.8300000001,6270763.98,1,
770145.1300000001,6270763.98,7,
770145.43,6270763.98,5,
770145.7300000001,6270763.98,2,
770149.6300000001,6270763.98,1,
770149.93,6270763.98,5,
770150.2300000001,6270763.98,5,
770150.53,6270763.98,3,
770150.8300000001,6270763.98,3,
770154.1300000001,6270763.98,1,
770154.43,6270763.98,2,
770154.7300000001,6270763.98,4,
770155.03,6270763.98,5,
770155.3300000001,6270763.98,4,
770155.6300000001,6270763.98,3,
770155.93,6270763.98,2,
770158.6300000001,6270763.98,1,
770158.93,6270763.98,2,
770159.2300000001,6270763.98,3,
770159.53,6270763.98,5,
770159.8300000001,6270763.98,4,
770160.1300000001,6270763.98,6,
770164.03,6270763.98,7,
770164.3300000001,6270763.98,5,
770164.6300000001,6270763.98,5,
770164.93,6270763.98,3,
770165.2300000001,6270763.98,3,
770165.53,6270763.98,2,
770167.93,6270763.98,1,
770168.2300000001,6270763.98,3,
770168.53,6270763.98,5,
770168.8300000001,6270763.98,3,
770169.1300000001,6270763.98,4,
770169.43,6270763.98,5,
770169.7300000001,6270763.98,1,
770173.3300000001,6270763.98,3,
770173.93,6270763.98,5,
770174.2300000001,6270763.98,5,
770177.53,6270763.98,2,
770177.8300000001,6270763.98,2,
770178.1300000001,6270763.98,1,
770178.43,6270763.98,5,
770178.7300000001,6270763.98,6,
770179.03,6270763.98,3,
770179.3300000001,6270763.98,3,
770182.6300000001,6270763.98,1,
770182.93,6270763.98,2,
770183.2300000001,6270763.98,4,
770183.53,6270763.98,4,
770183.8300000001,6270763.98,7,
770184.1300000001,6270763.98,3,
770184.43,6270763.98,2,
770187.43,6270763.98,1,
770187.7300000001,6270763.98,3,
770188.03,6270763.98,6,
770188.3300000001,6270763.98,4,
770188.6300000001,6270763.98,3,
770188.93,6270763.98,2,
770189.2300000001,6270763.98,2,
770192.2300000001,6270763.98,1,
770192.53,6270763.98,4,
770192.8300000001,6270763.98,5,
770193.1300000001,6270763.98,2,
770197.03,6270763.98,2,
770197.3300000001,6270763.98,3,
770197.6300000001,6270763.98,6,
770197.9300000002,6270763.98,3,
770198.2300000001,6270763.98,5,
770198.53,6270763.98,4,
770202.1300000001,6270763.98,3,
770202.4300000002,6270763.98,5,
770202.7300000001,6270763.98,5,
770203.03,6270763.98,3,
770203.3300000001,6270763.98,3,
770203.6300000001,6270763.98,1,
770206.6300000001,6270763.98,1,
770206.9300000002,6270763.98,1,
770207.2300000001,6270763.98,6,
770207.53,6270763.98,3,
770207.8300000001,6270763.98,3,
770208.1300000001,6270763.98,3,
770211.4300000002,6270763.98,1,
770211.7300000001,6270763.98,3,
770212.03,6270763.98,6,
770212.3300000001,6270763.98,4,
770212.6300000001,6270763.98,5,
770212.9300000002,6270763.98,5,
770216.53,6270763.98,5,
770216.8300000001,6270763.98,2,
770217.1300000001,6270763.98,5,
770217.4300000002,6270763.98,8,
770221.03,6270763.98,1,
770221.3300000001,6270763.98,1,
770221.9300000002,6270763.98,1,
770134.6300000001,6270764.279999999,1,
770135.23,6270764.279999999,3,
770135.53,6270764.279999999,2,
770135.8300000001,6270764.279999999,2,
770136.1300000001,6270764.279999999,1,
770138.8300000001,6270764.279999999,1,
770139.1300000001,6270764.279999999,3,
770139.43,6270764.279999999,3,
770139.7300000001,6270764.279999999,5,
770140.03,6270764.279999999,4,
770140.3300000001,6270764.279999999,5,
770140.6300000001,6270764.279999999,4,
770140.93,6270764.279999999,4,
770141.2300000001,6270764.279999999,2,
770143.93,6270764.279999999,2,
770144.2300000001,6270764.279999999,5,
770144.53,6270764.279999999,4,
770144.8300000001,6270764.279999999,5,
770145.1300000001,6270764.279999999,3,
770145.43,6270764.279999999,1,
770149.3300000001,6270764.279999999,1,
770149.6300000001,6270764.279999999,3,
770149.93,6270764.279999999,4,
770150.2300000001,6270764.279999999,5,
770150.53,6270764.279999999,3,
770153.8300000001,6270764.279999999,2,
770154.1300000001,6270764.279999999,3,
770154.43,6270764.279999999,6,
770154.7300000001,6270764.279999999,6,
770155.03,6270764.279999999,6,
770158.03,6270764.279999999,1,
770158.3300000001,6270764.279999999,1,
770158.6300000001,6270764.279999999,4,
770158.93,6270764.279999999,3,
770159.2300000001,6270764.279999999,3,
770159.53,6270764.279999999,4,
770159.8300000001,6270764.279999999,1,
770160.1300000001,6270764.279999999,1,
770163.1300000001,6270764.279999999,2,
770163.43,6270764.279999999,5,
770163.7300000001,6270764.279999999,2,
770164.03,6270764.279999999,5,
770164.3300000001,6270764.279999999,5,
770164.6300000001,6270764.279999999,3,
770164.93,6270764.279999999,3,
770167.93,6270764.279999999,1,
770168.2300000001,6270764.279999999,6,
770168.53,6270764.279999999,3,
770168.8300000001,6270764.279999999,4,
770169.1300000001,6270764.279999999,2,
770173.03,6270764.279999999,3,
770173.3300000001,6270764.279999999,5,
770173.6300000001,6270764.279999999,5,
770173.93,6270764.279999999,6,
770177.2300000001,6270764.279999999,1,
770177.53,6270764.279999999,2,
770177.8300000001,6270764.279999999,5,
770178.1300000001,6270764.279999999,5,
770178.43,6270764.279999999,4,
770182.3300000001,6270764.279999999,1,
770182.6300000001,6270764.279999999,3,
770182.93,6270764.279999999,6,
770183.2300000001,6270764.279999999,2,
770183.53,6270764.279999999,2,
770183.8300000001,6270764.279999999,1,
770187.43,6270764.279999999,4,
770187.7300000001,6270764.279999999,3,
770188.03,6270764.279999999,5,
770188.3300000001,6270764.279999999,3,
770188.6300000001,6270764.279999999,2,
770191.93,6270764.279999999,1,
770192.2300000001,6270764.279999999,4,
770192.53,6270764.279999999,4,
770192.8300000001,6270764.279999999,4,
770193.1300000001,6270764.279999999,4,
770196.4300000002,6270764.279999999,1,
770196.7300000001,6270764.279999999,2,
770197.03,6270764.279999999,6,
770197.3300000001,6270764.279999999,4,
770197.6300000001,6270764.279999999,5,
770197.9300000002,6270764.279999999,2,
770198.2300000001,6270764.279999999,2,
770201.53,6270764.279999999,3,
770201.8300000001,6270764.279999999,3,
770202.1300000001,6270764.279999999,5,
770202.4300000002,6270764.279999999,3,
770202.7300000001,6270764.279999999,4,
770203.03,6270764.279999999,3,
770206.3300000001,6270764.279999999,3,
770206.6300000001,6270764.279999999,3,
770206.9300000002,6270764.279999999,6,
770207.2300000001,6270764.279999999,5,
770207.53,6270764.279999999,3,
770207.8300000001,6270764.279999999,2,
770211.1300000001,6270764.279999999,2,
770211.4300000002,6270764.279999999,5,
770211.7300000001,6270764.279999999,5,
770212.03,6270764.279999999,3,
770212.3300000001,6270764.279999999,5,
770215.03,6270764.279999999,1,
770215.9300000002,6270764.279999999,6,
770216.2300000001,6270764.279999999,4,
770216.53,6270764.279999999,5,
770216.8300000001,6270764.279999999,3,
770217.1300000001,6270764.279999999,4,
770220.4300000002,6270764.279999999,2,
770220.7300000001,6270764.279999999,1,
770221.03,6270764.279999999,3,
770221.3300000001,6270764.279999999,2,
770134.3300000001,6270764.58,1,
770134.6300000001,6270764.58,4,
770134.93,6270764.58,1,
770135.53,6270764.58,1,
770135.8300000001,6270764.58,1,
770138.8300000001,6270764.58,2,
770139.1300000001,6270764.58,6,
770139.7300000001,6270764.58,7,
770140.03,6270764.58,3,
770140.3300000001,6270764.58,2,
770143.03,6270764.58,1,
770143.3300000001,6270764.58,1,
770143.6300000001,6270764.58,4,
770143.93,6270764.58,5,
770144.2300000001,6270764.58,6,
770144.53,6270764.58,5,
770144.8300000001,6270764.58,2,
770145.1300000001,6270764.58,2,
770149.6300000001,6270764.58,3,
770149.93,6270764.58,1,
770153.53,6270764.58,2,
770153.8300000001,6270764.58,5,
770154.1300000001,6270764.58,4,
770154.43,6270764.58,4,
770154.7300000001,6270764.58,2,
770157.7300000001,6270764.58,1,
770158.03,6270764.58,2,
770158.3300000001,6270764.58,4,
770158.6300000001,6270764.58,5,
770158.93,6270764.58,6,
770159.2300000001,6270764.58,3,
770159.53,6270764.58,3,
770162.8300000001,6270764.58,3,
770163.1300000001,6270764.58,5,
770163.43,6270764.58,4,
770163.7300000001,6270764.58,6,
770164.03,6270764.58,2,
770164.3300000001,6270764.58,4,
770164.6300000001,6270764.58,1,
770167.3300000001,6270764.58,1,
770167.6300000001,6270764.58,3,
770167.93,6270764.58,6,
770168.2300000001,6270764.58,4,
770168.53,6270764.58,2,
770168.8300000001,6270764.58,2,
770172.43,6270764.58,3,
770172.7300000001,6270764.58,4,
770173.03,6270764.58,6,
770173.3300000001,6270764.58,4,
770173.6300000001,6270764.58,4,
770176.93,6270764.58,1,
770177.2300000001,6270764.58,4,
770177.53,6270764.58,4,
770177.8300000001,6270764.58,4,
770178.1300000001,6270764.58,4,
770181.43,6270764.58,1,
770181.7300000001,6270764.58,2,
770182.03,6270764.58,1,
770182.3300000001,6270764.58,4,
770182.6300000001,6270764.58,6,
770182.93,6270764.58,6,
770183.2300000001,6270764.58,1,
770186.8300000001,6270764.58,4,
770187.1300000001,6270764.58,7,
770187.43,6270764.58,4,
770187.7300000001,6270764.58,5,
770191.93,6270764.58,3,
770192.2300000001,6270764.58,4,
770192.53,6270764.58,4,
770192.8300000001,6270764.58,1,
770196.1300000001,6270764.58,2,
770196.4300000002,6270764.58,3,
770196.7300000001,6270764.58,5,
770197.03,6270764.58,3,
770197.3300000001,6270764.58,4,
770197.6300000001,6270764.58,1,
770197.9300000002,6270764.58,1,
770200.9300000002,6270764.58,1,
770201.2300000001,6270764.58,1,
770201.53,6270764.58,1,
770201.8300000001,6270764.58,7,
770202.1300000001,6270764.58,1,
770202.4300000002,6270764.58,1,
770205.7300000001,6270764.58,2,
770206.3300000001,6270764.58,5,
770206.6300000001,6270764.58,6,
770206.9300000002,6270764.58,5,
770207.2300000001,6270764.58,1,
770207.8300000001,6270764.58,1,
770210.53,6270764.58,2,
770210.8300000001,6270764.58,3,
770211.1300000001,6270764.58,4,
770211.4300000002,6270764.58,3,
770211.7300000001,6270764.58,6,
770215.03,6270764.58,3,
770215.3300000001,6270764.58,2,
770215.6300000001,6270764.58,4,
770215.9300000002,6270764.58,4,
770216.2300000001,6270764.58,5,
770216.53,6270764.58,3,
770216.8300000001,6270764.58,2,
770220.1300000001,6270764.58,1,
770220.4300000002,6270764.58,5,
770220.7300000001,6270764.58,4,
770221.03,6270764.58,4,
770221.3300000001,6270764.58,1,
770134.3300000001,6270764.88,3,
770134.6300000001,6270764.88,4,
770134.93,6270764.88,5,
770135.23,6270764.88,1,
770137.6300000001,6270764.88,3,
770137.93,6270764.88,1,
770138.2300000001,6270764.88,2,
770138.53,6270764.88,3,
770138.8300000001,6270764.88,6,
770139.1300000001,6270764.88,3,
770139.43,6270764.88,5,
770139.7300000001,6270764.88,1,
770142.7300000001,6270764.88,3,
770143.03,6270764.88,2,
770143.3300000001,6270764.88,3,
770143.6300000001,6270764.88,3,
770143.93,6270764.88,5,
770144.53,6270764.88,1,
770148.1300000001,6270764.88,1,
770153.53,6270764.88,2,
770153.8300000001,6270764.88,2,
770154.1300000001,6270764.88,4,
770154.43,6270764.88,1,
770157.1300000001,6270764.88,1,
770157.43,6270764.88,2,
770157.7300000001,6270764.88,5,
770158.03,6270764.88,4,
770158.3300000001,6270764.88,3,
770158.6300000001,6270764.88,5,
770162.2300000001,6270764.88,2,
770162.53,6270764.88,3,
770162.8300000001,6270764.88,3,
770163.1300000001,6270764.88,6,
770163.43,6270764.88,2,
770167.03,6270764.88,4,
770167.3300000001,6270764.88,6,
770167.6300000001,6270764.88,3,
770167.93,6270764.88,6,
770168.2300000001,6270764.88,1,
770171.8300000001,6270764.88,2,
770172.1300000001,6270764.88,2,
770172.43,6270764.88,3,
770172.7300000001,6270764.88,5,
770173.03,6270764.88,5,
770173.3300000001,6270764.88,1,
770176.6300000001,6270764.88,2,
770176.93,6270764.88,6,
770177.2300000001,6270764.88,5,
770177.53,6270764.88,4,
770181.43,6270764.88,4,
770181.7300000001,6270764.88,3,
770182.03,6270764.88,4,
770182.3300000001,6270764.88,5,
770182.6300000001,6270764.88,2,
770182.93,6270764.88,1,
770185.93,6270764.88,1,
770186.2300000001,6270764.88,1,
770186.53,6270764.88,4,
770186.8300000001,6270764.88,6,
770187.1300000001,6270764.88,5,
770191.03,6270764.88,1,
770191.93,6270764.88,1,
770192.2300000001,6270764.88,4,
770192.53,6270764.88,1,
770195.8300000001,6270764.88,2,
770196.1300000001,6270764.88,6,
770196.4300000002,6270764.88,2,
770196.7300000001,6270764.88,3,
770197.03,6270764.88,4,
770197.3300000001,6270764.88,1,
770200.6300000001,6270764.88,1,
770200.9300000002,6270764.88,2,
770201.2300000001,6270764.88,5,
770201.53,6270764.88,4,
770205.4300000002,6270764.88,3,
770205.7300000001,6270764.88,3,
770206.03,6270764.88,5,
770206.3300000001,6270764.88,3,
770206.6300000001,6270764.88,4,
770206.9300000002,6270764.88,2,
770210.2300000001,6270764.88,2,
770210.53,6270764.88,4,
770210.8300000001,6270764.88,4,
770211.1300000001,6270764.88,5,
770211.4300000002,6270764.88,3,
770211.7300000001,6270764.88,1,
770214.7300000001,6270764.88,1,
770215.03,6270764.88,6,
770215.3300000001,6270764.88,4,
770215.6300000001,6270764.88,3,
770215.9300000002,6270764.88,3,
770219.8300000001,6270764.88,1,
770220.1300000001,6270764.88,4,
770220.4300000002,6270764.88,4,
770220.7300000001,6270764.88,4,
770221.03,6270764.88,1,
770134.3300000001,6270765.18,2,
770134.6300000001,6270765.18,4,
770134.93,6270765.18,2,
770137.6300000001,6270765.18,3,
770137.93,6270765.18,2,
770138.2300000001,6270765.18,4,
770138.53,6270765.18,4,
770138.8300000001,6270765.18,6,
770139.1300000001,6270765.18,5,
770142.1300000001,6270765.18,1,
770142.43,6270765.18,4,
770142.7300000001,6270765.18,4,
770143.03,6270765.18,5,
770143.3300000001,6270765.18,4,
770143.6300000001,6270765.18,6,
770143.93,6270765.18,6,
770147.2300000001,6270765.18,1,
770147.53,6270765.18,4,
770147.8300000001,6270765.18,4,
770148.1300000001,6270765.18,6,
770153.8300000001,6270765.18,1,
770156.8300000001,6270765.18,2,
770157.1300000001,6270765.18,5,
770157.43,6270765.18,6,
770157.7300000001,6270765.18,3,
770158.03,6270765.18,4,
770158.3300000001,6270765.18,2,
770158.6300000001,6270765.18,1,
770161.93,6270765.18,4,
770162.2300000001,6270765.18,3,
770162.53,6270765.18,5,
770162.8300000001,6270765.18,3,
770166.1300000001,6270765.18,1,
770166.43,6270765.18,1,
770166.7300000001,6270765.18,6,
770167.03,6270765.18,3,
770167.3300000001,6270765.18,5,
770167.6300000001,6270765.18,1,
770171.2300000001,6270765.18,1,
770171.8300000001,6270765.18,1,
770172.1300000001,6270765.18,5,
770172.43,6270765.18,2,
770172.7300000001,6270765.18,2,
770176.03,6270765.18,1,
770176.3300000001,6270765.18,3,
770176.6300000001,6270765.18,5,
770176.93,6270765.18,3,
770177.2300000001,6270765.18,2,
770177.53,6270765.18,4,
770180.2300000001,6270765.18,1,
770180.8300000001,6270765.18,1,
770181.43,6270765.18,6,
770181.7300000001,6270765.18,4,
770182.03,6270765.18,4,
770182.3300000001,6270765.18,4,
770185.6300000001,6270765.18,1,
770185.93,6270765.18,5,
770186.2300000001,6270765.18,3,
770186.53,6270765.18,6,
770186.8300000001,6270765.18,4,
770187.1300000001,6270765.18,1,
770190.7300000001,6270765.18,1,
770191.03,6270765.18,4,
770191.3300000001,6270765.18,2,
770195.2300000001,6270765.18,1,
770195.53,6270765.18,2,
770195.8300000001,6270765.18,6,
770196.1300000001,6270765.18,4,
770196.4300000002,6270765.18,4,
770196.7300000001,6270765.18,1,
770200.03,6270765.18,1,
770200.3300000001,6270765.18,2,
770200.6300000001,6270765.18,4,
770200.9300000002,6270765.18,8,
770201.2300000001,6270765.18,3,
770201.53,6270765.18,2,
770201.8300000001,6270765.18,2,
770204.53,6270765.18,1,
770204.8300000001,6270765.18,1,
770205.1300000001,6270765.18,4,
770205.4300000002,6270765.18,3,
770205.7300000001,6270765.18,4,
770206.03,6270765.18,4,
770206.3300000001,6270765.18,3,
770209.3300000001,6270765.18,1,
770209.6300000001,6270765.18,2,
770209.9300000002,6270765.18,4,
770210.2300000001,6270765.18,3,
770210.53,6270765.18,5,
770210.8300000001,6270765.18,3,
770214.1300000001,6270765.18,1,
770214.4300000002,6270765.18,6,
770214.7300000001,6270765.18,6,
770215.03,6270765.18,5,
770215.3300000001,6270765.18,3,
770219.53,6270765.18,4,
770219.8300000001,6270765.18,5,
770220.1300000001,6270765.18,5,
770220.4300000002,6270765.18,1,
770220.7300000001,6270765.18,1,
770224.03,6270765.18,1,
770137.3300000001,6270765.48,2,
770137.6300000001,6270765.48,4,
770137.93,6270765.48,5,
770138.2300000001,6270765.48,3,
770138.53,6270765.48,5,
770138.8300000001,6270765.48,3,
770139.1300000001,6270765.48,1,
770142.1300000001,6270765.48,4,
770142.43,6270765.48,4,
770142.7300000001,6270765.48,2,
770143.03,6270765.48,5,
770143.3300000001,6270765.48,3,
770143.6300000001,6270765.48,1,
770147.2300000001,6270765.48,4,
770147.53,6270765.48,7,
770147.8300000001,6270765.48,4,
770148.1300000001,6270765.48,2,
770148.43,6270765.48,1,
770152.03,6270765.48,2,
770152.3300000001,6270765.48,3,
770152.6300000001,6270765.48,1,
770156.2300000001,6270765.48,2,
770156.53,6270765.48,4,
770156.8300000001,6270765.48,5,
770157.1300000001,6270765.48,5,
770157.43,6270765.48,4,
770157.7300000001,6270765.48,3,
770161.03,6270765.48,2,
770161.3300000001,6270765.48,1,
770161.6300000001,6270765.48,3,
770161.93,6270765.48,5,
770162.2300000001,6270765.48,6,
770162.53,6270765.48,2,
770162.8300000001,6270765.48,1,
770165.8300000001,6270765.48,1,
770166.1300000001,6270765.48,3,
770166.43,6270765.48,6,
770166.7300000001,6270765.48,2,
770167.03,6270765.48,4,
770170.93,6270765.48,3,
770171.2300000001,6270765.48,3,
770171.53,6270765.48,4,
770171.8300000001,6270765.48,6,
770175.7300000001,6270765.48,2,
770176.03,6270765.48,5,
770176.3300000001,6270765.48,4,
770176.6300000001,6270765.48,2,
770176.93,6270765.48,2,
770180.2300000001,6270765.48,2,
770180.53,6270765.48,4,
770180.8300000001,6270765.48,5,
770181.1300000001,6270765.48,7,
770185.03,6270765.48,2,
770185.3300000001,6270765.48,3,
770185.6300000001,6270765.48,6,
770185.93,6270765.48,3,
770186.2300000001,6270765.48,5,
770186.53,6270765.48,1,
770190.1300000001,6270765.48,1,
770190.43,6270765.48,6,
770190.7300000001,6270765.48,5,
770191.03,6270765.48,5,
770191.3300000001,6270765.48,2,
770194.6300000001,6270765.48,1,
770194.93,6270765.48,3,
770195.2300000001,6270765.48,3,
770195.53,6270765.48,4,
770195.8300000001,6270765.48,6,
770196.1300000001,6270765.48,3,
770196.4300000002,6270765.48,1,
770199.4300000002,6270765.48,1,
770199.7300000001,6270765.48,5,
770200.03,6270765.48,5,
770200.3300000001,6270765.48,6,
770200.6300000001,6270765.48,2,
770200.9300000002,6270765.48,3,
770201.2300000001,6270765.48,1,
770204.53,6270765.48,2,
770204.8300000001,6270765.48,8,
770205.1300000001,6270765.48,5,
770205.4300000002,6270765.48,3,
770205.7300000001,6270765.48,2,
770209.3300000001,6270765.48,3,
770209.6300000001,6270765.48,4,
770209.9300000002,6270765.48,5,
770210.2300000001,6270765.48,4,
770210.53,6270765.48,1,
770213.2300000001,6270765.48,1,
770213.8300000001,6270765.48,2,
770214.1300000001,6270765.48,3,
770214.4300000002,6270765.48,2,
770214.7300000001,6270765.48,7,
770215.03,6270765.48,1,
770218.9300000002,6270765.48,3,
770219.2300000001,6270765.48,4,
770219.53,6270765.48,6,
770219.8300000001,6270765.48,5,
770220.1300000001,6270765.48,2,
770223.7300000001,6270765.48,1,
770224.03,6270765.48,6,
770224.3300000001,6270765.48,4,
770135.8300000001,6270765.779999999,1,
770137.3300000001,6270765.779999999,5,
770137.6300000001,6270765.779999999,4,
770137.93,6270765.779999999,6,
770138.2300000001,6270765.779999999,3,
770138.53,6270765.779999999,1,
770138.8300000001,6270765.779999999,4,
770141.53,6270765.779999999,3,
770141.8300000001,6270765.779999999,3,
770142.1300000001,6270765.779999999,5,
770142.43,6270765.779999999,5,
770142.7300000001,6270765.779999999,5,
770143.03,6270765.779999999,3,
770146.93,6270765.779999999,2,
770147.2300000001,6270765.779999999,6,
770147.53,6270765.779999999,1,
770147.8300000001,6270765.779999999,2,
770151.1300000001,6270765.779999999,1,
770151.43,6270765.779999999,5,
770151.7300000001,6270765.779999999,3,
770152.03,6270765.779999999,5,
770152.3300000001,6270765.779999999,4,
770155.93,6270765.779999999,6,
770156.2300000001,6270765.779999999,3,
770156.53,6270765.779999999,5,
770156.8300000001,6270765.779999999,5,
770157.1300000001,6270765.779999999,3,
770157.43,6270765.779999999,4,
770157.7300000001,6270765.779999999,1,
770161.03,6270765.779999999,2,
770161.3300000001,6270765.779999999,4,
770161.6300000001,6270765.779999999,4,
770161.93,6270765.779999999,5,
770162.2300000001,6270765.779999999,3,
770162.53,6270765.779999999,1,
770165.8300000001,6270765.779999999,3,
770166.1300000001,6270765.779999999,4,
770166.43,6270765.779999999,3,
770166.7300000001,6270765.779999999,2,
770170.03,6270765.779999999,1,
770170.6300000001,6270765.779999999,3,
770170.93,6270765.779999999,3,
770171.2300000001,6270765.779999999,3,
770171.53,6270765.779999999,5,
770171.8300000001,6270765.779999999,1,
770174.8300000001,6270765.779999999,2,
770175.1300000001,6270765.779999999,1,
770175.43,6270765.779999999,4,
770175.7300000001,6270765.779999999,5,
770176.03,6270765.779999999,1,
770176.3300000001,6270765.779999999,7,
770176.6300000001,6270765.779999999,4,
770179.6300000001,6270765.779999999,1,
770179.93,6270765.779999999,2,
770180.2300000001,6270765.779999999,3,
770180.53,6270765.779999999,5,
770180.8300000001,6270765.779999999,5,
770181.1300000001,6270765.779999999,1,
770184.7300000001,6270765.779999999,3,
770185.03,6270765.779999999,6,
770185.3300000001,6270765.779999999,5,
770185.6300000001,6270765.779999999,4,
770185.93,6270765.779999999,3,
770189.53,6270765.779999999,1,
770189.8300000001,6270765.779999999,4,
770190.1300000001,6270765.779999999,3,
770190.43,6270765.779999999,4,
770190.7300000001,6270765.779999999,5,
770194.03,6270765.779999999,1,
770194.6300000001,6270765.779999999,8,
770194.93,6270765.779999999,4,
770195.2300000001,6270765.779999999,4,
770195.53,6270765.779999999,3,
770195.8300000001,6270765.779999999,1,
770199.4300000002,6270765.779999999,4,
770199.7300000001,6270765.779999999,3,
770200.03,6270765.779999999,4,
770200.3300000001,6270765.779999999,3,
770200.6300000001,6270765.779999999,3,
770203.9300000002,6270765.779999999,1,
770204.2300000001,6270765.779999999,1,
770204.53,6270765.779999999,6,
770204.8300000001,6270765.779999999,4,
770205.1300000001,6270765.779999999,3,
770205.4300000002,6270765.779999999,1,
770208.7300000001,6270765.779999999,3,
770209.03,6270765.779999999,5,
770209.3300000001,6270765.779999999,5,
770209.6300000001,6270765.779999999,6,
770209.9300000002,6270765.779999999,6,
770210.2300000001,6270765.779999999,1,
770212.6300000001,6270765.779999999,2,
770212.9300000002,6270765.779999999,2,
770213.2300000001,6270765.779999999,1,
770213.53,6270765.779999999,5,
770213.8300000001,6270765.779999999,6,
770214.1300000001,6270765.779999999,4,
770214.4300000002,6270765.779999999,3,
770214.7300000001,6270765.779999999,3,
770215.03,6270765.779999999,1,
770218.6300000001,6270765.779999999,4,
770218.9300000002,6270765.779999999,6,
770219.2300000001,6270765.779999999,5,
770219.8300000001,6270765.779999999,1,
770222.8300000001,6270765.779999999,1,
770223.1300000001,6270765.779999999,2,
770223.4300000002,6270765.779999999,4,
770223.7300000001,6270765.779999999,4,
770224.03,6270765.779999999,6,
770224.3300000001,6270765.779999999,3,
770136.1300000001,6270766.08,5,
770136.43,6270766.08,1,
770137.03,6270766.08,4,
770137.3300000001,6270766.08,4,
770137.6300000001,6270766.08,5,
770137.93,6270766.08,1,
770141.53,6270766.08,3,
770141.8300000001,6270766.08,4,
770142.1300000001,6270766.08,5,
770142.43,6270766.08,3,
770146.3300000001,6270766.08,1,
770146.93,6270766.08,1,
770147.53,6270766.08,1,
770147.8300000001,6270766.08,1,
770150.53,6270766.08,1,
770150.8300000001,6270766.08,2,
770151.1300000001,6270766.08,3,
770151.43,6270766.08,2,
770151.7300000001,6270766.08,3,
770152.03,6270766.08,6,
770155.3300000001,6270766.08,1,
770155.6300000001,6270766.08,6,
770155.93,6270766.08,6,
770156.2300000001,6270766.08,3,
770156.53,6270766.08,4,
770156.8300000001,6270766.08,2,
770157.1300000001,6270766.08,1,
770157.43,6270766.08,1,
770160.1300000001,6270766.08,1,
770160.43,6270766.08,1,
770160.7300000001,6270766.08,2,
770161.03,6270766.08,5,
770161.3300000001,6270766.08,4,
770161.6300000001,6270766.08,1,
770161.93,6270766.08,1,
770166.1300000001,6270766.08,1,
770169.7300000001,6270766.08,1,
770170.03,6270766.08,1,
770170.3300000001,6270766.08,4,
770170.6300000001,6270766.08,7,
770170.93,6270766.08,4,
770171.2300000001,6270766.08,1,
770174.53,6270766.08,3,
770174.8300000001,6270766.08,3,
770175.1300000001,6270766.08,7,
770175.43,6270766.08,4,
770175.7300000001,6270766.08,1,
770176.03,6270766.08,6,
770176.3300000001,6270766.08,2,
770179.6300000001,6270766.08,5,
770179.93,6270766.08,7,
770180.2300000001,6270766.08,5,
770180.53,6270766.08,1,
770180.8300000001,6270766.08,2,
770184.1300000001,6270766.08,3,
770184.43,6270766.08,3,
770184.7300000001,6270766.08,5,
770185.03,6270766.08,3,
770185.3300000001,6270766.08,5,
770188.93,6270766.08,1,
770189.8300000001,6270766.08,5,
770190.1300000001,6270766.08,5,
770190.43,6270766.08,2,
770194.03,6270766.08,2,
770194.3300000001,6270766.08,6,
770194.6300000001,6270766.08,4,
770194.93,6270766.08,2,
770195.2300000001,6270766.08,1,
770198.8300000001,6270766.08,4,
770199.1300000001,6270766.08,4,
770199.4300000002,6270766.08,5,
770199.7300000001,6270766.08,3,
770200.03,6270766.08,2,
770200.3300000001,6270766.08,1,
770203.6300000001,6270766.08,4,
770203.9300000002,6270766.08,5,
770204.2300000001,6270766.08,5,
770204.53,6270766.08,5,
770204.8300000001,6270766.08,4,
770205.1300000001,6270766.08,3,
770208.4300000002,6270766.08,4,
770208.7300000001,6270766.08,6,
770209.03,6270766.08,3,
770209.3300000001,6270766.08,2,
770209.6300000001,6270766.08,1,
770212.6300000001,6270766.08,2,
770212.9300000002,6270766.08,3,
770213.2300000001,6270766.08,7,
770213.53,6270766.08,3,
770213.8300000001,6270766.08,5,
770214.1300000001,6270766.08,4,
770214.4300000002,6270766.08,2,
770214.7300000001,6270766.08,1,
770215.03,6270766.08,1,
770217.4300000002,6270766.08,1,
770217.7300000001,6270766.08,1,
770218.03,6270766.08,1,
770218.3300000001,6270766.08,5,
770218.6300000001,6270766.08,3,
770222.8300000001,6270766.08,2,
770223.1300000001,6270766.08,3,
770223.4300000002,6270766.08,4,
770223.7300000001,6270766.08,6,
770224.03,6270766.08,4,
770224.3300000001,6270766.08,2,
770135.53,6270766.38,1,
770135.8300000001,6270766.38,2,
770136.1300000001,6270766.38,2,
770136.43,6270766.38,4,
770136.7300000001,6270766.38,6,
770137.03,6270766.38,3,
770137.3300000001,6270766.38,2,
770137.6300000001,6270766.38,1,
770140.6300000001,6270766.38,1,
770140.93,6270766.38,4,
770141.2300000001,6270766.38,4,
770141.53,6270766.38,5,
770142.43,6270766.38,1,
770146.03,6270766.38,1,
770146.3300000001,6270766.38,2,
770146.6300000001,6270766.38,1,
770149.93,6270766.38,1,
770150.2300000001,6270766.38,4,
770150.53,6270766.38,3,
770150.8300000001,6270766.38,6,
770151.1300000001,6270766.38,3,
770151.43,6270766.38,6,
770151.7300000001,6270766.38,5,
770155.03,6270766.38,4,
770155.3300000001,6270766.38,6,
770155.6300000001,6270766.38,4,
770155.93,6270766.38,5,
770156.2300000001,6270766.38,2,
770156.53,6270766.38,1,
770159.8300000001,6270766.38,1,
770160.1300000001,6270766.38,3,
770160.43,6270766.38,5,
770160.7300000001,6270766.38,6,
770161.03,6270766.38,5,
770161.3300000001,6270766.38,1,
770164.03,6270766.38,3,
770164.3300000001,6270766.38,2,
770169.43,6270766.38,1,
770169.7300000001,6270766.38,2,
770170.03,6270766.38,4,
770170.3300000001,6270766.38,6,
770170.6300000001,6270766.38,2,
770170.93,6270766.38,2,
770173.93,6270766.38,2,
770174.53,6270766.38,5,
770174.8300000001,6270766.38,6,
770175.1300000001,6270766.38,4,
770175.43,6270766.38,2,
770175.7300000001,6270766.38,1,
770176.03,6270766.38,2,
770176.3300000001,6270766.38,2,
770179.03,6270766.38,2,
770179.3300000001,6270766.38,4,
770179.6300000001,6270766.38,5,
770179.93,6270766.38,5,
770180.53,6270766.38,1,
770183.53,6270766.38,1,
770183.8300000001,6270766.38,3,
770184.1300000001,6270766.38,4,
770184.43,6270766.38,5,
770184.7300000001,6270766.38,5,
770185.03,6270766.38,3,
770185.3300000001,6270766.38,1,
770188.6300000001,6270766.38,2,
770188.93,6270766.38,3,
770189.2300000001,6270766.38,3,
770189.53,6270766.38,1,
770189.8300000001,6270766.38,4,
770190.1300000001,6270766.38,1,
770193.43,6270766.38,2,
770193.7300000001,6270766.38,4,
770194.03,6270766.38,4,
770194.3300000001,6270766.38,6,
770194.6300000001,6270766.38,1,
770194.93,6270766.38,2,
770197.9300000002,6270766.38,2,
770198.2300000001,6270766.38,1,
770198.53,6270766.38,2,
770198.8300000001,6270766.38,3,
770199.1300000001,6270766.38,4,
770199.4300000002,6270766.38,3,
770199.7300000001,6270766.38,1,
770203.03,6270766.38,2,
770203.3300000001,6270766.38,4,
770203.6300000001,6270766.38,6,
770203.9300000002,6270766.38,4,
770204.2300000001,6270766.38,2,
770207.53,6270766.38,1,
770207.8300000001,6270766.38,3,
770208.1300000001,6270766.38,4,
770208.4300000002,6270766.38,3,
770208.7300000001,6270766.38,4,
770209.03,6270766.38,3,
770209.3300000001,6270766.38,1,
770212.3300000001,6270766.38,2,
770212.6300000001,6270766.38,2,
770212.9300000002,6270766.38,4,
770213.2300000001,6270766.38,4,
770213.53,6270766.38,1,
770213.8300000001,6270766.38,1,
770216.8300000001,6270766.38,1,
770217.1300000001,6270766.38,2,
770217.4300000002,6270766.38,3,
770217.7300000001,6270766.38,5,
770218.03,6270766.38,6,
770218.3300000001,6270766.38,2,
770222.2300000001,6270766.38,1,
770222.8300000001,6270766.38,1,
770223.1300000001,6270766.38,1,
770223.4300000002,6270766.38,4,
770223.7300000001,6270766.38,5,
770135.23,6270766.68,3,
770135.53,6270766.68,4,
770135.8300000001,6270766.68,3,
770136.1300000001,6270766.68,5,
770136.43,6270766.68,5,
770136.7300000001,6270766.68,5,
770137.03,6270766.68,3,
770140.3300000001,6270766.68,3,
770140.6300000001,6270766.68,3,
770140.93,6270766.68,8,
770141.2300000001,6270766.68,4,
770141.53,6270766.68,4,
770144.8300000001,6270766.68,1,
770145.1300000001,6270766.68,3,
770145.43,6270766.68,2,
770145.7300000001,6270766.68,4,
770149.3300000001,6270766.68,1,
770149.6300000001,6270766.68,1,
770149.93,6270766.68,3,
770150.2300000001,6270766.68,2,
770150.53,6270766.68,5,
770150.8300000001,6270766.68,2,
770151.1300000001,6270766.68,4,
770151.43,6270766.68,4,
770154.1300000001,6270766.68,1,
770154.43,6270766.68,1,
770154.7300000001,6270766.68,5,
770155.03,6270766.68,5,
770155.3300000001,6270766.68,4,
770159.53,6270766.68,1,
770159.8300000001,6270766.68,6,
770160.1300000001,6270766.68,2,
770160.43,6270766.68,3,
770160.7300000001,6270766.68,5,
770163.7300000001,6270766.68,3,
770164.03,6270766.68,4,
770164.3300000001,6270766.68,2,
770164.6300000001,6270766.68,2,
770168.8300000001,6270766.68,3,
770169.1300000001,6270766.68,2,
770169.43,6270766.68,3,
770169.7300000001,6270766.68,5,
770170.03,6270766.68,3,
770170.3300000001,6270766.68,2,
770170.6300000001,6270766.68,1,
770173.6300000001,6270766.68,1,
770173.93,6270766.68,6,
770174.2300000001,6270766.68,5,
770174.53,6270766.68,3,
770174.8300000001,6270766.68,6,
770175.1300000001,6270766.68,2,
770178.43,6270766.68,2,
770178.7300000001,6270766.68,6,
770179.03,6270766.68,3,
770179.3300000001,6270766.68,4,
770179.6300000001,6270766.68,4,
770179.93,6270766.68,1,
770183.2300000001,6270766.68,2,
770183.53,6270766.68,2,
770183.8300000001,6270766.68,5,
770184.1300000001,6270766.68,5,
770184.43,6270766.68,5,
770184.7300000001,6270766.68,1,
770188.03,6270766.68,2,
770188.3300000001,6270766.68,3,
770188.6300000001,6270766.68,6,
770188.93,6270766.68,5,
770189.2300000001,6270766.68,4,
770189.53,6270766.68,1,
770192.53,6270766.68,1,
770192.8300000001,6270766.68,3,
770193.1300000001,6270766.68,4,
770193.43,6270766.68,5,
770193.7300000001,6270766.68,4,
770194.03,6270766.68,5,
770197.6300000001,6270766.68,1,
770197.9300000002,6270766.68,5,
770198.2300000001,6270766.68,4,
770198.53,6270766.68,4,
770198.8300000001,6270766.68,6,
770199.1300000001,6270766.68,2,
770199.4300000002,6270766.68,1,
770202.4300000002,6270766.68,1,
770202.7300000001,6270766.68,5,
770203.03,6270766.68,2,
770203.3300000001,6270766.68,6,
770203.6300000001,6270766.68,4,
770203.9300000002,6270766.68,2,
770206.9300000002,6270766.68,1,
770207.2300000001,6270766.68,3,
770207.53,6270766.68,3,
770207.8300000001,6270766.68,4,
770208.1300000001,6270766.68,5,
770208.4300000002,6270766.68,3,
770208.7300000001,6270766.68,1,
770212.03,6270766.68,2,
770212.3300000001,6270766.68,5,
770212.6300000001,6270766.68,3,
770212.9300000002,6270766.68,3,
770213.2300000001,6270766.68,1,
770216.8300000001,6270766.68,1,
770217.1300000001,6270766.68,3,
770217.4300000002,6270766.68,4,
770217.7300000001,6270766.68,5,
770218.3300000001,6270766.68,1,
770221.3300000001,6270766.68,1,
770221.9300000002,6270766.68,1,
770134.3300000001,6270766.98,3,
770134.6300000001,6270766.98,1,
770135.23,6270766.98,2,
770135.53,6270766.98,8,
770135.8300000001,6270766.98,3,
770136.1300000001,6270766.98,4,
770136.43,6270766.98,3,
770136.7300000001,6270766.98,6,
770139.7300000001,6270766.98,1,
770140.03,6270766.98,5,
770140.3300000001,6270766.98,5,
770140.6300000001,6270766.98,5,
770140.93,6270766.98,1,
770144.53,6270766.98,4,
770144.8300000001,6270766.98,5,
770145.1300000001,6270766.98,5,
770145.43,6270766.98,4,
770145.7300000001,6270766.98,1,
770149.3300000001,6270766.98,1,
770149.6300000001,6270766.98,4,
770149.93,6270766.98,4,
770150.2300000001,6270766.98,3,
770150.53,6270766.98,4,
770150.8300000001,6270766.98,4,
770151.1300000001,6270766.98,1,
770153.8300000001,6270766.98,1,
770154.1300000001,6270766.98,3,
770154.43,6270766.98,5,
770154.7300000001,6270766.98,4,
770155.03,6270766.98,4,
770155.3300000001,6270766.98,2,
770158.6300000001,6270766.98,1,
770158.93,6270766.98,2,
770159.2300000001,6270766.98,3,
770159.53,6270766.98,6,
770159.8300000001,6270766.98,3,
770160.1300000001,6270766.98,6,
770160.43,6270766.98,1,
770163.43,6270766.98,5,
770163.7300000001,6270766.98,4,
770164.03,6270766.98,2,
770164.3300000001,6270766.98,6,
770164.6300000001,6270766.98,2,
770168.53,6270766.98,2,
770168.8300000001,6270766.98,1,
770169.1300000001,6270766.98,6,
770169.43,6270766.98,5,
770169.7300000001,6270766.98,2,
770170.03,6270766.98,2,
770172.7300000001,6270766.98,1,
770173.03,6270766.98,3,
770173.3300000001,6270766.98,5,
770173.6300000001,6270766.98,4,
770173.93,6270766.98,6,
770174.2300000001,6270766.98,2,
770174.53,6270766.98,3,
770174.8300000001,6270766.98,4,
770177.8300000001,6270766.98,2,
770178.1300000001,6270766.98,3,
770178.43,6270766.98,5,
770178.7300000001,6270766.98,5,
770179.03,6270766.98,6,
770179.3300000001,6270766.98,5,
770182.6300000001,6270766.98,3,
770182.93,6270766.98,3,
770183.2300000001,6270766.98,3,
770183.53,6270766.98,7,
770183.8300000001,6270766.98,6,
770184.1300000001,6270766.98,2,
770187.43,6270766.98,2,
770187.7300000001,6270766.98,2,
770188.03,6270766.98,3,
770188.3300000001,6270766.98,4,
770188.6300000001,6270766.98,3,
770188.93,6270766.98,1,
770189.2300000001,6270766.98,1,
770192.2300000001,6270766.98,1,
770192.53,6270766.98,1,
770192.8300000001,6270766.98,5,
770193.1300000001,6270766.98,3,
770193.43,6270766.98,3,
770193.7300000001,6270766.98,4,
770197.3300000001,6270766.98,1,
770197.6300000001,6270766.98,4,
770197.9300000002,6270766.98,4,
770198.2300000001,6270766.98,4,
770198.53,6270766.98,2,
770198.8300000001,6270766.98,2,
770201.8300000001,6270766.98,1,
770202.1300000001,6270766.98,4,
770202.4300000002,6270766.98,4,
770202.7300000001,6270766.98,4,
770203.03,6270766.98,5,
770203.3300000001,6270766.98,2,
770203.6300000001,6270766.98,1,
770206.3300000001,6270766.98,3,
770206.6300000001,6270766.98,2,
770206.9300000002,6270766.98,2,
770207.2300000001,6270766.98,6,
770207.53,6270766.98,4,
770207.8300000001,6270766.98,6,
770211.4300000002,6270766.98,1,
770211.7300000001,6270766.98,4,
770212.03,6270766.98,5,
770212.3300000001,6270766.98,3,
770212.6300000001,6270766.98,5,
770212.9300000002,6270766.98,4,
770216.8300000001,6270766.98,7,
770217.1300000001,6270766.98,6,
770217.4300000002,6270766.98,3,
770221.03,6270766.98,2,
770221.3300000001,6270766.98,4,
770221.6300000001,6270766.98,2,
770134.3300000001,6270767.279999999,5,
770134.6300000001,6270767.279999999,5,
770134.93,6270767.279999999,1,
770135.23,6270767.279999999,1,
770135.53,6270767.279999999,5,
770135.8300000001,6270767.279999999,1,
770136.43,6270767.279999999,2,
770139.7300000001,6270767.279999999,2,
770140.03,6270767.279999999,6,
770140.3300000001,6270767.279999999,1,
770143.93,6270767.279999999,3,
770144.2300000001,6270767.279999999,4,
770144.53,6270767.279999999,5,
770144.8300000001,6270767.279999999,4,
770145.1300000001,6270767.279999999,3,
770148.7300000001,6270767.279999999,1,
770149.03,6270767.279999999,2,
770149.3300000001,6270767.279999999,4,
770149.6300000001,6270767.279999999,5,
770149.93,6270767.279999999,5,
770150.2300000001,6270767.279999999,4,
770150.53,6270767.279999999,1,
770153.2300000001,6270767.279999999,1,
770153.53,6270767.279999999,3,
770153.8300000001,6270767.279999999,4,
770154.1300000001,6270767.279999999,6,
770154.43,6270767.279999999,5,
770158.3300000001,6270767.279999999,2,
770158.6300000001,6270767.279999999,4,
770158.93,6270767.279999999,5,
770159.2300000001,6270767.279999999,6,
770159.53,6270767.279999999,6,
770159.8300000001,6270767.279999999,3,
770162.8300000001,6270767.279999999,1,
770163.1300000001,6270767.279999999,2,
770163.43,6270767.279999999,5,
770163.7300000001,6270767.279999999,4,
770164.03,6270767.279999999,4,
770164.3300000001,6270767.279999999,3,
770167.6300000001,6270767.279999999,1,
770168.2300000001,6270767.279999999,2,
770168.53,6270767.279999999,3,
770168.8300000001,6270767.279999999,6,
770169.1300000001,6270767.279999999,1,
770172.43,6270767.279999999,1,
770172.7300000001,6270767.279999999,2,
770173.03,6270767.279999999,4,
770173.3300000001,6270767.279999999,4,
770173.6300000001,6270767.279999999,5,
770173.93,6270767.279999999,3,
770174.2300000001,6270767.279999999,2,
770174.53,6270767.279999999,1,
770177.53,6270767.279999999,2,
770177.8300000001,6270767.279999999,5,
770178.1300000001,6270767.279999999,4,
770178.43,6270767.279999999,3,
770178.7300000001,6270767.279999999,1,
770179.03,6270767.279999999,1,
770182.3300000001,6270767.279999999,4,
770182.6300000001,6270767.279999999,3,
770182.93,6270767.279999999,6,
770183.2300000001,6270767.279999999,5,
770183.53,6270767.279999999,2,
770183.8300000001,6270767.279999999,1,
770187.1300000001,6270767.279999999,2,
770187.43,6270767.279999999,2,
770187.7300000001,6270767.279999999,7,
770188.03,6270767.279999999,3,
770188.3300000001,6270767.279999999,1,
770192.2300000001,6270767.279999999,4,
770192.53,6270767.279999999,6,
770192.8300000001,6270767.279999999,3,
770193.1300000001,6270767.279999999,2,
770193.43,6270767.279999999,3,
770196.7300000001,6270767.279999999,2,
770197.03,6270767.279999999,4,
770197.3300000001,6270767.279999999,5,
770197.6300000001,6270767.279999999,7,
770197.9300000002,6270767.279999999,2,
770201.53,6270767.279999999,1,
770201.8300000001,6270767.279999999,3,
770202.1300000001,6270767.279999999,5,
770202.4300000002,6270767.279999999,4,
770202.7300000001,6270767.279999999,4,
770206.03,6270767.279999999,1,
770206.3300000001,6270767.279999999,3,
770206.6300000001,6270767.279999999,4,
770206.9300000002,6270767.279999999,5,
770207.2300000001,6270767.279999999,5,
770207.53,6270767.279999999,3,
770207.8300000001,6270767.279999999,1,
770211.1300000001,6270767.279999999,5,
770211.4300000002,6270767.279999999,4,
770211.7300000001,6270767.279999999,2,
770212.03,6270767.279999999,3,
770212.3300000001,6270767.279999999,3,
770212.6300000001,6270767.279999999,1,
770215.9300000002,6270767.279999999,2,
770216.53,6270767.279999999,1,
770216.8300000001,6270767.279999999,3,
770220.7300000001,6270767.279999999,5,
770221.03,6270767.279999999,6,
770221.3300000001,6270767.279999999,8,
770221.6300000001,6270767.279999999,1,
770221.9300000002,6270767.279999999,1,
770134.03,6270767.58,2,
770134.3300000001,6270767.58,2,
770134.6300000001,6270767.58,5,
770134.93,6270767.58,3,
770135.23,6270767.58,1,
770139.7300000001,6270767.58,1,
770143.6300000001,6270767.58,1,
770143.93,6270767.58,3,
770144.2300000001,6270767.58,4,
770144.53,6270767.58,4,
770144.8300000001,6270767.58,2,
770148.43,6270767.58,3,
770148.7300000001,6270767.58,5,
770149.03,6270767.58,3,
770149.3300000001,6270767.58,5,
770149.6300000001,6270767.58,3,
770149.93,6270767.58,1,
770152.6300000001,6270767.58,1,
770152.93,6270767.58,2,
770153.2300000001,6270767.58,5,
770153.53,6270767.58,3,
770153.8300000001,6270767.58,7,
770154.1300000001,6270767.58,2,
770154.43,6270767.58,1,
770157.7300000001,6270767.58,1,
770158.03,6270767.58,3,
770158.3300000001,6270767.58,1,
770158.6300000001,6270767.58,3,
770158.93,6270767.58,6,
770159.2300000001,6270767.58,4,
770162.53,6270767.58,1,
770162.8300000001,6270767.58,5,
770163.1300000001,6270767.58,5,
770163.43,6270767.58,6,
770163.7300000001,6270767.58,3,
770167.3300000001,6270767.58,1,
770167.6300000001,6270767.58,5,
770167.93,6270767.58,2,
770168.2300000001,6270767.58,7,
770168.53,6270767.58,4,
770168.8300000001,6270767.58,2,
770172.43,6270767.58,2,
770172.7300000001,6270767.58,3,
770173.03,6270767.58,5,
770173.3300000001,6270767.58,3,
770173.6300000001,6270767.58,3,
770173.93,6270767.58,2,
770176.93,6270767.58,1,
770177.2300000001,6270767.58,5,
770177.53,6270767.58,3,
770177.8300000001,6270767.58,5,
770178.1300000001,6270767.58,3,
770178.43,6270767.58,1,
770181.7300000001,6270767.58,2,
770182.03,6270767.58,6,
770182.3300000001,6270767.58,6,
770182.6300000001,6270767.58,3,
770182.93,6270767.58,4,
770183.2300000001,6270767.58,1,
770186.8300000001,6270767.58,4,
770187.1300000001,6270767.58,4,
770187.43,6270767.58,4,
770187.7300000001,6270767.58,3,
770188.03,6270767.58,2,
770191.3300000001,6270767.58,1,
770191.6300000001,6270767.58,3,
770191.93,6270767.58,4,
770192.2300000001,6270767.58,5,
770192.53,6270767.58,3,
770192.8300000001,6270767.58,2,
770196.4300000002,6270767.58,7,
770196.7300000001,6270767.58,4,
770197.03,6270767.58,3,
770197.3300000001,6270767.58,4,
770197.6300000001,6270767.58,2,
770201.2300000001,6270767.58,3,
770201.53,6270767.58,6,
770201.8300000001,6270767.58,5,
770202.1300000001,6270767.58,4,
770202.4300000002,6270767.58,4,
770205.4300000002,6270767.58,1,
770205.7300000001,6270767.58,3,
770206.03,6270767.58,2,
770206.3300000001,6270767.58,4,
770206.6300000001,6270767.58,7,
770206.9300000002,6270767.58,4,
770207.2300000001,6270767.58,1,
770210.8300000001,6270767.58,4,
770211.1300000001,6270767.58,5,
770211.4300000002,6270767.58,2,
770211.7300000001,6270767.58,2,
770214.4300000002,6270767.58,1,
770214.7300000001,6270767.58,1,
770215.3300000001,6270767.58,2,
770215.6300000001,6270767.58,7,
770215.9300000002,6270767.58,3,
770216.2300000001,6270767.58,2,
770220.4300000002,6270767.58,4,
770220.7300000001,6270767.58,5,
770221.03,6270767.58,3,
770221.3300000001,6270767.58,4,
770224.6300000001,6270767.58,2,
770224.9300000002,6270767.58,3,
770225.2300000001,6270767.58,3,
770225.53,6270767.58,1,
770134.3300000001,6270767.88,2,
770134.6300000001,6270767.88,1,
770134.93,6270767.88,1,
770137.93,6270767.88,1,
770138.2300000001,6270767.88,2,
770138.53,6270767.88,2,
770143.03,6270767.88,2,
770143.3300000001,6270767.88,5,
770143.6300000001,6270767.88,5,
770143.93,6270767.88,4,
770144.2300000001,6270767.88,5,
770147.8300000001,6270767.88,1,
770148.1300000001,6270767.88,3,
770148.43,6270767.88,6,
770148.7300000001,6270767.88,6,
770149.03,6270767.88,2,
770152.3300000001,6270767.88,3,
770152.6300000001,6270767.88,3,
770152.93,6270767.88,5,
770153.2300000001,6270767.88,4,
770153.53,6270767.88,4,
770153.8300000001,6270767.88,2,
770154.1300000001,6270767.88,3,
770157.43,6270767.88,1,
770157.7300000001,6270767.88,4,
770158.03,6270767.88,5,
770158.3300000001,6270767.88,5,
770158.6300000001,6270767.88,1,
770158.93,6270767.88,1,
770161.6300000001,6270767.88,1,
770161.93,6270767.88,1,
770162.2300000001,6270767.88,4,
770162.53,6270767.88,3,
770162.8300000001,6270767.88,6,
770163.1300000001,6270767.88,2,
770163.43,6270767.88,1,
770167.03,6270767.88,4,
770167.3300000001,6270767.88,4,
770167.6300000001,6270767.88,3,
770167.93,6270767.88,5,
770168.2300000001,6270767.88,4,
770168.53,6270767.88,1,
770171.53,6270767.88,1,
770171.8300000001,6270767.88,4,
770172.1300000001,6270767.88,3,
770172.43,6270767.88,5,
770172.7300000001,6270767.88,6,
770173.03,6270767.88,4,
770173.6300000001,6270767.88,1,
770176.6300000001,6270767.88,2,
770176.93,6270767.88,2,
770177.2300000001,6270767.88,5,
770177.53,6270767.88,5,
770177.8300000001,6270767.88,2,
770178.1300000001,6270767.88,1,
770180.8300000001,6270767.88,1,
770181.1300000001,6270767.88,1,
770181.43,6270767.88,5,
770181.7300000001,6270767.88,3,
770182.03,6270767.88,7,
770182.3300000001,6270767.88,3,
770182.6300000001,6270767.88,3,
770186.2300000001,6270767.88,3,
770186.53,6270767.88,3,
770186.8300000001,6270767.88,5,
770187.1300000001,6270767.88,5,
770187.43,6270767.88,4,
770187.7300000001,6270767.88,2,
770191.03,6270767.88,2,
770191.3300000001,6270767.88,4,
770191.6300000001,6270767.88,5,
770191.93,6270767.88,2,
770192.2300000001,6270767.88,3,
770192.53,6270767.88,1,
770195.8300000001,6270767.88,2,
770196.1300000001,6270767.88,6,
770196.4300000002,6270767.88,5,
770196.7300000001,6270767.88,3,
770200.3300000001,6270767.88,1,
770200.6300000001,6270767.88,1,
770200.9300000002,6270767.88,4,
770201.2300000001,6270767.88,5,
770201.53,6270767.88,7,
770201.8300000001,6270767.88,2,
770202.1300000001,6270767.88,2,
770205.4300000002,6270767.88,3,
770205.7300000001,6270767.88,3,
770206.03,6270767.88,4,
770206.3300000001,6270767.88,5,
770206.6300000001,6270767.88,3,
770209.9300000002,6270767.88,3,
770210.2300000001,6270767.88,3,
770210.53,6270767.88,7,
770210.8300000001,6270767.88,2,
770211.4300000002,6270767.88,3,
770214.7300000001,6270767.88,4,
770215.03,6270767.88,4,
770215.3300000001,6270767.88,3,
770215.6300000001,6270767.88,5,
770215.9300000002,6270767.88,2,
770219.8300000001,6270767.88,2,
770220.1300000001,6270767.88,5,
770220.4300000002,6270767.88,5,
770220.7300000001,6270767.88,2,
770221.03,6270767.88,2,
770221.3300000001,6270767.88,2,
770224.3300000001,6270767.88,2,
770224.6300000001,6270767.88,4,
770224.9300000002,6270767.88,6,
770225.2300000001,6270767.88,2,
770225.53,6270767.88,5,
770225.8300000001,6270767.88,2,
770137.6300000001,6270768.18,2,
770137.93,6270768.18,2,
770138.2300000001,6270768.18,6,
770138.53,6270768.18,4,
770142.1300000001,6270768.18,1,
770142.43,6270768.18,1,
770142.7300000001,6270768.18,3,
770143.03,6270768.18,6,
770143.3300000001,6270768.18,1,
770143.6300000001,6270768.18,3,
770147.2300000001,6270768.18,1,
770147.53,6270768.18,3,
770147.8300000001,6270768.18,3,
770148.1300000001,6270768.18,5,
770148.43,6270768.18,4,
770152.03,6270768.18,3,
770152.3300000001,6270768.18,4,
770152.6300000001,6270768.18,5,
770152.93,6270768.18,4,
770157.1300000001,6270768.18,2,
770157.43,6270768.18,4,
770157.7300000001,6270768.18,4,
770158.03,6270768.18,3,
770158.3300000001,6270768.18,1,
770161.3300000001,6270768.18,1,
770161.6300000001,6270768.18,5,
770161.93,6270768.18,4,
770162.2300000001,6270768.18,3,
770162.53,6270768.18,2,
770162.8300000001,6270768.18,1,
770166.43,6270768.18,2,
770166.7300000001,6270768.18,5,
770167.03,6270768.18,3,
770167.3300000001,6270768.18,4,
770167.6300000001,6270768.18,1,
770167.93,6270768.18,5,
770168.2300000001,6270768.18,2,
770168.53,6270768.18,2,
770171.2300000001,6270768.18,4,
770171.53,6270768.18,4,
770171.8300000001,6270768.18,3,
770172.1300000001,6270768.18,5,
770172.43,6270768.18,3,
770172.7300000001,6270768.18,2,
770176.03,6270768.18,4,
770176.3300000001,6270768.18,4,
770176.6300000001,6270768.18,4,
770176.93,6270768.18,7,
770177.2300000001,6270768.18,2,
770177.53,6270768.18,1,
770180.8300000001,6270768.18,4,
770181.1300000001,6270768.18,3,
770181.43,6270768.18,4,
770181.7300000001,6270768.18,7,
770182.03,6270768.18,2,
770182.3300000001,6270768.18,1,
770185.93,6270768.18,3,
770186.2300000001,6270768.18,5,
770186.53,6270768.18,4,
770186.8300000001,6270768.18,3,
770187.1300000001,6270768.18,1,
770190.43,6270768.18,1,
770190.7300000001,6270768.18,4,
770191.03,6270768.18,5,
770191.3300000001,6270768.18,4,
770191.6300000001,6270768.18,3,
770195.2300000001,6270768.18,4,
770195.53,6270768.18,5,
770195.8300000001,6270768.18,3,
770196.1300000001,6270768.18,5,
770196.4300000002,6270768.18,4,
770196.7300000001,6270768.18,1,
770199.1300000001,6270768.18,1,
770200.03,6270768.18,2,
770200.3300000001,6270768.18,5,
770200.6300000001,6270768.18,5,
770200.9300000002,6270768.18,5,
770201.2300000001,6270768.18,2,
770201.53,6270768.18,3,
770205.4300000002,6270768.18,5,
770205.7300000001,6270768.18,6,
770206.03,6270768.18,3,
770206.3300000001,6270768.18,1,
770206.6300000001,6270768.18,1,
770209.3300000001,6270768.18,2,
770209.6300000001,6270768.18,4,
770209.9300000002,6270768.18,5,
770210.2300000001,6270768.18,4,
770210.53,6270768.18,4,
770210.8300000001,6270768.18,2,
770211.1300000001,6270768.18,1,
770214.4300000002,6270768.18,1,
770214.7300000001,6270768.18,6,
770215.03,6270768.18,3,
770215.3300000001,6270768.18,4,
770215.6300000001,6270768.18,6,
770218.9300000002,6270768.18,2,
770219.2300000001,6270768.18,1,
770219.53,6270768.18,1,
770219.8300000001,6270768.18,5,
770220.1300000001,6270768.18,4,
770224.3300000001,6270768.18,5,
770224.6300000001,6270768.18,5,
770224.9300000002,6270768.18,4,
770225.2300000001,6270768.18,3,
770134.3300000001,6270768.48,1,
770136.43,6270768.48,1,
770136.7300000001,6270768.48,1,
770137.3300000001,6270768.48,4,
770137.6300000001,6270768.48,5,
770137.93,6270768.48,5,
770138.2300000001,6270768.48,2,
770138.53,6270768.48,2,
770142.1300000001,6270768.48,1,
770142.43,6270768.48,6,
770142.7300000001,6270768.48,5,
770143.03,6270768.48,4,
770143.3300000001,6270768.48,3,
770146.93,6270768.48,2,
770147.2300000001,6270768.48,7,
770147.53,6270768.48,4,
770147.8300000001,6270768.48,5,
770148.43,6270768.48,1,
770151.43,6270768.48,1,
770151.7300000001,6270768.48,4,
770152.03,6270768.48,5,
770152.3300000001,6270768.48,5,
770152.6300000001,6270768.48,4,
770152.93,6270768.48,1,
770156.53,6270768.48,1,
770156.8300000001,6270768.48,2,
770157.1300000001,6270768.48,5,
770157.43,6270768.48,7,
770157.7300000001,6270768.48,6,
770158.03,6270768.48,1,
770160.7300000001,6270768.48,1,
770161.03,6270768.48,2,
770161.3300000001,6270768.48,5,
770161.6300000001,6270768.48,5,
770161.93,6270768.48,3,
770166.1300000001,6270768.48,4,
770166.43,6270768.48,5,
770166.7300000001,6270768.48,3,
770167.03,6270768.48,5,
770167.93,6270768.48,4,
770170.6300000001,6270768.48,1,
770170.93,6270768.48,6,
770171.2300000001,6270768.48,5,
770171.53,6270768.48,5,
770171.8300000001,6270768.48,4,
770172.1300000001,6270768.48,2,
770172.43,6270768.48,2,
770175.43,6270768.48,2,
770175.7300000001,6270768.48,3,
770176.03,6270768.48,7,
770176.3300000001,6270768.48,2,
770176.6300000001,6270768.48,4,
770176.93,6270768.48,4,
770180.2300000001,6270768.48,2,
770180.8300000001,6270768.48,4,
770181.1300000001,6270768.48,6,
770181.43,6270768.48,3,
770181.7300000001,6270768.48,1,
770186.2300000001,6270768.48,2,
770186.8300000001,6270768.48,1,
770190.1300000001,6270768.48,3,
770190.43,6270768.48,4,
770190.7300000001,6270768.48,4,
770191.03,6270768.48,5,
770194.6300000001,6270768.48,1,
770194.93,6270768.48,4,
770195.2300000001,6270768.48,5,
770195.53,6270768.48,3,
770195.8300000001,6270768.48,4,
770196.1300000001,6270768.48,2,
770199.7300000001,6270768.48,2,
770200.03,6270768.48,7,
770200.3300000001,6270768.48,4,
770200.6300000001,6270768.48,5,
770200.9300000002,6270768.48,1,
770204.53,6270768.48,1,
770205.4300000002,6270768.48,2,
770208.4300000002,6270768.48,1,
770209.03,6270768.48,3,
770209.3300000001,6270768.48,2,
770209.6300000001,6270768.48,4,
770209.9300000002,6270768.48,5,
770210.2300000001,6270768.48,3,
770210.53,6270768.48,1,
770213.2300000001,6270768.48,1,
770213.53,6270768.48,2,
770214.1300000001,6270768.48,3,
770214.4300000002,6270768.48,3,
770214.7300000001,6270768.48,1,
770215.03,6270768.48,1,
770218.6300000001,6270768.48,1,
770218.9300000002,6270768.48,3,
770219.2300000001,6270768.48,7,
770219.53,6270768.48,3,
770219.8300000001,6270768.48,2,
770223.4300000002,6270768.48,1,
770223.7300000001,6270768.48,1,
770224.03,6270768.48,5,
770224.3300000001,6270768.48,2,
770224.6300000001,6270768.48,4,
770225.2300000001,6270768.48,1,
770136.1300000001,6270768.779999999,2,
770136.43,6270768.779999999,4,
770136.7300000001,6270768.779999999,4,
770137.03,6270768.779999999,1,
770137.3300000001,6270768.779999999,6,
770137.6300000001,6270768.779999999,3,
770137.93,6270768.779999999,6,
770138.2300000001,6270768.779999999,2,
770141.8300000001,6270768.779999999,1,
770142.1300000001,6270768.779999999,5,
770142.43,6270768.779999999,7,
770142.7300000001,6270768.779999999,3,
770143.03,6270768.779999999,2,
770146.3300000001,6270768.779999999,2,
770146.6300000001,6270768.779999999,4,
770146.93,6270768.779999999,5,
770147.2300000001,6270768.779999999,6,
770147.53,6270768.779999999,4,
770150.8300000001,6270768.779999999,1,
770151.1300000001,6270768.779999999,2,
770151.43,6270768.779999999,5,
770151.7300000001,6270768.779999999,5,
770152.03,6270768.779999999,4,
770152.3300000001,6270768.779999999,3,
770155.93,6270768.779999999,1,
770156.2300000001,6270768.779999999,5,
770156.53,6270768.779999999,4,
770157.1300000001,6270768.779999999,2,
770157.43,6270768.779999999,1,
770160.43,6270768.779999999,5,
770160.7300000001,6270768.779999999,3,
770161.03,6270768.779999999,4,
770161.3300000001,6270768.779999999,5,
770161.6300000001,6270768.779999999,3,
770165.53,6270768.779999999,3,
770165.8300000001,6270768.779999999,2,
770166.1300000001,6270768.779999999,2,
770166.43,6270768.779999999,3,
770166.7300000001,6270768.779999999,5,
770167.03,6270768.779999999,3,
770167.3300000001,6270768.779999999,1,
770167.93,6270768.779999999,1,
770170.03,6270768.779999999,1,
770170.3300000001,6270768.779999999,5,
770170.6300000001,6270768.779999999,4,
770170.93,6270768.779999999,2,
770171.2300000001,6270768.779999999,5,
770171.53,6270768.779999999,1,
770172.7300000001,6270768.779999999,1,
770174.8300000001,6270768.779999999,1,
770175.1300000001,6270768.779999999,2,
770175.43,6270768.779999999,8,
770175.7300000001,6270768.779999999,5,
770176.03,6270768.779999999,1,
770176.3300000001,6270768.779999999,3,
770179.6300000001,6270768.779999999,1,
770179.93,6270768.779999999,4,
770180.2300000001,6270768.779999999,4,
770180.53,6270768.779999999,5,
770180.8300000001,6270768.779999999,6,
770181.1300000001,6270768.779999999,3,
770181.43,6270768.779999999,1,
770189.2300000001,6270768.779999999,1,
770189.53,6270768.779999999,3,
770189.8300000001,6270768.779999999,5,
770190.1300000001,6270768.779999999,6,
770190.43,6270768.779999999,3,
770190.7300000001,6270768.779999999,1,
770194.03,6270768.779999999,1,
770194.3300000001,6270768.779999999,3,
770194.6300000001,6270768.779999999,4,
770194.93,6270768.779999999,4,
770195.2300000001,6270768.779999999,6,
770195.53,6270768.779999999,2,
770195.8300000001,6270768.779999999,1,
770199.1300000001,6270768.779999999,1,
770199.4300000002,6270768.779999999,5,
770199.7300000001,6270768.779999999,5,
770200.03,6270768.779999999,6,
770200.3300000001,6270768.779999999,3,
770203.9300000002,6270768.779999999,2,
770204.2300000001,6270768.779999999,5,
770204.53,6270768.779999999,3,
770208.4300000002,6270768.779999999,4,
770208.7300000001,6270768.779999999,3,
770209.03,6270768.779999999,4,
770209.3300000001,6270768.779999999,4,
770209.6300000001,6270768.779999999,2,
770213.2300000001,6270768.779999999,1,
770213.53,6270768.779999999,2,
770213.8300000001,6270768.779999999,4,
770214.1300000001,6270768.779999999,4,
770214.4300000002,6270768.779999999,3,
770218.03,6270768.779999999,1,
770218.3300000001,6270768.779999999,3,
770218.6300000001,6270768.779999999,3,
770218.9300000002,6270768.779999999,3,
770219.2300000001,6270768.779999999,3,
770222.8300000001,6270768.779999999,1,
770223.1300000001,6270768.779999999,2,
770223.4300000002,6270768.779999999,4,
770223.7300000001,6270768.779999999,5,
770224.03,6270768.779999999,3,
770224.6300000001,6270768.779999999,1,
770135.8300000001,6270769.08,2,
770136.1300000001,6270769.08,3,
770136.43,6270769.08,1,
770136.7300000001,6270769.08,4,
770137.03,6270769.08,5,
770137.3300000001,6270769.08,6,
770137.6300000001,6270769.08,1,
770137.93,6270769.08,1,
770141.2300000001,6270769.08,3,
770141.53,6270769.08,7,
770141.8300000001,6270769.08,4,
770142.1300000001,6270769.08,3,
770142.7300000001,6270769.08,2,
770143.03,6270769.08,1,
770145.7300000001,6270769.08,1,
770146.03,6270769.08,2,
770146.3300000001,6270769.08,5,
770146.6300000001,6270769.08,4,
770146.93,6270769.08,4,
770147.2300000001,6270769.08,1,
770150.53,6270769.08,2,
770150.8300000001,6270769.08,4,
770151.1300000001,6270769.08,5,
770151.43,6270769.08,7,
770151.7300000001,6270769.08,1,
770152.03,6270769.08,2,
770155.3300000001,6270769.08,3,
770155.6300000001,6270769.08,1,
770155.93,6270769.08,9,
770156.2300000001,6270769.08,4,
770156.53,6270769.08,6,
770160.1300000001,6270769.08,2,
770160.43,6270769.08,5,
770160.7300000001,6270769.08,5,
770161.03,6270769.08,4,
770164.93,6270769.08,1,
770165.2300000001,6270769.08,4,
770165.53,6270769.08,5,
770165.8300000001,6270769.08,3,
770166.1300000001,6270769.08,3,
770166.7300000001,6270769.08,1,
770169.7300000001,6270769.08,1,
770170.03,6270769.08,3,
770170.3300000001,6270769.08,4,
770170.6300000001,6270769.08,4,
770170.93,6270769.08,3,
770171.2300000001,6270769.08,4,
770171.53,6270769.08,1,
770174.8300000001,6270769.08,5,
770175.1300000001,6270769.08,5,
770175.43,6270769.08,5,
770175.7300000001,6270769.08,3,
770176.03,6270769.08,1,
770179.3300000001,6270769.08,2,
770179.6300000001,6270769.08,4,
770179.93,6270769.08,6,
770180.2300000001,6270769.08,6,
770180.53,6270769.08,3,
770180.8300000001,6270769.08,1,
770188.93,6270769.08,1,
770189.2300000001,6270769.08,3,
770189.53,6270769.08,5,
770189.8300000001,6270769.08,4,
770190.1300000001,6270769.08,4,
770193.7300000001,6270769.08,3,
770194.03,6270769.08,2,
770194.3300000001,6270769.08,4,
770194.6300000001,6270769.08,5,
770194.93,6270769.08,4,
770195.2300000001,6270769.08,2,
770198.8300000001,6270769.08,3,
770199.1300000001,6270769.08,5,
770199.4300000002,6270769.08,4,
770199.7300000001,6270769.08,2,
770200.03,6270769.08,1,
770203.3300000001,6270769.08,2,
770203.6300000001,6270769.08,2,
770203.9300000002,6270769.08,5,
770204.2300000001,6270769.08,4,
770204.53,6270769.08,1,
770207.53,6270769.08,2,
770207.8300000001,6270769.08,3,
770208.1300000001,6270769.08,2,
770208.4300000002,6270769.08,2,
770208.7300000001,6270769.08,4,
770209.03,6270769.08,4,
770209.3300000001,6270769.08,1,
770212.6300000001,6270769.08,2,
770212.9300000002,6270769.08,1,
770213.2300000001,6270769.08,4,
770213.53,6270769.08,4,
770213.8300000001,6270769.08,2,
770214.1300000001,6270769.08,3,
770217.7300000001,6270769.08,2,
770218.03,6270769.08,3,
770218.3300000001,6270769.08,5,
770218.6300000001,6270769.08,2,
770218.9300000002,6270769.08,5,
770219.2300000001,6270769.08,1,
770222.53,6270769.08,1,
770222.8300000001,6270769.08,3,
770223.1300000001,6270769.08,4,
770223.4300000002,6270769.08,5,
770223.7300000001,6270769.08,3,
770224.03,6270769.08,1,
770135.53,6270769.38,5,
770135.8300000001,6270769.38,3,
770136.1300000001,6270769.38,4,
770136.43,6270769.38,7,
770136.7300000001,6270769.38,4,
770137.03,6270769.38,4,
770137.3300000001,6270769.38,1,
770140.6300000001,6270769.38,1,
770140.93,6270769.38,1,
770141.2300000001,6270769.38,5,
770141.53,6270769.38,3,
770141.8300000001,6270769.38,4,
770145.43,6270769.38,2,
770145.7300000001,6270769.38,5,
770146.03,6270769.38,4,
770146.3300000001,6270769.38,5,
770146.6300000001,6270769.38,2,
770146.93,6270769.38,2,
770149.93,6270769.38,2,
770150.2300000001,6270769.38,7,
770150.53,6270769.38,3,
770150.8300000001,6270769.38,6,
770151.1300000001,6270769.38,4,
770151.43,6270769.38,2,
770155.3300000001,6270769.38,3,
770155.6300000001,6270769.38,4,
770155.93,6270769.38,5,
770156.2300000001,6270769.38,2,
770156.8300000001,6270769.38,1,
770159.2300000001,6270769.38,3,
770159.53,6270769.38,4,
770159.8300000001,6270769.38,4,
770160.1300000001,6270769.38,6,
770160.43,6270769.38,2,
770164.03,6270769.38,1,
770164.6300000001,6270769.38,2,
770164.93,6270769.38,5,
770165.2300000001,6270769.38,4,
770165.53,6270769.38,5,
770165.8300000001,6270769.38,5,
770169.43,6270769.38,1,
770169.7300000001,6270769.38,1,
770170.03,6270769.38,4,
770170.3300000001,6270769.38,5,
770170.6300000001,6270769.38,5,
770170.93,6270769.38,5,
770171.2300000001,6270769.38,1,
770173.93,6270769.38,1,
770174.2300000001,6270769.38,4,
770174.53,6270769.38,5,
770174.8300000001,6270769.38,4,
770175.1300000001,6270769.38,2,
770175.43,6270769.38,2,
770178.43,6270769.38,2,
770178.7300000001,6270769.38,1,
770179.03,6270769.38,4,
770179.3300000001,6270769.38,5,
770179.6300000001,6270769.38,3,
770179.93,6270769.38,3,
770180.2300000001,6270769.38,3,
770183.53,6270769.38,1,
770183.8300000001,6270769.38,3,
770184.1300000001,6270769.38,4,
770188.3300000001,6270769.38,2,
770188.6300000001,6270769.38,4,
770188.93,6270769.38,3,
770189.2300000001,6270769.38,5,
770189.53,6270769.38,3,
770189.8300000001,6270769.38,4,
770190.1300000001,6270769.38,1,
770192.8300000001,6270769.38,2,
770193.1300000001,6270769.38,1,
770193.43,6270769.38,4,
770193.7300000001,6270769.38,3,
770194.03,6270769.38,5,
770194.3300000001,6270769.38,6,
770194.6300000001,6270769.38,2,
770198.2300000001,6270769.38,2,
770198.53,6270769.38,5,
770198.8300000001,6270769.38,3,
770199.1300000001,6270769.38,4,
770199.4300000002,6270769.38,5,
770203.03,6270769.38,2,
770203.3300000001,6270769.38,3,
770203.6300000001,6270769.38,4,
770203.9300000002,6270769.38,1,
770207.2300000001,6270769.38,2,
770207.53,6270769.38,3,
770207.8300000001,6270769.38,3,
770208.1300000001,6270769.38,2,
770208.4300000002,6270769.38,5,
770208.7300000001,6270769.38,4,
770209.03,6270769.38,2,
770212.3300000001,6270769.38,1,
770212.6300000001,6270769.38,1,
770212.9300000002,6270769.38,4,
770213.2300000001,6270769.38,2,
770213.53,6270769.38,3,
770213.8300000001,6270769.38,1,
770217.4300000002,6270769.38,5,
770217.7300000001,6270769.38,3,
770218.03,6270769.38,5,
770218.3300000001,6270769.38,3,
770218.6300000001,6270769.38,3,
770222.2300000001,6270769.38,3,
770222.53,6270769.38,4,
770222.8300000001,6270769.38,5,
770223.1300000001,6270769.38,1,
770135.53,6270769.68,4,
770135.8300000001,6270769.68,4,
770136.1300000001,6270769.68,5,
770136.43,6270769.68,4,
770136.7300000001,6270769.68,1,
770140.03,6270769.68,1,
770140.3300000001,6270769.68,2,
770140.6300000001,6270769.68,5,
770141.53,6270769.68,1,
770141.8300000001,6270769.68,1,
770144.8300000001,6270769.68,1,
770145.1300000001,6270769.68,5,
770145.43,6270769.68,6,
770145.7300000001,6270769.68,3,
770146.03,6270769.68,3,
770149.6300000001,6270769.68,2,
770149.93,6270769.68,5,
770150.2300000001,6270769.68,4,
770150.53,6270769.68,6,
770154.43,6270769.68,3,
770154.7300000001,6270769.68,3,
770155.03,6270769.68,3,
770155.3300000001,6270769.68,3,
770155.6300000001,6270769.68,2,
770158.6300000001,6270769.68,1,
770158.93,6270769.68,3,
770159.2300000001,6270769.68,3,
770159.53,6270769.68,3,
770159.8300000001,6270769.68,5,
770160.1300000001,6270769.68,3,
770160.43,6270769.68,2,
770164.03,6270769.68,2,
770164.3300000001,6270769.68,4,
770164.6300000001,6270769.68,3,
770164.93,6270769.68,4,
770165.2300000001,6270769.68,4,
770168.8300000001,6270769.68,3,
770169.1300000001,6270769.68,4,
770169.43,6270769.68,3,
770169.7300000001,6270769.68,5,
770170.03,6270769.68,3,
770170.3300000001,6270769.68,2,
770170.6300000001,6270769.68,2,
770170.93,6270769.68,4,
770173.3300000001,6270769.68,1,
770173.6300000001,6270769.68,5,
770173.93,6270769.68,2,
770174.2300000001,6270769.68,4,
770174.53,6270769.68,3,
770174.8300000001,6270769.68,2,
770178.1300000001,6270769.68,2,
770178.43,6270769.68,2,
770178.7300000001,6270769.68,4,
770179.03,6270769.68,2,
770179.3300000001,6270769.68,6,
770179.6300000001,6270769.68,2,
770179.93,6270769.68,1,
770182.93,6270769.68,1,
770183.2300000001,6270769.68,2,
770183.53,6270769.68,2,
770183.8300000001,6270769.68,3,
770184.1300000001,6270769.68,2,
770188.03,6270769.68,2,
770188.3300000001,6270769.68,3,
770188.6300000001,6270769.68,4,
770188.93,6270769.68,3,
770189.53,6270769.68,1,
770189.8300000001,6270769.68,1,
770192.53,6270769.68,4,
770192.8300000001,6270769.68,1,
770193.1300000001,6270769.68,4,
770193.43,6270769.68,4,
770193.7300000001,6270769.68,2,
770194.03,6270769.68,1,
770197.6300000001,6270769.68,1,
770197.9300000002,6270769.68,4,
770198.2300000001,6270769.68,2,
770198.53,6270769.68,5,
770198.8300000001,6270769.68,2,
770199.1300000001,6270769.68,1,
770202.1300000001,6270769.68,1,
770202.4300000002,6270769.68,1,
770202.7300000001,6270769.68,3,
770203.03,6270769.68,3,
770203.3300000001,6270769.68,5,
770203.6300000001,6270769.68,3,
770206.6300000001,6270769.68,1,
770207.2300000001,6270769.68,3,
770207.53,6270769.68,5,
770207.8300000001,6270769.68,4,
770208.1300000001,6270769.68,1,
770208.4300000002,6270769.68,4,
770212.3300000001,6270769.68,5,
770212.6300000001,6270769.68,5,
770212.9300000002,6270769.68,3,
770213.2300000001,6270769.68,1,
770213.53,6270769.68,1,
770217.1300000001,6270769.68,2,
770217.4300000002,6270769.68,5,
770217.7300000001,6270769.68,4,
770218.03,6270769.68,2,
770221.6300000001,6270769.68,2,
770221.9300000002,6270769.68,4,
770222.2300000001,6270769.68,4,
770222.53,6270769.68,3,
770222.8300000001,6270769.68,4,
770135.23,6270769.98,1,
770135.53,6270769.98,2,
770135.8300000001,6270769.98,3,
770136.1300000001,6270769.98,4,
770136.43,6270769.98,1,
770139.7300000001,6270769.98,3,
770140.03,6270769.98,6,
770140.3300000001,6270769.98,5,
770140.6300000001,6270769.98,3,
770144.2300000001,6270769.98,2,
770144.53,6270769.98,1,
770144.8300000001,6270769.98,6,
770145.1300000001,6270769.98,4,
770145.43,6270769.98,3,
770145.7300000001,6270769.98,1,
770149.03,6270769.98,2,
770149.3300000001,6270769.98,5,
770149.6300000001,6270769.98,5,
770149.93,6270769.98,3,
770150.2300000001,6270769.98,4,
770153.8300000001,6270769.98,3,
770154.1300000001,6270769.98,2,
770154.43,6270769.98,2,
770154.7300000001,6270769.98,5,
770158.6300000001,6270769.98,1,
770158.93,6270769.98,4,
770159.2300000001,6270769.98,3,
770159.53,6270769.98,5,
770159.8300000001,6270769.98,1,
770163.43,6270769.98,2,
770163.7300000001,6270769.98,2,
770164.03,6270769.98,6,
770164.3300000001,6270769.98,3,
770164.6300000001,6270769.98,3,
770164.93,6270769.98,2,
770168.2300000001,6270769.98,2,
770168.53,6270769.98,2,
770168.8300000001,6270769.98,3,
770169.1300000001,6270769.98,4,
770169.43,6270769.98,4,
770169.7300000001,6270769.98,1,
770170.03,6270769.98,3,
770170.6300000001,6270769.98,2,
770172.7300000001,6270769.98,1,
770173.3300000001,6270769.98,4,
770173.6300000001,6270769.98,3,
770173.93,6270769.98,5,
770174.2300000001,6270769.98,3,
770174.53,6270769.98,4,
770177.53,6270769.98,1,
770177.8300000001,6270769.98,2,
770178.1300000001,6270769.98,4,
770178.43,6270769.98,3,
770178.7300000001,6270769.98,5,
770179.03,6270769.98,3,
770179.3300000001,6270769.98,1,
770179.6300000001,6270769.98,1,
770182.6300000001,6270769.98,4,
770182.93,6270769.98,3,
770183.2300000001,6270769.98,3,
770183.53,6270769.98,4,
770183.8300000001,6270769.98,3,
770184.1300000001,6270769.98,2,
770187.1300000001,6270769.98,1,
770187.7300000001,6270769.98,3,
770188.03,6270769.98,3,
770188.3300000001,6270769.98,6,
770188.6300000001,6270769.98,3,
770188.93,6270769.98,1,
770192.2300000001,6270769.98,2,
770192.53,6270769.98,2,
770192.8300000001,6270769.98,4,
770193.1300000001,6270769.98,3,
770193.43,6270769.98,6,
770193.7300000001,6270769.98,3,
770194.03,6270769.98,1,
770196.7300000001,6270769.98,1,
770197.03,6270769.98,3,
770197.3300000001,6270769.98,3,
770197.6300000001,6270769.98,2,
770197.9300000002,6270769.98,5,
770198.2300000001,6270769.98,4,
770201.53,6270769.98,1,
770201.8300000001,6270769.98,1,
770202.1300000001,6270769.98,2,
770202.4300000002,6270769.98,5,
770202.7300000001,6270769.98,3,
770203.03,6270769.98,1,
770206.6300000001,6270769.98,4,
770206.9300000002,6270769.98,5,
770207.2300000001,6270769.98,3,
770207.53,6270769.98,1,
770207.8300000001,6270769.98,1,
770208.1300000001,6270769.98,1,
770212.3300000001,6270769.98,3,
770212.6300000001,6270769.98,3,
770212.9300000002,6270769.98,1,
770216.8300000001,6270769.98,1,
770217.1300000001,6270769.98,2,
770217.4300000002,6270769.98,1,
770221.3300000001,6270769.98,2,
770221.6300000001,6270769.98,4,
770221.9300000002,6270769.98,3,
770222.2300000001,6270769.98,5,
770222.53,6270769.98,1,
770136.1300000001,6270770.279999999,2,
770136.43,6270770.279999999,4,
770138.8300000001,6270770.279999999,2,
770139.1300000001,6270770.279999999,2,
770139.43,6270770.279999999,4,
770139.7300000001,6270770.279999999,5,
770140.03,6270770.279999999,6,
770140.3300000001,6270770.279999999,3,
770143.6300000001,6270770.279999999,3,
770143.93,6270770.279999999,4,
770144.2300000001,6270770.279999999,5,
770144.53,6270770.279999999,4,
770144.8300000001,6270770.279999999,5,
770145.1300000001,6270770.279999999,2,
770148.43,6270770.279999999,1,
770148.7300000001,6270770.279999999,3,
770149.03,6270770.279999999,5,
770149.3300000001,6270770.279999999,4,
770149.6300000001,6270770.279999999,4,
770149.93,6270770.279999999,1,
770153.53,6270770.279999999,4,
770153.8300000001,6270770.279999999,3,
770154.1300000001,6270770.279999999,4,
770154.43,6270770.279999999,5,
770158.03,6270770.279999999,3,
770158.3300000001,6270770.279999999,4,
770158.6300000001,6270770.279999999,4,
770158.93,6270770.279999999,2,
770159.2300000001,6270770.279999999,1,
770163.1300000001,6270770.279999999,2,
770163.43,6270770.279999999,6,
770164.03,6270770.279999999,2,
770164.3300000001,6270770.279999999,1,
770167.93,6270770.279999999,2,
770168.2300000001,6270770.279999999,4,
770168.53,6270770.279999999,4,
770168.8300000001,6270770.279999999,4,
770169.1300000001,6270770.279999999,1,
770169.43,6270770.279999999,3,
770169.7300000001,6270770.279999999,1,
770172.43,6270770.279999999,1,
770172.7300000001,6270770.279999999,1,
770173.03,6270770.279999999,2,
770173.3300000001,6270770.279999999,5,
770173.6300000001,6270770.279999999,2,
770173.93,6270770.279999999,2,
770174.2300000001,6270770.279999999,1,
770177.2300000001,6270770.279999999,2,
770177.53,6270770.279999999,4,
770177.8300000001,6270770.279999999,4,
770178.1300000001,6270770.279999999,3,
770178.43,6270770.279999999,2,
770178.7300000001,6270770.279999999,1,
770179.03,6270770.279999999,1,
770182.03,6270770.279999999,1,
770182.3300000001,6270770.279999999,3,
770182.6300000001,6270770.279999999,5,
770182.93,6270770.279999999,4,
770183.2300000001,6270770.279999999,4,
770186.53,6270770.279999999,1,
770186.8300000001,6270770.279999999,2,
770187.43,6270770.279999999,4,
770187.7300000001,6270770.279999999,5,
770188.03,6270770.279999999,3,
770188.3300000001,6270770.279999999,3,
770191.93,6270770.279999999,3,
770192.2300000001,6270770.279999999,1,
770192.53,6270770.279999999,1,
770192.8300000001,6270770.279999999,5,
770193.1300000001,6270770.279999999,3,
770196.4300000002,6270770.279999999,1,
770196.7300000001,6270770.279999999,1,
770197.03,6270770.279999999,3,
770197.3300000001,6270770.279999999,4,
770197.6300000001,6270770.279999999,4,
770197.9300000002,6270770.279999999,1,
770198.2300000001,6270770.279999999,1,
770198.53,6270770.279999999,1,
770201.2300000001,6270770.279999999,1,
770201.53,6270770.279999999,1,
770201.8300000001,6270770.279999999,3,
770202.1300000001,6270770.279999999,4,
770202.4300000002,6270770.279999999,5,
770202.7300000001,6270770.279999999,3,
770206.03,6270770.279999999,2,
770206.3300000001,6270770.279999999,5,
770206.6300000001,6270770.279999999,2,
770206.9300000002,6270770.279999999,4,
770207.2300000001,6270770.279999999,4,
770211.1300000001,6270770.279999999,3,
770211.4300000002,6270770.279999999,3,
770211.7300000001,6270770.279999999,2,
770212.03,6270770.279999999,3,
770220.7300000001,6270770.279999999,1,
770221.03,6270770.279999999,3,
770221.3300000001,6270770.279999999,6,
770221.6300000001,6270770.279999999,2,
770221.9300000002,6270770.279999999,2,
770138.53,6270770.58,1,
770138.8300000001,6270770.58,5,
770139.1300000001,6270770.58,6,
770139.43,6270770.58,3,
770139.7300000001,6270770.58,2,
770143.3300000001,6270770.58,1,
770143.6300000001,6270770.58,2,
770143.93,6270770.58,4,
770144.2300000001,6270770.58,3,
770144.53,6270770.58,5,
770148.1300000001,6270770.58,1,
770148.43,6270770.58,5,
770148.7300000001,6270770.58,5,
770149.03,6270770.58,4,
770149.3300000001,6270770.58,2,
770152.93,6270770.58,2,
770153.2300000001,6270770.58,3,
770153.53,6270770.58,2,
770153.8300000001,6270770.58,4,
770154.1300000001,6270770.58,4,
770154.43,6270770.58,1,
770157.43,6270770.58,1,
770157.7300000001,6270770.58,4,
770158.03,6270770.58,4,
770158.3300000001,6270770.58,4,
770158.6300000001,6270770.58,4,
770162.53,6270770.58,3,
770162.8300000001,6270770.58,3,
770163.1300000001,6270770.58,3,
770163.43,6270770.58,4,
770163.7300000001,6270770.58,2,
770167.93,6270770.58,3,
770168.2300000001,6270770.58,4,
770168.53,6270770.58,2,
770168.8300000001,6270770.58,2,
770169.43,6270770.58,1,
770172.1300000001,6270770.58,1,
770172.43,6270770.58,5,
770172.7300000001,6270770.58,4,
770173.03,6270770.58,4,
770173.3300000001,6270770.58,3,
770173.6300000001,6270770.58,2,
770176.6300000001,6270770.58,2,
770176.93,6270770.58,3,
770177.2300000001,6270770.58,4,
770177.53,6270770.58,1,
770177.8300000001,6270770.58,4,
770178.1300000001,6270770.58,2,
770181.7300000001,6270770.58,3,
770182.03,6270770.58,4,
770182.3300000001,6270770.58,4,
770182.6300000001,6270770.58,3,
770182.93,6270770.58,2,
770186.2300000001,6270770.58,2,
770186.53,6270770.58,2,
770186.8300000001,6270770.58,2,
770187.1300000001,6270770.58,6,
770187.43,6270770.58,3,
770187.7300000001,6270770.58,3,
770191.3300000001,6270770.58,1,
770191.6300000001,6270770.58,1,
770191.93,6270770.58,4,
770192.2300000001,6270770.58,5,
770192.53,6270770.58,5,
770195.8300000001,6270770.58,1,
770196.1300000001,6270770.58,1,
770196.4300000002,6270770.58,2,
770196.7300000001,6270770.58,5,
770197.03,6270770.58,5,
770197.3300000001,6270770.58,4,
770200.9300000002,6270770.58,2,
770201.2300000001,6270770.58,2,
770201.53,6270770.58,4,
770201.8300000001,6270770.58,6,
770202.1300000001,6270770.58,1,
770202.4300000002,6270770.58,1,
770202.7300000001,6270770.58,1,
770205.1300000001,6270770.58,1,
770205.4300000002,6270770.58,3,
770205.7300000001,6270770.58,4,
770206.03,6270770.58,3,
770206.3300000001,6270770.58,3,
770206.6300000001,6270770.58,3,
770206.9300000002,6270770.58,1,
770210.2300000001,6270770.58,3,
770210.53,6270770.58,2,
770210.8300000001,6270770.58,6,
770211.1300000001,6270770.58,3,
770211.4300000002,6270770.58,3,
770211.7300000001,6270770.58,1,
770216.2300000001,6270770.58,1,
770220.1300000001,6270770.58,4,
770220.4300000002,6270770.58,1,
770220.7300000001,6270770.58,4,
770221.03,6270770.58,4,
770221.3300000001,6270770.58,4,
770221.6300000001,6270770.58,2,
770138.2300000001,6270770.88,1,
770138.53,6270770.88,3,
770138.8300000001,6270770.88,3,
770139.1300000001,6270770.88,4,
770139.43,6270770.88,5,
770142.43,6270770.88,1,
770142.7300000001,6270770.88,1,
770143.03,6270770.88,3,
770143.3300000001,6270770.88,3,
770143.6300000001,6270770.88,4,
770143.93,6270770.88,3,
770144.2300000001,6270770.88,3,
770147.2300000001,6270770.88,1,
770147.53,6270770.88,2,
770147.8300000001,6270770.88,2,
770148.1300000001,6270770.88,4,
770148.43,6270770.88,1,
770148.7300000001,6270770.88,2,
770149.03,6270770.88,1,
770152.3300000001,6270770.88,1,
770152.6300000001,6270770.88,1,
770152.93,6270770.88,4,
770153.2300000001,6270770.88,5,
770153.53,6270770.88,4,
770153.8300000001,6270770.88,4,
770154.1300000001,6270770.88,1,
770156.8300000001,6270770.88,1,
770157.1300000001,6270770.88,6,
770157.43,6270770.88,3,
770157.7300000001,6270770.88,2,
770158.03,6270770.88,4,
770161.93,6270770.88,1,
770162.2300000001,6270770.88,4,
770162.53,6270770.88,3,
770162.8300000001,6270770.88,3,
770163.1300000001,6270770.88,2,
770163.43,6270770.88,1,
770166.7300000001,6270770.88,1,
770168.2300000001,6270770.88,1,
770168.53,6270770.88,4,
770171.8300000001,6270770.88,2,
770172.1300000001,6270770.88,4,
770172.43,6270770.88,4,
770172.7300000001,6270770.88,4,
770173.03,6270770.88,1,
770176.6300000001,6270770.88,3,
770176.93,6270770.88,3,
770177.2300000001,6270770.88,5,
770177.53,6270770.88,3,
770181.1300000001,6270770.88,3,
770181.43,6270770.88,4,
770181.7300000001,6270770.88,3,
770182.03,6270770.88,4,
770182.3300000001,6270770.88,1,
770182.6300000001,6270770.88,1,
770186.2300000001,6270770.88,4,
770186.53,6270770.88,4,
770186.8300000001,6270770.88,4,
770187.1300000001,6270770.88,2,
770187.43,6270770.88,2,
770190.7300000001,6270770.88,1,
770191.03,6270770.88,2,
770191.3300000001,6270770.88,4,
770191.6300000001,6270770.88,2,
770191.93,6270770.88,3,
770195.53,6270770.88,1,
770195.8300000001,6270770.88,2,
770196.1300000001,6270770.88,4,
770196.4300000002,6270770.88,5,
770196.7300000001,6270770.88,4,
770197.03,6270770.88,1,
770200.6300000001,6270770.88,2,
770200.9300000002,6270770.88,4,
770201.2300000001,6270770.88,4,
770201.53,6270770.88,3,
770204.8300000001,6270770.88,4,
770205.1300000001,6270770.88,3,
770205.4300000002,6270770.88,4,
770205.7300000001,6270770.88,4,
770206.03,6270770.88,2,
770206.3300000001,6270770.88,3,
770209.9300000002,6270770.88,1,
770210.2300000001,6270770.88,4,
770210.53,6270770.88,3,
770210.8300000001,6270770.88,6,
770211.1300000001,6270770.88,4,
770211.4300000002,6270770.88,1,
770219.53,6270770.88,2,
770219.8300000001,6270770.88,4,
770220.1300000001,6270770.88,3,
770220.4300000002,6270770.88,5,
770220.7300000001,6270770.88,2,
770221.03,6270770.88,3,
770221.3300000001,6270770.88,1,
770137.6300000001,6270771.18,1,
770137.93,6270771.18,3,
770138.2300000001,6270771.18,4,
770138.53,6270771.18,3,
770138.8300000001,6270771.18,1,
770139.1300000001,6270771.18,2,
770142.1300000001,6270771.18,2,
770142.43,6270771.18,4,
770142.7300000001,6270771.18,2,
770143.03,6270771.18,6,
770143.3300000001,6270771.18,3,
770143.6300000001,6270771.18,2,
770147.2300000001,6270771.18,2,
770147.53,6270771.18,3,
770147.8300000001,6270771.18,4,
770148.1300000001,6270771.18,5,
770148.43,6270771.18,4,
770152.03,6270771.18,4,
770152.3300000001,6270771.18,3,
770152.6300000001,6270771.18,3,
770152.93,6270771.18,3,
770153.2300000001,6270771.18,3,
770156.2300000001,6270771.18,1,
770156.8300000001,6270771.18,5,
770157.1300000001,6270771.18,3,
770157.43,6270771.18,5,
770157.7300000001,6270771.18,1,
770161.3300000001,6270771.18,1,
770161.6300000001,6270771.18,1,
770161.93,6270771.18,6,
770162.2300000001,6270771.18,5,
770162.53,6270771.18,1,
770162.8300000001,6270771.18,3,
770166.1300000001,6270771.18,2,
770166.43,6270771.18,2,
770166.7300000001,6270771.18,2,
770170.93,6270771.18,1,
770171.2300000001,6270771.18,1,
770171.53,6270771.18,4,
770171.8300000001,6270771.18,5,
770172.1300000001,6270771.18,5,
770172.43,6270771.18,2,
770175.7300000001,6270771.18,6,
770176.03,6270771.18,3,
770176.3300000001,6270771.18,5,
770176.6300000001,6270771.18,4,
770176.93,6270771.18,4,
770177.2300000001,6270771.18,3,
770180.53,6270771.18,1,
770180.8300000001,6270771.18,2,
770181.1300000001,6270771.18,1,
770181.43,6270771.18,4,
770181.7300000001,6270771.18,4,
770182.03,6270771.18,3,
770185.6300000001,6270771.18,1,
770185.93,6270771.18,3,
770186.2300000001,6270771.18,2,
770186.53,6270771.18,4,
770190.7300000001,6270771.18,4,
770191.03,6270771.18,3,
770191.3300000001,6270771.18,5,
770191.6300000001,6270771.18,4,
770195.53,6270771.18,5,
770195.8300000001,6270771.18,4,
770196.1300000001,6270771.18,1,
770196.4300000002,6270771.18,4,
770199.7300000001,6270771.18,2,
770200.03,6270771.18,1,
770200.3300000001,6270771.18,5,
770200.6300000001,6270771.18,3,
770200.9300000002,6270771.18,2,
770204.53,6270771.18,1,
770204.8300000001,6270771.18,5,
770205.1300000001,6270771.18,3,
770205.4300000002,6270771.18,5,
770205.7300000001,6270771.18,2,
770209.3300000001,6270771.18,1,
770209.6300000001,6270771.18,3,
770209.9300000002,6270771.18,3,
770210.2300000001,6270771.18,2,
770210.53,6270771.18,4,
770210.8300000001,6270771.18,2,
770211.1300000001,6270771.18,1,
770219.2300000001,6270771.18,3,
770219.53,6270771.18,3,
770219.8300000001,6270771.18,5,
770220.1300000001,6270771.18,4,
770220.4300000002,6270771.18,2,
770220.7300000001,6270771.18,2,
770137.6300000001,6270771.48,4,
770137.93,6270771.48,2,
770138.2300000001,6270771.48,1,
770141.8300000001,6270771.48,2,
770142.1300000001,6270771.48,6,
770142.43,6270771.48,4,
770142.7300000001,6270771.48,3,
770143.03,6270771.48,1,
770143.3300000001,6270771.48,1,
770146.3300000001,6270771.48,1,
770146.6300000001,6270771.48,1,
770146.93,6270771.48,4,
770147.2300000001,6270771.48,4,
770147.53,6270771.48,3,
770147.8300000001,6270771.48,1,
770152.03,6270771.48,4,
770152.3300000001,6270771.48,3,
770152.6300000001,6270771.48,4,
770152.93,6270771.48,3,
770155.93,6270771.48,3,
770156.2300000001,6270771.48,2,
770156.53,6270771.48,5,
770156.8300000001,6270771.48,4,
770157.1300000001,6270771.48,2,
770160.7300000001,6270771.48,1,
770161.03,6270771.48,1,
770161.3300000001,6270771.48,4,
770161.6300000001,6270771.48,1,
770161.93,6270771.48,1,
770162.2300000001,6270771.48,3,
770162.53,6270771.48,2,
770162.8300000001,6270771.48,1,
770165.8300000001,6270771.48,1,
770166.1300000001,6270771.48,4,
770166.43,6270771.48,2,
770166.7300000001,6270771.48,1,
770170.93,6270771.48,4,
770171.2300000001,6270771.48,4,
770171.53,6270771.48,3,
770171.8300000001,6270771.48,2,
770175.43,6270771.48,2,
770175.7300000001,6270771.48,5,
770176.03,6270771.48,4,
770176.3300000001,6270771.48,5,
770176.6300000001,6270771.48,1,
770176.93,6270771.48,2,
770177.2300000001,6270771.48,1,
770180.2300000001,6270771.48,2,
770180.53,6270771.48,5,
770180.8300000001,6270771.48,1,
770181.1300000001,6270771.48,5,
770181.43,6270771.48,3,
770185.03,6270771.48,2,
770185.3300000001,6270771.48,3,
770185.6300000001,6270771.48,2,
770185.93,6270771.48,5,
770186.2300000001,6270771.48,2,
770186.53,6270771.48,1,
770189.8300000001,6270771.48,1,
770190.1300000001,6270771.48,4,
770190.43,6270771.48,5,
770190.7300000001,6270771.48,2,
770191.03,6270771.48,3,
770191.3300000001,6270771.48,1,
770194.6300000001,6270771.48,1,
770194.93,6270771.48,3,
770195.2300000001,6270771.48,4,
770195.53,6270771.48,4,
770195.8300000001,6270771.48,3,
770196.1300000001,6270771.48,1,
770199.4300000002,6270771.48,1,
770199.7300000001,6270771.48,2,
770200.03,6270771.48,3,
770200.3300000001,6270771.48,3,
770200.6300000001,6270771.48,2,
770203.9300000002,6270771.48,2,
770204.2300000001,6270771.48,2,
770204.53,6270771.48,3,
770204.8300000001,6270771.48,3,
770205.1300000001,6270771.48,1,
770205.4300000002,6270771.48,1,
770208.7300000001,6270771.48,1,
770209.03,6270771.48,4,
770209.3300000001,6270771.48,3,
770209.6300000001,6270771.48,6,
770209.9300000002,6270771.48,4,
770210.2300000001,6270771.48,2,
770210.53,6270771.48,1,
770214.4300000002,6270771.48,1,
770218.9300000002,6270771.48,4,
770219.2300000001,6270771.48,4,
770219.53,6270771.48,2,
770219.8300000001,6270771.48,4,
770220.1300000001,6270771.48,4,
770220.4300000002,6270771.48,1,
770137.03,6270771.779999999,2,
770137.3300000001,6270771.779999999,6,
770137.6300000001,6270771.779999999,2,
770137.93,6270771.779999999,3,
770141.2300000001,6270771.779999999,1,
770141.53,6270771.779999999,5,
770141.8300000001,6270771.779999999,4,
770142.1300000001,6270771.779999999,4,
770142.43,6270771.779999999,2,
770142.7300000001,6270771.779999999,3,
770145.7300000001,6270771.779999999,1,
770146.3300000001,6270771.779999999,2,
770146.6300000001,6270771.779999999,3,
770146.93,6270771.779999999,4,
770147.2300000001,6270771.779999999,5,
770147.53,6270771.779999999,1,
770150.8300000001,6270771.779999999,1,
770151.1300000001,6270771.779999999,2,
770151.43,6270771.779999999,2,
770152.03,6270771.779999999,2,
770152.3300000001,6270771.779999999,1,
770154.7300000001,6270771.779999999,1,
770155.03,6270771.779999999,2,
770155.3300000001,6270771.779999999,2,
770155.6300000001,6270771.779999999,3,
770155.93,6270771.779999999,5,
770156.2300000001,6270771.779999999,3,
770156.8300000001,6270771.779999999,1,
770160.1300000001,6270771.779999999,1,
770160.43,6270771.779999999,2,
770160.7300000001,6270771.779999999,1,
770161.03,6270771.779999999,4,
770161.3300000001,6270771.779999999,4,
770161.6300000001,6270771.779999999,2,
770161.93,6270771.779999999,4,
770164.93,6270771.779999999,1,
770165.2300000001,6270771.779999999,1,
770165.53,6270771.779999999,2,
770165.8300000001,6270771.779999999,6,
770166.1300000001,6270771.779999999,3,
770166.43,6270771.779999999,4,
770166.7300000001,6270771.779999999,1,
770170.03,6270771.779999999,1,
770170.3300000001,6270771.779999999,4,
770170.6300000001,6270771.779999999,3,
770170.93,6270771.779999999,3,
770171.2300000001,6270771.779999999,6,
770174.8300000001,6270771.779999999,1,
770175.1300000001,6270771.779999999,4,
770175.43,6270771.779999999,4,
770175.7300000001,6270771.779999999,2,
770176.03,6270771.779999999,4,
770176.3300000001,6270771.779999999,3,
770179.6300000001,6270771.779999999,1,
770179.93,6270771.779999999,4,
770180.2300000001,6270771.779999999,2,
770180.53,6270771.779999999,1,
770180.8300000001,6270771.779999999,4,
770181.1300000001,6270771.779999999,2,
770184.43,6270771.779999999,2,
770184.7300000001,6270771.779999999,3,
770185.03,6270771.779999999,2,
770185.3300000001,6270771.779999999,4,
770185.6300000001,6270771.779999999,3,
770185.93,6270771.779999999,1,
770189.53,6270771.779999999,3,
770189.8300000001,6270771.779999999,6,
770190.1300000001,6270771.779999999,2,
770190.43,6270771.779999999,4,
770190.7300000001,6270771.779999999,2,
770194.6300000001,6270771.779999999,1,
770194.93,6270771.779999999,5,
770195.2300000001,6270771.779999999,4,
770195.53,6270771.779999999,1,
770198.8300000001,6270771.779999999,1,
770199.1300000001,6270771.779999999,4,
770199.7300000001,6270771.779999999,5,
770200.03,6270771.779999999,5,
770203.6300000001,6270771.779999999,1,
770203.9300000002,6270771.779999999,5,
770204.2300000001,6270771.779999999,4,
770204.53,6270771.779999999,3,
770204.8300000001,6270771.779999999,2,
770208.4300000002,6270771.779999999,1,
770208.7300000001,6270771.779999999,2,
770209.03,6270771.779999999,3,
770209.3300000001,6270771.779999999,5,
770209.6300000001,6270771.779999999,2,
770209.9300000002,6270771.779999999,1,
770213.2300000001,6270771.779999999,1,
770213.53,6270771.779999999,3,
770218.6300000001,6270771.779999999,3,
770218.9300000002,6270771.779999999,4,
770219.2300000001,6270771.779999999,3,
770219.53,6270771.779999999,3,
770136.7300000001,6270772.08,1,
770137.03,6270772.08,3,
770137.3300000001,6270772.08,3,
770137.6300000001,6270772.08,1,
770140.6300000001,6270772.08,2,
770140.93,6270772.08,3,
770141.2300000001,6270772.08,4,
770141.53,6270772.08,3,
770141.8300000001,6270772.08,4,
770142.1300000001,6270772.08,3,
770145.43,6270772.08,2,
770145.7300000001,6270772.08,2,
770146.03,6270772.08,4,
770146.3300000001,6270772.08,5,
770146.6300000001,6270772.08,4,
770146.93,6270772.08,2,
770150.53,6270772.08,2,
770150.8300000001,6270772.08,3,
770151.1300000001,6270772.08,2,
770151.43,6270772.08,1,
770152.03,6270772.08,1,
770154.7300000001,6270772.08,2,
770155.03,6270772.08,3,
770155.3300000001,6270772.08,4,
770155.6300000001,6270772.08,3,
770155.93,6270772.08,2,
770156.2300000001,6270772.08,4,
770160.43,6270772.08,5,
770160.7300000001,6270772.08,5,
770161.03,6270772.08,1,
770161.3300000001,6270772.08,2,
770161.6300000001,6270772.08,1,
770164.3300000001,6270772.08,1,
770164.93,6270772.08,2,
770165.2300000001,6270772.08,3,
770165.53,6270772.08,4,
770165.8300000001,6270772.08,3,
770166.1300000001,6270772.08,5,
770169.43,6270772.08,1,
770169.7300000001,6270772.08,2,
770170.03,6270772.08,4,
770170.3300000001,6270772.08,5,
770170.6300000001,6270772.08,4,
770170.93,6270772.08,3,
770171.2300000001,6270772.08,2,
770174.53,6270772.08,3,
770174.8300000001,6270772.08,5,
770175.1300000001,6270772.08,4,
770175.43,6270772.08,5,
770175.7300000001,6270772.08,4,
770179.6300000001,6270772.08,3,
770179.93,6270772.08,6,
770180.2300000001,6270772.08,2,
770180.53,6270772.08,3,
770183.8300000001,6270772.08,1,
770184.1300000001,6270772.08,2,
770184.43,6270772.08,2,
770184.7300000001,6270772.08,6,
770185.03,6270772.08,3,
770188.6300000001,6270772.08,1,
770188.93,6270772.08,2,
770189.2300000001,6270772.08,3,
770189.53,6270772.08,3,
770189.8300000001,6270772.08,1,
770190.1300000001,6270772.08,2,
770193.43,6270772.08,1,
770194.03,6270772.08,2,
770194.3300000001,6270772.08,4,
770194.6300000001,6270772.08,5,
770194.93,6270772.08,3,
770198.53,6270772.08,1,
770198.8300000001,6270772.08,5,
770199.1300000001,6270772.08,3,
770199.4300000002,6270772.08,5,
770199.7300000001,6270772.08,2,
770200.03,6270772.08,2,
770202.7300000001,6270772.08,2,
770203.03,6270772.08,4,
770203.3300000001,6270772.08,3,
770203.6300000001,6270772.08,4,
770203.9300000002,6270772.08,3,
770204.2300000001,6270772.08,4,
770208.1300000001,6270772.08,1,
770208.4300000002,6270772.08,3,
770208.7300000001,6270772.08,4,
770209.03,6270772.08,4,
770209.3300000001,6270772.08,1,
770209.6300000001,6270772.08,1,
770212.9300000002,6270772.08,1,
770213.2300000001,6270772.08,6,
770213.53,6270772.08,1,
770213.8300000001,6270772.08,2,
770218.03,6270772.08,3,
770218.3300000001,6270772.08,5,
770218.6300000001,6270772.08,5,
770219.2300000001,6270772.08,3,
770140.3300000001,6270772.38,3,
770140.6300000001,6270772.38,6,
770140.93,6270772.38,5,
770141.2300000001,6270772.38,3,
770141.53,6270772.38,2,
770141.8300000001,6270772.38,1,
770145.1300000001,6270772.38,3,
770145.43,6270772.38,2,
770145.7300000001,6270772.38,4,
770146.03,6270772.38,3,
770146.3300000001,6270772.38,1,
770150.2300000001,6270772.38,3,
770150.53,6270772.38,3,
770150.8300000001,6270772.38,3,
770151.1300000001,6270772.38,3,
770154.1300000001,6270772.38,2,
770154.43,6270772.38,2,
770154.7300000001,6270772.38,3,
770155.03,6270772.38,4,
770155.3300000001,6270772.38,1,
770155.6300000001,6270772.38,3,
770159.8300000001,6270772.38,3,
770160.1300000001,6270772.38,3,
770160.7300000001,6270772.38,4,
770164.3300000001,6270772.38,3,
770164.6300000001,6270772.38,4,
770164.93,6270772.38,5,
770165.2300000001,6270772.38,2,
770165.53,6270772.38,3,
770165.8300000001,6270772.38,1,
770169.1300000001,6270772.38,2,
770169.43,6270772.38,4,
770169.7300000001,6270772.38,3,
770170.03,6270772.38,4,
770170.3300000001,6270772.38,3,
770170.6300000001,6270772.38,4,
770170.93,6270772.38,1,
770171.2300000001,6270772.38,1,
770173.93,6270772.38,1,
770174.2300000001,6270772.38,5,
770174.53,6270772.38,3,
770174.8300000001,6270772.38,5,
770175.1300000001,6270772.38,2,
770179.6300000001,6270772.38,1,
770179.93,6270772.38,1,
770180.2300000001,6270772.38,1,
770183.2300000001,6270772.38,1,
770183.53,6270772.38,3,
770183.8300000001,6270772.38,5,
770184.1300000001,6270772.38,4,
770184.43,6270772.38,5,
770184.7300000001,6270772.38,1,
770185.03,6270772.38,2,
770188.6300000001,6270772.38,4,
770188.93,6270772.38,4,
770189.2300000001,6270772.38,2,
770189.53,6270772.38,3,
770189.8300000001,6270772.38,1,
770193.43,6270772.38,1,
770193.7300000001,6270772.38,6,
770194.03,6270772.38,5,
770194.3300000001,6270772.38,4,
770194.6300000001,6270772.38,2,
770197.9300000002,6270772.38,1,
770198.2300000001,6270772.38,1,
770198.53,6270772.38,5,
770198.8300000001,6270772.38,5,
770199.1300000001,6270772.38,3,
770202.1300000001,6270772.38,1,
770202.4300000002,6270772.38,2,
770202.7300000001,6270772.38,2,
770203.03,6270772.38,4,
770203.3300000001,6270772.38,4,
770203.6300000001,6270772.38,2,
770207.8300000001,6270772.38,4,
770208.1300000001,6270772.38,3,
770208.4300000002,6270772.38,4,
770208.7300000001,6270772.38,1,
770209.03,6270772.38,2,
770212.9300000002,6270772.38,5,
770213.2300000001,6270772.38,3,
770213.53,6270772.38,3,
770218.03,6270772.38,4,
770218.3300000001,6270772.38,2,
770218.6300000001,6270772.38,3,
770139.7300000001,6270772.68,2,
770140.03,6270772.68,3,
770140.3300000001,6270772.68,4,
770140.6300000001,6270772.68,3,
770140.93,6270772.68,5,
770141.2300000001,6270772.68,2,
770144.53,6270772.68,2,
770144.8300000001,6270772.68,5,
770145.1300000001,6270772.68,3,
770145.43,6270772.68,4,
770145.7300000001,6270772.68,4,
770146.03,6270772.68,3,
770149.6300000001,6270772.68,4,
770149.93,6270772.68,5,
770150.2300000001,6270772.68,4,
770150.53,6270772.68,4,
770150.8300000001,6270772.68,3,
770151.1300000001,6270772.68,1,
770153.8300000001,6270772.68,2,
770154.1300000001,6270772.68,4,
770154.43,6270772.68,4,
770154.7300000001,6270772.68,3,
770155.03,6270772.68,2,
770158.93,6270772.68,1,
770159.2300000001,6270772.68,3,
770159.53,6270772.68,3,
770159.8300000001,6270772.68,6,
770160.1300000001,6270772.68,4,
770163.43,6270772.68,1,
770163.7300000001,6270772.68,2,
770164.03,6270772.68,3,
770164.3300000001,6270772.68,5,
770164.6300000001,6270772.68,4,
770164.93,6270772.68,3,
770165.2300000001,6270772.68,3,
770168.53,6270772.68,1,
770168.8300000001,6270772.68,2,
770169.1300000001,6270772.68,4,
770169.43,6270772.68,5,
770169.7300000001,6270772.68,4,
770170.03,6270772.68,3,
770170.3300000001,6270772.68,2,
770173.6300000001,6270772.68,1,
770173.93,6270772.68,4,
770174.2300000001,6270772.68,4,
770174.53,6270772.68,2,
770174.8300000001,6270772.68,3,
770183.2300000001,6270772.68,4,
770183.53,6270772.68,4,
770183.8300000001,6270772.68,4,
770184.1300000001,6270772.68,3,
770184.43,6270772.68,2,
770188.3300000001,6270772.68,4,
770188.6300000001,6270772.68,2,
770188.93,6270772.68,4,
770189.2300000001,6270772.68,4,
770192.8300000001,6270772.68,2,
770193.1300000001,6270772.68,3,
770193.43,6270772.68,2,
770193.7300000001,6270772.68,6,
770194.03,6270772.68,3,
770194.3300000001,6270772.68,3,
770197.3300000001,6270772.68,3,
770197.6300000001,6270772.68,2,
770197.9300000002,6270772.68,3,
770198.2300000001,6270772.68,4,
770198.53,6270772.68,3,
770201.8300000001,6270772.68,1,
770202.1300000001,6270772.68,1,
770202.4300000002,6270772.68,4,
770202.7300000001,6270772.68,5,
770203.03,6270772.68,2,
770206.9300000002,6270772.68,2,
770207.8300000001,6270772.68,2,
770208.1300000001,6270772.68,5,
770212.6300000001,6270772.68,1,
770212.9300000002,6270772.68,2,
770216.8300000001,6270772.68,2,
770217.1300000001,6270772.68,4,
770217.4300000002,6270772.68,1,
770139.1300000001,6270772.98,2,
770139.43,6270772.98,5,
770139.7300000001,6270772.98,3,
770140.03,6270772.98,4,
770140.3300000001,6270772.98,4,
770144.2300000001,6270772.98,5,
770144.53,6270772.98,4,
770144.8300000001,6270772.98,5,
770145.1300000001,6270772.98,3,
770145.43,6270772.98,2,
770149.3300000001,6270772.98,4,
770149.6300000001,6270772.98,4,
770149.93,6270772.98,4,
770150.2300000001,6270772.98,3,
770150.8300000001,6270772.98,1,
770153.53,6270772.98,4,
770153.8300000001,6270772.98,5,
770154.1300000001,6270772.98,4,
770154.43,6270772.98,4,
770154.7300000001,6270772.98,1,
770155.03,6270772.98,2,
770158.3300000001,6270772.98,3,
770158.93,6270772.98,3,
770159.2300000001,6270772.98,4,
770159.53,6270772.98,4,
770159.8300000001,6270772.98,1,
770163.43,6270772.98,1,
770163.7300000001,6270772.98,4,
770164.03,6270772.98,5,
770164.3300000001,6270772.98,2,
770164.6300000001,6270772.98,4,
770168.2300000001,6270772.98,2,
770168.53,6270772.98,4,
770168.8300000001,6270772.98,3,
770169.1300000001,6270772.98,4,
770169.43,6270772.98,3,
770169.7300000001,6270772.98,1,
770173.3300000001,6270772.98,4,
770173.6300000001,6270772.98,4,
770173.93,6270772.98,4,
770174.2300000001,6270772.98,3,
770174.53,6270772.98,3,
770177.53,6270772.98,1,
770182.6300000001,6270772.98,2,
770182.93,6270772.98,5,
770183.2300000001,6270772.98,5,
770183.53,6270772.98,2,
770183.8300000001,6270772.98,3,
770188.03,6270772.98,2,
770188.3300000001,6270772.98,4,
770188.6300000001,6270772.98,3,
770192.2300000001,6270772.98,2,
770192.53,6270772.98,1,
770192.8300000001,6270772.98,4,
770193.1300000001,6270772.98,3,
770193.43,6270772.98,4,
770197.03,6270772.98,3,
770197.3300000001,6270772.98,4,
770197.6300000001,6270772.98,5,
770197.9300000002,6270772.98,4,
770198.2300000001,6270772.98,3,
770198.53,6270772.98,1,
770201.53,6270772.98,3,
770201.8300000001,6270772.98,2,
770202.1300000001,6270772.98,6,
770202.4300000002,6270772.98,4,
770202.7300000001,6270772.98,2,
770206.6300000001,6270772.98,3,
770206.9300000002,6270772.98,2,
770207.2300000001,6270772.98,2,
770207.53,6270772.98,5,
770207.8300000001,6270772.98,1,
770216.53,6270772.98,3,
770216.8300000001,6270772.98,6,
770217.1300000001,6270772.98,4,
770217.7300000001,6270772.98,1,
770138.8300000001,6270773.279999999,3,
770139.1300000001,6270773.279999999,3,
770139.43,6270773.279999999,4,
770139.7300000001,6270773.279999999,4,
770143.3300000001,6270773.279999999,1,
770143.6300000001,6270773.279999999,2,
770143.93,6270773.279999999,3,
770144.2300000001,6270773.279999999,5,
770144.53,6270773.279999999,2,
770144.8300000001,6270773.279999999,3,
770148.1300000001,6270773.279999999,1,
770148.7300000001,6270773.279999999,4,
770149.03,6270773.279999999,4,
770149.3300000001,6270773.279999999,3,
770149.6300000001,6270773.279999999,3,
770149.93,6270773.279999999,2,
770150.2300000001,6270773.279999999,1,
770152.93,6270773.279999999,1,
770153.2300000001,6270773.279999999,2,
770153.53,6270773.279999999,2,
770153.8300000001,6270773.279999999,5,
770154.1300000001,6270773.279999999,1,
770158.03,6270773.279999999,2,
770158.3300000001,6270773.279999999,1,
770158.6300000001,6270773.279999999,4,
770158.93,6270773.279999999,4,
770159.2300000001,6270773.279999999,1,
770162.53,6270773.279999999,1,
770162.8300000001,6270773.279999999,2,
770163.1300000001,6270773.279999999,2,
770163.43,6270773.279999999,2,
770163.7300000001,6270773.279999999,2,
770164.03,6270773.279999999,4,
770164.3300000001,6270773.279999999,4,
770167.6300000001,6270773.279999999,1,
770167.93,6270773.279999999,3,
770168.2300000001,6270773.279999999,4,
770168.53,6270773.279999999,3,
770168.8300000001,6270773.279999999,4,
770169.1300000001,6270773.279999999,1,
770169.43,6270773.279999999,1,
770172.43,6270773.279999999,1,
770172.7300000001,6270773.279999999,4,
770173.03,6270773.279999999,4,
770173.3300000001,6270773.279999999,4,
770173.6300000001,6270773.279999999,6,
770173.93,6270773.279999999,2,
770174.2300000001,6270773.279999999,1,
770177.2300000001,6270773.279999999,1,
770177.53,6270773.279999999,2,
770177.8300000001,6270773.279999999,2,
770182.03,6270773.279999999,1,
770182.3300000001,6270773.279999999,6,
770182.6300000001,6270773.279999999,4,
770182.93,6270773.279999999,5,
770183.2300000001,6270773.279999999,1,
770183.53,6270773.279999999,2,
770187.1300000001,6270773.279999999,1,
770187.43,6270773.279999999,5,
770187.7300000001,6270773.279999999,2,
770188.03,6270773.279999999,1,
770188.3300000001,6270773.279999999,1,
770191.6300000001,6270773.279999999,1,
770191.93,6270773.279999999,2,
770192.2300000001,6270773.279999999,4,
770192.53,6270773.279999999,4,
770192.8300000001,6270773.279999999,3,
770196.4300000002,6270773.279999999,1,
770196.7300000001,6270773.279999999,3,
770197.03,6270773.279999999,4,
770197.3300000001,6270773.279999999,3,
770197.6300000001,6270773.279999999,2,
770197.9300000002,6270773.279999999,1,
770198.2300000001,6270773.279999999,1,
770200.9300000002,6270773.279999999,1,
770201.2300000001,6270773.279999999,3,
770201.53,6270773.279999999,3,
770201.8300000001,6270773.279999999,7,
770202.1300000001,6270773.279999999,3,
770202.4300000002,6270773.279999999,3,
770206.03,6270773.279999999,1,
770206.3300000001,6270773.279999999,3,
770206.6300000001,6270773.279999999,3,
770206.9300000002,6270773.279999999,5,
770207.2300000001,6270773.279999999,3,
770207.53,6270773.279999999,2,
770215.9300000002,6270773.279999999,2,
770216.2300000001,6270773.279999999,3,
770216.53,6270773.279999999,4,
770216.8300000001,6270773.279999999,5,
770217.1300000001,6270773.279999999,4,
770138.2300000001,6270773.58,1,
770138.53,6270773.58,5,
770138.8300000001,6270773.58,4,
770139.1300000001,6270773.58,5,
770139.43,6270773.58,3,
770139.7300000001,6270773.58,1,
770142.7300000001,6270773.58,1,
770143.03,6270773.58,3,
770143.3300000001,6270773.58,2,
770143.6300000001,6270773.58,3,
770143.93,6270773.58,3,
770144.2300000001,6270773.58,3,
770144.53,6270773.58,1,
770148.1300000001,6270773.58,4,
770148.43,6270773.58,3,
770148.7300000001,6270773.58,4,
770149.03,6270773.58,4,
770149.3300000001,6270773.58,3,
770149.6300000001,6270773.58,1,
770152.6300000001,6270773.58,1,
770152.93,6270773.58,4,
770153.2300000001,6270773.58,2,
770153.53,6270773.58,1,
770153.8300000001,6270773.58,1,
770157.43,6270773.58,1,
770157.7300000001,6270773.58,5,
770158.03,6270773.58,1,
770158.3300000001,6270773.58,6,
770158.6300000001,6270773.58,4,
770158.93,6270773.58,1,
770161.93,6270773.58,1,
770162.2300000001,6270773.58,2,
770162.53,6270773.58,3,
770162.8300000001,6270773.58,5,
770163.1300000001,6270773.58,4,
770163.43,6270773.58,5,
770163.7300000001,6270773.58,3,
770164.03,6270773.58,4,
770164.3300000001,6270773.58,3,
770164.6300000001,6270773.58,1,
770167.3300000001,6270773.58,2,
770167.6300000001,6270773.58,5,
770167.93,6270773.58,1,
770168.2300000001,6270773.58,4,
770168.8300000001,6270773.58,2,
770169.1300000001,6270773.58,1,
770171.8300000001,6270773.58,2,
770172.1300000001,6270773.58,2,
770172.43,6270773.58,5,
770172.7300000001,6270773.58,3,
770173.03,6270773.58,6,
770173.6300000001,6270773.58,1,
770176.6300000001,6270773.58,2,
770176.93,6270773.58,4,
770177.2300000001,6270773.58,4,
770177.53,6270773.58,1,
770177.8300000001,6270773.58,6,
770181.7300000001,6270773.58,5,
770182.03,6270773.58,3,
770182.3300000001,6270773.58,3,
770182.6300000001,6270773.58,3,
770182.93,6270773.58,1,
770183.2300000001,6270773.58,1,
770186.53,6270773.58,2,
770186.8300000001,6270773.58,4,
770187.1300000001,6270773.58,4,
770187.43,6270773.58,3,
770187.7300000001,6270773.58,3,
770191.6300000001,6270773.58,2,
770191.93,6270773.58,5,
770192.2300000001,6270773.58,4,
770192.53,6270773.58,3,
770192.8300000001,6270773.58,1,
770196.1300000001,6270773.58,4,
770196.4300000002,6270773.58,2,
770196.7300000001,6270773.58,4,
770197.03,6270773.58,5,
770197.3300000001,6270773.58,2,
770197.6300000001,6270773.58,1,
770197.9300000002,6270773.58,1,
770200.6300000001,6270773.58,1,
770200.9300000002,6270773.58,1,
770201.2300000001,6270773.58,6,
770201.53,6270773.58,2,
770201.8300000001,6270773.58,3,
770205.4300000002,6270773.58,1,
770205.7300000001,6270773.58,2,
770206.03,6270773.58,5,
770206.3300000001,6270773.58,4,
770206.6300000001,6270773.58,4,
770206.9300000002,6270773.58,3,
770210.53,6270773.58,4,
770210.8300000001,6270773.58,1,
770215.6300000001,6270773.58,1,
770215.9300000002,6270773.58,3,
770216.2300000001,6270773.58,3,
770216.53,6270773.58,4,
770216.8300000001,6270773.58,1,
770138.2300000001,6270773.88,3,
770138.53,6270773.88,2,
770138.8300000001,6270773.88,4,
770139.1300000001,6270773.88,2,
770139.43,6270773.88,3,
770142.43,6270773.88,1,
770142.7300000001,6270773.88,5,
770143.03,6270773.88,2,
770143.3300000001,6270773.88,5,
770143.6300000001,6270773.88,3,
770143.93,6270773.88,2,
770144.2300000001,6270773.88,1,
770147.53,6270773.88,2,
770147.8300000001,6270773.88,3,
770148.1300000001,6270773.88,2,
770148.43,6270773.88,5,
770148.7300000001,6270773.88,4,
770149.03,6270773.88,1,
770152.03,6270773.88,1,
770152.3300000001,6270773.88,2,
770152.6300000001,6270773.88,4,
770152.93,6270773.88,4,
770157.1300000001,6270773.88,3,
770157.43,6270773.88,4,
770157.7300000001,6270773.88,6,
770158.03,6270773.88,1,
770158.3300000001,6270773.88,2,
770161.6300000001,6270773.88,2,
770161.93,6270773.88,3,
770162.2300000001,6270773.88,4,
770162.53,6270773.88,4,
770162.8300000001,6270773.88,3,
770163.1300000001,6270773.88,3,
770163.43,6270773.88,5,
770167.3300000001,6270773.88,1,
770167.6300000001,6270773.88,4,
770167.93,6270773.88,6,
770171.53,6270773.88,2,
770171.8300000001,6270773.88,2,
770172.1300000001,6270773.88,4,
770172.43,6270773.88,5,
770172.7300000001,6270773.88,3,
770173.03,6270773.88,1,
770176.3300000001,6270773.88,2,
770176.6300000001,6270773.88,5,
770176.93,6270773.88,4,
770177.2300000001,6270773.88,4,
770177.53,6270773.88,1,
770177.8300000001,6270773.88,1,
770181.1300000001,6270773.88,1,
770181.43,6270773.88,4,
770181.7300000001,6270773.88,7,
770182.03,6270773.88,5,
770182.3300000001,6270773.88,2,
770182.6300000001,6270773.88,1,
770185.93,6270773.88,1,
770186.2300000001,6270773.88,4,
770186.53,6270773.88,1,
770186.8300000001,6270773.88,5,
770187.1300000001,6270773.88,2,
770187.43,6270773.88,1,
770190.43,6270773.88,3,
770190.7300000001,6270773.88,2,
770191.03,6270773.88,4,
770191.3300000001,6270773.88,4,
770191.6300000001,6270773.88,4,
770191.93,6270773.88,2,
770192.2300000001,6270773.88,1,
770195.53,6270773.88,1,
770195.8300000001,6270773.88,2,
770196.1300000001,6270773.88,4,
770196.4300000002,6270773.88,4,
770196.7300000001,6270773.88,1,
770200.03,6270773.88,1,
770200.3300000001,6270773.88,4,
770200.6300000001,6270773.88,6,
770200.9300000002,6270773.88,5,
770201.2300000001,6270773.88,1,
770205.4300000002,6270773.88,4,
770205.7300000001,6270773.88,1,
770206.03,6270773.88,3,
770206.3300000001,6270773.88,2,
770206.6300000001,6270773.88,2,
770209.6300000001,6270773.88,1,
770209.9300000002,6270773.88,4,
770210.2300000001,6270773.88,2,
770210.53,6270773.88,2,
770210.8300000001,6270773.88,1,
770215.03,6270773.88,1,
770215.3300000001,6270773.88,3,
770215.6300000001,6270773.88,4,
770215.9300000002,6270773.88,3,
770216.2300000001,6270773.88,2,
770138.8300000001,6270774.18,1,
770142.1300000001,6270774.18,3,
770142.43,6270774.18,5,
770142.7300000001,6270774.18,3,
770143.03,6270774.18,3,
770143.3300000001,6270774.18,3,
770143.6300000001,6270774.18,2,
770147.2300000001,6270774.18,1,
770147.53,6270774.18,5,
770147.8300000001,6270774.18,4,
770148.1300000001,6270774.18,4,
770148.43,6270774.18,2,
770151.43,6270774.18,5,
770151.7300000001,6270774.18,3,
770152.03,6270774.18,2,
770152.3300000001,6270774.18,5,
770152.6300000001,6270774.18,2,
770152.93,6270774.18,1,
770155.93,6270774.18,1,
770156.53,6270774.18,2,
770156.8300000001,6270774.18,4,
770157.1300000001,6270774.18,5,
770157.43,6270774.18,4,
770157.7300000001,6270774.18,3,
770158.03,6270774.18,3,
770161.3300000001,6270774.18,3,
770161.6300000001,6270774.18,5,
770161.93,6270774.18,3,
770162.2300000001,6270774.18,3,
770162.53,6270774.18,2,
770162.8300000001,6270774.18,1,
770163.1300000001,6270774.18,2,
770166.43,6270774.18,2,
770166.7300000001,6270774.18,3,
770170.93,6270774.18,3,
770171.2300000001,6270774.18,1,
770171.53,6270774.18,5,
770171.8300000001,6270774.18,4,
770172.1300000001,6270774.18,4,
770175.7300000001,6270774.18,1,
770176.03,6270774.18,3,
770176.3300000001,6270774.18,4,
770176.6300000001,6270774.18,2,
770176.93,6270774.18,4,
770177.2300000001,6270774.18,1,
770177.53,6270774.18,1,
770180.53,6270774.18,1,
770180.8300000001,6270774.18,4,
770181.1300000001,6270774.18,2,
770181.43,6270774.18,3,
770181.7300000001,6270774.18,1,
770182.03,6270774.18,2,
770185.3300000001,6270774.18,3,
770185.6300000001,6270774.18,1,
770185.93,6270774.18,3,
770186.2300000001,6270774.18,5,
770186.53,6270774.18,4,
770186.8300000001,6270774.18,3,
770190.43,6270774.18,4,
770190.7300000001,6270774.18,2,
770191.03,6270774.18,5,
770191.3300000001,6270774.18,5,
770191.93,6270774.18,1,
770194.93,6270774.18,1,
770195.2300000001,6270774.18,2,
770195.53,6270774.18,3,
770195.8300000001,6270774.18,4,
770196.1300000001,6270774.18,2,
770196.4300000002,6270774.18,2,
770196.7300000001,6270774.18,1,
770199.4300000002,6270774.18,3,
770199.7300000001,6270774.18,3,
770200.03,6270774.18,3,
770200.3300000001,6270774.18,5,
770200.6300000001,6270774.18,2,
770200.9300000002,6270774.18,1,
770204.53,6270774.18,1,
770204.8300000001,6270774.18,2,
770205.1300000001,6270774.18,3,
770205.4300000002,6270774.18,3,
770205.7300000001,6270774.18,4,
770206.03,6270774.18,1,
770206.3300000001,6270774.18,1,
770209.3300000001,6270774.18,1,
770209.6300000001,6270774.18,3,
770209.9300000002,6270774.18,4,
770210.2300000001,6270774.18,1,
770210.53,6270774.18,1,
770215.03,6270774.18,4,
770215.3300000001,6270774.18,2,
770215.6300000001,6270774.18,2,
770215.9300000002,6270774.18,1,
770141.2300000001,6270774.48,1,
770141.53,6270774.48,3,
770141.8300000001,6270774.48,3,
770142.1300000001,6270774.48,3,
770142.43,6270774.48,4,
770142.7300000001,6270774.48,4,
770143.03,6270774.48,2,
770146.6300000001,6270774.48,3,
770146.93,6270774.48,6,
770147.2300000001,6270774.48,3,
770147.53,6270774.48,5,
770147.8300000001,6270774.48,2,
770150.8300000001,6270774.48,1,
770151.1300000001,6270774.48,3,
770151.43,6270774.48,3,
770151.7300000001,6270774.48,4,
770152.03,6270774.48,4,
770155.93,6270774.48,1,
770156.2300000001,6270774.48,4,
770156.53,6270774.48,3,
770156.8300000001,6270774.48,5,
770157.1300000001,6270774.48,5,
770160.7300000001,6270774.48,3,
770161.03,6270774.48,3,
770161.3300000001,6270774.48,2,
770161.6300000001,6270774.48,3,
770161.93,6270774.48,5,
770162.2300000001,6270774.48,4,
770163.1300000001,6270774.48,4,
770165.53,6270774.48,1,
770165.8300000001,6270774.48,3,
770166.1300000001,6270774.48,4,
770166.43,6270774.48,3,
770166.7300000001,6270774.48,4,
770167.03,6270774.48,1,
770170.3300000001,6270774.48,2,
770170.6300000001,6270774.48,2,
770170.93,6270774.48,2,
770171.2300000001,6270774.48,4,
770171.53,6270774.48,4,
770171.8300000001,6270774.48,4,
770172.1300000001,6270774.48,4,
770172.43,6270774.48,1,
770175.43,6270774.48,2,
770175.7300000001,6270774.48,3,
770176.03,6270774.48,3,
770176.3300000001,6270774.48,5,
770176.6300000001,6270774.48,3,
770179.93,6270774.48,1,
770180.2300000001,6270774.48,2,
770180.53,6270774.48,6,
770180.8300000001,6270774.48,2,
770181.1300000001,6270774.48,2,
770181.43,6270774.48,1,
770185.03,6270774.48,3,
770185.3300000001,6270774.48,3,
770185.6300000001,6270774.48,5,
770185.93,6270774.48,2,
770186.2300000001,6270774.48,2,
770186.53,6270774.48,1,
770189.8300000001,6270774.48,2,
770190.1300000001,6270774.48,5,
770190.43,6270774.48,1,
770190.7300000001,6270774.48,7,
770191.03,6270774.48,3,
770191.3300000001,6270774.48,2,
770194.6300000001,6270774.48,3,
770194.93,6270774.48,2,
770195.2300000001,6270774.48,2,
770195.53,6270774.48,3,
770196.1300000001,6270774.48,1,
770198.8300000001,6270774.48,1,
770199.1300000001,6270774.48,2,
770199.4300000002,6270774.48,5,
770199.7300000001,6270774.48,3,
770200.03,6270774.48,2,
770200.3300000001,6270774.48,2,
770200.6300000001,6270774.48,1,
770203.9300000002,6270774.48,2,
770204.2300000001,6270774.48,1,
770204.53,6270774.48,4,
770204.8300000001,6270774.48,3,
770205.1300000001,6270774.48,2,
770205.4300000002,6270774.48,1,
770205.7300000001,6270774.48,2,
770209.3300000001,6270774.48,2,
770209.6300000001,6270774.48,3,
770209.9300000002,6270774.48,3,
770210.2300000001,6270774.48,2,
770213.8300000001,6270774.48,1,
770214.1300000001,6270774.48,2,
770214.4300000002,6270774.48,3,
770214.7300000001,6270774.48,1,
770215.3300000001,6270774.48,1,
770141.2300000001,6270774.779999999,2,
770141.53,6270774.779999999,2,
770141.8300000001,6270774.779999999,4,
770142.1300000001,6270774.779999999,4,
770142.7300000001,6270774.779999999,2,
770146.3300000001,6270774.779999999,1,
770146.6300000001,6270774.779999999,5,
770146.93,6270774.779999999,5,
770147.2300000001,6270774.779999999,3,
770147.53,6270774.779999999,2,
770147.8300000001,6270774.779999999,1,
770150.2300000001,6270774.779999999,3,
770150.53,6270774.779999999,1,
770150.8300000001,6270774.779999999,4,
770151.1300000001,6270774.779999999,4,
770151.43,6270774.779999999,3,
770151.7300000001,6270774.779999999,3,
770155.6300000001,6270774.779999999,3,
770155.93,6270774.779999999,3,
770156.2300000001,6270774.779999999,4,
770156.53,6270774.779999999,2,
770156.8300000001,6270774.779999999,1,
770157.1300000001,6270774.779999999,1,
770160.43,6270774.779999999,1,
770160.7300000001,6270774.779999999,2,
770161.03,6270774.779999999,3,
770161.3300000001,6270774.779999999,4,
770161.6300000001,6270774.779999999,4,
770161.93,6270774.779999999,2,
770162.2300000001,6270774.779999999,1,
770165.2300000001,6270774.779999999,2,
770165.53,6270774.779999999,2,
770165.8300000001,6270774.779999999,4,
770166.1300000001,6270774.779999999,5,
770166.43,6270774.779999999,3,
770166.7300000001,6270774.779999999,1,
770170.03,6270774.779999999,2,
770170.3300000001,6270774.779999999,3,
770170.6300000001,6270774.779999999,3,
770170.93,6270774.779999999,5,
770171.2300000001,6270774.779999999,5,
770171.53,6270774.779999999,2,
770174.2300000001,6270774.779999999,1,
770174.8300000001,6270774.779999999,1,
770175.1300000001,6270774.779999999,4,
770175.43,6270774.779999999,4,
770175.7300000001,6270774.779999999,3,
770176.03,6270774.779999999,3,
770176.3300000001,6270774.779999999,1,
770179.6300000001,6270774.779999999,4,
770179.93,6270774.779999999,6,
770180.2300000001,6270774.779999999,3,
770180.53,6270774.779999999,5,
770184.43,6270774.779999999,1,
770184.7300000001,6270774.779999999,4,
770185.03,6270774.779999999,2,
770185.3300000001,6270774.779999999,4,
770185.6300000001,6270774.779999999,4,
770185.93,6270774.779999999,3,
770189.2300000001,6270774.779999999,1,
770189.53,6270774.779999999,3,
770189.8300000001,6270774.779999999,4,
770190.1300000001,6270774.779999999,3,
770190.43,6270774.779999999,4,
770190.7300000001,6270774.779999999,2,
770194.03,6270774.779999999,1,
770194.3300000001,6270774.779999999,2,
770194.6300000001,6270774.779999999,2,
770194.93,6270774.779999999,4,
770195.2300000001,6270774.779999999,2,
770198.2300000001,6270774.779999999,3,
770198.53,6270774.779999999,1,
770198.8300000001,6270774.779999999,3,
770199.1300000001,6270774.779999999,3,
770199.4300000002,6270774.779999999,2,
770199.7300000001,6270774.779999999,3,
770200.03,6270774.779999999,2,
770203.9300000002,6270774.779999999,3,
770204.2300000001,6270774.779999999,3,
770204.53,6270774.779999999,3,
770204.8300000001,6270774.779999999,3,
770205.1300000001,6270774.779999999,1,
770208.1300000001,6270774.779999999,1,
770209.03,6270774.779999999,1,
770209.3300000001,6270774.779999999,3,
770209.6300000001,6270774.779999999,5,
770213.2300000001,6270774.779999999,1,
770213.53,6270774.779999999,2,
770213.8300000001,6270774.779999999,2,
770214.1300000001,6270774.779999999,4,
770214.4300000002,6270774.779999999,3,
770214.7300000001,6270774.779999999,2,
770140.03,6270775.08,2,
770140.6300000001,6270775.08,3,
770140.93,6270775.08,3,
770141.2300000001,6270775.08,4,
770141.53,6270775.08,3,
770141.8300000001,6270775.08,3,
770142.1300000001,6270775.08,1,
770145.7300000001,6270775.08,1,
770146.03,6270775.08,3,
770146.3300000001,6270775.08,5,
770146.6300000001,6270775.08,4,
770146.93,6270775.08,1,
770149.93,6270775.08,3,
770150.2300000001,6270775.08,3,
770150.53,6270775.08,3,
770150.8300000001,6270775.08,4,
770151.43,6270775.08,1,
770155.03,6270775.08,2,
770155.3300000001,6270775.08,3,
770155.6300000001,6270775.08,4,
770155.93,6270775.08,4,
770156.2300000001,6270775.08,2,
770156.53,6270775.08,2,
770156.8300000001,6270775.08,1,
770159.8300000001,6270775.08,1,
770160.1300000001,6270775.08,2,
770160.43,6270775.08,3,
770160.7300000001,6270775.08,3,
770161.03,6270775.08,1,
770161.3300000001,6270775.08,4,
770164.93,6270775.08,2,
770165.2300000001,6270775.08,4,
770165.53,6270775.08,3,
770165.8300000001,6270775.08,4,
770166.1300000001,6270775.08,1,
770169.7300000001,6270775.08,2,
770170.03,6270775.08,5,
770170.3300000001,6270775.08,2,
770170.6300000001,6270775.08,4,
770170.93,6270775.08,4,
770171.2300000001,6270775.08,1,
770173.93,6270775.08,1,
770174.2300000001,6270775.08,3,
770174.53,6270775.08,3,
770174.8300000001,6270775.08,4,
770175.1300000001,6270775.08,2,
770175.43,6270775.08,3,
770175.7300000001,6270775.08,1,
770179.03,6270775.08,2,
770179.3300000001,6270775.08,3,
770179.6300000001,6270775.08,2,
770179.93,6270775.08,3,
770180.2300000001,6270775.08,3,
770183.8300000001,6270775.08,3,
770184.43,6270775.08,3,
770184.7300000001,6270775.08,4,
770185.03,6270775.08,3,
770185.3300000001,6270775.08,3,
770185.6300000001,6270775.08,2,
770188.93,6270775.08,4,
770189.2300000001,6270775.08,4,
770189.53,6270775.08,4,
770189.8300000001,6270775.08,4,
770190.1300000001,6270775.08,2,
770193.7300000001,6270775.08,1,
770194.03,6270775.08,3,
770194.3300000001,6270775.08,3,
770194.6300000001,6270775.08,2,
770197.9300000002,6270775.08,2,
770198.2300000001,6270775.08,5,
770198.53,6270775.08,2,
770198.8300000001,6270775.08,2,
770199.1300000001,6270775.08,3,
770199.4300000002,6270775.08,2,
770203.03,6270775.08,1,
770203.3300000001,6270775.08,3,
770203.6300000001,6270775.08,4,
770203.9300000002,6270775.08,1,
770204.2300000001,6270775.08,3,
770204.53,6270775.08,3,
770204.8300000001,6270775.08,1,
770207.8300000001,6270775.08,1,
770208.1300000001,6270775.08,2,
770208.4300000002,6270775.08,5,
770208.7300000001,6270775.08,1,
770212.9300000002,6270775.08,1,
770213.2300000001,6270775.08,1,
770213.53,6270775.08,3,
770213.8300000001,6270775.08,3,
770214.1300000001,6270775.08,1,
770139.7300000001,6270775.38,3,
770140.03,6270775.38,2,
770140.6300000001,6270775.38,3,
770140.93,6270775.38,3,
770141.2300000001,6270775.38,3,
770141.53,6270775.38,3,
770141.8300000001,6270775.38,2,
770145.1300000001,6270775.38,1,
770145.43,6270775.38,4,
770145.7300000001,6270775.38,3,
770146.03,6270775.38,2,
770146.3300000001,6270775.38,3,
770149.6300000001,6270775.38,3,
770149.93,6270775.38,3,
770150.2300000001,6270775.38,3,
770150.53,6270775.38,2,
770150.8300000001,6270775.38,2,
770154.43,6270775.38,1,
770154.7300000001,6270775.38,4,
770155.03,6270775.38,1,
770155.3300000001,6270775.38,4,
770155.6300000001,6270775.38,2,
770155.93,6270775.38,2,
770159.2300000001,6270775.38,2,
770159.53,6270775.38,4,
770159.8300000001,6270775.38,3,
770160.1300000001,6270775.38,1,
770160.43,6270775.38,3,
770160.7300000001,6270775.38,1,
770161.03,6270775.38,1,
770164.03,6270775.38,1,
770164.3300000001,6270775.38,3,
770164.6300000001,6270775.38,3,
770164.93,6270775.38,4,
770165.2300000001,6270775.38,4,
770165.53,6270775.38,3,
770165.8300000001,6270775.38,1,
770169.1300000001,6270775.38,1,
770169.43,6270775.38,3,
770169.7300000001,6270775.38,5,
770170.03,6270775.38,5,
770170.3300000001,6270775.38,4,
770170.6300000001,6270775.38,1,
770174.2300000001,6270775.38,3,
770174.53,6270775.38,4,
770174.8300000001,6270775.38,2,
770178.7300000001,6270775.38,1,
770179.03,6270775.38,2,
770179.3300000001,6270775.38,6,
770179.6300000001,6270775.38,3,
770179.93,6270775.38,3,
770180.2300000001,6270775.38,1,
770183.53,6270775.38,2,
770183.8300000001,6270775.38,2,
770184.1300000001,6270775.38,4,
770184.43,6270775.38,4,
770184.7300000001,6270775.38,2,
770185.03,6270775.38,1,
770188.3300000001,6270775.38,1,
770188.6300000001,6270775.38,3,
770188.93,6270775.38,4,
770189.2300000001,6270775.38,3,
770189.53,6270775.38,4,
770192.8300000001,6270775.38,1,
770193.1300000001,6270775.38,2,
770193.43,6270775.38,3,
770193.7300000001,6270775.38,2,
770194.03,6270775.38,2,
770194.3300000001,6270775.38,2,
770197.3300000001,6270775.38,2,
770197.9300000002,6270775.38,4,
770198.2300000001,6270775.38,1,
770198.53,6270775.38,4,
770198.8300000001,6270775.38,2,
770202.7300000001,6270775.38,1,
770203.03,6270775.38,5,
770203.3300000001,6270775.38,2,
770203.6300000001,6270775.38,3,
770203.9300000002,6270775.38,3,
770204.2300000001,6270775.38,1,
770207.2300000001,6270775.38,1,
770207.53,6270775.38,3,
770207.8300000001,6270775.38,3,
770208.1300000001,6270775.38,4,
770208.4300000002,6270775.38,4,
770212.6300000001,6270775.38,3,
770212.9300000002,6270775.38,1,
770213.2300000001,6270775.38,4,
770213.53,6270775.38,2,
770213.8300000001,6270775.38,2,
770139.43,6270775.68,1,
770139.7300000001,6270775.68,3,
770140.03,6270775.68,3,
770140.3300000001,6270775.68,3,
770140.6300000001,6270775.68,3,
770140.93,6270775.68,2,
770141.2300000001,6270775.68,2,
770141.53,6270775.68,1,
770141.8300000001,6270775.68,1,
770144.53,6270775.68,1,
770144.8300000001,6270775.68,2,
770145.1300000001,6270775.68,3,
770145.43,6270775.68,3,
770145.7300000001,6270775.68,1,
770146.03,6270775.68,2,
770149.03,6270775.68,1,
770149.6300000001,6270775.68,4,
770149.93,6270775.68,2,
770150.2300000001,6270775.68,2,
770154.1300000001,6270775.68,1,
770154.43,6270775.68,3,
770154.7300000001,6270775.68,4,
770155.03,6270775.68,4,
770158.6300000001,6270775.68,1,
770158.93,6270775.68,1,
770159.2300000001,6270775.68,2,
770159.53,6270775.68,3,
770159.8300000001,6270775.68,4,
770160.1300000001,6270775.68,1,
770160.43,6270775.68,2,
770160.7300000001,6270775.68,1,
770163.43,6270775.68,1,
770163.7300000001,6270775.68,1,
770164.03,6270775.68,2,
770164.3300000001,6270775.68,4,
770164.6300000001,6270775.68,3,
770164.93,6270775.68,4,
770165.53,6270775.68,1,
770168.8300000001,6270775.68,3,
770169.1300000001,6270775.68,2,
770169.43,6270775.68,5,
770169.7300000001,6270775.68,4,
770170.3300000001,6270775.68,1,
770173.03,6270775.68,2,
770173.3300000001,6270775.68,3,
770173.6300000001,6270775.68,4,
770173.93,6270775.68,4,
770174.2300000001,6270775.68,2,
770174.53,6270775.68,3,
770177.8300000001,6270775.68,1,
770178.1300000001,6270775.68,2,
770178.43,6270775.68,2,
770178.7300000001,6270775.68,3,
770179.03,6270775.68,4,
770179.3300000001,6270775.68,1,
770179.6300000001,6270775.68,2,
770182.93,6270775.68,1,
770183.2300000001,6270775.68,4,
770183.53,6270775.68,2,
770183.8300000001,6270775.68,4,
770184.1300000001,6270775.68,2,
770184.43,6270775.68,3,
770184.7300000001,6270775.68,1,
770188.03,6270775.68,1,
770188.3300000001,6270775.68,2,
770188.6300000001,6270775.68,3,
770188.93,6270775.68,3,
770189.2300000001,6270775.68,2,
770192.53,6270775.68,1,
770192.8300000001,6270775.68,3,
770193.1300000001,6270775.68,2,
770193.43,6270775.68,4,
770193.7300000001,6270775.68,2,
770196.7300000001,6270775.68,1,
770197.3300000001,6270775.68,4,
770197.6300000001,6270775.68,4,
770197.9300000002,6270775.68,3,
770198.2300000001,6270775.68,4,
770198.53,6270775.68,2,
770202.1300000001,6270775.68,2,
770202.4300000002,6270775.68,4,
770202.7300000001,6270775.68,4,
770203.3300000001,6270775.68,4,
770206.9300000002,6270775.68,2,
770207.2300000001,6270775.68,4,
770207.53,6270775.68,5,
770207.8300000001,6270775.68,2,
770208.1300000001,6270775.68,4,
770208.4300000002,6270775.68,1,
770211.7300000001,6270775.68,1,
770212.03,6270775.68,2,
770212.3300000001,6270775.68,4,
770212.6300000001,6270775.68,4,
770212.9300000002,6270775.68,1,
770213.2300000001,6270775.68,3,
770213.53,6270775.68,2,
770139.43,6270775.98,4,
770139.7300000001,6270775.98,3,
770140.03,6270775.98,3,
770140.3300000001,6270775.98,4,
770140.6300000001,6270775.98,1,
770140.93,6270775.98,4,
770141.2300000001,6270775.98,1,
770144.2300000001,6270775.98,1,
770144.53,6270775.98,4,
770144.8300000001,6270775.98,4,
770145.1300000001,6270775.98,2,
770145.43,6270775.98,3,
770148.7300000001,6270775.98,1,
770149.03,6270775.98,2,
770149.3300000001,6270775.98,5,
770149.6300000001,6270775.98,3,
770149.93,6270775.98,1,
770153.8300000001,6270775.98,2,
770154.1300000001,6270775.98,1,
770154.43,6270775.98,4,
770154.7300000001,6270775.98,1,
770155.03,6270775.98,1,
770158.3300000001,6270775.98,4,
770158.6300000001,6270775.98,1,
770158.93,6270775.98,3,
770159.2300000001,6270775.98,4,
770159.53,6270775.98,1,
770160.1300000001,6270775.98,1,
770163.1300000001,6270775.98,1,
770163.43,6270775.98,2,
770163.7300000001,6270775.98,2,
770164.03,6270775.98,3,
770164.3300000001,6270775.98,3,
770164.6300000001,6270775.98,3,
770164.93,6270775.98,1,
770168.2300000001,6270775.98,2,
770168.53,6270775.98,3,
770168.8300000001,6270775.98,3,
770169.1300000001,6270775.98,2,
770169.43,6270775.98,1,
770172.7300000001,6270775.98,1,
770173.03,6270775.98,1,
770173.3300000001,6270775.98,3,
770173.6300000001,6270775.98,2,
770173.93,6270775.98,3,
770174.2300000001,6270775.98,3,
770177.8300000001,6270775.98,2,
770178.1300000001,6270775.98,1,
770178.43,6270775.98,4,
770178.7300000001,6270775.98,2,
770182.03,6270775.98,1,
770182.3300000001,6270775.98,1,
770182.6300000001,6270775.98,3,
770182.93,6270775.98,4,
770183.2300000001,6270775.98,4,
770183.53,6270775.98,2,
770183.8300000001,6270775.98,2,
770184.1300000001,6270775.98,1,
770187.1300000001,6270775.98,1,
770187.43,6270775.98,2,
770187.7300000001,6270775.98,2,
770188.03,6270775.98,4,
770188.3300000001,6270775.98,3,
770191.93,6270775.98,2,
770192.2300000001,6270775.98,4,
770192.53,6270775.98,3,
770192.8300000001,6270775.98,2,
770193.1300000001,6270775.98,4,
770196.4300000002,6270775.98,1,
770196.7300000001,6270775.98,2,
770197.03,6270775.98,4,
770197.3300000001,6270775.98,2,
770197.6300000001,6270775.98,4,
770197.9300000002,6270775.98,1,
770201.8300000001,6270775.98,2,
770202.1300000001,6270775.98,3,
770202.4300000002,6270775.98,2,
770202.7300000001,6270775.98,2,
770203.03,6270775.98,3,
770206.03,6270775.98,1,
770206.3300000001,6270775.98,1,
770206.6300000001,6270775.98,4,
770206.9300000002,6270775.98,3,
770207.2300000001,6270775.98,4,
770207.8300000001,6270775.98,2,
770211.4300000002,6270775.98,2,
770211.7300000001,6270775.98,3,
770212.03,6270775.98,4,
770212.3300000001,6270775.98,4,
770212.6300000001,6270775.98,1,
770212.9300000002,6270775.98,2,
770139.1300000001,6270776.279999999,3,
770139.43,6270776.279999999,4,
770139.7300000001,6270776.279999999,2,
770140.03,6270776.279999999,2,
770143.93,6270776.279999999,1,
770144.2300000001,6270776.279999999,4,
770144.53,6270776.279999999,2,
770144.8300000001,6270776.279999999,3,
770145.1300000001,6270776.279999999,1,
770148.1300000001,6270776.279999999,2,
770148.43,6270776.279999999,3,
770148.7300000001,6270776.279999999,4,
770149.03,6270776.279999999,3,
770149.3300000001,6270776.279999999,4,
770153.8300000001,6270776.279999999,2,
770154.1300000001,6270776.279999999,5,
770154.43,6270776.279999999,1,
770157.7300000001,6270776.279999999,1,
770158.03,6270776.279999999,1,
770158.3300000001,6270776.279999999,4,
770158.6300000001,6270776.279999999,3,
770158.93,6270776.279999999,3,
770159.2300000001,6270776.279999999,3,
770159.53,6270776.279999999,1,
770162.53,6270776.279999999,1,
770162.8300000001,6270776.279999999,1,
770163.1300000001,6270776.279999999,3,
770163.43,6270776.279999999,5,
770163.7300000001,6270776.279999999,1,
770164.03,6270776.279999999,1,
770164.3300000001,6270776.279999999,1,
770167.93,6270776.279999999,3,
770168.2300000001,6270776.279999999,4,
770168.53,6270776.279999999,2,
770168.8300000001,6270776.279999999,2,
770172.43,6270776.279999999,1,
770172.7300000001,6270776.279999999,4,
770173.03,6270776.279999999,3,
770173.3300000001,6270776.279999999,2,
770173.6300000001,6270776.279999999,1,
770177.2300000001,6270776.279999999,4,
770177.53,6270776.279999999,5,
770177.8300000001,6270776.279999999,2,
770178.1300000001,6270776.279999999,2,
770178.43,6270776.279999999,4,
770178.7300000001,6270776.279999999,1,
770182.03,6270776.279999999,1,
770182.3300000001,6270776.279999999,3,
770182.6300000001,6270776.279999999,5,
770182.93,6270776.279999999,2,
770183.2300000001,6270776.279999999,2,
770183.53,6270776.279999999,2,
770183.8300000001,6270776.279999999,1,
770186.53,6270776.279999999,1,
770186.8300000001,6270776.279999999,1,
770187.1300000001,6270776.279999999,4,
770187.43,6270776.279999999,3,
770187.7300000001,6270776.279999999,2,
770191.6300000001,6270776.279999999,2,
770191.93,6270776.279999999,3,
770192.2300000001,6270776.279999999,2,
770192.53,6270776.279999999,4,
770192.8300000001,6270776.279999999,3,
770193.1300000001,6270776.279999999,1,
770196.1300000001,6270776.279999999,2,
770196.4300000002,6270776.279999999,3,
770196.7300000001,6270776.279999999,3,
770197.03,6270776.279999999,4,
770197.3300000001,6270776.279999999,2,
770197.6300000001,6270776.279999999,1,
770201.2300000001,6270776.279999999,1,
770201.53,6270776.279999999,2,
770201.8300000001,6270776.279999999,3,
770202.4300000002,6270776.279999999,2,
770205.7300000001,6270776.279999999,3,
770206.03,6270776.279999999,2,
770206.3300000001,6270776.279999999,3,
770206.6300000001,6270776.279999999,2,
770206.9300000002,6270776.279999999,3,
770207.2300000001,6270776.279999999,4,
770210.8300000001,6270776.279999999,1,
770211.1300000001,6270776.279999999,3,
770211.4300000002,6270776.279999999,2,
770211.7300000001,6270776.279999999,4,
770212.03,6270776.279999999,3,
770212.3300000001,6270776.279999999,1,
770139.43,6270776.58,1,
770143.03,6270776.58,1,
770143.3300000001,6270776.58,2,
770143.6300000001,6270776.58,2,
770143.93,6270776.58,3,
770144.2300000001,6270776.58,3,
770144.53,6270776.58,1,
770147.2300000001,6270776.58,1,
770147.53,6270776.58,1,
770147.8300000001,6270776.58,3,
770148.1300000001,6270776.58,4,
770148.43,6270776.58,3,
770148.7300000001,6270776.58,2,
770152.6300000001,6270776.58,1,
770152.93,6270776.58,1,
770153.8300000001,6270776.58,2,
770157.43,6270776.58,2,
770157.7300000001,6270776.58,3,
770158.03,6270776.58,3,
770158.3300000001,6270776.58,2,
770158.6300000001,6270776.58,3,
770158.93,6270776.58,2,
770159.2300000001,6270776.58,2,
770162.2300000001,6270776.58,5,
770162.53,6270776.58,2,
770162.8300000001,6270776.58,2,
770163.1300000001,6270776.58,4,
770163.43,6270776.58,2,
770163.7300000001,6270776.58,2,
770167.3300000001,6270776.58,4,
770167.6300000001,6270776.58,3,
770167.93,6270776.58,1,
770168.2300000001,6270776.58,2,
770172.1300000001,6270776.58,2,
770172.43,6270776.58,4,
770172.7300000001,6270776.58,3,
770173.03,6270776.58,1,
770173.3300000001,6270776.58,1,
770176.93,6270776.58,3,
770177.2300000001,6270776.58,4,
770177.53,6270776.58,4,
770177.8300000001,6270776.58,2,
770178.1300000001,6270776.58,3,
770182.03,6270776.58,3,
770182.3300000001,6270776.58,3,
770182.6300000001,6270776.58,3,
770182.93,6270776.58,1,
770183.2300000001,6270776.58,1,
770186.2300000001,6270776.58,2,
770186.8300000001,6270776.58,3,
770187.1300000001,6270776.58,2,
770187.43,6270776.58,5,
770191.03,6270776.58,1,
770191.3300000001,6270776.58,4,
770191.6300000001,6270776.58,2,
770191.93,6270776.58,4,
770192.2300000001,6270776.58,2,
770192.53,6270776.58,1,
770195.8300000001,6270776.58,3,
770196.1300000001,6270776.58,3,
770196.4300000002,6270776.58,2,
770196.7300000001,6270776.58,5,
770197.03,6270776.58,1,
770197.3300000001,6270776.58,1,
770200.9300000002,6270776.58,1,
770201.2300000001,6270776.58,3,
770201.53,6270776.58,3,
770201.8300000001,6270776.58,3,
770202.1300000001,6270776.58,2,
770205.1300000001,6270776.58,1,
770205.4300000002,6270776.58,3,
770205.7300000001,6270776.58,4,
770206.03,6270776.58,2,
770206.3300000001,6270776.58,3,
770206.6300000001,6270776.58,3,
770206.9300000002,6270776.58,1,
770210.53,6270776.58,2,
770210.8300000001,6270776.58,3,
770211.1300000001,6270776.58,3,
770211.4300000002,6270776.58,4,
770211.7300000001,6270776.58,1,
770212.03,6270776.58,1,
770139.43,6270776.88,1,
770142.7300000001,6270776.88,2,
770143.03,6270776.88,1,
770143.3300000001,6270776.88,4,
770143.6300000001,6270776.88,1,
770143.93,6270776.88,2,
770147.2300000001,6270776.88,3,
770147.53,6270776.88,2,
770147.8300000001,6270776.88,4,
770148.1300000001,6270776.88,3,
770148.43,6270776.88,1,
770152.3300000001,6270776.88,3,
770152.6300000001,6270776.88,3,
770152.93,6270776.88,4,
770156.8300000001,6270776.88,3,
770157.1300000001,6270776.88,3,
770157.43,6270776.88,3,
770157.7300000001,6270776.88,4,
770158.03,6270776.88,2,
770158.3300000001,6270776.88,4,
770161.6300000001,6270776.88,1,
770161.93,6270776.88,1,
770162.2300000001,6270776.88,1,
770162.53,6270776.88,4,
770162.8300000001,6270776.88,2,
770163.1300000001,6270776.88,2,
770166.7300000001,6270776.88,2,
770167.03,6270776.88,2,
770167.3300000001,6270776.88,4,
770167.6300000001,6270776.88,4,
770167.93,6270776.88,2,
770171.2300000001,6270776.88,2,
770171.53,6270776.88,2,
770171.8300000001,6270776.88,3,
770172.1300000001,6270776.88,6,
770172.43,6270776.88,2,
770172.7300000001,6270776.88,2,
770173.03,6270776.88,1,
770176.03,6270776.88,2,
770176.3300000001,6270776.88,2,
770176.6300000001,6270776.88,1,
770176.93,6270776.88,3,
770177.2300000001,6270776.88,4,
770177.8300000001,6270776.88,1,
770181.43,6270776.88,1,
770181.7300000001,6270776.88,4,
770182.03,6270776.88,3,
770182.3300000001,6270776.88,3,
770182.6300000001,6270776.88,1,
770185.93,6270776.88,3,
770186.2300000001,6270776.88,4,
770186.53,6270776.88,2,
770186.8300000001,6270776.88,4,
770187.1300000001,6270776.88,2,
770187.43,6270776.88,1,
770190.43,6270776.88,1,
770190.7300000001,6270776.88,1,
770191.03,6270776.88,3,
770191.3300000001,6270776.88,2,
770191.6300000001,6270776.88,4,
770191.93,6270776.88,2,
770192.2300000001,6270776.88,1,
770194.93,6270776.88,2,
770195.2300000001,6270776.88,4,
770195.53,6270776.88,2,
770195.8300000001,6270776.88,1,
770196.1300000001,6270776.88,4,
770196.4300000002,6270776.88,3,
770200.3300000001,6270776.88,4,
770200.6300000001,6270776.88,2,
770200.9300000002,6270776.88,3,
770201.2300000001,6270776.88,4,
770201.53,6270776.88,2,
770204.8300000001,6270776.88,2,
770205.1300000001,6270776.88,3,
770205.4300000002,6270776.88,3,
770205.7300000001,6270776.88,1,
770206.03,6270776.88,4,
770206.3300000001,6270776.88,3,
770206.6300000001,6270776.88,3,
770210.2300000001,6270776.88,2,
770210.53,6270776.88,3,
770210.8300000001,6270776.88,2,
770211.1300000001,6270776.88,1,
770211.4300000002,6270776.88,5,
770211.7300000001,6270776.88,1,
770142.43,6270777.18,3,
770142.7300000001,6270777.18,4,
770143.03,6270777.18,3,
770143.6300000001,6270777.18,2,
770146.6300000001,6270777.18,1,
770146.93,6270777.18,3,
770147.53,6270777.18,3,
770152.03,6270777.18,4,
770152.3300000001,6270777.18,4,
770152.6300000001,6270777.18,4,
770156.53,6270777.18,3,
770156.8300000001,6270777.18,3,
770157.1300000001,6270777.18,2,
770157.43,6270777.18,3,
770157.7300000001,6270777.18,4,
770158.03,6270777.18,2,
770158.3300000001,6270777.18,2,
770161.6300000001,6270777.18,2,
770161.93,6270777.18,4,
770162.2300000001,6270777.18,2,
770165.8300000001,6270777.18,2,
770166.1300000001,6270777.18,1,
770166.43,6270777.18,2,
770166.7300000001,6270777.18,3,
770167.03,6270777.18,3,
770167.3300000001,6270777.18,2,
770167.6300000001,6270777.18,1,
770170.93,6270777.18,2,
770171.2300000001,6270777.18,3,
770171.53,6270777.18,2,
770171.8300000001,6270777.18,3,
770172.1300000001,6270777.18,2,
770172.43,6270777.18,1,
770175.7300000001,6270777.18,3,
770176.03,6270777.18,2,
770176.3300000001,6270777.18,3,
770176.6300000001,6270777.18,2,
770176.93,6270777.18,2,
770181.1300000001,6270777.18,2,
770181.43,6270777.18,4,
770181.7300000001,6270777.18,1,
770182.03,6270777.18,3,
770185.3300000001,6270777.18,2,
770185.6300000001,6270777.18,1,
770185.93,6270777.18,4,
770186.2300000001,6270777.18,3,
770186.53,6270777.18,4,
770186.8300000001,6270777.18,3,
770190.1300000001,6270777.18,1,
770190.43,6270777.18,3,
770190.7300000001,6270777.18,2,
770191.03,6270777.18,3,
770191.3300000001,6270777.18,5,
770191.6300000001,6270777.18,1,
770194.6300000001,6270777.18,2,
770194.93,6270777.18,3,
770195.2300000001,6270777.18,2,
770195.53,6270777.18,1,
770195.8300000001,6270777.18,4,
770196.1300000001,6270777.18,3,
770200.03,6270777.18,3,
770200.3300000001,6270777.18,3,
770200.6300000001,6270777.18,1,
770200.9300000002,6270777.18,2,
770204.2300000001,6270777.18,2,
770204.53,6270777.18,2,
770204.8300000001,6270777.18,3,
770205.1300000001,6270777.18,5,
770205.4300000002,6270777.18,3,
770205.7300000001,6270777.18,1,
770206.3300000001,6270777.18,1,
770210.2300000001,6270777.18,2,
770210.53,6270777.18,3,
770210.8300000001,6270777.18,2,
770211.1300000001,6270777.18,1,
770141.53,6270777.48,1,
770141.8300000001,6270777.48,3,
770142.1300000001,6270777.48,5,
770142.43,6270777.48,2,
770142.7300000001,6270777.48,2,
770146.03,6270777.48,1,
770146.3300000001,6270777.48,2,
770146.6300000001,6270777.48,1,
770146.93,6270777.48,3,
770147.2300000001,6270777.48,4,
770151.43,6270777.48,3,
770151.7300000001,6270777.48,4,
770152.03,6270777.48,4,
770152.3300000001,6270777.48,1,
770152.6300000001,6270777.48,1,
770155.03,6270777.48,1,
770155.93,6270777.48,3,
770156.2300000001,6270777.48,3,
770156.53,6270777.48,2,
770156.8300000001,6270777.48,3,
770157.1300000001,6270777.48,2,
770157.7300000001,6270777.48,1,
770161.03,6270777.48,1,
770161.3300000001,6270777.48,2,
770161.6300000001,6270777.48,2,
770161.93,6270777.48,2,
770165.8300000001,6270777.48,2,
770166.1300000001,6270777.48,3,
770166.43,6270777.48,2,
770166.7300000001,6270777.48,5,
770167.03,6270777.48,1,
770170.3300000001,6270777.48,3,
770170.6300000001,6270777.48,2,
770170.93,6270777.48,4,
770171.2300000001,6270777.48,3,
770171.53,6270777.48,2,
770171.8300000001,6270777.48,1,
770175.43,6270777.48,3,
770175.7300000001,6270777.48,1,
770176.03,6270777.48,4,
770176.3300000001,6270777.48,2,
770181.43,6270777.48,1,
770184.7300000001,6270777.48,2,
770185.03,6270777.48,2,
770185.3300000001,6270777.48,3,
770185.6300000001,6270777.48,1,
770185.93,6270777.48,4,
770186.2300000001,6270777.48,3,
770189.53,6270777.48,1,
770189.8300000001,6270777.48,3,
770190.1300000001,6270777.48,3,
770190.43,6270777.48,3,
770190.7300000001,6270777.48,3,
770191.03,6270777.48,3,
770193.7300000001,6270777.48,1,
770194.03,6270777.48,1,
770194.3300000001,6270777.48,1,
770194.6300000001,6270777.48,2,
770194.93,6270777.48,4,
770195.2300000001,6270777.48,3,
770195.53,6270777.48,3,
770199.1300000001,6270777.48,2,
770199.4300000002,6270777.48,3,
770199.7300000001,6270777.48,3,
770200.6300000001,6270777.48,3,
770203.9300000002,6270777.48,4,
770204.2300000001,6270777.48,2,
770204.53,6270777.48,3,
770204.8300000001,6270777.48,5,
770205.1300000001,6270777.48,2,
770205.4300000002,6270777.48,2,
770141.2300000001,6270777.779999999,1,
770141.53,6270777.779999999,2,
770141.8300000001,6270777.779999999,3,
770142.1300000001,6270777.779999999,3,
770142.43,6270777.779999999,1,
770142.7300000001,6270777.779999999,2,
770145.43,6270777.779999999,2,
770145.7300000001,6270777.779999999,3,
770146.03,6270777.779999999,2,
770146.3300000001,6270777.779999999,1,
770146.6300000001,6270777.779999999,4,
770146.93,6270777.779999999,2,
770150.53,6270777.779999999,1,
770150.8300000001,6270777.779999999,2,
770151.1300000001,6270777.779999999,4,
770151.43,6270777.779999999,3,
770151.7300000001,6270777.779999999,2,
770155.03,6270777.779999999,2,
770155.6300000001,6270777.779999999,2,
770155.93,6270777.779999999,2,
770156.2300000001,6270777.779999999,4,
770156.53,6270777.779999999,3,
770156.8300000001,6270777.779999999,2,
770157.1300000001,6270777.779999999,1,
770158.03,6270777.779999999,1,
770160.43,6270777.779999999,3,
770160.7300000001,6270777.779999999,4,
770161.03,6270777.779999999,3,
770161.3300000001,6270777.779999999,4,
770165.2300000001,6270777.779999999,1,
770165.53,6270777.779999999,3,
770165.8300000001,6270777.779999999,3,
770166.1300000001,6270777.779999999,2,
770166.43,6270777.779999999,1,
770169.7300000001,6270777.779999999,1,
770170.03,6270777.779999999,2,
770170.3300000001,6270777.779999999,2,
770170.6300000001,6270777.779999999,4,
770170.93,6270777.779999999,2,
770171.2300000001,6270777.779999999,1,
770171.53,6270777.779999999,1,
770174.53,6270777.779999999,4,
770174.8300000001,6270777.779999999,2,
770175.1300000001,6270777.779999999,4,
770175.43,6270777.779999999,1,
770175.7300000001,6270777.779999999,1,
770176.03,6270777.779999999,1,
770184.43,6270777.779999999,2,
770184.7300000001,6270777.779999999,2,
770185.03,6270777.779999999,3,
770185.3300000001,6270777.779999999,2,
770185.6300000001,6270777.779999999,2,
770189.2300000001,6270777.779999999,1,
770189.53,6270777.779999999,3,
770189.8300000001,6270777.779999999,1,
770190.1300000001,6270777.779999999,2,
770190.43,6270777.779999999,1,
770193.43,6270777.779999999,3,
770193.7300000001,6270777.779999999,1,
770194.03,6270777.779999999,4,
770194.3300000001,6270777.779999999,3,
770194.6300000001,6270777.779999999,4,
770194.93,6270777.779999999,4,
770198.8300000001,6270777.779999999,4,
770199.1300000001,6270777.779999999,3,
770199.4300000002,6270777.779999999,3,
770199.7300000001,6270777.779999999,2,
770203.3300000001,6270777.779999999,1,
770203.6300000001,6270777.779999999,2,
770203.9300000002,6270777.779999999,3,
770204.2300000001,6270777.779999999,4,
770204.53,6270777.779999999,3,
770140.93,6270778.08,1,
770141.2300000001,6270778.08,4,
770141.53,6270778.08,4,
770141.8300000001,6270778.08,2,
770142.1300000001,6270778.08,2,
770145.1300000001,6270778.08,2,
770145.43,6270778.08,4,
770145.7300000001,6270778.08,3,
770146.03,6270778.08,4,
770146.3300000001,6270778.08,2,
770150.2300000001,6270778.08,2,
770150.53,6270778.08,3,
770150.8300000001,6270778.08,3,
770151.1300000001,6270778.08,4,
770151.43,6270778.08,2,
770154.7300000001,6270778.08,1,
770155.03,6270778.08,3,
770155.3300000001,6270778.08,3,
770155.6300000001,6270778.08,3,
770155.93,6270778.08,2,
770156.2300000001,6270778.08,3,
770156.53,6270778.08,1,
770159.8300000001,6270778.08,2,
770160.1300000001,6270778.08,4,
770160.43,6270778.08,3,
770160.7300000001,6270778.08,3,
770161.03,6270778.08,1,
770164.6300000001,6270778.08,2,
770164.93,6270778.08,1,
770165.2300000001,6270778.08,6,
770165.53,6270778.08,3,
770165.8300000001,6270778.08,1,
770166.1300000001,6270778.08,1,
770169.7300000001,6270778.08,2,
770170.03,6270778.08,3,
770170.3300000001,6270778.08,4,
770170.6300000001,6270778.08,2,
770173.6300000001,6270778.08,1,
770174.2300000001,6270778.08,3,
770174.53,6270778.08,3,
770174.8300000001,6270778.08,5,
770175.1300000001,6270778.08,3,
770175.43,6270778.08,3,
770183.8300000001,6270778.08,2,
770184.43,6270778.08,4,
770184.7300000001,6270778.08,2,
770185.03,6270778.08,4,
770185.3300000001,6270778.08,1,
770188.3300000001,6270778.08,1,
770188.6300000001,6270778.08,3,
770188.93,6270778.08,3,
770189.2300000001,6270778.08,3,
770189.53,6270778.08,2,
770189.8300000001,6270778.08,3,
770190.1300000001,6270778.08,3,
770192.8300000001,6270778.08,1,
770193.1300000001,6270778.08,2,
770193.43,6270778.08,1,
770193.7300000001,6270778.08,4,
770194.03,6270778.08,3,
770194.3300000001,6270778.08,1,
770198.2300000001,6270778.08,3,
770198.53,6270778.08,2,
770198.8300000001,6270778.08,5,
770199.1300000001,6270778.08,2,
770199.4300000002,6270778.08,3,
770199.7300000001,6270778.08,3,
770203.03,6270778.08,3,
770203.3300000001,6270778.08,3,
770203.6300000001,6270778.08,3,
770203.9300000002,6270778.08,5,
770204.2300000001,6270778.08,1,
770204.53,6270778.08,1,
770208.1300000001,6270778.08,1,
770208.4300000002,6270778.08,2,
770140.6300000001,6270778.38,3,
770140.93,6270778.38,2,
770141.2300000001,6270778.38,2,
770141.53,6270778.38,2,
770141.8300000001,6270778.38,4,
770142.1300000001,6270778.38,3,
770144.2300000001,6270778.38,1,
770144.53,6270778.38,3,
770144.8300000001,6270778.38,4,
770145.1300000001,6270778.38,3,
770145.43,6270778.38,4,
770145.7300000001,6270778.38,2,
770146.03,6270778.38,2,
770149.93,6270778.38,3,
770150.2300000001,6270778.38,3,
770150.53,6270778.38,3,
770150.8300000001,6270778.38,2,
770154.43,6270778.38,1,
770154.7300000001,6270778.38,3,
770155.03,6270778.38,4,
770155.3300000001,6270778.38,2,
770155.6300000001,6270778.38,2,
770155.93,6270778.38,2,
770156.2300000001,6270778.38,2,
770156.53,6270778.38,1,
770159.2300000001,6270778.38,1,
770159.53,6270778.38,3,
770159.8300000001,6270778.38,3,
770160.1300000001,6270778.38,5,
770160.43,6270778.38,2,
770164.3300000001,6270778.38,3,
770164.6300000001,6270778.38,1,
770164.93,6270778.38,5,
770165.2300000001,6270778.38,3,
770165.53,6270778.38,1,
770165.8300000001,6270778.38,2,
770170.3300000001,6270778.38,1,
770173.3300000001,6270778.38,2,
770173.6300000001,6270778.38,1,
770173.93,6270778.38,4,
770174.2300000001,6270778.38,5,
770174.53,6270778.38,1,
770174.8300000001,6270778.38,4,
770175.1300000001,6270778.38,2,
770182.93,6270778.38,1,
770183.53,6270778.38,1,
770183.8300000001,6270778.38,4,
770184.1300000001,6270778.38,4,
770184.43,6270778.38,4,
770184.7300000001,6270778.38,3,
770188.03,6270778.38,1,
770188.3300000001,6270778.38,3,
770188.6300000001,6270778.38,3,
770188.93,6270778.38,3,
770192.53,6270778.38,4,
770192.8300000001,6270778.38,1,
770193.1300000001,6270778.38,3,
770193.43,6270778.38,4,
770193.7300000001,6270778.38,2,
770194.03,6270778.38,4,
770197.6300000001,6270778.38,2,
770197.9300000002,6270778.38,2,
770198.2300000001,6270778.38,3,
770198.53,6270778.38,4,
770198.8300000001,6270778.38,2,
770199.1300000001,6270778.38,5,
770202.4300000002,6270778.38,1,
770202.7300000001,6270778.38,2,
770203.03,6270778.38,4,
770203.3300000001,6270778.38,4,
770203.6300000001,6270778.38,3,
770204.2300000001,6270778.38,2,
770207.2300000001,6270778.38,1,
770207.53,6270778.38,3,
770207.8300000001,6270778.38,4,
770208.1300000001,6270778.38,3,
770208.4300000002,6270778.38,3,
770140.6300000001,6270778.68,2,
770140.93,6270778.68,2,
770141.2300000001,6270778.68,2,
770142.1300000001,6270778.68,1,
770143.93,6270778.68,1,
770144.2300000001,6270778.68,2,
770144.53,6270778.68,2,
770144.8300000001,6270778.68,3,
770145.1300000001,6270778.68,3,
770149.6300000001,6270778.68,3,
770149.93,6270778.68,3,
770150.2300000001,6270778.68,2,
770150.53,6270778.68,1,
770150.8300000001,6270778.68,1,
770153.8300000001,6270778.68,2,
770154.1300000001,6270778.68,2,
770154.43,6270778.68,2,
770154.7300000001,6270778.68,5,
770155.03,6270778.68,1,
770155.3300000001,6270778.68,2,
770155.6300000001,6270778.68,2,
770155.93,6270778.68,1,
770158.93,6270778.68,2,
770159.2300000001,6270778.68,1,
770159.53,6270778.68,4,
770159.8300000001,6270778.68,4,
770160.1300000001,6270778.68,2,
770160.43,6270778.68,1,
770163.7300000001,6270778.68,3,
770164.03,6270778.68,3,
770164.3300000001,6270778.68,2,
770164.6300000001,6270778.68,4,
770164.93,6270778.68,3,
770173.03,6270778.68,2,
770173.3300000001,6270778.68,4,
770173.6300000001,6270778.68,2,
770173.93,6270778.68,3,
770174.2300000001,6270778.68,4,
770174.53,6270778.68,2,
770182.93,6270778.68,1,
770183.2300000001,6270778.68,1,
770183.53,6270778.68,4,
770183.8300000001,6270778.68,3,
770184.1300000001,6270778.68,4,
770184.43,6270778.68,1,
770184.7300000001,6270778.68,2,
770187.43,6270778.68,2,
770187.7300000001,6270778.68,1,
770188.03,6270778.68,4,
770188.3300000001,6270778.68,3,
770188.6300000001,6270778.68,2,
770188.93,6270778.68,1,
770192.2300000001,6270778.68,2,
770192.53,6270778.68,3,
770192.8300000001,6270778.68,5,
770193.1300000001,6270778.68,1,
770193.43,6270778.68,3,
770193.7300000001,6270778.68,2,
770197.3300000001,6270778.68,4,
770197.6300000001,6270778.68,1,
770197.9300000002,6270778.68,3,
770198.2300000001,6270778.68,3,
770198.8300000001,6270778.68,1,
770202.1300000001,6270778.68,4,
770202.4300000002,6270778.68,6,
770202.7300000001,6270778.68,3,
770203.03,6270778.68,2,
770203.3300000001,6270778.68,1,
770206.6300000001,6270778.68,1,
770206.9300000002,6270778.68,3,
770207.2300000001,6270778.68,3,
770207.53,6270778.68,2,
770207.8300000001,6270778.68,3,
770208.1300000001,6270778.68,4,
770208.4300000002,6270778.68,2,
770140.93,6270778.98,1,
770141.2300000001,6270778.98,1,
770143.6300000001,6270778.98,4,
770143.93,6270778.98,4,
770144.2300000001,6270778.98,2,
770144.53,6270778.98,5,
770144.8300000001,6270778.98,2,
770145.1300000001,6270778.98,1,
770145.43,6270778.98,1,
770148.7300000001,6270778.98,2,
770149.03,6270778.98,2,
770149.3300000001,6270778.98,3,
770149.6300000001,6270778.98,2,
770149.93,6270778.98,5,
770150.53,6270778.98,1,
770153.53,6270778.98,2,
770153.8300000001,6270778.98,3,
770154.1300000001,6270778.98,4,
770154.43,6270778.98,2,
770154.7300000001,6270778.98,2,
770158.3300000001,6270778.98,1,
770158.6300000001,6270778.98,3,
770158.93,6270778.98,3,
770159.2300000001,6270778.98,2,
770159.53,6270778.98,2,
770159.8300000001,6270778.98,2,
770163.1300000001,6270778.98,2,
770163.43,6270778.98,2,
770163.7300000001,6270778.98,3,
770164.03,6270778.98,2,
770164.3300000001,6270778.98,2,
770172.43,6270778.98,1,
770172.7300000001,6270778.98,3,
770173.03,6270778.98,4,
770173.3300000001,6270778.98,1,
770173.6300000001,6270778.98,3,
770173.93,6270778.98,2,
770174.2300000001,6270778.98,2,
770182.3300000001,6270778.98,3,
770182.6300000001,6270778.98,1,
770182.93,6270778.98,4,
770183.2300000001,6270778.98,5,
770183.53,6270778.98,2,
770183.8300000001,6270778.98,2,
770184.1300000001,6270778.98,1,
770187.1300000001,6270778.98,2,
770187.43,6270778.98,2,
770187.7300000001,6270778.98,4,
770188.03,6270778.98,1,
770188.3300000001,6270778.98,2,
770188.6300000001,6270778.98,2,
770191.6300000001,6270778.98,1,
770191.93,6270778.98,3,
770192.2300000001,6270778.98,2,
770192.53,6270778.98,3,
770192.8300000001,6270778.98,3,
770193.1300000001,6270778.98,2,
770196.7300000001,6270778.98,1,
770197.03,6270778.98,4,
770197.3300000001,6270778.98,2,
770197.6300000001,6270778.98,5,
770198.2300000001,6270778.98,1,
770201.8300000001,6270778.98,3,
770202.1300000001,6270778.98,3,
770202.4300000002,6270778.98,2,
770202.7300000001,6270778.98,3,
770206.3300000001,6270778.98,2,
770206.6300000001,6270778.98,3,
770206.9300000002,6270778.98,2,
770207.2300000001,6270778.98,4,
770207.53,6270778.98,2,
770207.8300000001,6270778.98,3,
770142.7300000001,6270779.279999999,1,
770143.03,6270779.279999999,2,
770143.3300000001,6270779.279999999,2,
770143.6300000001,6270779.279999999,4,
770143.93,6270779.279999999,3,
770144.2300000001,6270779.279999999,2,
770144.53,6270779.279999999,1,
770148.43,6270779.279999999,1,
770148.7300000001,6270779.279999999,3,
770149.03,6270779.279999999,4,
770149.3300000001,6270779.279999999,3,
770149.6300000001,6270779.279999999,2,
770152.93,6270779.279999999,1,
770153.2300000001,6270779.279999999,1,
770153.53,6270779.279999999,2,
770153.8300000001,6270779.279999999,4,
770154.43,6270779.279999999,1,
770157.7300000001,6270779.279999999,2,
770158.03,6270779.279999999,3,
770158.3300000001,6270779.279999999,5,
770162.53,6270779.279999999,1,
770162.8300000001,6270779.279999999,2,
770163.1300000001,6270779.279999999,2,
770163.43,6270779.279999999,3,
770163.7300000001,6270779.279999999,3,
770164.03,6270779.279999999,3,
770164.3300000001,6270779.279999999,1,
770167.6300000001,6270779.279999999,2,
770172.1300000001,6270779.279999999,2,
770172.43,6270779.279999999,3,
770172.7300000001,6270779.279999999,2,
770173.03,6270779.279999999,4,
770173.3300000001,6270779.279999999,3,
770173.6300000001,6270779.279999999,1,
770181.7300000001,6270779.279999999,1,
770182.03,6270779.279999999,2,
770182.3300000001,6270779.279999999,3,
770182.6300000001,6270779.279999999,3,
770182.93,6270779.279999999,4,
770183.2300000001,6270779.279999999,3,
770186.53,6270779.279999999,3,
770186.8300000001,6270779.279999999,3,
770187.1300000001,6270779.279999999,4,
770187.43,6270779.279999999,4,
770187.7300000001,6270779.279999999,1,
770188.03,6270779.279999999,3,
770188.3300000001,6270779.279999999,1,
770191.03,6270779.279999999,1,
770191.6300000001,6270779.279999999,2,
770191.93,6270779.279999999,4,
770192.2300000001,6270779.279999999,2,
770192.53,6270779.279999999,4,
770196.4300000002,6270779.279999999,5,
770196.7300000001,6270779.279999999,4,
770197.03,6270779.279999999,2,
770197.3300000001,6270779.279999999,1,
770197.6300000001,6270779.279999999,2,
770200.9300000002,6270779.279999999,2,
770201.2300000001,6270779.279999999,2,
770201.53,6270779.279999999,4,
770201.8300000001,6270779.279999999,4,
770202.1300000001,6270779.279999999,4,
770202.4300000002,6270779.279999999,2,
770205.7300000001,6270779.279999999,3,
770206.03,6270779.279999999,2,
770206.3300000001,6270779.279999999,1,
770206.6300000001,6270779.279999999,4,
770206.9300000002,6270779.279999999,4,
770207.2300000001,6270779.279999999,2,
770207.53,6270779.279999999,2,
770142.43,6270779.58,4,
770142.7300000001,6270779.58,2,
770143.03,6270779.58,2,
770143.3300000001,6270779.58,4,
770143.6300000001,6270779.58,3,
770143.93,6270779.58,4,
770144.2300000001,6270779.58,2,
770147.2300000001,6270779.58,1,
770147.8300000001,6270779.58,1,
770148.1300000001,6270779.58,2,
770148.43,6270779.58,4,
770148.7300000001,6270779.58,4,
770149.03,6270779.58,1,
770149.3300000001,6270779.58,1,
770152.3300000001,6270779.58,1,
770152.6300000001,6270779.58,1,
770152.93,6270779.58,2,
770153.2300000001,6270779.58,4,
770153.53,6270779.58,5,
770154.1300000001,6270779.58,1,
770157.43,6270779.58,2,
770157.7300000001,6270779.58,3,
770158.03,6270779.58,3,
770158.3300000001,6270779.58,2,
770162.2300000001,6270779.58,2,
770162.53,6270779.58,1,
770162.8300000001,6270779.58,4,
770163.1300000001,6270779.58,2,
770163.43,6270779.58,3,
770163.7300000001,6270779.58,2,
770166.7300000001,6270779.58,1,
770167.03,6270779.58,2,
770167.3300000001,6270779.58,3,
770167.6300000001,6270779.58,3,
770167.93,6270779.58,2,
770171.53,6270779.58,1,
770171.8300000001,6270779.58,2,
770172.1300000001,6270779.58,2,
770172.43,6270779.58,1,
770172.7300000001,6270779.58,4,
770173.03,6270779.58,3,
770173.3300000001,6270779.58,3,
770173.6300000001,6270779.58,1,
770181.1300000001,6270779.58,1,
770181.43,6270779.58,3,
770181.7300000001,6270779.58,4,
770182.03,6270779.58,2,
770182.3300000001,6270779.58,2,
770182.6300000001,6270779.58,4,
770182.93,6270779.58,1,
770186.2300000001,6270779.58,2,
770186.53,6270779.58,2,
770186.8300000001,6270779.58,5,
770187.1300000001,6270779.58,2,
770187.43,6270779.58,3,
770190.43,6270779.58,3,
770190.7300000001,6270779.58,1,
770191.03,6270779.58,1,
770191.3300000001,6270779.58,4,
770191.6300000001,6270779.58,3,
770191.93,6270779.58,5,
770192.2300000001,6270779.58,1,
770195.53,6270779.58,1,
770195.8300000001,6270779.58,3,
770196.1300000001,6270779.58,2,
770196.4300000002,6270779.58,3,
770196.7300000001,6270779.58,3,
770197.03,6270779.58,4,
770200.3300000001,6270779.58,1,
770200.6300000001,6270779.58,3,
770200.9300000002,6270779.58,2,
770201.2300000001,6270779.58,4,
770201.53,6270779.58,2,
770201.8300000001,6270779.58,2,
770202.1300000001,6270779.58,1,
770205.7300000001,6270779.58,3,
770206.03,6270779.58,1,
770206.3300000001,6270779.58,4,
770206.6300000001,6270779.58,3,
770206.9300000002,6270779.58,2,
770207.2300000001,6270779.58,1,
770142.43,6270779.88,5,
770142.7300000001,6270779.88,2,
770143.03,6270779.88,3,
770143.3300000001,6270779.88,3,
770143.6300000001,6270779.88,2,
770143.93,6270779.88,2,
770144.2300000001,6270779.88,1,
770147.2300000001,6270779.88,4,
770147.53,6270779.88,3,
770147.8300000001,6270779.88,4,
770148.1300000001,6270779.88,3,
770148.43,6270779.88,2,
770148.7300000001,6270779.88,1,
770152.03,6270779.88,1,
770152.3300000001,6270779.88,3,
770152.6300000001,6270779.88,1,
770152.93,6270779.88,3,
770153.2300000001,6270779.88,3,
770153.53,6270779.88,1,
770156.8300000001,6270779.88,1,
770157.1300000001,6270779.88,4,
770157.43,6270779.88,4,
770157.7300000001,6270779.88,3,
770158.03,6270779.88,1,
770158.3300000001,6270779.88,1,
770161.93,6270779.88,3,
770162.2300000001,6270779.88,4,
770162.53,6270779.88,3,
770162.8300000001,6270779.88,2,
770163.1300000001,6270779.88,3,
770163.43,6270779.88,1,
770166.43,6270779.88,1,
770166.7300000001,6270779.88,2,
770167.03,6270779.88,3,
770167.3300000001,6270779.88,5,
770167.6300000001,6270779.88,1,
770167.93,6270779.88,1,
770171.2300000001,6270779.88,1,
770171.53,6270779.88,4,
770171.8300000001,6270779.88,3,
770172.1300000001,6270779.88,3,
770172.43,6270779.88,4,
770181.1300000001,6270779.88,3,
770181.43,6270779.88,2,
770181.7300000001,6270779.88,5,
770182.03,6270779.88,3,
770182.3300000001,6270779.88,2,
770182.6300000001,6270779.88,1,
770185.6300000001,6270779.88,1,
770185.93,6270779.88,2,
770186.2300000001,6270779.88,3,
770186.53,6270779.88,3,
770186.8300000001,6270779.88,3,
770187.1300000001,6270779.88,3,
770190.1300000001,6270779.88,1,
770190.43,6270779.88,2,
770190.7300000001,6270779.88,3,
770191.03,6270779.88,4,
770191.3300000001,6270779.88,3,
770191.6300000001,6270779.88,2,
770191.93,6270779.88,1,
770195.2300000001,6270779.88,3,
770195.53,6270779.88,2,
770195.8300000001,6270779.88,2,
770196.1300000001,6270779.88,3,
770196.4300000002,6270779.88,1,
770196.7300000001,6270779.88,1,
770200.03,6270779.88,4,
770200.3300000001,6270779.88,4,
770200.6300000001,6270779.88,2,
770200.9300000002,6270779.88,5,
770201.2300000001,6270779.88,2,
770205.1300000001,6270779.88,3,
770205.4300000002,6270779.88,3,
770205.7300000001,6270779.88,3,
770206.03,6270779.88,5,
770206.3300000001,6270779.88,1,
770206.6300000001,6270779.88,1,
770142.1300000001,6270780.18,4,
770142.43,6270780.18,3,
770142.7300000001,6270780.18,4,
770143.03,6270780.18,2,
770143.3300000001,6270780.18,2,
770146.6300000001,6270780.18,2,
770146.93,6270780.18,3,
770147.2300000001,6270780.18,4,
770147.53,6270780.18,4,
770147.8300000001,6270780.18,3,
770148.1300000001,6270780.18,2,
770151.43,6270780.18,1,
770151.7300000001,6270780.18,4,
770152.03,6270780.18,3,
770152.3300000001,6270780.18,2,
770152.6300000001,6270780.18,3,
770152.93,6270780.18,1,
770156.53,6270780.18,2,
770156.8300000001,6270780.18,4,
770157.1300000001,6270780.18,3,
770157.43,6270780.18,2,
770157.7300000001,6270780.18,1,
770158.03,6270780.18,1,
770161.3300000001,6270780.18,1,
770161.6300000001,6270780.18,3,
770161.93,6270780.18,2,
770162.2300000001,6270780.18,2,
770162.53,6270780.18,2,
770165.8300000001,6270780.18,1,
770166.1300000001,6270780.18,3,
770166.43,6270780.18,2,
770166.7300000001,6270780.18,4,
770167.03,6270780.18,3,
770167.3300000001,6270780.18,1,
770167.6300000001,6270780.18,1,
770170.93,6270780.18,4,
770171.2300000001,6270780.18,5,
770171.53,6270780.18,1,
770171.8300000001,6270780.18,4,
770172.1300000001,6270780.18,1,
770172.43,6270780.18,2,
770175.43,6270780.18,1,
770180.2300000001,6270780.18,1,
770180.53,6270780.18,1,
770180.8300000001,6270780.18,1,
770181.1300000001,6270780.18,3,
770181.43,6270780.18,3,
770181.7300000001,6270780.18,2,
770182.03,6270780.18,2,
770185.03,6270780.18,1,
770185.3300000001,6270780.18,1,
770185.6300000001,6270780.18,2,
770185.93,6270780.18,2,
770186.2300000001,6270780.18,1,
770186.53,6270780.18,2,
770190.1300000001,6270780.18,2,
770190.43,6270780.18,3,
770190.7300000001,6270780.18,3,
770191.3300000001,6270780.18,1,
770194.3300000001,6270780.18,1,
770194.6300000001,6270780.18,1,
770194.93,6270780.18,3,
770195.2300000001,6270780.18,3,
770195.53,6270780.18,3,
770195.8300000001,6270780.18,4,
770196.1300000001,6270780.18,4,
770196.4300000002,6270780.18,1,
770199.4300000002,6270780.18,1,
770199.7300000001,6270780.18,1,
770200.03,6270780.18,3,
770200.3300000001,6270780.18,4,
770200.6300000001,6270780.18,4,
770200.9300000002,6270780.18,2,
770204.8300000001,6270780.18,1,
770205.1300000001,6270780.18,3,
770205.4300000002,6270780.18,3,
770205.7300000001,6270780.18,3,
770206.03,6270780.18,1,
770141.8300000001,6270780.48,1,
770142.1300000001,6270780.48,1,
770142.43,6270780.48,3,
770142.7300000001,6270780.48,2,
770146.3300000001,6270780.48,1,
770146.6300000001,6270780.48,2,
770146.93,6270780.48,2,
770147.2300000001,6270780.48,5,
770147.53,6270780.48,1,
770147.8300000001,6270780.48,2,
770151.1300000001,6270780.48,2,
770151.43,6270780.48,4,
770151.7300000001,6270780.48,3,
770152.03,6270780.48,3,
770152.3300000001,6270780.48,3,
770155.6300000001,6270780.48,1,
770155.93,6270780.48,2,
770156.2300000001,6270780.48,3,
770156.53,6270780.48,2,
770156.8300000001,6270780.48,6,
770157.1300000001,6270780.48,2,
770161.3300000001,6270780.48,1,
770161.6300000001,6270780.48,4,
770161.93,6270780.48,4,
770162.2300000001,6270780.48,2,
770165.53,6270780.48,2,
770165.8300000001,6270780.48,5,
770166.1300000001,6270780.48,2,
770166.43,6270780.48,4,
770167.03,6270780.48,4,
770170.3300000001,6270780.48,2,
770170.6300000001,6270780.48,4,
770170.93,6270780.48,3,
770171.2300000001,6270780.48,3,
770171.53,6270780.48,4,
770171.8300000001,6270780.48,1,
770175.7300000001,6270780.48,2,
770179.93,6270780.48,2,
770180.2300000001,6270780.48,3,
770180.53,6270780.48,3,
770180.8300000001,6270780.48,2,
770181.1300000001,6270780.48,2,
770181.43,6270780.48,3,
770181.7300000001,6270780.48,1,
770184.43,6270780.48,1,
770184.7300000001,6270780.48,1,
770185.03,6270780.48,2,
770185.3300000001,6270780.48,4,
770185.6300000001,6270780.48,3,
770185.93,6270780.48,4,
770189.53,6270780.48,2,
770189.8300000001,6270780.48,3,
770190.1300000001,6270780.48,4,
770190.43,6270780.48,3,
770190.7300000001,6270780.48,2,
770194.03,6270780.48,2,
770194.3300000001,6270780.48,3,
770194.6300000001,6270780.48,2,
770194.93,6270780.48,3,
770195.2300000001,6270780.48,3,
770195.53,6270780.48,1,
770195.8300000001,6270780.48,2,
770199.1300000001,6270780.48,2,
770199.4300000002,6270780.48,3,
770199.7300000001,6270780.48,4,
770200.03,6270780.48,2,
770200.3300000001,6270780.48,1,
770203.9300000002,6270780.48,1,
770204.2300000001,6270780.48,2,
770204.53,6270780.48,2,
770204.8300000001,6270780.48,4,
770205.1300000001,6270780.48,3,
770205.4300000002,6270780.48,1,
770145.7300000001,6270780.779999999,1,
770146.03,6270780.779999999,3,
770146.3300000001,6270780.779999999,4,
770146.6300000001,6270780.779999999,4,
770146.93,6270780.779999999,4,
770150.53,6270780.779999999,1,
770150.8300000001,6270780.779999999,1,
770151.1300000001,6270780.779999999,4,
770151.43,6270780.779999999,2,
770151.7300000001,6270780.779999999,4,
770155.93,6270780.779999999,3,
770156.2300000001,6270780.779999999,3,
770157.1300000001,6270780.779999999,1,
770159.8300000001,6270780.779999999,1,
770160.1300000001,6270780.779999999,3,
770161.6300000001,6270780.779999999,1,
770161.93,6270780.779999999,1,
770164.6300000001,6270780.779999999,1,
770164.93,6270780.779999999,1,
770165.2300000001,6270780.779999999,2,
770165.53,6270780.779999999,2,
770165.8300000001,6270780.779999999,4,
770166.1300000001,6270780.779999999,3,
770169.7300000001,6270780.779999999,1,
770170.03,6270780.779999999,4,
770170.3300000001,6270780.779999999,1,
770170.6300000001,6270780.779999999,3,
770170.93,6270780.779999999,4,
770174.8300000001,6270780.779999999,3,
770175.1300000001,6270780.779999999,3,
770175.43,6270780.779999999,4,
770175.7300000001,6270780.779999999,1,
770179.03,6270780.779999999,1,
770179.6300000001,6270780.779999999,2,
770179.93,6270780.779999999,2,
770180.2300000001,6270780.779999999,2,
770180.53,6270780.779999999,1,
770184.1300000001,6270780.779999999,1,
770184.43,6270780.779999999,4,
770184.7300000001,6270780.779999999,3,
770185.03,6270780.779999999,2,
770185.3300000001,6270780.779999999,3,
770185.6300000001,6270780.779999999,2,
770188.93,6270780.779999999,3,
770189.2300000001,6270780.779999999,1,
770189.53,6270780.779999999,4,
770189.8300000001,6270780.779999999,2,
770190.1300000001,6270780.779999999,1,
770190.43,6270780.779999999,2,
770193.7300000001,6270780.779999999,1,
770194.03,6270780.779999999,2,
770194.3300000001,6270780.779999999,3,
770194.6300000001,6270780.779999999,3,
770194.93,6270780.779999999,2,
770195.2300000001,6270780.779999999,1,
770198.53,6270780.779999999,1,
770198.8300000001,6270780.779999999,2,
770199.1300000001,6270780.779999999,2,
770199.4300000002,6270780.779999999,5,
770199.7300000001,6270780.779999999,2,
770200.03,6270780.779999999,1,
770203.3300000001,6270780.779999999,1,
770203.6300000001,6270780.779999999,3,
770203.9300000002,6270780.779999999,3,
770204.2300000001,6270780.779999999,2,
770204.53,6270780.779999999,2,
770204.8300000001,6270780.779999999,3,
770144.8300000001,6270781.08,1,
770145.1300000001,6270781.08,3,
770145.43,6270781.08,2,
770145.7300000001,6270781.08,2,
770146.03,6270781.08,2,
770146.3300000001,6270781.08,1,
770146.6300000001,6270781.08,4,
770149.93,6270781.08,1,
770150.2300000001,6270781.08,1,
770150.53,6270781.08,5,
770150.8300000001,6270781.08,2,
770151.1300000001,6270781.08,2,
770151.43,6270781.08,1,
770154.7300000001,6270781.08,1,
770155.03,6270781.08,2,
770155.3300000001,6270781.08,3,
770155.6300000001,6270781.08,5,
770155.93,6270781.08,3,
770156.2300000001,6270781.08,1,
770159.53,6270781.08,2,
770159.8300000001,6270781.08,2,
770160.1300000001,6270781.08,3,
770160.43,6270781.08,2,
770160.7300000001,6270781.08,1,
770164.3300000001,6270781.08,1,
770164.6300000001,6270781.08,2,
770164.93,6270781.08,3,
770165.2300000001,6270781.08,3,
770165.53,6270781.08,3,
770165.8300000001,6270781.08,3,
770166.1300000001,6270781.08,1,
770169.43,6270781.08,3,
770169.7300000001,6270781.08,5,
770170.03,6270781.08,4,
770170.3300000001,6270781.08,1,
770170.6300000001,6270781.08,2,
770174.53,6270781.08,4,
770174.8300000001,6270781.08,3,
770175.1300000001,6270781.08,2,
770175.43,6270781.08,3,
770178.43,6270781.08,2,
770178.7300000001,6270781.08,1,
770179.03,6270781.08,2,
770179.3300000001,6270781.08,2,
770179.6300000001,6270781.08,5,
770179.93,6270781.08,3,
770180.2300000001,6270781.08,1,
770183.53,6270781.08,1,
770183.8300000001,6270781.08,2,
770184.1300000001,6270781.08,2,
770184.43,6270781.08,3,
770184.7300000001,6270781.08,2,
770185.03,6270781.08,1,
770188.6300000001,6270781.08,3,
770188.93,6270781.08,2,
770189.2300000001,6270781.08,4,
770189.53,6270781.08,5,
770189.8300000001,6270781.08,1,
770193.43,6270781.08,4,
770193.7300000001,6270781.08,3,
770194.03,6270781.08,3,
770194.3300000001,6270781.08,4,
770194.6300000001,6270781.08,4,
770194.93,6270781.08,1,
770197.9300000002,6270781.08,1,
770198.2300000001,6270781.08,3,
770198.53,6270781.08,4,
770198.8300000001,6270781.08,4,
770199.1300000001,6270781.08,4,
770203.03,6270781.08,2,
770203.3300000001,6270781.08,2,
770203.6300000001,6270781.08,3,
770203.9300000002,6270781.08,2,
770204.2300000001,6270781.08,4,
770204.53,6270781.08,3,
770144.2300000001,6270781.38,1,
770144.53,6270781.38,3,
770144.8300000001,6270781.38,3,
770145.43,6270781.38,5,
770145.7300000001,6270781.38,2,
770146.03,6270781.38,2,
770146.3300000001,6270781.38,3,
770149.6300000001,6270781.38,1,
770149.93,6270781.38,2,
770150.2300000001,6270781.38,3,
770150.53,6270781.38,4,
770150.8300000001,6270781.38,1,
770154.43,6270781.38,2,
770154.7300000001,6270781.38,3,
770155.03,6270781.38,3,
770155.3300000001,6270781.38,2,
770155.6300000001,6270781.38,2,
770155.93,6270781.38,1,
770159.2300000001,6270781.38,4,
770159.53,6270781.38,4,
770159.8300000001,6270781.38,2,
770160.1300000001,6270781.38,1,
770160.43,6270781.38,5,
770160.7300000001,6270781.38,2,
770164.3300000001,6270781.38,1,
770164.6300000001,6270781.38,3,
770164.93,6270781.38,3,
770165.2300000001,6270781.38,3,
770165.53,6270781.38,1,
770168.53,6270781.38,3,
770168.8300000001,6270781.38,1,
770169.1300000001,6270781.38,2,
770169.43,6270781.38,3,
770169.7300000001,6270781.38,4,
770170.03,6270781.38,1,
770170.3300000001,6270781.38,1,
770174.8300000001,6270781.38,3,
770178.43,6270781.38,4,
770178.7300000001,6270781.38,4,
770179.03,6270781.38,2,
770179.3300000001,6270781.38,2,
770179.6300000001,6270781.38,2,
770179.93,6270781.38,2,
770183.2300000001,6270781.38,1,
770183.53,6270781.38,1,
770183.8300000001,6270781.38,5,
770184.1300000001,6270781.38,4,
770184.43,6270781.38,4,
770184.7300000001,6270781.38,1,
770185.03,6270781.38,2,
770187.7300000001,6270781.38,1,
770188.03,6270781.38,2,
770188.3300000001,6270781.38,3,
770188.6300000001,6270781.38,2,
770188.93,6270781.38,3,
770189.2300000001,6270781.38,5,
770192.8300000001,6270781.38,2,
770193.1300000001,6270781.38,4,
770193.43,6270781.38,1,
770193.7300000001,6270781.38,3,
770194.03,6270781.38,5,
770197.9300000002,6270781.38,4,
770198.2300000001,6270781.38,2,
770198.53,6270781.38,3,
770198.8300000001,6270781.38,1,
770202.4300000002,6270781.38,1,
770202.7300000001,6270781.38,4,
770203.03,6270781.38,3,
770203.3300000001,6270781.38,2,
770203.6300000001,6270781.38,3,
770203.9300000002,6270781.38,2,
770204.2300000001,6270781.38,2,
770144.2300000001,6270781.68,3,
770144.53,6270781.68,3,
770144.8300000001,6270781.68,3,
770145.1300000001,6270781.68,4,
770145.43,6270781.68,3,
770145.7300000001,6270781.68,4,
770146.03,6270781.68,1,
770149.3300000001,6270781.68,4,
770149.6300000001,6270781.68,1,
770149.93,6270781.68,2,
770150.2300000001,6270781.68,5,
770154.1300000001,6270781.68,3,
770154.43,6270781.68,3,
770154.7300000001,6270781.68,4,
770155.03,6270781.68,2,
770155.3300000001,6270781.68,3,
770158.93,6270781.68,4,
770159.2300000001,6270781.68,3,
770159.8300000001,6270781.68,3,
770160.1300000001,6270781.68,3,
770164.3300000001,6270781.68,1,
770164.6300000001,6270781.68,4,
770164.93,6270781.68,1,
770167.93,6270781.68,1,
770168.2300000001,6270781.68,2,
770168.53,6270781.68,4,
770168.8300000001,6270781.68,3,
770169.1300000001,6270781.68,3,
770169.43,6270781.68,3,
770169.7300000001,6270781.68,1,
770177.8300000001,6270781.68,1,
770178.1300000001,6270781.68,3,
770178.43,6270781.68,2,
770178.7300000001,6270781.68,3,
770179.03,6270781.68,4,
770179.3300000001,6270781.68,2,
770179.6300000001,6270781.68,1,
770182.93,6270781.68,1,
770183.2300000001,6270781.68,1,
770183.53,6270781.68,4,
770183.8300000001,6270781.68,2,
770184.43,6270781.68,2,
770187.1300000001,6270781.68,1,
770187.43,6270781.68,2,
770187.7300000001,6270781.68,2,
770188.03,6270781.68,3,
770188.3300000001,6270781.68,1,
770188.6300000001,6270781.68,1,
770188.93,6270781.68,2,
770192.53,6270781.68,3,
770192.8300000001,6270781.68,2,
770193.1300000001,6270781.68,3,
770193.43,6270781.68,3,
770193.7300000001,6270781.68,1,
770197.03,6270781.68,1,
770197.3300000001,6270781.68,4,
770197.6300000001,6270781.68,3,
770197.9300000002,6270781.68,3,
770198.2300000001,6270781.68,5,
770198.53,6270781.68,1,
770201.8300000001,6270781.68,2,
770202.1300000001,6270781.68,2,
770202.4300000002,6270781.68,4,
770202.7300000001,6270781.68,2,
770203.03,6270781.68,3,
770203.3300000001,6270781.68,2,
770203.6300000001,6270781.68,2,
770143.93,6270781.98,2,
770144.2300000001,6270781.98,4,
770144.53,6270781.98,3,
770144.8300000001,6270781.98,2,
770145.1300000001,6270781.98,1,
770148.7300000001,6270781.98,1,
770149.03,6270781.98,3,
770149.3300000001,6270781.98,3,
770149.6300000001,6270781.98,2,
770149.93,6270781.98,2,
770153.53,6270781.98,3,
770153.8300000001,6270781.98,4,
770154.1300000001,6270781.98,2,
770154.43,6270781.98,2,
770154.7300000001,6270781.98,2,
770155.03,6270781.98,2,
770158.03,6270781.98,2,
770158.3300000001,6270781.98,3,
770158.6300000001,6270781.98,3,
770158.93,6270781.98,3,
770159.2300000001,6270781.98,1,
770159.53,6270781.98,3,
770159.8300000001,6270781.98,1,
770163.1300000001,6270781.98,1,
770163.43,6270781.98,3,
770163.7300000001,6270781.98,1,
770164.03,6270781.98,1,
770167.6300000001,6270781.98,1,
770167.93,6270781.98,3,
770168.2300000001,6270781.98,4,
770168.53,6270781.98,3,
770168.8300000001,6270781.98,3,
770169.1300000001,6270781.98,3,
770177.2300000001,6270781.98,1,
770177.53,6270781.98,3,
770177.8300000001,6270781.98,4,
770178.1300000001,6270781.98,1,
770178.43,6270781.98,4,
770182.03,6270781.98,3,
770182.3300000001,6270781.98,3,
770183.2300000001,6270781.98,2,
770183.53,6270781.98,3,
770186.8300000001,6270781.98,1,
770187.1300000001,6270781.98,4,
770187.43,6270781.98,3,
770187.7300000001,6270781.98,1,
770188.03,6270781.98,2,
770191.93,6270781.98,1,
770192.2300000001,6270781.98,4,
770192.53,6270781.98,4,
770192.8300000001,6270781.98,3,
770193.1300000001,6270781.98,2,
770193.43,6270781.98,1,
770196.1300000001,6270781.98,1,
770196.4300000002,6270781.98,2,
770197.03,6270781.98,4,
770197.3300000001,6270781.98,4,
770197.6300000001,6270781.98,2,
770197.9300000002,6270781.98,2,
770198.2300000001,6270781.98,2,
770201.2300000001,6270781.98,2,
770201.8300000001,6270781.98,4,
770202.1300000001,6270781.98,2,
770202.4300000002,6270781.98,3,
770202.7300000001,6270781.98,4,
770205.4300000002,6270781.98,2,
770143.3300000001,6270782.279999999,1,
770143.6300000001,6270782.279999999,3,
770143.93,6270782.279999999,3,
770144.2300000001,6270782.279999999,4,
770144.53,6270782.279999999,4,
770144.8300000001,6270782.279999999,2,
770148.43,6270782.279999999,1,
770148.7300000001,6270782.279999999,1,
770149.03,6270782.279999999,1,
770149.3300000001,6270782.279999999,1,
770152.93,6270782.279999999,2,
770153.2300000001,6270782.279999999,3,
770153.53,6270782.279999999,2,
770153.8300000001,6270782.279999999,3,
770154.1300000001,6270782.279999999,3,
770154.43,6270782.279999999,2,
770157.7300000001,6270782.279999999,1,
770158.03,6270782.279999999,1,
770158.3300000001,6270782.279999999,3,
770158.6300000001,6270782.279999999,3,
770158.93,6270782.279999999,1,
770159.2300000001,6270782.279999999,2,
770162.53,6270782.279999999,1,
770162.8300000001,6270782.279999999,5,
770163.1300000001,6270782.279999999,3,
770163.43,6270782.279999999,3,
770163.7300000001,6270782.279999999,1,
770167.3300000001,6270782.279999999,2,
770167.6300000001,6270782.279999999,3,
770167.93,6270782.279999999,3,
770168.2300000001,6270782.279999999,4,
770168.53,6270782.279999999,1,
770176.93,6270782.279999999,2,
770177.2300000001,6270782.279999999,5,
770177.53,6270782.279999999,2,
770177.8300000001,6270782.279999999,4,
770178.1300000001,6270782.279999999,3,
770181.7300000001,6270782.279999999,2,
770182.03,6270782.279999999,2,
770182.3300000001,6270782.279999999,3,
770182.6300000001,6270782.279999999,4,
770186.53,6270782.279999999,1,
770186.8300000001,6270782.279999999,2,
770187.1300000001,6270782.279999999,4,
770187.43,6270782.279999999,2,
770187.7300000001,6270782.279999999,2,
770191.3300000001,6270782.279999999,1,
770191.6300000001,6270782.279999999,2,
770191.93,6270782.279999999,3,
770192.2300000001,6270782.279999999,4,
770192.53,6270782.279999999,4,
770192.8300000001,6270782.279999999,1,
770196.1300000001,6270782.279999999,1,
770196.4300000002,6270782.279999999,2,
770196.7300000001,6270782.279999999,4,
770197.03,6270782.279999999,3,
770197.3300000001,6270782.279999999,5,
770197.6300000001,6270782.279999999,1,
770200.9300000002,6270782.279999999,2,
770201.2300000001,6270782.279999999,3,
770201.53,6270782.279999999,4,
770201.8300000001,6270782.279999999,2,
770202.1300000001,6270782.279999999,3,
770202.4300000002,6270782.279999999,2,
770202.7300000001,6270782.279999999,1,
770204.8300000001,6270782.279999999,1,
770205.4300000002,6270782.279999999,2,
770205.7300000001,6270782.279999999,2,
770206.03,6270782.279999999,2,
770206.3300000001,6270782.279999999,1,
770143.3300000001,6270782.58,2,
770143.6300000001,6270782.58,3,
770144.2300000001,6270782.58,4,
770144.53,6270782.58,1,
770147.8300000001,6270782.58,2,
770148.1300000001,6270782.58,2,
770148.43,6270782.58,2,
770152.3300000001,6270782.58,1,
770152.93,6270782.58,3,
770153.2300000001,6270782.58,4,
770153.53,6270782.58,4,
770153.8300000001,6270782.58,1,
770157.1300000001,6270782.58,1,
770157.43,6270782.58,4,
770157.7300000001,6270782.58,1,
770158.03,6270782.58,4,
770158.3300000001,6270782.58,1,
770162.2300000001,6270782.58,3,
770162.53,6270782.58,4,
770162.8300000001,6270782.58,3,
770163.1300000001,6270782.58,4,
770163.7300000001,6270782.58,1,
770167.03,6270782.58,4,
770167.3300000001,6270782.58,4,
770167.6300000001,6270782.58,4,
770167.93,6270782.58,3,
770171.53,6270782.58,3,
770171.8300000001,6270782.58,2,
770172.1300000001,6270782.58,2,
770172.43,6270782.58,2,
770176.3300000001,6270782.58,1,
770176.6300000001,6270782.58,3,
770176.93,6270782.58,2,
770177.2300000001,6270782.58,3,
770177.53,6270782.58,4,
770180.8300000001,6270782.58,1,
770181.1300000001,6270782.58,1,
770181.43,6270782.58,4,
770181.7300000001,6270782.58,3,
770182.03,6270782.58,4,
770182.3300000001,6270782.58,4,
770182.6300000001,6270782.58,2,
770186.2300000001,6270782.58,3,
770186.53,6270782.58,4,
770186.8300000001,6270782.58,2,
770187.1300000001,6270782.58,2,
770187.43,6270782.58,7,
770191.03,6270782.58,4,
770191.3300000001,6270782.58,2,
770191.6300000001,6270782.58,3,
770191.93,6270782.58,3,
770192.2300000001,6270782.58,1,
770192.53,6270782.58,1,
770195.2300000001,6270782.58,1,
770195.8300000001,6270782.58,3,
770196.1300000001,6270782.58,4,
770196.4300000002,6270782.58,3,
770196.7300000001,6270782.58,4,
770200.6300000001,6270782.58,1,
770200.9300000002,6270782.58,4,
770201.2300000001,6270782.58,3,
770201.53,6270782.58,4,
770201.8300000001,6270782.58,3,
770202.1300000001,6270782.58,1,
770204.53,6270782.58,1,
770204.8300000001,6270782.58,3,
770205.1300000001,6270782.58,5,
770205.4300000002,6270782.58,2,
770205.7300000001,6270782.58,4,
770206.03,6270782.58,2,
770206.3300000001,6270782.58,2,
770143.3300000001,6270782.88,2,
770143.6300000001,6270782.88,1,
770147.53,6270782.88,1,
770147.8300000001,6270782.88,4,
770148.1300000001,6270782.88,2,
770148.43,6270782.88,1,
770151.7300000001,6270782.88,1,
770152.03,6270782.88,3,
770152.3300000001,6270782.88,2,
770152.6300000001,6270782.88,3,
770152.93,6270782.88,2,
770153.2300000001,6270782.88,2,
770156.8300000001,6270782.88,2,
770157.1300000001,6270782.88,2,
770157.43,6270782.88,4,
770157.7300000001,6270782.88,3,
770158.3300000001,6270782.88,2,
770161.93,6270782.88,1,
770162.2300000001,6270782.88,3,
770162.53,6270782.88,4,
770162.8300000001,6270782.88,3,
770166.1300000001,6270782.88,1,
770166.43,6270782.88,3,
770166.7300000001,6270782.88,4,
770167.03,6270782.88,2,
770167.3300000001,6270782.88,4,
770167.6300000001,6270782.88,3,
770170.93,6270782.88,1,
770171.2300000001,6270782.88,2,
770171.53,6270782.88,3,
770171.8300000001,6270782.88,3,
770172.1300000001,6270782.88,3,
770176.03,6270782.88,3,
770176.3300000001,6270782.88,4,
770176.6300000001,6270782.88,1,
770176.93,6270782.88,6,
770177.2300000001,6270782.88,2,
770180.53,6270782.88,1,
770180.8300000001,6270782.88,2,
770181.1300000001,6270782.88,4,
770181.43,6270782.88,4,
770181.7300000001,6270782.88,3,
770182.03,6270782.88,2,
770182.3300000001,6270782.88,2,
770185.3300000001,6270782.88,1,
770185.6300000001,6270782.88,2,
770186.2300000001,6270782.88,5,
770186.53,6270782.88,3,
770190.43,6270782.88,3,
770190.7300000001,6270782.88,3,
770191.03,6270782.88,2,
770191.3300000001,6270782.88,4,
770191.6300000001,6270782.88,3,
770194.93,6270782.88,3,
770195.2300000001,6270782.88,2,
770195.53,6270782.88,3,
770195.8300000001,6270782.88,3,
770196.1300000001,6270782.88,5,
770196.4300000002,6270782.88,3,
770196.7300000001,6270782.88,1,
770200.03,6270782.88,3,
770200.3300000001,6270782.88,3,
770200.6300000001,6270782.88,2,
770200.9300000002,6270782.88,4,
770201.2300000001,6270782.88,2,
770201.8300000001,6270782.88,1,
770203.3300000001,6270782.88,1,
770203.6300000001,6270782.88,1,
770204.2300000001,6270782.88,2,
770204.53,6270782.88,2,
770204.8300000001,6270782.88,2,
770205.1300000001,6270782.88,3,
770205.4300000002,6270782.88,3,
770206.03,6270782.88,2,
770146.93,6270783.18,3,
770147.2300000001,6270783.18,3,
770147.53,6270783.18,2,
770147.8300000001,6270783.18,1,
770148.1300000001,6270783.18,1,
770151.43,6270783.18,2,
770151.7300000001,6270783.18,2,
770152.03,6270783.18,2,
770152.3300000001,6270783.18,5,
770152.93,6270783.18,1,
770156.53,6270783.18,2,
770156.8300000001,6270783.18,3,
770157.1300000001,6270783.18,2,
770157.43,6270783.18,4,
770162.2300000001,6270783.18,3,
770162.53,6270783.18,2,
770162.8300000001,6270783.18,1,
770165.53,6270783.18,1,
770165.8300000001,6270783.18,1,
770166.1300000001,6270783.18,2,
770166.43,6270783.18,5,
770166.7300000001,6270783.18,2,
770167.03,6270783.18,2,
770167.3300000001,6270783.18,1,
770170.3300000001,6270783.18,1,
770170.6300000001,6270783.18,2,
770170.93,6270783.18,1,
770171.2300000001,6270783.18,4,
770171.53,6270783.18,2,
770171.8300000001,6270783.18,2,
770175.43,6270783.18,1,
770175.7300000001,6270783.18,2,
770176.03,6270783.18,2,
770176.3300000001,6270783.18,2,
770176.6300000001,6270783.18,4,
770176.93,6270783.18,2,
770180.2300000001,6270783.18,2,
770180.53,6270783.18,2,
770180.8300000001,6270783.18,2,
770181.1300000001,6270783.18,2,
770181.43,6270783.18,3,
770181.7300000001,6270783.18,2,
770185.03,6270783.18,3,
770185.3300000001,6270783.18,4,
770185.6300000001,6270783.18,2,
770185.93,6270783.18,3,
770189.53,6270783.18,2,
770189.8300000001,6270783.18,1,
770190.1300000001,6270783.18,3,
770190.43,6270783.18,4,
770190.7300000001,6270783.18,1,
770191.03,6270783.18,4,
770191.3300000001,6270783.18,2,
770194.6300000001,6270783.18,1,
770194.93,6270783.18,3,
770195.2300000001,6270783.18,4,
770195.53,6270783.18,1,
770195.8300000001,6270783.18,5,
770196.1300000001,6270783.18,1,
770199.7300000001,6270783.18,2,
770200.03,6270783.18,2,
770200.3300000001,6270783.18,4,
770200.6300000001,6270783.18,3,
770203.3300000001,6270783.18,2,
770203.6300000001,6270783.18,3,
770203.9300000002,6270783.18,3,
770204.2300000001,6270783.18,3,
770204.53,6270783.18,3,
770204.8300000001,6270783.18,3,
770205.1300000001,6270783.18,1,
770205.4300000002,6270783.18,2,
770206.03,6270783.18,1,
770145.7300000001,6270783.48,1,
770146.03,6270783.48,2,
770146.3300000001,6270783.48,3,
770146.6300000001,6270783.48,4,
770146.93,6270783.48,3,
770147.2300000001,6270783.48,2,
770150.53,6270783.48,2,
770150.8300000001,6270783.48,1,
770151.1300000001,6270783.48,3,
770151.43,6270783.48,1,
770151.7300000001,6270783.48,4,
770152.03,6270783.48,2,
770155.6300000001,6270783.48,1,
770156.2300000001,6270783.48,4,
770156.53,6270783.48,3,
770156.8300000001,6270783.48,1,
770157.1300000001,6270783.48,2,
770157.43,6270783.48,2,
770160.43,6270783.48,1,
770160.7300000001,6270783.48,2,
770161.03,6270783.48,3,
770165.2300000001,6270783.48,3,
770165.53,6270783.48,3,
770165.8300000001,6270783.48,3,
770166.1300000001,6270783.48,3,
770166.43,6270783.48,3,
770166.7300000001,6270783.48,2,
770169.7300000001,6270783.48,1,
770170.03,6270783.48,1,
770170.3300000001,6270783.48,3,
770170.6300000001,6270783.48,2,
770170.93,6270783.48,2,
770171.2300000001,6270783.48,1,
770171.53,6270783.48,2,
770175.1300000001,6270783.48,3,
770175.43,6270783.48,3,
770175.7300000001,6270783.48,3,
770176.03,6270783.48,3,
770176.3300000001,6270783.48,4,
770176.6300000001,6270783.48,1,
770179.93,6270783.48,2,
770180.2300000001,6270783.48,3,
770180.53,6270783.48,2,
770180.8300000001,6270783.48,3,
770181.1300000001,6270783.48,2,
770181.43,6270783.48,1,
770184.1300000001,6270783.48,1,
770184.43,6270783.48,4,
770184.7300000001,6270783.48,5,
770185.03,6270783.48,3,
770185.3300000001,6270783.48,3,
770185.6300000001,6270783.48,2,
770189.2300000001,6270783.48,2,
770189.53,6270783.48,2,
770189.8300000001,6270783.48,3,
770190.1300000001,6270783.48,4,
770190.43,6270783.48,2,
770190.7300000001,6270783.48,3,
770194.3300000001,6270783.48,3,
770194.6300000001,6270783.48,3,
770194.93,6270783.48,3,
770195.2300000001,6270783.48,5,
770195.53,6270783.48,1,
770195.8300000001,6270783.48,1,
770198.8300000001,6270783.48,1,
770199.1300000001,6270783.48,2,
770199.4300000002,6270783.48,3,
770199.7300000001,6270783.48,3,
770200.03,6270783.48,4,
770200.3300000001,6270783.48,2,
770203.3300000001,6270783.48,1,
770203.6300000001,6270783.48,4,
770203.9300000002,6270783.48,3,
770204.2300000001,6270783.48,3,
770204.53,6270783.48,2,
770204.8300000001,6270783.48,2,
770205.1300000001,6270783.48,1,
770145.7300000001,6270783.779999999,1,
770146.03,6270783.779999999,3,
770146.3300000001,6270783.779999999,4,
770146.6300000001,6270783.779999999,2,
770146.93,6270783.779999999,1,
770150.53,6270783.779999999,2,
770150.8300000001,6270783.779999999,1,
770151.1300000001,6270783.779999999,5,
770151.43,6270783.779999999,1,
770151.7300000001,6270783.779999999,2,
770155.3300000001,6270783.779999999,1,
770155.6300000001,6270783.779999999,3,
770155.93,6270783.779999999,4,
770156.2300000001,6270783.779999999,2,
770156.53,6270783.779999999,1,
770160.43,6270783.779999999,2,
770160.7300000001,6270783.779999999,4,
770161.03,6270783.779999999,1,
770161.3300000001,6270783.779999999,4,
770164.93,6270783.779999999,1,
770165.2300000001,6270783.779999999,4,
770165.53,6270783.779999999,4,
770165.8300000001,6270783.779999999,3,
770166.1300000001,6270783.779999999,2,
770169.7300000001,6270783.779999999,4,
770170.03,6270783.779999999,2,
770170.3300000001,6270783.779999999,4,
770170.6300000001,6270783.779999999,3,
770170.93,6270783.779999999,1,
770174.2300000001,6270783.779999999,1,
770174.53,6270783.779999999,1,
770174.8300000001,6270783.779999999,3,
770175.1300000001,6270783.779999999,1,
770175.43,6270783.779999999,6,
770175.7300000001,6270783.779999999,1,
770176.03,6270783.779999999,1,
770179.03,6270783.779999999,1,
770179.3300000001,6270783.779999999,2,
770179.6300000001,6270783.779999999,1,
770179.93,6270783.779999999,3,
770180.2300000001,6270783.779999999,4,
770180.53,6270783.779999999,1,
770183.8300000001,6270783.779999999,2,
770184.1300000001,6270783.779999999,3,
770184.7300000001,6270783.779999999,4,
770185.03,6270783.779999999,2,
770185.6300000001,6270783.779999999,3,
770188.6300000001,6270783.779999999,2,
770189.2300000001,6270783.779999999,4,
770189.53,6270783.779999999,2,
770189.8300000001,6270783.779999999,3,
770190.1300000001,6270783.779999999,2,
770193.7300000001,6270783.779999999,3,
770194.03,6270783.779999999,3,
770194.3300000001,6270783.779999999,5,
770194.6300000001,6270783.779999999,1,
770194.93,6270783.779999999,4,
770195.2300000001,6270783.779999999,1,
770198.53,6270783.779999999,2,
770198.8300000001,6270783.779999999,3,
770199.1300000001,6270783.779999999,2,
770199.4300000002,6270783.779999999,5,
770199.7300000001,6270783.779999999,1,
770203.03,6270783.779999999,2,
770203.3300000001,6270783.779999999,3,
770203.6300000001,6270783.779999999,2,
770203.9300000002,6270783.779999999,2,
770204.2300000001,6270783.779999999,3,
770204.53,6270783.779999999,4,
770204.8300000001,6270783.779999999,1,
770145.43,6270784.08,2,
770145.7300000001,6270784.08,3,
770146.03,6270784.08,2,
770146.3300000001,6270784.08,2,
770149.93,6270784.08,1,
770150.2300000001,6270784.08,2,
770150.53,6270784.08,2,
770150.8300000001,6270784.08,3,
770155.3300000001,6270784.08,3,
770155.6300000001,6270784.08,1,
770155.93,6270784.08,3,
770156.2300000001,6270784.08,3,
770159.8300000001,6270784.08,2,
770160.1300000001,6270784.08,5,
770160.43,6270784.08,2,
770160.7300000001,6270784.08,2,
770161.03,6270784.08,3,
770164.3300000001,6270784.08,2,
770164.6300000001,6270784.08,1,
770164.93,6270784.08,6,
770165.2300000001,6270784.08,3,
770165.53,6270784.08,3,
770165.8300000001,6270784.08,1,
770169.1300000001,6270784.08,2,
770169.43,6270784.08,4,
770169.7300000001,6270784.08,2,
770170.03,6270784.08,4,
770170.3300000001,6270784.08,3,
770170.6300000001,6270784.08,1,
770173.93,6270784.08,1,
770174.2300000001,6270784.08,4,
770174.53,6270784.08,4,
770174.8300000001,6270784.08,2,
770175.1300000001,6270784.08,3,
770175.43,6270784.08,1,
770178.7300000001,6270784.08,1,
770179.03,6270784.08,3,
770179.3300000001,6270784.08,3,
770179.6300000001,6270784.08,3,
770179.93,6270784.08,2,
770180.2300000001,6270784.08,1,
770182.93,6270784.08,1,
770183.53,6270784.08,2,
770183.8300000001,6270784.08,3,
770184.1300000001,6270784.08,3,
770184.43,6270784.08,4,
770184.7300000001,6270784.08,3,
770185.03,6270784.08,1,
770188.3300000001,6270784.08,1,
770188.6300000001,6270784.08,3,
770188.93,6270784.08,5,
770189.2300000001,6270784.08,1,
770189.53,6270784.08,5,
770189.8300000001,6270784.08,3,
770193.1300000001,6270784.08,2,
770193.43,6270784.08,2,
770193.7300000001,6270784.08,3,
770194.03,6270784.08,2,
770194.3300000001,6270784.08,3,
770194.6300000001,6270784.08,2,
770197.9300000002,6270784.08,4,
770198.2300000001,6270784.08,3,
770198.53,6270784.08,2,
770198.8300000001,6270784.08,3,
770199.1300000001,6270784.08,3,
770199.4300000002,6270784.08,2,
770202.4300000002,6270784.08,2,
770202.7300000001,6270784.08,3,
770203.03,6270784.08,2,
770203.3300000001,6270784.08,4,
770203.6300000001,6270784.08,1,
770203.9300000002,6270784.08,5,
770204.2300000001,6270784.08,2,
770144.8300000001,6270784.38,3,
770145.1300000001,6270784.38,2,
770145.43,6270784.38,3,
770145.7300000001,6270784.38,3,
770146.03,6270784.38,1,
770146.3300000001,6270784.38,2,
770149.3300000001,6270784.38,1,
770149.6300000001,6270784.38,2,
770149.93,6270784.38,3,
770150.2300000001,6270784.38,3,
770150.53,6270784.38,2,
770154.43,6270784.38,1,
770154.7300000001,6270784.38,4,
770155.03,6270784.38,1,
770155.3300000001,6270784.38,1,
770159.53,6270784.38,2,
770159.8300000001,6270784.38,3,
770160.1300000001,6270784.38,2,
770160.43,6270784.38,4,
770160.7300000001,6270784.38,1,
770163.7300000001,6270784.38,2,
770164.03,6270784.38,2,
770164.3300000001,6270784.38,4,
770164.6300000001,6270784.38,5,
770164.93,6270784.38,3,
770168.8300000001,6270784.38,1,
770169.1300000001,6270784.38,1,
770169.43,6270784.38,2,
770169.7300000001,6270784.38,3,
770170.03,6270784.38,2,
770170.3300000001,6270784.38,2,
770173.6300000001,6270784.38,3,
770173.93,6270784.38,4,
770174.2300000001,6270784.38,3,
770174.53,6270784.38,3,
770174.8300000001,6270784.38,3,
770175.1300000001,6270784.38,1,
770175.43,6270784.38,1,
770178.1300000001,6270784.38,1,
770178.43,6270784.38,4,
770178.7300000001,6270784.38,3,
770179.03,6270784.38,3,
770179.3300000001,6270784.38,5,
770182.6300000001,6270784.38,1,
770182.93,6270784.38,2,
770183.2300000001,6270784.38,4,
770183.53,6270784.38,2,
770183.8300000001,6270784.38,4,
770184.1300000001,6270784.38,4,
770184.43,6270784.38,2,
770188.03,6270784.38,4,
770188.3300000001,6270784.38,3,
770188.6300000001,6270784.38,3,
770188.93,6270784.38,5,
770189.2300000001,6270784.38,2,
770189.53,6270784.38,1,
770192.8300000001,6270784.38,2,
770193.1300000001,6270784.38,1,
770193.43,6270784.38,3,
770193.7300000001,6270784.38,3,
770194.03,6270784.38,2,
770197.3300000001,6270784.38,1,
770197.6300000001,6270784.38,1,
770197.9300000002,6270784.38,5,
770198.53,6270784.38,3,
770198.8300000001,6270784.38,2,
770199.1300000001,6270784.38,2,
770202.1300000001,6270784.38,2,
770202.4300000002,6270784.38,1,
770202.7300000001,6270784.38,4,
770203.03,6270784.38,3,
770203.3300000001,6270784.38,1,
770203.6300000001,6270784.38,5,
770203.9300000002,6270784.38,1,
770144.53,6270784.68,4,
770144.8300000001,6270784.68,3,
770145.1300000001,6270784.68,3,
770145.43,6270784.68,3,
770145.7300000001,6270784.68,1,
770149.03,6270784.68,3,
770149.3300000001,6270784.68,3,
770149.6300000001,6270784.68,4,
770149.93,6270784.68,2,
770153.8300000001,6270784.68,1,
770154.1300000001,6270784.68,2,
770154.43,6270784.68,4,
770154.7300000001,6270784.68,4,
770159.53,6270784.68,1,
770159.8300000001,6270784.68,1,
770160.1300000001,6270784.68,2,
770163.1300000001,6270784.68,2,
770163.43,6270784.68,3,
770163.7300000001,6270784.68,3,
770164.03,6270784.68,3,
770164.3300000001,6270784.68,3,
770164.6300000001,6270784.68,3,
770169.7300000001,6270784.68,1,
770173.3300000001,6270784.68,3,
770173.6300000001,6270784.68,2,
770173.93,6270784.68,3,
770174.2300000001,6270784.68,5,
770174.53,6270784.68,1,
770177.53,6270784.68,1,
770177.8300000001,6270784.68,2,
770178.1300000001,6270784.68,2,
770178.43,6270784.68,2,
770178.7300000001,6270784.68,3,
770179.03,6270784.68,1,
770179.3300000001,6270784.68,2,
770182.3300000001,6270784.68,1,
770182.6300000001,6270784.68,4,
770182.93,6270784.68,4,
770183.2300000001,6270784.68,3,
770183.53,6270784.68,3,
770183.8300000001,6270784.68,2,
770184.1300000001,6270784.68,1,
770187.43,6270784.68,2,
770187.7300000001,6270784.68,4,
770188.03,6270784.68,4,
770188.3300000001,6270784.68,3,
770188.6300000001,6270784.68,3,
770188.93,6270784.68,1,
770191.93,6270784.68,2,
770192.2300000001,6270784.68,3,
770192.53,6270784.68,2,
770192.8300000001,6270784.68,3,
770193.1300000001,6270784.68,5,
770193.7300000001,6270784.68,1,
770197.3300000001,6270784.68,3,
770197.6300000001,6270784.68,2,
770197.9300000002,6270784.68,1,
770198.2300000001,6270784.68,4,
770198.53,6270784.68,2,
770200.6300000001,6270784.68,1,
770201.53,6270784.68,2,
770201.8300000001,6270784.68,1,
770202.1300000001,6270784.68,5,
770202.4300000002,6270784.68,2,
770202.7300000001,6270784.68,2,
770144.53,6270784.98,2,
770144.8300000001,6270784.98,2,
770145.1300000001,6270784.98,2,
770148.1300000001,6270784.98,1,
770148.43,6270784.98,1,
770148.7300000001,6270784.98,3,
770149.03,6270784.98,1,
770149.3300000001,6270784.98,3,
770149.6300000001,6270784.98,1,
770153.2300000001,6270784.98,1,
770153.53,6270784.98,1,
770153.8300000001,6270784.98,4,
770154.1300000001,6270784.98,3,
770154.43,6270784.98,1,
770154.7300000001,6270784.98,2,
770162.8300000001,6270784.98,1,
770163.1300000001,6270784.98,1,
770163.43,6270784.98,4,
770163.7300000001,6270784.98,2,
770164.03,6270784.98,3,
770164.3300000001,6270784.98,1,
770167.6300000001,6270784.98,1,
770172.7300000001,6270784.98,2,
770173.03,6270784.98,3,
770173.3300000001,6270784.98,3,
770173.6300000001,6270784.98,1,
770177.2300000001,6270784.98,2,
770177.53,6270784.98,2,
770177.8300000001,6270784.98,4,
770178.1300000001,6270784.98,4,
770178.43,6270784.98,2,
770182.03,6270784.98,3,
770182.3300000001,6270784.98,3,
770182.6300000001,6270784.98,4,
770182.93,6270784.98,4,
770187.1300000001,6270784.98,1,
770187.43,6270784.98,4,
770187.7300000001,6270784.98,2,
770188.03,6270784.98,3,
770188.3300000001,6270784.98,3,
770188.6300000001,6270784.98,1,
770191.6300000001,6270784.98,1,
770191.93,6270784.98,3,
770192.2300000001,6270784.98,5,
770192.53,6270784.98,4,
770192.8300000001,6270784.98,1,
770193.1300000001,6270784.98,1,
770196.7300000001,6270784.98,3,
770197.03,6270784.98,4,
770197.3300000001,6270784.98,3,
770197.6300000001,6270784.98,1,
770197.9300000002,6270784.98,3,
770198.2300000001,6270784.98,2,
770200.6300000001,6270784.98,1,
770200.9300000002,6270784.98,3,
770201.2300000001,6270784.98,2,
770201.53,6270784.98,3,
770201.8300000001,6270784.98,3,
770202.1300000001,6270784.98,1,
770202.4300000002,6270784.98,3,
770144.8300000001,6270785.279999999,2,
770147.8300000001,6270785.279999999,2,
770148.1300000001,6270785.279999999,2,
770148.43,6270785.279999999,3,
770148.7300000001,6270785.279999999,2,
770149.03,6270785.279999999,3,
770149.3300000001,6270785.279999999,1,
770152.93,6270785.279999999,5,
770153.2300000001,6270785.279999999,2,
770153.53,6270785.279999999,1,
770153.8300000001,6270785.279999999,2,
770162.53,6270785.279999999,1,
770162.8300000001,6270785.279999999,3,
770163.1300000001,6270785.279999999,3,
770163.43,6270785.279999999,3,
770163.7300000001,6270785.279999999,3,
770167.3300000001,6270785.279999999,2,
770167.6300000001,6270785.279999999,3,
770167.93,6270785.279999999,2,
770172.1300000001,6270785.279999999,2,
770172.43,6270785.279999999,4,
770172.7300000001,6270785.279999999,2,
770173.03,6270785.279999999,3,
770173.3300000001,6270785.279999999,2,
770176.93,6270785.279999999,3,
770177.2300000001,6270785.279999999,3,
770177.53,6270785.279999999,2,
770177.8300000001,6270785.279999999,4,
770178.1300000001,6270785.279999999,3,
770181.43,6270785.279999999,2,
770181.7300000001,6270785.279999999,2,
770182.03,6270785.279999999,3,
770182.3300000001,6270785.279999999,2,
770182.6300000001,6270785.279999999,3,
770182.93,6270785.279999999,1,
770183.2300000001,6270785.279999999,1,
770186.2300000001,6270785.279999999,1,
770186.53,6270785.279999999,3,
770186.8300000001,6270785.279999999,3,
770187.1300000001,6270785.279999999,4,
770187.43,6270785.279999999,3,
770187.7300000001,6270785.279999999,1,
770188.03,6270785.279999999,1,
770191.3300000001,6270785.279999999,2,
770191.6300000001,6270785.279999999,3,
770191.93,6270785.279999999,4,
770192.2300000001,6270785.279999999,4,
770195.8300000001,6270785.279999999,2,
770196.1300000001,6270785.279999999,2,
770196.4300000002,6270785.279999999,2,
770196.7300000001,6270785.279999999,3,
770197.03,6270785.279999999,2,
770197.6300000001,6270785.279999999,1,
770200.3300000001,6270785.279999999,1,
770200.6300000001,6270785.279999999,3,
770201.2300000001,6270785.279999999,3,
770201.53,6270785.279999999,2,
770201.8300000001,6270785.279999999,1,
770146.93,6270785.58,1,
770147.2300000001,6270785.58,4,
770147.53,6270785.58,2,
770147.8300000001,6270785.58,1,
770148.1300000001,6270785.58,3,
770148.43,6270785.58,2,
770148.7300000001,6270785.58,1,
770152.3300000001,6270785.58,1,
770152.6300000001,6270785.58,2,
770152.93,6270785.58,4,
770153.2300000001,6270785.58,2,
770153.53,6270785.58,1,
770153.8300000001,6270785.58,1,
770161.93,6270785.58,3,
770162.2300000001,6270785.58,1,
770162.53,6270785.58,3,
770162.8300000001,6270785.58,2,
770163.1300000001,6270785.58,5,
770167.03,6270785.58,3,
770167.3300000001,6270785.58,4,
770167.6300000001,6270785.58,3,
770167.93,6270785.58,1,
770171.53,6270785.58,1,
770171.8300000001,6270785.58,3,
770172.1300000001,6270785.58,4,
770172.43,6270785.58,5,
770172.7300000001,6270785.58,1,
770176.03,6270785.58,1,
770176.6300000001,6270785.58,4,
770176.93,6270785.58,3,
770177.2300000001,6270785.58,2,
770177.53,6270785.58,3,
770177.8300000001,6270785.58,1,
770180.8300000001,6270785.58,1,
770181.1300000001,6270785.58,3,
770181.43,6270785.58,3,
770181.7300000001,6270785.58,2,
770182.03,6270785.58,5,
770182.3300000001,6270785.58,3,
770185.93,6270785.58,1,
770186.2300000001,6270785.58,1,
770186.53,6270785.58,3,
770186.8300000001,6270785.58,5,
770187.1300000001,6270785.58,3,
770187.43,6270785.58,1,
770190.43,6270785.58,3,
770190.7300000001,6270785.58,1,
770191.03,6270785.58,3,
770191.3300000001,6270785.58,2,
770191.6300000001,6270785.58,5,
770191.93,6270785.58,3,
770192.2300000001,6270785.58,1,
770195.53,6270785.58,4,
770195.8300000001,6270785.58,1,
770196.1300000001,6270785.58,1,
770196.4300000002,6270785.58,4,
770196.7300000001,6270785.58,3,
770197.03,6270785.58,1,
770200.03,6270785.58,1,
770200.3300000001,6270785.58,1,
770200.6300000001,6270785.58,2,
770200.9300000002,6270785.58,3,
770201.2300000001,6270785.58,1,
770201.53,6270785.58,1,
770201.8300000001,6270785.58,2,
770146.6300000001,6270785.88,3,
770146.93,6270785.88,1,
770147.2300000001,6270785.88,5,
770147.53,6270785.88,2,
770147.8300000001,6270785.88,3,
770148.1300000001,6270785.88,1,
770152.3300000001,6270785.88,3,
770152.6300000001,6270785.88,3,
770152.93,6270785.88,2,
770153.2300000001,6270785.88,2,
770161.3300000001,6270785.88,1,
770161.6300000001,6270785.88,2,
770161.93,6270785.88,4,
770162.2300000001,6270785.88,4,
770162.53,6270785.88,2,
770162.8300000001,6270785.88,2,
770167.03,6270785.88,2,
770167.3300000001,6270785.88,3,
770171.2300000001,6270785.88,2,
770171.53,6270785.88,2,
770171.8300000001,6270785.88,4,
770172.1300000001,6270785.88,4,
770172.43,6270785.88,3,
770176.03,6270785.88,2,
770176.3300000001,6270785.88,4,
770176.6300000001,6270785.88,4,
770176.93,6270785.88,4,
770180.2300000001,6270785.88,1,
770180.53,6270785.88,1,
770180.8300000001,6270785.88,2,
770181.1300000001,6270785.88,3,
770181.43,6270785.88,3,
770181.7300000001,6270785.88,3,
770185.3300000001,6270785.88,1,
770185.6300000001,6270785.88,4,
770185.93,6270785.88,2,
770186.2300000001,6270785.88,3,
770186.53,6270785.88,3,
770186.8300000001,6270785.88,3,
770190.1300000001,6270785.88,3,
770190.43,6270785.88,1,
770190.7300000001,6270785.88,4,
770191.03,6270785.88,3,
770191.3300000001,6270785.88,3,
770191.6300000001,6270785.88,1,
770194.93,6270785.88,1,
770195.2300000001,6270785.88,2,
770195.53,6270785.88,3,
770195.8300000001,6270785.88,5,
770196.1300000001,6270785.88,2,
770196.4300000002,6270785.88,2,
770196.7300000001,6270785.88,2,
770199.4300000002,6270785.88,1,
770199.7300000001,6270785.88,2,
770200.03,6270785.88,3,
770200.3300000001,6270785.88,4,
770200.6300000001,6270785.88,1,
770200.9300000002,6270785.88,3,
770146.03,6270786.18,1,
770146.3300000001,6270786.18,2,
770146.6300000001,6270786.18,2,
770146.93,6270786.18,4,
770147.2300000001,6270786.18,1,
770147.53,6270786.18,2,
770147.8300000001,6270786.18,4,
770151.1300000001,6270786.18,1,
770151.43,6270786.18,2,
770151.7300000001,6270786.18,5,
770152.93,6270786.18,3,
770155.93,6270786.18,1,
770156.2300000001,6270786.18,1,
770156.53,6270786.18,2,
770156.8300000001,6270786.18,6,
770160.7300000001,6270786.18,2,
770161.03,6270786.18,2,
770161.6300000001,6270786.18,3,
770161.93,6270786.18,3,
770162.2300000001,6270786.18,2,
770162.53,6270786.18,1,
770166.43,6270786.18,2,
770170.3300000001,6270786.18,1,
770170.93,6270786.18,6,
770171.2300000001,6270786.18,3,
770171.53,6270786.18,1,
770171.8300000001,6270786.18,4,
770172.1300000001,6270786.18,1,
770175.43,6270786.18,3,
770175.7300000001,6270786.18,2,
770176.03,6270786.18,3,
770176.3300000001,6270786.18,4,
770176.6300000001,6270786.18,1,
770179.93,6270786.18,1,
770180.53,6270786.18,2,
770180.8300000001,6270786.18,5,
770181.1300000001,6270786.18,2,
770184.7300000001,6270786.18,1,
770185.03,6270786.18,2,
770185.3300000001,6270786.18,4,
770185.6300000001,6270786.18,2,
770185.93,6270786.18,2,
770186.2300000001,6270786.18,1,
770186.53,6270786.18,1,
770189.8300000001,6270786.18,3,
770190.1300000001,6270786.18,2,
770190.43,6270786.18,5,
770190.7300000001,6270786.18,3,
770191.03,6270786.18,2,
770191.3300000001,6270786.18,1,
770194.6300000001,6270786.18,2,
770194.93,6270786.18,2,
770195.2300000001,6270786.18,3,
770195.53,6270786.18,3,
770195.8300000001,6270786.18,3,
770196.1300000001,6270786.18,1,
770199.4300000002,6270786.18,4,
770199.7300000001,6270786.18,4,
770200.03,6270786.18,2,
770200.3300000001,6270786.18,1,
770200.6300000001,6270786.18,1,
770145.7300000001,6270786.48,1,
770146.03,6270786.48,2,
770146.3300000001,6270786.48,3,
770146.6300000001,6270786.48,3,
770146.93,6270786.48,4,
770147.2300000001,6270786.48,2,
770147.53,6270786.48,1,
770150.8300000001,6270786.48,3,
770151.43,6270786.48,3,
770151.7300000001,6270786.48,4,
770152.03,6270786.48,1,
770155.6300000001,6270786.48,2,
770155.93,6270786.48,3,
770156.2300000001,6270786.48,3,
770156.53,6270786.48,3,
770156.8300000001,6270786.48,5,
770160.43,6270786.48,1,
770160.7300000001,6270786.48,2,
770161.03,6270786.48,2,
770161.3300000001,6270786.48,5,
770161.6300000001,6270786.48,2,
770161.93,6270786.48,1,
770165.53,6270786.48,1,
770165.8300000001,6270786.48,3,
770169.7300000001,6270786.48,2,
770170.03,6270786.48,2,
770170.3300000001,6270786.48,1,
770170.6300000001,6270786.48,3,
770170.93,6270786.48,4,
770171.2300000001,6270786.48,4,
770174.53,6270786.48,1,
770174.8300000001,6270786.48,1,
770175.1300000001,6270786.48,1,
770175.43,6270786.48,2,
770175.7300000001,6270786.48,3,
770176.03,6270786.48,4,
770176.3300000001,6270786.48,2,
770179.3300000001,6270786.48,1,
770179.6300000001,6270786.48,4,
770179.93,6270786.48,4,
770180.2300000001,6270786.48,4,
770180.53,6270786.48,2,
770180.8300000001,6270786.48,2,
770181.1300000001,6270786.48,1,
770184.43,6270786.48,2,
770184.7300000001,6270786.48,2,
770185.03,6270786.48,3,
770185.3300000001,6270786.48,4,
770185.6300000001,6270786.48,2,
770185.93,6270786.48,1,
770189.2300000001,6270786.48,1,
770189.53,6270786.48,4,
770189.8300000001,6270786.48,2,
770190.1300000001,6270786.48,1,
770190.43,6270786.48,3,
770194.03,6270786.48,2,
770194.3300000001,6270786.48,2,
770194.6300000001,6270786.48,2,
770194.93,6270786.48,3,
770195.2300000001,6270786.48,5,
770195.53,6270786.48,1,
770195.8300000001,6270786.48,1,
770198.53,6270786.48,2,
770198.8300000001,6270786.48,1,
770199.1300000001,6270786.48,2,
770199.4300000002,6270786.48,4,
770199.7300000001,6270786.48,1,
770200.03,6270786.48,2,
770145.7300000001,6270786.779999999,2,
770146.03,6270786.779999999,3,
770146.3300000001,6270786.779999999,2,
770146.6300000001,6270786.779999999,3,
770150.2300000001,6270786.779999999,1,
770150.53,6270786.779999999,3,
770150.8300000001,6270786.779999999,3,
770151.1300000001,6270786.779999999,4,
770151.43,6270786.779999999,2,
770151.7300000001,6270786.779999999,1,
770155.3300000001,6270786.779999999,2,
770155.6300000001,6270786.779999999,3,
770155.93,6270786.779999999,3,
770156.2300000001,6270786.779999999,2,
770156.53,6270786.779999999,3,
770156.8300000001,6270786.779999999,1,
770159.8300000001,6270786.779999999,1,
770160.1300000001,6270786.779999999,3,
770160.43,6270786.779999999,2,
770160.7300000001,6270786.779999999,3,
770161.03,6270786.779999999,2,
770161.3300000001,6270786.779999999,3,
770164.6300000001,6270786.779999999,1,
770164.93,6270786.779999999,2,
770165.2300000001,6270786.779999999,2,
770165.53,6270786.779999999,3,
770169.43,6270786.779999999,1,
770169.7300000001,6270786.779999999,1,
770170.03,6270786.779999999,3,
770170.3300000001,6270786.779999999,4,
770170.6300000001,6270786.779999999,2,
770174.2300000001,6270786.779999999,1,
770174.53,6270786.779999999,4,
770174.8300000001,6270786.779999999,4,
770175.1300000001,6270786.779999999,4,
770175.43,6270786.779999999,3,
770175.7300000001,6270786.779999999,1,
770178.7300000001,6270786.779999999,1,
770179.03,6270786.779999999,1,
770179.3300000001,6270786.779999999,3,
770179.6300000001,6270786.779999999,3,
770179.93,6270786.779999999,3,
770180.2300000001,6270786.779999999,3,
770180.53,6270786.779999999,2,
770183.8300000001,6270786.779999999,2,
770184.1300000001,6270786.779999999,1,
770184.43,6270786.779999999,2,
770184.7300000001,6270786.779999999,4,
770185.03,6270786.779999999,4,
770185.3300000001,6270786.779999999,1,
770188.6300000001,6270786.779999999,1,
770188.93,6270786.779999999,1,
770189.2300000001,6270786.779999999,3,
770189.53,6270786.779999999,3,
770189.8300000001,6270786.779999999,4,
770190.1300000001,6270786.779999999,2,
770193.7300000001,6270786.779999999,2,
770194.03,6270786.779999999,1,
770194.3300000001,6270786.779999999,5,
770194.6300000001,6270786.779999999,2,
770194.93,6270786.779999999,2,
770197.9300000002,6270786.779999999,1,
770198.2300000001,6270786.779999999,2,
770198.53,6270786.779999999,2,
770198.8300000001,6270786.779999999,5,
770199.1300000001,6270786.779999999,2,
770199.4300000002,6270786.779999999,2,
770200.03,6270786.779999999,1,
770146.3300000001,6270787.08,2,
770149.3300000001,6270787.08,2,
770149.6300000001,6270787.08,2,
770149.93,6270787.08,2,
770150.2300000001,6270787.08,3,
770150.53,6270787.08,1,
770150.8300000001,6270787.08,2,
770151.1300000001,6270787.08,2,
770155.3300000001,6270787.08,3,
770155.6300000001,6270787.08,1,
770155.93,6270787.08,3,
770156.2300000001,6270787.08,1,
770159.2300000001,6270787.08,1,
770159.53,6270787.08,2,
770159.8300000001,6270787.08,4,
770160.1300000001,6270787.08,3,
770160.43,6270787.08,3,
770160.7300000001,6270787.08,1,
770161.03,6270787.08,1,
770164.3300000001,6270787.08,1,
770164.6300000001,6270787.08,4,
770164.93,6270787.08,3,
770165.2300000001,6270787.08,2,
770165.53,6270787.08,1,
770169.43,6270787.08,2,
770169.7300000001,6270787.08,4,
770170.03,6270787.08,1,
770170.3300000001,6270787.08,2,
770173.93,6270787.08,2,
770174.2300000001,6270787.08,2,
770174.53,6270787.08,2,
770174.8300000001,6270787.08,4,
770175.1300000001,6270787.08,2,
770178.43,6270787.08,1,
770178.7300000001,6270787.08,2,
770179.03,6270787.08,2,
770179.3300000001,6270787.08,5,
770179.6300000001,6270787.08,3,
770179.93,6270787.08,3,
770183.53,6270787.08,3,
770183.8300000001,6270787.08,1,
770184.1300000001,6270787.08,3,
770184.43,6270787.08,1,
770184.7300000001,6270787.08,2,
770188.03,6270787.08,2,
770188.3300000001,6270787.08,1,
770188.6300000001,6270787.08,4,
770188.93,6270787.08,4,
770189.2300000001,6270787.08,3,
770189.53,6270787.08,2,
770193.1300000001,6270787.08,3,
770193.43,6270787.08,3,
770193.7300000001,6270787.08,3,
770194.03,6270787.08,4,
770194.3300000001,6270787.08,3,
770197.6300000001,6270787.08,4,
770197.9300000002,6270787.08,3,
770198.2300000001,6270787.08,3,
770198.53,6270787.08,4,
770198.8300000001,6270787.08,3,
770199.1300000001,6270787.08,2,
770199.4300000002,6270787.08,1,
770149.3300000001,6270787.38,2,
770149.6300000001,6270787.38,3,
770149.93,6270787.38,4,
770150.2300000001,6270787.38,4,
770150.53,6270787.38,2,
770155.6300000001,6270787.38,2,
770155.93,6270787.38,2,
770158.6300000001,6270787.38,1,
770158.93,6270787.38,2,
770159.2300000001,6270787.38,4,
770159.53,6270787.38,2,
770159.8300000001,6270787.38,4,
770160.1300000001,6270787.38,3,
770160.43,6270787.38,1,
770164.3300000001,6270787.38,4,
770164.6300000001,6270787.38,1,
770164.93,6270787.38,3,
770165.2300000001,6270787.38,1,
770168.53,6270787.38,1,
770168.8300000001,6270787.38,4,
770169.1300000001,6270787.38,3,
770169.43,6270787.38,3,
770169.7300000001,6270787.38,4,
770170.03,6270787.38,1,
770173.6300000001,6270787.38,3,
770173.93,6270787.38,3,
770174.2300000001,6270787.38,4,
770174.53,6270787.38,4,
770174.8300000001,6270787.38,1,
770178.1300000001,6270787.38,1,
770178.43,6270787.38,3,
770178.7300000001,6270787.38,5,
770179.03,6270787.38,3,
770179.3300000001,6270787.38,2,
770179.93,6270787.38,1,
770182.93,6270787.38,1,
770183.2300000001,6270787.38,2,
770183.8300000001,6270787.38,3,
770184.1300000001,6270787.38,2,
770184.43,6270787.38,3,
770187.43,6270787.38,1,
770187.7300000001,6270787.38,3,
770188.03,6270787.38,1,
770188.3300000001,6270787.38,4,
770188.6300000001,6270787.38,2,
770188.93,6270787.38,4,
770192.53,6270787.38,1,
770192.8300000001,6270787.38,2,
770193.1300000001,6270787.38,2,
770193.43,6270787.38,3,
770193.7300000001,6270787.38,3,
770194.03,6270787.38,2,
770197.03,6270787.38,2,
770197.3300000001,6270787.38,4,
770197.6300000001,6270787.38,2,
770197.9300000002,6270787.38,3,
770198.2300000001,6270787.38,2,
770198.53,6270787.38,1,
770198.8300000001,6270787.38,1,
770148.7300000001,6270787.68,1,
770149.03,6270787.68,1,
770149.3300000001,6270787.68,4,
770149.6300000001,6270787.68,2,
770149.93,6270787.68,2,
770158.3300000001,6270787.68,1,
770158.6300000001,6270787.68,3,
770158.93,6270787.68,1,
770159.2300000001,6270787.68,4,
770159.53,6270787.68,4,
770159.8300000001,6270787.68,4,
770160.1300000001,6270787.68,1,
770160.43,6270787.68,1,
770164.6300000001,6270787.68,2,
770168.2300000001,6270787.68,2,
770168.53,6270787.68,1,
770168.8300000001,6270787.68,4,
770169.1300000001,6270787.68,3,
770169.43,6270787.68,3,
770173.03,6270787.68,5,
770173.3300000001,6270787.68,3,
770173.6300000001,6270787.68,2,
770173.93,6270787.68,3,
770174.2300000001,6270787.68,1,
770174.53,6270787.68,1,
770174.8300000001,6270787.68,1,
770177.53,6270787.68,1,
770177.8300000001,6270787.68,3,
770178.1300000001,6270787.68,2,
770178.43,6270787.68,4,
770178.7300000001,6270787.68,2,
770182.3300000001,6270787.68,1,
770182.6300000001,6270787.68,1,
770182.93,6270787.68,2,
770183.2300000001,6270787.68,1,
770183.53,6270787.68,6,
770183.8300000001,6270787.68,3,
770184.1300000001,6270787.68,2,
770187.1300000001,6270787.68,3,
770187.43,6270787.68,2,
770187.7300000001,6270787.68,4,
770188.03,6270787.68,2,
770188.3300000001,6270787.68,4,
770188.6300000001,6270787.68,3,
770189.2300000001,6270787.68,1,
770192.2300000001,6270787.68,1,
770192.53,6270787.68,1,
770192.8300000001,6270787.68,3,
770193.1300000001,6270787.68,2,
770193.43,6270787.68,1,
770196.7300000001,6270787.68,2,
770197.03,6270787.68,3,
770197.3300000001,6270787.68,4,
770197.6300000001,6270787.68,4,
770197.9300000002,6270787.68,1,
770198.2300000001,6270787.68,1,
770148.1300000001,6270787.98,1,
770148.7300000001,6270787.98,2,
770149.03,6270787.98,4,
770149.3300000001,6270787.98,1,
770157.7300000001,6270787.98,1,
770158.03,6270787.98,2,
770158.3300000001,6270787.98,1,
770158.6300000001,6270787.98,3,
770158.93,6270787.98,3,
770159.2300000001,6270787.98,3,
770159.53,6270787.98,1,
770162.8300000001,6270787.98,1,
770167.93,6270787.98,1,
770168.2300000001,6270787.98,3,
770168.53,6270787.98,2,
770169.1300000001,6270787.98,2,
770172.43,6270787.98,2,
770172.7300000001,6270787.98,2,
770173.03,6270787.98,4,
770173.3300000001,6270787.98,4,
770173.6300000001,6270787.98,1,
770176.93,6270787.98,3,
770177.2300000001,6270787.98,3,
770177.53,6270787.98,3,
770177.8300000001,6270787.98,3,
770178.1300000001,6270787.98,3,
770178.43,6270787.98,2,
770182.03,6270787.98,2,
770182.3300000001,6270787.98,1,
770182.6300000001,6270787.98,3,
770182.93,6270787.98,3,
770183.2300000001,6270787.98,5,
770183.53,6270787.98,1,
770183.8300000001,6270787.98,1,
770186.8300000001,6270787.98,4,
770187.1300000001,6270787.98,2,
770187.43,6270787.98,3,
770187.7300000001,6270787.98,1,
770188.03,6270787.98,2,
770188.3300000001,6270787.98,2,
770191.6300000001,6270787.98,1,
770191.93,6270787.98,2,
770192.2300000001,6270787.98,4,
770192.53,6270787.98,3,
770192.8300000001,6270787.98,1,
770193.1300000001,6270787.98,1,
770196.1300000001,6270787.98,3,
770196.4300000002,6270787.98,5,
770196.7300000001,6270787.98,1,
770197.03,6270787.98,3,
770197.3300000001,6270787.98,1,
770197.6300000001,6270787.98,4,
770148.1300000001,6270788.279999999,2,
770148.43,6270788.279999999,3,
770148.7300000001,6270788.279999999,3,
770149.03,6270788.279999999,1,
770149.3300000001,6270788.279999999,3,
770157.43,6270788.279999999,4,
770157.7300000001,6270788.279999999,2,
770158.03,6270788.279999999,1,
770158.3300000001,6270788.279999999,3,
770158.6300000001,6270788.279999999,4,
770158.93,6270788.279999999,3,
770162.53,6270788.279999999,2,
770162.8300000001,6270788.279999999,4,
770167.03,6270788.279999999,1,
770167.3300000001,6270788.279999999,2,
770167.6300000001,6270788.279999999,1,
770167.93,6270788.279999999,1,
770171.8300000001,6270788.279999999,1,
770172.1300000001,6270788.279999999,1,
770172.43,6270788.279999999,3,
770172.7300000001,6270788.279999999,3,
770173.03,6270788.279999999,3,
770173.3300000001,6270788.279999999,2,
770176.3300000001,6270788.279999999,1,
770176.93,6270788.279999999,3,
770177.2300000001,6270788.279999999,3,
770177.53,6270788.279999999,2,
770177.8300000001,6270788.279999999,3,
770178.1300000001,6270788.279999999,1,
770181.7300000001,6270788.279999999,2,
770182.03,6270788.279999999,2,
770182.3300000001,6270788.279999999,4,
770182.6300000001,6270788.279999999,3,
770185.93,6270788.279999999,1,
770186.2300000001,6270788.279999999,3,
770186.53,6270788.279999999,2,
770186.8300000001,6270788.279999999,4,
770187.1300000001,6270788.279999999,3,
770187.43,6270788.279999999,7,
770187.7300000001,6270788.279999999,1,
770188.03,6270788.279999999,1,
770191.03,6270788.279999999,2,
770191.3300000001,6270788.279999999,1,
770191.6300000001,6270788.279999999,2,
770191.93,6270788.279999999,3,
770192.2300000001,6270788.279999999,2,
770192.53,6270788.279999999,2,
770195.8300000001,6270788.279999999,1,
770196.1300000001,6270788.279999999,3,
770196.4300000002,6270788.279999999,3,
770196.7300000001,6270788.279999999,4,
770197.03,6270788.279999999,1,
770197.3300000001,6270788.279999999,2,
770147.2300000001,6270788.58,1,
770147.53,6270788.58,3,
770147.8300000001,6270788.58,3,
770148.1300000001,6270788.58,3,
770148.43,6270788.58,4,
770148.7300000001,6270788.58,1,
770149.03,6270788.58,1,
770152.3300000001,6270788.58,2,
770156.8300000001,6270788.58,1,
770157.1300000001,6270788.58,2,
770157.43,6270788.58,4,
770157.7300000001,6270788.58,4,
770158.03,6270788.58,2,
770158.3300000001,6270788.58,3,
770158.6300000001,6270788.58,1,
770161.93,6270788.58,1,
770162.2300000001,6270788.58,4,
770162.53,6270788.58,5,
770162.8300000001,6270788.58,2,
770166.43,6270788.58,1,
770166.7300000001,6270788.58,2,
770167.03,6270788.58,1,
770167.3300000001,6270788.58,3,
770167.6300000001,6270788.58,2,
770171.53,6270788.58,2,
770171.8300000001,6270788.58,3,
770172.1300000001,6270788.58,1,
770172.43,6270788.58,2,
770172.7300000001,6270788.58,1,
770176.3300000001,6270788.58,3,
770176.6300000001,6270788.58,4,
770176.93,6270788.58,5,
770177.2300000001,6270788.58,3,
770177.53,6270788.58,1,
770181.1300000001,6270788.58,1,
770181.43,6270788.58,3,
770181.7300000001,6270788.58,4,
770182.03,6270788.58,4,
770182.3300000001,6270788.58,2,
770185.6300000001,6270788.58,2,
770185.93,6270788.58,4,
770186.2300000001,6270788.58,2,
770186.53,6270788.58,3,
770186.8300000001,6270788.58,3,
770191.03,6270788.58,2,
770191.3300000001,6270788.58,3,
770191.6300000001,6270788.58,3,
770191.93,6270788.58,2,
770195.2300000001,6270788.58,3,
770195.53,6270788.58,4,
770195.8300000001,6270788.58,2,
770196.1300000001,6270788.58,2,
770196.4300000002,6270788.58,1,
770147.53,6270788.88,1,
770147.8300000001,6270788.88,3,
770148.1300000001,6270788.88,2,
770148.43,6270788.88,2,
770152.03,6270788.88,4,
770152.3300000001,6270788.88,2,
770152.6300000001,6270788.88,1,
770156.2300000001,6270788.88,1,
770156.53,6270788.88,1,
770156.8300000001,6270788.88,3,
770157.1300000001,6270788.88,3,
770157.43,6270788.88,2,
770157.7300000001,6270788.88,2,
770158.03,6270788.88,4,
770158.3300000001,6270788.88,1,
770161.3300000001,6270788.88,1,
770161.6300000001,6270788.88,1,
770161.93,6270788.88,4,
770162.2300000001,6270788.88,4,
770162.53,6270788.88,1,
770162.8300000001,6270788.88,1,
770166.1300000001,6270788.88,1,
770166.43,6270788.88,2,
770166.7300000001,6270788.88,4,
770167.03,6270788.88,4,
770167.3300000001,6270788.88,4,
770171.2300000001,6270788.88,3,
770171.53,6270788.88,4,
770171.8300000001,6270788.88,1,
770172.1300000001,6270788.88,2,
770172.43,6270788.88,1,
770175.1300000001,6270788.88,1,
770175.43,6270788.88,2,
770175.7300000001,6270788.88,3,
770176.03,6270788.88,1,
770176.3300000001,6270788.88,3,
770176.6300000001,6270788.88,5,
770180.53,6270788.88,1,
770180.8300000001,6270788.88,2,
770181.1300000001,6270788.88,3,
770181.43,6270788.88,3,
770181.7300000001,6270788.88,3,
770182.03,6270788.88,1,
770185.03,6270788.88,1,
770185.3300000001,6270788.88,3,
770185.6300000001,6270788.88,1,
770185.93,6270788.88,3,
770186.2300000001,6270788.88,4,
770186.53,6270788.88,2,
770186.8300000001,6270788.88,2,
770190.1300000001,6270788.88,1,
770190.43,6270788.88,2,
770190.7300000001,6270788.88,3,
770191.03,6270788.88,3,
770191.3300000001,6270788.88,2,
770191.6300000001,6270788.88,1,
770194.93,6270788.88,4,
770195.2300000001,6270788.88,1,
770195.53,6270788.88,4,
770195.8300000001,6270788.88,3,
770196.1300000001,6270788.88,3,
770148.1300000001,6270789.18,1,
770148.43,6270789.18,1,
770151.43,6270789.18,3,
770151.7300000001,6270789.18,4,
770152.03,6270789.18,2,
770152.3300000001,6270789.18,3,
770155.93,6270789.18,3,
770156.2300000001,6270789.18,3,
770156.53,6270789.18,3,
770156.8300000001,6270789.18,3,
770157.1300000001,6270789.18,4,
770157.43,6270789.18,2,
770161.03,6270789.18,3,
770161.3300000001,6270789.18,2,
770161.6300000001,6270789.18,3,
770161.93,6270789.18,1,
770162.2300000001,6270789.18,1,
770166.1300000001,6270789.18,2,
770166.43,6270789.18,3,
770166.7300000001,6270789.18,1,
770167.03,6270789.18,1,
770170.3300000001,6270789.18,2,
770170.6300000001,6270789.18,2,
770170.93,6270789.18,3,
770171.2300000001,6270789.18,3,
770171.53,6270789.18,3,
770171.8300000001,6270789.18,2,
770175.1300000001,6270789.18,2,
770175.43,6270789.18,2,
770175.7300000001,6270789.18,3,
770176.03,6270789.18,4,
770176.3300000001,6270789.18,3,
770179.93,6270789.18,2,
770180.2300000001,6270789.18,2,
770180.53,6270789.18,5,
770180.8300000001,6270789.18,3,
770181.1300000001,6270789.18,2,
770181.43,6270789.18,3,
770181.7300000001,6270789.18,1,
770184.7300000001,6270789.18,4,
770185.03,6270789.18,1,
770185.3300000001,6270789.18,5,
770185.6300000001,6270789.18,4,
770185.93,6270789.18,3,
770186.2300000001,6270789.18,2,
770186.53,6270789.18,1,
770189.53,6270789.18,1,
770189.8300000001,6270789.18,2,
770190.1300000001,6270789.18,3,
770190.43,6270789.18,2,
770190.7300000001,6270789.18,4,
770194.3300000001,6270789.18,3,
770194.6300000001,6270789.18,5,
770194.93,6270789.18,2,
770195.2300000001,6270789.18,3,
770151.1300000001,6270789.48,3,
770151.43,6270789.48,1,
770151.7300000001,6270789.48,6,
770152.03,6270789.48,1,
770155.3300000001,6270789.48,2,
770155.6300000001,6270789.48,2,
770155.93,6270789.48,2,
770156.2300000001,6270789.48,2,
770156.53,6270789.48,3,
770156.8300000001,6270789.48,3,
770157.1300000001,6270789.48,1,
770157.43,6270789.48,1,
770160.1300000001,6270789.48,1,
770160.43,6270789.48,3,
770160.7300000001,6270789.48,2,
770161.03,6270789.48,4,
770161.3300000001,6270789.48,1,
770165.2300000001,6270789.48,1,
770165.53,6270789.48,3,
770165.8300000001,6270789.48,4,
770166.1300000001,6270789.48,3,
770166.43,6270789.48,1,
770169.7300000001,6270789.48,1,
770170.03,6270789.48,1,
770170.3300000001,6270789.48,5,
770170.6300000001,6270789.48,2,
770170.93,6270789.48,3,
770174.8300000001,6270789.48,2,
770175.1300000001,6270789.48,4,
770175.43,6270789.48,3,
770175.7300000001,6270789.48,4,
770176.03,6270789.48,1,
770179.3300000001,6270789.48,1,
770179.6300000001,6270789.48,1,
770179.93,6270789.48,3,
770180.2300000001,6270789.48,3,
770180.53,6270789.48,3,
770180.8300000001,6270789.48,4,
770184.1300000001,6270789.48,2,
770184.43,6270789.48,4,
770185.03,6270789.48,3,
770185.3300000001,6270789.48,2,
770185.93,6270789.48,2,
770188.93,6270789.48,2,
770189.2300000001,6270789.48,4,
770189.53,6270789.48,3,
770189.8300000001,6270789.48,3,
770190.1300000001,6270789.48,3,
770190.43,6270789.48,2,
770193.7300000001,6270789.48,3,
770194.03,6270789.48,3,
770194.3300000001,6270789.48,2,
770194.6300000001,6270789.48,4,
770194.93,6270789.48,1,
770151.1300000001,6270789.779999999,2,
770151.43,6270789.779999999,4,
770155.03,6270789.779999999,1,
770155.3300000001,6270789.779999999,4,
770155.6300000001,6270789.779999999,2,
770155.93,6270789.779999999,3,
770156.2300000001,6270789.779999999,3,
770156.53,6270789.779999999,2,
770160.43,6270789.779999999,3,
770160.7300000001,6270789.779999999,3,
770161.3300000001,6270789.779999999,2,
770164.93,6270789.779999999,4,
770165.2300000001,6270789.779999999,2,
770165.53,6270789.779999999,3,
770165.8300000001,6270789.779999999,1,
770169.7300000001,6270789.779999999,2,
770170.03,6270789.779999999,3,
770170.6300000001,6270789.779999999,3,
770173.93,6270789.779999999,3,
770174.2300000001,6270789.779999999,2,
770174.53,6270789.779999999,2,
770174.8300000001,6270789.779999999,3,
770175.1300000001,6270789.779999999,4,
770175.43,6270789.779999999,2,
770179.3300000001,6270789.779999999,4,
770179.6300000001,6270789.779999999,3,
770179.93,6270789.779999999,2,
770180.2300000001,6270789.779999999,5,
770180.53,6270789.779999999,4,
770180.8300000001,6270789.779999999,1,
770183.8300000001,6270789.779999999,4,
770184.1300000001,6270789.779999999,2,
770184.43,6270789.779999999,4,
770184.7300000001,6270789.779999999,4,
770185.03,6270789.779999999,2,
770185.3300000001,6270789.779999999,1,
770185.6300000001,6270789.779999999,1,
770188.6300000001,6270789.779999999,1,
770188.93,6270789.779999999,2,
770189.2300000001,6270789.779999999,4,
770189.53,6270789.779999999,3,
770189.8300000001,6270789.779999999,3,
770193.1300000001,6270789.779999999,1,
770193.43,6270789.779999999,3,
770193.7300000001,6270789.779999999,3,
770194.03,6270789.779999999,2,
770194.3300000001,6270789.779999999,6,
770149.6300000001,6270790.08,1,
770150.2300000001,6270790.08,2,
770150.53,6270790.08,1,
770154.43,6270790.08,1,
770154.7300000001,6270790.08,2,
770155.03,6270790.08,3,
770155.3300000001,6270790.08,4,
770155.6300000001,6270790.08,2,
770155.93,6270790.08,2,
770160.1300000001,6270790.08,2,
770160.43,6270790.08,1,
770163.7300000001,6270790.08,1,
770164.3300000001,6270790.08,1,
770164.6300000001,6270790.08,3,
770164.93,6270790.08,4,
770165.2300000001,6270790.08,2,
770165.53,6270790.08,1,
770169.43,6270790.08,1,
770169.7300000001,6270790.08,4,
770170.03,6270790.08,3,
770170.3300000001,6270790.08,2,
770173.3300000001,6270790.08,2,
770173.6300000001,6270790.08,2,
770173.93,6270790.08,2,
770174.2300000001,6270790.08,4,
770174.53,6270790.08,4,
770174.8300000001,6270790.08,4,
770175.1300000001,6270790.08,1,
770175.43,6270790.08,1,
770178.43,6270790.08,1,
770178.7300000001,6270790.08,3,
770179.03,6270790.08,3,
770179.3300000001,6270790.08,4,
770179.6300000001,6270790.08,1,
770179.93,6270790.08,2,
770183.2300000001,6270790.08,1,
770183.53,6270790.08,2,
770183.8300000001,6270790.08,1,
770184.1300000001,6270790.08,4,
770184.43,6270790.08,2,
770184.7300000001,6270790.08,1,
770188.3300000001,6270790.08,2,
770188.6300000001,6270790.08,3,
770188.93,6270790.08,3,
770189.2300000001,6270790.08,5,
770189.53,6270790.08,3,
770192.53,6270790.08,1,
770192.8300000001,6270790.08,2,
770193.1300000001,6270790.08,4,
770193.43,6270790.08,3,
770193.7300000001,6270790.08,2,
770194.03,6270790.08,1,
770149.03,6270790.38,1,
770149.3300000001,6270790.38,1,
770149.6300000001,6270790.38,3,
770149.93,6270790.38,4,
770150.2300000001,6270790.38,2,
770150.53,6270790.38,2,
770154.1300000001,6270790.38,2,
770154.43,6270790.38,4,
770154.7300000001,6270790.38,1,
770155.03,6270790.38,3,
770155.6300000001,6270790.38,1,
770158.93,6270790.38,1,
770159.2300000001,6270790.38,3,
770159.53,6270790.38,3,
770159.8300000001,6270790.38,1,
770163.7300000001,6270790.38,2,
770164.03,6270790.38,3,
770164.3300000001,6270790.38,3,
770164.6300000001,6270790.38,4,
770164.93,6270790.38,1,
770165.2300000001,6270790.38,2,
770168.8300000001,6270790.38,2,
770169.1300000001,6270790.38,2,
770169.43,6270790.38,2,
770173.03,6270790.38,1,
770173.3300000001,6270790.38,2,
770173.6300000001,6270790.38,3,
770173.93,6270790.38,4,
770174.2300000001,6270790.38,4,
770174.53,6270790.38,3,
770177.8300000001,6270790.38,1,
770178.43,6270790.38,4,
770178.7300000001,6270790.38,1,
770179.03,6270790.38,4,
770179.3300000001,6270790.38,4,
770179.6300000001,6270790.38,1,
770179.93,6270790.38,1,
770182.6300000001,6270790.38,1,
770182.93,6270790.38,2,
770183.2300000001,6270790.38,4,
770183.53,6270790.38,3,
770183.8300000001,6270790.38,2,
770187.7300000001,6270790.38,3,
770188.03,6270790.38,3,
770188.3300000001,6270790.38,2,
770188.6300000001,6270790.38,2,
770188.93,6270790.38,5,
770189.2300000001,6270790.38,1,
770192.2300000001,6270790.38,2,
770192.53,6270790.38,2,
770192.8300000001,6270790.38,4,
770193.1300000001,6270790.38,4,
770193.43,6270790.38,4,
770193.7300000001,6270790.38,1,
770149.03,6270790.68,1,
770149.3300000001,6270790.68,4,
770149.6300000001,6270790.68,2,
770149.93,6270790.68,2,
770150.2300000001,6270790.68,4,
770153.53,6270790.68,1,
770153.8300000001,6270790.68,3,
770154.1300000001,6270790.68,3,
770154.43,6270790.68,4,
770154.7300000001,6270790.68,2,
770155.03,6270790.68,1,
770158.3300000001,6270790.68,2,
770158.6300000001,6270790.68,1,
770158.93,6270790.68,3,
770159.2300000001,6270790.68,3,
770159.53,6270790.68,2,
770163.1300000001,6270790.68,2,
770163.43,6270790.68,4,
770163.7300000001,6270790.68,2,
770164.03,6270790.68,2,
770164.3300000001,6270790.68,4,
770168.2300000001,6270790.68,1,
770168.53,6270790.68,1,
770168.8300000001,6270790.68,4,
770169.1300000001,6270790.68,1,
770172.43,6270790.68,1,
770172.7300000001,6270790.68,2,
770173.03,6270790.68,1,
770173.3300000001,6270790.68,5,
770173.6300000001,6270790.68,3,
770173.93,6270790.68,2,
770174.2300000001,6270790.68,1,
770177.2300000001,6270790.68,1,
770177.8300000001,6270790.68,3,
770178.1300000001,6270790.68,2,
770178.43,6270790.68,3,
770178.7300000001,6270790.68,2,
770179.03,6270790.68,2,
770179.3300000001,6270790.68,1,
770182.03,6270790.68,1,
770182.3300000001,6270790.68,2,
770182.6300000001,6270790.68,1,
770182.93,6270790.68,3,
770183.2300000001,6270790.68,3,
770183.53,6270790.68,1,
770183.8300000001,6270790.68,1,
770186.8300000001,6270790.68,1,
770187.1300000001,6270790.68,1,
770187.43,6270790.68,3,
770187.7300000001,6270790.68,3,
770188.03,6270790.68,1,
770188.3300000001,6270790.68,3,
770188.6300000001,6270790.68,3,
770191.93,6270790.68,5,
770192.2300000001,6270790.68,3,
770192.53,6270790.68,2,
770192.8300000001,6270790.68,3,
770193.1300000001,6270790.68,2,
770149.3300000001,6270790.98,4,
770149.6300000001,6270790.98,2,
770153.2300000001,6270790.98,3,
770153.53,6270790.98,2,
770153.8300000001,6270790.98,2,
770154.1300000001,6270790.98,5,
770154.43,6270790.98,2,
770154.7300000001,6270790.98,2,
770158.03,6270790.98,1,
770158.3300000001,6270790.98,3,
770158.6300000001,6270790.98,2,
770158.93,6270790.98,2,
770162.8300000001,6270790.98,3,
770163.1300000001,6270790.98,4,
770163.43,6270790.98,3,
770163.7300000001,6270790.98,1,
770164.03,6270790.98,1,
770167.3300000001,6270790.98,1,
770167.6300000001,6270790.98,1,
770167.93,6270790.98,4,
770168.2300000001,6270790.98,3,
770168.53,6270790.98,1,
770172.1300000001,6270790.98,4,
770172.43,6270790.98,3,
770173.03,6270790.98,3,
770173.3300000001,6270790.98,5,
770173.6300000001,6270790.98,1,
770173.93,6270790.98,1,
770176.93,6270790.98,1,
770177.2300000001,6270790.98,2,
770177.53,6270790.98,4,
770177.8300000001,6270790.98,2,
770178.1300000001,6270790.98,3,
770181.7300000001,6270790.98,2,
770182.03,6270790.98,2,
770182.3300000001,6270790.98,3,
770182.6300000001,6270790.98,4,
770182.93,6270790.98,3,
770183.2300000001,6270790.98,3,
770186.8300000001,6270790.98,5,
770187.1300000001,6270790.98,3,
770187.43,6270790.98,3,
770187.7300000001,6270790.98,2,
770188.03,6270790.98,4,
770188.3300000001,6270790.98,2,
770191.03,6270790.98,2,
770191.3300000001,6270790.98,2,
770191.6300000001,6270790.98,3,
770191.93,6270790.98,2,
770192.2300000001,6270790.98,2,
770192.53,6270790.98,3,
770149.03,6270791.279999999,2,
770149.3300000001,6270791.279999999,1,
770152.6300000001,6270791.279999999,2,
770152.93,6270791.279999999,4,
770153.2300000001,6270791.279999999,3,
770153.53,6270791.279999999,3,
770153.8300000001,6270791.279999999,3,
770157.7300000001,6270791.279999999,2,
770158.03,6270791.279999999,2,
770158.3300000001,6270791.279999999,2,
770161.93,6270791.279999999,1,
770162.2300000001,6270791.279999999,1,
770162.53,6270791.279999999,3,
770162.8300000001,6270791.279999999,4,
770163.1300000001,6270791.279999999,2,
770167.6300000001,6270791.279999999,3,
770167.93,6270791.279999999,3,
770168.2300000001,6270791.279999999,1,
770171.53,6270791.279999999,1,
770171.8300000001,6270791.279999999,2,
770172.1300000001,6270791.279999999,5,
770172.43,6270791.279999999,3,
770172.7300000001,6270791.279999999,4,
770173.03,6270791.279999999,4,
770176.93,6270791.279999999,5,
770177.2300000001,6270791.279999999,3,
770177.53,6270791.279999999,3,
770177.8300000001,6270791.279999999,3,
770181.43,6270791.279999999,2,
770181.7300000001,6270791.279999999,4,
770182.03,6270791.279999999,3,
770182.3300000001,6270791.279999999,3,
770182.6300000001,6270791.279999999,2,
770186.2300000001,6270791.279999999,2,
770186.53,6270791.279999999,4,
770186.8300000001,6270791.279999999,1,
770187.1300000001,6270791.279999999,3,
770187.43,6270791.279999999,3,
770187.7300000001,6270791.279999999,1,
770188.03,6270791.279999999,3,
770190.7300000001,6270791.279999999,2,
770191.03,6270791.279999999,2,
770191.3300000001,6270791.279999999,3,
770191.6300000001,6270791.279999999,1,
770191.93,6270791.279999999,3,
770192.2300000001,6270791.279999999,2,
770152.03,6270791.58,3,
770152.3300000001,6270791.58,2,
770152.6300000001,6270791.58,4,
770152.93,6270791.58,2,
770153.2300000001,6270791.58,3,
770153.53,6270791.58,1,
770153.8300000001,6270791.58,1,
770156.8300000001,6270791.58,1,
770157.43,6270791.58,3,
770157.7300000001,6270791.58,1,
770161.6300000001,6270791.58,1,
770161.93,6270791.58,2,
770162.2300000001,6270791.58,4,
770162.53,6270791.58,3,
770162.8300000001,6270791.58,2,
770163.1300000001,6270791.58,1,
770163.43,6270791.58,1,
770166.43,6270791.58,1,
770167.03,6270791.58,1,
770167.3300000001,6270791.58,4,
770170.93,6270791.58,2,
770171.2300000001,6270791.58,1,
770171.53,6270791.58,2,
770171.8300000001,6270791.58,2,
770172.1300000001,6270791.58,4,
770172.43,6270791.58,4,
770176.03,6270791.58,3,
770176.3300000001,6270791.58,1,
770176.93,6270791.58,2,
770177.2300000001,6270791.58,4,
770177.53,6270791.58,1,
770180.53,6270791.58,1,
770180.8300000001,6270791.58,1,
770181.1300000001,6270791.58,5,
770181.43,6270791.58,4,
770181.7300000001,6270791.58,1,
770182.03,6270791.58,2,
770182.3300000001,6270791.58,2,
770185.93,6270791.58,3,
770186.2300000001,6270791.58,5,
770186.53,6270791.58,3,
770186.8300000001,6270791.58,3,
770187.1300000001,6270791.58,3,
770187.43,6270791.58,1,
770190.7300000001,6270791.58,3,
770191.03,6270791.58,2,
770191.3300000001,6270791.58,5,
770191.6300000001,6270791.58,2,
770151.43,6270791.88,1,
770151.7300000001,6270791.88,3,
770152.03,6270791.88,2,
770152.3300000001,6270791.88,6,
770152.6300000001,6270791.88,2,
770152.93,6270791.88,3,
770156.53,6270791.88,2,
770156.8300000001,6270791.88,2,
770157.1300000001,6270791.88,2,
770157.43,6270791.88,1,
770161.03,6270791.88,1,
770161.3300000001,6270791.88,3,
770161.6300000001,6270791.88,4,
770161.93,6270791.88,3,
770162.2300000001,6270791.88,4,
770162.53,6270791.88,1,
770166.1300000001,6270791.88,1,
770166.43,6270791.88,2,
770166.7300000001,6270791.88,4,
770170.6300000001,6270791.88,1,
770170.93,6270791.88,2,
770171.2300000001,6270791.88,3,
770171.53,6270791.88,3,
770171.8300000001,6270791.88,5,
770172.1300000001,6270791.88,1,
770175.7300000001,6270791.88,3,
770176.03,6270791.88,3,
770176.3300000001,6270791.88,3,
770176.6300000001,6270791.88,3,
770180.53,6270791.88,4,
770180.8300000001,6270791.88,2,
770181.1300000001,6270791.88,2,
770181.43,6270791.88,3,
770181.7300000001,6270791.88,1,
770185.3300000001,6270791.88,1,
770185.6300000001,6270791.88,3,
770185.93,6270791.88,3,
770186.2300000001,6270791.88,4,
770186.53,6270791.88,2,
770190.1300000001,6270791.88,4,
770190.43,6270791.88,4,
770190.7300000001,6270791.88,2,
770191.03,6270791.88,4,
770150.8300000001,6270792.18,1,
770151.43,6270792.18,4,
770151.7300000001,6270792.18,1,
770152.03,6270792.18,4,
770152.3300000001,6270792.18,3,
770152.6300000001,6270792.18,1,
770155.93,6270792.18,1,
770156.2300000001,6270792.18,4,
770156.53,6270792.18,3,
770156.8300000001,6270792.18,2,
770157.1300000001,6270792.18,2,
770160.43,6270792.18,2,
770160.7300000001,6270792.18,2,
770161.03,6270792.18,3,
770161.3300000001,6270792.18,4,
770161.6300000001,6270792.18,2,
770161.93,6270792.18,1,
770165.8300000001,6270792.18,1,
770166.1300000001,6270792.18,3,
770166.43,6270792.18,3,
770166.7300000001,6270792.18,1,
770170.03,6270792.18,3,
770170.6300000001,6270792.18,3,
770170.93,6270792.18,2,
770171.2300000001,6270792.18,3,
770171.53,6270792.18,2,
770175.1300000001,6270792.18,1,
770175.43,6270792.18,3,
770175.7300000001,6270792.18,5,
770176.03,6270792.18,1,
770176.3300000001,6270792.18,3,
770179.6300000001,6270792.18,2,
770179.93,6270792.18,3,
770180.2300000001,6270792.18,3,
770180.53,6270792.18,1,
770180.8300000001,6270792.18,4,
770181.1300000001,6270792.18,2,
770181.43,6270792.18,1,
770185.03,6270792.18,2,
770185.3300000001,6270792.18,4,
770185.93,6270792.18,4,
770189.2300000001,6270792.18,1,
770189.53,6270792.18,2,
770189.8300000001,6270792.18,5,
770190.1300000001,6270792.18,3,
770190.43,6270792.18,2,
770150.53,6270792.48,2,
770150.8300000001,6270792.48,4,
770151.1300000001,6270792.48,3,
770151.43,6270792.48,1,
770151.7300000001,6270792.48,3,
770152.03,6270792.48,2,
770155.6300000001,6270792.48,3,
770155.93,6270792.48,2,
770156.2300000001,6270792.48,4,
770156.53,6270792.48,1,
770156.8300000001,6270792.48,1,
770160.1300000001,6270792.48,2,
770160.43,6270792.48,1,
770160.7300000001,6270792.48,3,
770161.03,6270792.48,3,
770161.3300000001,6270792.48,2,
770161.6300000001,6270792.48,1,
770165.53,6270792.48,2,
770165.8300000001,6270792.48,2,
770166.1300000001,6270792.48,2,
770166.43,6270792.48,2,
770169.7300000001,6270792.48,1,
770170.03,6270792.48,2,
770170.3300000001,6270792.48,2,
770170.6300000001,6270792.48,4,
770170.93,6270792.48,2,
770171.2300000001,6270792.48,1,
770174.2300000001,6270792.48,1,
770174.53,6270792.48,3,
770174.8300000001,6270792.48,3,
770175.1300000001,6270792.48,2,
770175.43,6270792.48,5,
770175.7300000001,6270792.48,2,
770176.03,6270792.48,1,
770179.6300000001,6270792.48,5,
770179.93,6270792.48,3,
770180.2300000001,6270792.48,2,
770180.53,6270792.48,3,
770180.8300000001,6270792.48,1,
770184.43,6270792.48,3,
770184.7300000001,6270792.48,4,
770185.03,6270792.48,3,
770185.3300000001,6270792.48,2,
770185.6300000001,6270792.48,4,
770188.6300000001,6270792.48,1,
770188.93,6270792.48,3,
770189.2300000001,6270792.48,3,
770189.53,6270792.48,4,
770189.8300000001,6270792.48,3,
770190.1300000001,6270792.48,3,
770149.93,6270792.779999999,1,
770150.2300000001,6270792.779999999,2,
770150.53,6270792.779999999,4,
770150.8300000001,6270792.779999999,2,
770151.1300000001,6270792.779999999,4,
770151.43,6270792.779999999,3,
770151.7300000001,6270792.779999999,1,
770154.7300000001,6270792.779999999,1,
770155.03,6270792.779999999,2,
770155.3300000001,6270792.779999999,2,
770155.6300000001,6270792.779999999,4,
770155.93,6270792.779999999,2,
770156.2300000001,6270792.779999999,1,
770160.1300000001,6270792.779999999,3,
770160.43,6270792.779999999,3,
770160.7300000001,6270792.779999999,2,
770161.03,6270792.779999999,2,
770161.3300000001,6270792.779999999,1,
770161.6300000001,6270792.779999999,1,
770164.6300000001,6270792.779999999,2,
770164.93,6270792.779999999,2,
770165.2300000001,6270792.779999999,4,
770165.53,6270792.779999999,3,
770165.8300000001,6270792.779999999,1,
770169.1300000001,6270792.779999999,2,
770169.43,6270792.779999999,4,
770169.7300000001,6270792.779999999,1,
770170.03,6270792.779999999,4,
770170.3300000001,6270792.779999999,3,
770170.6300000001,6270792.779999999,2,
770173.93,6270792.779999999,1,
770174.2300000001,6270792.779999999,1,
770174.53,6270792.779999999,2,
770174.8300000001,6270792.779999999,3,
770175.1300000001,6270792.779999999,3,
770175.43,6270792.779999999,2,
770179.03,6270792.779999999,2,
770179.3300000001,6270792.779999999,3,
770179.6300000001,6270792.779999999,3,
770179.93,6270792.779999999,4,
770180.2300000001,6270792.779999999,1,
770183.8300000001,6270792.779999999,1,
770184.1300000001,6270792.779999999,3,
770184.43,6270792.779999999,4,
770184.7300000001,6270792.779999999,4,
770185.03,6270792.779999999,1,
770188.3300000001,6270792.779999999,1,
770188.6300000001,6270792.779999999,3,
770188.93,6270792.779999999,2,
770189.2300000001,6270792.779999999,2,
770189.53,6270792.779999999,3,
770189.8300000001,6270792.779999999,4,
770190.1300000001,6270792.779999999,1,
770149.6300000001,6270793.08,1,
770149.93,6270793.08,2,
770150.2300000001,6270793.08,1,
770150.53,6270793.08,3,
770150.8300000001,6270793.08,2,
770151.1300000001,6270793.08,2,
770154.43,6270793.08,3,
770154.7300000001,6270793.08,4,
770155.03,6270793.08,3,
770155.3300000001,6270793.08,1,
770155.6300000001,6270793.08,1,
770159.2300000001,6270793.08,2,
770159.53,6270793.08,3,
770159.8300000001,6270793.08,4,
770160.1300000001,6270793.08,4,
770160.43,6270793.08,1,
770164.6300000001,6270793.08,2,
770164.93,6270793.08,3,
770168.53,6270793.08,2,
770168.8300000001,6270793.08,5,
770169.1300000001,6270793.08,2,
770169.43,6270793.08,3,
770169.7300000001,6270793.08,3,
770170.03,6270793.08,3,
770170.3300000001,6270793.08,1,
770173.6300000001,6270793.08,2,
770173.93,6270793.08,3,
770174.2300000001,6270793.08,4,
770174.53,6270793.08,3,
770174.8300000001,6270793.08,4,
770175.1300000001,6270793.08,2,
770178.1300000001,6270793.08,1,
770178.43,6270793.08,1,
770178.7300000001,6270793.08,3,
770179.03,6270793.08,3,
770179.3300000001,6270793.08,3,
770179.6300000001,6270793.08,2,
770182.93,6270793.08,1,
770183.53,6270793.08,3,
770183.8300000001,6270793.08,5,
770184.1300000001,6270793.08,2,
770184.43,6270793.08,2,
770184.7300000001,6270793.08,3,
770187.7300000001,6270793.08,1,
770188.3300000001,6270793.08,4,
770188.6300000001,6270793.08,3,
770188.93,6270793.08,1,
770189.2300000001,6270793.08,4,
770149.6300000001,6270793.38,1,
770149.93,6270793.38,3,
770150.8300000001,6270793.38,1,
770154.1300000001,6270793.38,2,
770154.43,6270793.38,2,
770154.7300000001,6270793.38,3,
770155.03,6270793.38,2,
770158.3300000001,6270793.38,1,
770158.6300000001,6270793.38,2,
770158.93,6270793.38,1,
770159.2300000001,6270793.38,2,
770159.53,6270793.38,3,
770159.8300000001,6270793.38,5,
770164.03,6270793.38,2,
770164.3300000001,6270793.38,1,
770164.6300000001,6270793.38,3,
770167.6300000001,6270793.38,1,
770167.93,6270793.38,1,
770168.2300000001,6270793.38,1,
770168.53,6270793.38,2,
770168.8300000001,6270793.38,2,
770169.1300000001,6270793.38,4,
770169.43,6270793.38,3,
770169.7300000001,6270793.38,2,
770172.7300000001,6270793.38,1,
770173.03,6270793.38,2,
770173.3300000001,6270793.38,1,
770173.6300000001,6270793.38,4,
770173.93,6270793.38,3,
770174.2300000001,6270793.38,3,
770174.53,6270793.38,2,
770177.8300000001,6270793.38,1,
770178.1300000001,6270793.38,4,
770178.43,6270793.38,3,
770178.7300000001,6270793.38,1,
770179.03,6270793.38,4,
770179.3300000001,6270793.38,2,
770183.2300000001,6270793.38,2,
770183.53,6270793.38,4,
770183.8300000001,6270793.38,3,
770184.1300000001,6270793.38,3,
770184.7300000001,6270793.38,1,
770187.43,6270793.38,3,
770187.7300000001,6270793.38,3,
770188.03,6270793.38,2,
770188.3300000001,6270793.38,3,
770188.6300000001,6270793.38,3,
770188.93,6270793.38,2,
770189.2300000001,6270793.38,1,
770153.53,6270793.68,1,
770153.8300000001,6270793.68,2,
770154.1300000001,6270793.68,1,
770154.43,6270793.68,4,
770154.7300000001,6270793.68,1,
770158.03,6270793.68,1,
770158.3300000001,6270793.68,2,
770158.6300000001,6270793.68,4,
770158.93,6270793.68,3,
770159.2300000001,6270793.68,2,
770159.8300000001,6270793.68,3,
770163.1300000001,6270793.68,1,
770163.43,6270793.68,1,
770163.7300000001,6270793.68,5,
770164.03,6270793.68,3,
770167.6300000001,6270793.68,4,
770167.93,6270793.68,3,
770168.53,6270793.68,3,
770168.8300000001,6270793.68,2,
770169.1300000001,6270793.68,2,
770169.43,6270793.68,2,
770172.43,6270793.68,1,
770172.7300000001,6270793.68,3,
770173.03,6270793.68,1,
770173.3300000001,6270793.68,3,
770173.6300000001,6270793.68,2,
770173.93,6270793.68,3,
770174.2300000001,6270793.68,2,
770177.8300000001,6270793.68,5,
770178.1300000001,6270793.68,2,
770178.43,6270793.68,3,
770178.7300000001,6270793.68,4,
770179.03,6270793.68,1,
770182.3300000001,6270793.68,2,
770182.6300000001,6270793.68,1,
770182.93,6270793.68,4,
770183.2300000001,6270793.68,4,
770183.53,6270793.68,3,
770183.8300000001,6270793.68,2,
770186.8300000001,6270793.68,2,
770187.1300000001,6270793.68,1,
770187.43,6270793.68,3,
770187.7300000001,6270793.68,3,
770188.03,6270793.68,4,
770188.3300000001,6270793.68,2,
770188.6300000001,6270793.68,1,
770153.2300000001,6270793.98,2,
770153.53,6270793.98,2,
770153.8300000001,6270793.98,3,
770154.1300000001,6270793.98,2,
770158.03,6270793.98,3,
770158.3300000001,6270793.98,4,
770158.6300000001,6270793.98,3,
770158.93,6270793.98,4,
770159.2300000001,6270793.98,1,
770162.8300000001,6270793.98,2,
770163.1300000001,6270793.98,3,
770163.43,6270793.98,4,
770163.7300000001,6270793.98,3,
770164.03,6270793.98,1,
770167.3300000001,6270793.98,2,
770167.6300000001,6270793.98,3,
770167.93,6270793.98,3,
770168.2300000001,6270793.98,3,
770168.53,6270793.98,3,
770168.8300000001,6270793.98,3,
770172.1300000001,6270793.98,1,
770172.43,6270793.98,2,
770172.7300000001,6270793.98,4,
770173.03,6270793.98,3,
770173.3300000001,6270793.98,2,
770173.6300000001,6270793.98,4,
770176.6300000001,6270793.98,1,
770176.93,6270793.98,2,
770177.2300000001,6270793.98,1,
770177.53,6270793.98,4,
770177.8300000001,6270793.98,1,
770178.1300000001,6270793.98,1,
770178.43,6270793.98,1,
770178.7300000001,6270793.98,2,
770181.7300000001,6270793.98,1,
770182.03,6270793.98,2,
770182.3300000001,6270793.98,3,
770182.6300000001,6270793.98,2,
770182.93,6270793.98,3,
770183.2300000001,6270793.98,3,
770186.2300000001,6270793.98,3,
770186.53,6270793.98,1,
770186.8300000001,6270793.98,3,
770187.1300000001,6270793.98,4,
770187.43,6270793.98,2,
770187.7300000001,6270793.98,2,
770152.6300000001,6270794.279999999,2,
770152.93,6270794.279999999,3,
770153.2300000001,6270794.279999999,2,
770153.53,6270794.279999999,4,
770153.8300000001,6270794.279999999,1,
770157.43,6270794.279999999,2,
770157.7300000001,6270794.279999999,3,
770158.03,6270794.279999999,3,
770158.3300000001,6270794.279999999,4,
770158.6300000001,6270794.279999999,1,
770162.2300000001,6270794.279999999,2,
770162.53,6270794.279999999,2,
770162.8300000001,6270794.279999999,3,
770163.1300000001,6270794.279999999,2,
770163.43,6270794.279999999,1,
770166.43,6270794.279999999,1,
770166.7300000001,6270794.279999999,1,
770167.03,6270794.279999999,4,
770167.3300000001,6270794.279999999,3,
770167.6300000001,6270794.279999999,2,
770167.93,6270794.279999999,3,
770168.2300000001,6270794.279999999,1,
770172.1300000001,6270794.279999999,3,
770172.43,6270794.279999999,4,
770172.7300000001,6270794.279999999,1,
770173.03,6270794.279999999,2,
770173.3300000001,6270794.279999999,1,
770176.6300000001,6270794.279999999,2,
770176.93,6270794.279999999,4,
770177.2300000001,6270794.279999999,2,
770177.53,6270794.279999999,2,
770181.43,6270794.279999999,1,
770181.7300000001,6270794.279999999,4,
770182.03,6270794.279999999,4,
770182.3300000001,6270794.279999999,3,
770182.6300000001,6270794.279999999,2,
770182.93,6270794.279999999,2,
770185.93,6270794.279999999,3,
770186.2300000001,6270794.279999999,1,
770186.53,6270794.279999999,5,
770186.8300000001,6270794.279999999,3,
770187.1300000001,6270794.279999999,2,
770187.43,6270794.279999999,1,
770152.3300000001,6270794.58,1,
770152.6300000001,6270794.58,2,
770152.93,6270794.58,4,
770153.2300000001,6270794.58,3,
770153.8300000001,6270794.58,1,
770157.1300000001,6270794.58,2,
770157.43,6270794.58,4,
770157.7300000001,6270794.58,3,
770158.03,6270794.58,2,
770161.3300000001,6270794.58,1,
770161.6300000001,6270794.58,3,
770161.93,6270794.58,2,
770162.2300000001,6270794.58,4,
770162.53,6270794.58,1,
770166.1300000001,6270794.58,2,
770166.43,6270794.58,4,
770166.7300000001,6270794.58,2,
770167.03,6270794.58,4,
770167.3300000001,6270794.58,3,
770167.6300000001,6270794.58,3,
770171.53,6270794.58,1,
770171.8300000001,6270794.58,2,
770172.1300000001,6270794.58,2,
770175.43,6270794.58,1,
770176.03,6270794.58,1,
770176.3300000001,6270794.58,4,
770176.6300000001,6270794.58,4,
770176.93,6270794.58,3,
770177.2300000001,6270794.58,2,
770181.1300000001,6270794.58,3,
770181.43,6270794.58,3,
770181.7300000001,6270794.58,2,
770182.3300000001,6270794.58,1,
770185.3300000001,6270794.58,2,
770185.6300000001,6270794.58,4,
770185.93,6270794.58,3,
770186.2300000001,6270794.58,3,
770186.53,6270794.58,1,
770186.8300000001,6270794.58,2,
770152.3300000001,6270794.88,1,
770152.6300000001,6270794.88,3,
770152.93,6270794.88,2,
770156.53,6270794.88,2,
770156.8300000001,6270794.88,4,
770157.1300000001,6270794.88,4,
770157.43,6270794.88,2,
770161.03,6270794.88,1,
770161.3300000001,6270794.88,2,
770161.6300000001,6270794.88,2,
770161.93,6270794.88,5,
770162.2300000001,6270794.88,2,
770165.53,6270794.88,2,
770165.8300000001,6270794.88,2,
770166.1300000001,6270794.88,2,
770166.43,6270794.88,2,
770166.7300000001,6270794.88,3,
770167.03,6270794.88,2,
770167.3300000001,6270794.88,2,
770170.6300000001,6270794.88,1,
770170.93,6270794.88,2,
770171.2300000001,6270794.88,2,
770171.53,6270794.88,3,
770175.1300000001,6270794.88,1,
770175.43,6270794.88,3,
770175.7300000001,6270794.88,1,
770176.03,6270794.88,4,
770176.3300000001,6270794.88,2,
770176.6300000001,6270794.88,1,
770176.93,6270794.88,1,
770180.53,6270794.88,2,
770180.8300000001,6270794.88,4,
770181.1300000001,6270794.88,2,
770181.43,6270794.88,2,
770184.7300000001,6270794.88,1,
770185.03,6270794.88,4,
770185.3300000001,6270794.88,4,
770185.6300000001,6270794.88,2,
770185.93,6270794.88,2,
770155.93,6270795.18,1,
770156.2300000001,6270795.18,2,
770156.53,6270795.18,2,
770157.1300000001,6270795.18,1,
770161.3300000001,6270795.18,2,
770161.6300000001,6270795.18,2,
770161.93,6270795.18,3,
770164.93,6270795.18,1,
770165.2300000001,6270795.18,1,
770165.53,6270795.18,2,
770165.8300000001,6270795.18,4,
770166.1300000001,6270795.18,2,
770166.43,6270795.18,2,
770166.7300000001,6270795.18,5,
770167.03,6270795.18,2,
770170.3300000001,6270795.18,1,
770170.6300000001,6270795.18,2,
770170.93,6270795.18,4,
770171.2300000001,6270795.18,3,
770171.8300000001,6270795.18,1,
770174.8300000001,6270795.18,2,
770175.1300000001,6270795.18,2,
770175.43,6270795.18,4,
770175.7300000001,6270795.18,3,
770176.03,6270795.18,2,
770179.6300000001,6270795.18,1,
770180.2300000001,6270795.18,3,
770180.53,6270795.18,3,
770180.8300000001,6270795.18,2,
770184.1300000001,6270795.18,1,
770184.43,6270795.18,3,
770184.7300000001,6270795.18,4,
770185.03,6270795.18,2,
770185.3300000001,6270795.18,4,
770185.6300000001,6270795.18,1,
770155.93,6270795.48,2,
770156.2300000001,6270795.48,2,
770160.43,6270795.48,3,
770160.7300000001,6270795.48,1,
770161.3300000001,6270795.48,2,
770164.93,6270795.48,2,
770165.2300000001,6270795.48,3,
770165.53,6270795.48,3,
770165.8300000001,6270795.48,4,
770166.1300000001,6270795.48,1,
770169.43,6270795.48,1,
770169.7300000001,6270795.48,2,
770170.03,6270795.48,1,
770170.3300000001,6270795.48,2,
770170.6300000001,6270795.48,4,
770170.93,6270795.48,1,
770174.2300000001,6270795.48,1,
770174.53,6270795.48,3,
770174.8300000001,6270795.48,3,
770175.1300000001,6270795.48,3,
770175.43,6270795.48,1,
770175.7300000001,6270795.48,2,
770176.03,6270795.48,1,
770179.3300000001,6270795.48,2,
770179.6300000001,6270795.48,2,
770179.93,6270795.48,3,
770180.2300000001,6270795.48,4,
770183.8300000001,6270795.48,1,
770184.1300000001,6270795.48,3,
770184.43,6270795.48,4,
770184.7300000001,6270795.48,3,
770185.03,6270795.48,2,
770185.3300000001,6270795.48,2,
770155.3300000001,6270795.779999999,1,
770160.1300000001,6270795.779999999,3,
770160.43,6270795.779999999,2,
770160.7300000001,6270795.779999999,2,
770164.03,6270795.779999999,3,
770164.3300000001,6270795.779999999,2,
770164.6300000001,6270795.779999999,4,
770164.93,6270795.779999999,1,
770165.2300000001,6270795.779999999,1,
770165.53,6270795.779999999,4,
770169.43,6270795.779999999,2,
770169.7300000001,6270795.779999999,2,
770170.03,6270795.779999999,4,
770170.3300000001,6270795.779999999,1,
770170.6300000001,6270795.779999999,2,
770170.93,6270795.779999999,1,
770173.6300000001,6270795.779999999,2,
770173.93,6270795.779999999,2,
770174.2300000001,6270795.779999999,2,
770174.53,6270795.779999999,5,
770174.8300000001,6270795.779999999,5,
770175.43,6270795.779999999,2,
770179.03,6270795.779999999,1,
770179.3300000001,6270795.779999999,2,
770179.6300000001,6270795.779999999,4,
770179.93,6270795.779999999,2,
770180.2300000001,6270795.779999999,1,
770183.2300000001,6270795.779999999,1,
770183.53,6270795.779999999,3,
770183.8300000001,6270795.779999999,4,
770184.1300000001,6270795.779999999,3,
770184.43,6270795.779999999,4,
770184.7300000001,6270795.779999999,3,
770185.03,6270795.779999999,1,
770185.3300000001,6270795.779999999,1,
770155.03,6270796.08,1,
770159.53,6270796.08,2,
770159.8300000001,6270796.08,1,
770160.43,6270796.08,3,
770164.03,6270796.08,4,
770164.3300000001,6270796.08,4,
770164.6300000001,6270796.08,3,
770164.93,6270796.08,2,
770165.2300000001,6270796.08,3,
770168.2300000001,6270796.08,1,
770168.8300000001,6270796.08,2,
770169.1300000001,6270796.08,3,
770169.43,6270796.08,3,
770169.7300000001,6270796.08,3,
770173.3300000001,6270796.08,1,
770173.6300000001,6270796.08,3,
770173.93,6270796.08,1,
770174.2300000001,6270796.08,5,
770174.53,6270796.08,2,
770174.8300000001,6270796.08,2,
770175.1300000001,6270796.08,1,
770178.43,6270796.08,3,
770178.7300000001,6270796.08,3,
770179.03,6270796.08,4,
770179.3300000001,6270796.08,2,
770179.6300000001,6270796.08,2,
770182.93,6270796.08,3,
770183.2300000001,6270796.08,2,
770183.53,6270796.08,2,
770183.8300000001,6270796.08,4,
770184.1300000001,6270796.08,1,
770153.53,6270796.38,1,
770154.43,6270796.38,2,
770154.7300000001,6270796.38,1,
770158.93,6270796.38,2,
770159.2300000001,6270796.38,2,
770159.53,6270796.38,1,
770159.8300000001,6270796.38,1,
770163.7300000001,6270796.38,2,
770164.03,6270796.38,1,
770164.3300000001,6270796.38,4,
770168.2300000001,6270796.38,2,
770168.53,6270796.38,2,
770168.8300000001,6270796.38,1,
770169.1300000001,6270796.38,3,
770169.43,6270796.38,2,
770169.7300000001,6270796.38,1,
770173.03,6270796.38,1,
770173.6300000001,6270796.38,3,
770173.93,6270796.38,4,
770174.2300000001,6270796.38,2,
770177.8300000001,6270796.38,2,
770178.1300000001,6270796.38,2,
770178.43,6270796.38,3,
770178.7300000001,6270796.38,4,
770179.03,6270796.38,1,
770179.3300000001,6270796.38,2,
770182.6300000001,6270796.38,2,
770182.93,6270796.38,3,
770183.2300000001,6270796.38,3,
770183.53,6270796.38,3,
770183.8300000001,6270796.38,1,
770153.2300000001,6270796.68,3,
770153.53,6270796.68,2,
770153.8300000001,6270796.68,3,
770154.1300000001,6270796.68,4,
770154.43,6270796.68,3,
770154.7300000001,6270796.68,1,
770158.6300000001,6270796.68,4,
770158.93,6270796.68,3,
770159.2300000001,6270796.68,4,
770159.53,6270796.68,2,
770162.53,6270796.68,1,
770162.8300000001,6270796.68,1,
770163.1300000001,6270796.68,4,
770163.43,6270796.68,3,
770163.7300000001,6270796.68,3,
770164.3300000001,6270796.68,1,
770167.93,6270796.68,4,
770168.2300000001,6270796.68,2,
770168.53,6270796.68,4,
770168.8300000001,6270796.68,3,
770169.1300000001,6270796.68,1,
770169.43,6270796.68,1,
770172.7300000001,6270796.68,3,
770173.03,6270796.68,2,
770173.3300000001,6270796.68,5,
770177.2300000001,6270796.68,1,
770177.53,6270796.68,2,
770178.1300000001,6270796.68,3,
770178.43,6270796.68,5,
770178.7300000001,6270796.68,1,
770182.03,6270796.68,4,
770182.3300000001,6270796.68,4,
770182.6300000001,6270796.68,4,
770182.93,6270796.68,2,
770183.2300000001,6270796.68,1,
770152.93,6270796.98,2,
770153.2300000001,6270796.98,2,
770153.53,6270796.98,4,
770153.8300000001,6270796.98,3,
770154.1300000001,6270796.98,1,
770157.7300000001,6270796.98,2,
770158.03,6270796.98,1,
770158.3300000001,6270796.98,3,
770158.93,6270796.98,2,
770162.53,6270796.98,3,
770162.8300000001,6270796.98,4,
770163.1300000001,6270796.98,1,
770163.43,6270796.98,2,
770163.7300000001,6270796.98,2,
770167.03,6270796.98,1,
770167.3300000001,6270796.98,2,
770167.6300000001,6270796.98,1,
770167.93,6270796.98,3,
770168.2300000001,6270796.98,3,
770168.53,6270796.98,2,
770171.8300000001,6270796.98,2,
770172.1300000001,6270796.98,3,
770172.43,6270796.98,3,
770172.7300000001,6270796.98,2,
770176.6300000001,6270796.98,1,
770176.93,6270796.98,2,
770177.2300000001,6270796.98,2,
770177.53,6270796.98,4,
770177.8300000001,6270796.98,2,
770178.1300000001,6270796.98,2,
770178.43,6270796.98,1,
770181.43,6270796.98,1,
770181.7300000001,6270796.98,3,
770182.03,6270796.98,3,
770182.3300000001,6270796.98,3,
770182.6300000001,6270796.98,3,
770182.93,6270796.98,1,
770152.6300000001,6270797.279999999,2,
770152.93,6270797.279999999,4,
770153.2300000001,6270797.279999999,3,
770153.53,6270797.279999999,3,
770157.43,6270797.279999999,3,
770157.7300000001,6270797.279999999,3,
770158.03,6270797.279999999,3,
770161.93,6270797.279999999,2,
770162.2300000001,6270797.279999999,4,
770162.53,6270797.279999999,3,
770162.8300000001,6270797.279999999,3,
770163.1300000001,6270797.279999999,3,
770163.43,6270797.279999999,3,
770166.7300000001,6270797.279999999,1,
770167.03,6270797.279999999,1,
770167.3300000001,6270797.279999999,2,
770167.6300000001,6270797.279999999,4,
770167.93,6270797.279999999,1,
770168.53,6270797.279999999,1,
770171.2300000001,6270797.279999999,2,
770171.53,6270797.279999999,1,
770171.8300000001,6270797.279999999,3,
770172.1300000001,6270797.279999999,3,
770172.43,6270797.279999999,3,
770172.7300000001,6270797.279999999,2,
770176.3300000001,6270797.279999999,2,
770176.6300000001,6270797.279999999,3,
770176.93,6270797.279999999,3,
770177.2300000001,6270797.279999999,3,
770177.53,6270797.279999999,2,
770177.8300000001,6270797.279999999,1,
770181.1300000001,6270797.279999999,3,
770181.43,6270797.279999999,4,
770181.7300000001,6270797.279999999,1,
770182.03,6270797.279999999,3,
770182.3300000001,6270797.279999999,2,
770152.3300000001,6270797.58,2,
770152.6300000001,6270797.58,3,
770152.93,6270797.58,2,
770153.2300000001,6270797.58,2,
770156.8300000001,6270797.58,1,
770157.1300000001,6270797.58,3,
770157.43,6270797.58,4,
770157.7300000001,6270797.58,2,
770161.3300000001,6270797.58,1,
770161.6300000001,6270797.58,2,
770161.93,6270797.58,2,
770162.2300000001,6270797.58,4,
770162.53,6270797.58,1,
770166.43,6270797.58,1,
770166.7300000001,6270797.58,2,
770167.03,6270797.58,2,
770167.3300000001,6270797.58,1,
770170.93,6270797.58,3,
770171.2300000001,6270797.58,2,
770171.53,6270797.58,2,
770171.8300000001,6270797.58,3,
770172.1300000001,6270797.58,1,
770175.7300000001,6270797.58,1,
770176.03,6270797.58,4,
770176.3300000001,6270797.58,1,
770176.6300000001,6270797.58,4,
770176.93,6270797.58,3,
770177.2300000001,6270797.58,1,
770177.53,6270797.58,1,
770180.53,6270797.58,1,
770180.8300000001,6270797.58,4,
770181.43,6270797.58,4,
770181.7300000001,6270797.58,2,
770152.3300000001,6270797.88,3,
770152.6300000001,6270797.88,2,
770152.93,6270797.88,1,
770153.2300000001,6270797.88,1,
770156.8300000001,6270797.88,4,
770157.1300000001,6270797.88,4,
770157.43,6270797.88,1,
770161.03,6270797.88,1,
770161.3300000001,6270797.88,3,
770161.6300000001,6270797.88,3,
770161.93,6270797.88,4,
770162.2300000001,6270797.88,1,
770165.8300000001,6270797.88,1,
770166.1300000001,6270797.88,5,
770166.43,6270797.88,2,
770166.7300000001,6270797.88,3,
770167.03,6270797.88,3,
770170.3300000001,6270797.88,1,
770170.6300000001,6270797.88,3,
770171.2300000001,6270797.88,5,
770171.53,6270797.88,4,
770171.8300000001,6270797.88,2,
770175.1300000001,6270797.88,2,
770175.43,6270797.88,4,
770175.7300000001,6270797.88,3,
770176.03,6270797.88,2,
770176.3300000001,6270797.88,4,
770176.6300000001,6270797.88,3,
770179.93,6270797.88,1,
770180.2300000001,6270797.88,4,
770180.53,6270797.88,3,
770180.8300000001,6270797.88,4,
770181.1300000001,6270797.88,1,
770153.2300000001,6270798.18,3,
770160.43,6270798.18,1,
770160.7300000001,6270798.18,2,
770161.03,6270798.18,4,
770161.3300000001,6270798.18,2,
770161.6300000001,6270798.18,3,
770165.2300000001,6270798.18,1,
770165.53,6270798.18,1,
770165.8300000001,6270798.18,3,
770166.1300000001,6270798.18,3,
770166.43,6270798.18,3,
770169.7300000001,6270798.18,1,
770170.03,6270798.18,5,
770170.3300000001,6270798.18,4,
770170.6300000001,6270798.18,1,
770170.93,6270798.18,3,
770171.2300000001,6270798.18,2,
770171.53,6270798.18,1,
770171.8300000001,6270798.18,1,
770174.8300000001,6270798.18,1,
770175.1300000001,6270798.18,4,
770175.43,6270798.18,3,
770175.7300000001,6270798.18,2,
770176.03,6270798.18,3,
770176.3300000001,6270798.18,3,
770176.6300000001,6270798.18,1,
770179.6300000001,6270798.18,2,
770179.93,6270798.18,4,
770180.2300000001,6270798.18,2,
770180.53,6270798.18,3,
770180.8300000001,6270798.18,1,
770155.93,6270798.48,3,
770156.2300000001,6270798.48,1,
770160.43,6270798.48,2,
770160.7300000001,6270798.48,3,
770161.03,6270798.48,4,
770161.3300000001,6270798.48,2,
770165.2300000001,6270798.48,3,
770165.8300000001,6270798.48,3,
770169.43,6270798.48,1,
770169.7300000001,6270798.48,4,
770170.03,6270798.48,3,
770170.3300000001,6270798.48,3,
770170.6300000001,6270798.48,2,
770170.93,6270798.48,1,
770174.2300000001,6270798.48,1,
770174.53,6270798.48,1,
770174.8300000001,6270798.48,2,
770175.1300000001,6270798.48,2,
770175.43,6270798.48,4,
770175.7300000001,6270798.48,1,
770179.03,6270798.48,2,
770179.3300000001,6270798.48,4,
770179.6300000001,6270798.48,3,
770179.93,6270798.48,2,
770180.2300000001,6270798.48,3,
770154.7300000001,6270798.779999999,1,
770155.03,6270798.779999999,1,
770155.3300000001,6270798.779999999,2,
770159.2300000001,6270798.779999999,1,
770159.53,6270798.779999999,1,
770159.8300000001,6270798.779999999,4,
770160.1300000001,6270798.779999999,4,
770164.6300000001,6270798.779999999,2,
770164.93,6270798.779999999,4,
770165.53,6270798.779999999,2,
770169.43,6270798.779999999,3,
770169.7300000001,6270798.779999999,3,
770170.03,6270798.779999999,2,
770170.3300000001,6270798.779999999,2,
770174.2300000001,6270798.779999999,4,
770174.53,6270798.779999999,2,
770174.8300000001,6270798.779999999,2,
770175.1300000001,6270798.779999999,4,
770178.7300000001,6270798.779999999,3,
770179.03,6270798.779999999,3,
770179.3300000001,6270798.779999999,3,
770179.6300000001,6270798.779999999,3,
770179.93,6270798.779999999,1,
770154.43,6270799.08,1,
770154.7300000001,6270799.08,4,
770155.03,6270799.08,3,
770155.3300000001,6270799.08,2,
770155.6300000001,6270799.08,1,
770159.2300000001,6270799.08,2,
770159.53,6270799.08,4,
770159.8300000001,6270799.08,3,
770160.1300000001,6270799.08,4,
770164.03,6270799.08,3,
770164.3300000001,6270799.08,4,
770164.6300000001,6270799.08,3,
770164.93,6270799.08,4,
770165.2300000001,6270799.08,1,
770168.53,6270799.08,3,
770168.8300000001,6270799.08,3,
770169.1300000001,6270799.08,3,
770169.43,6270799.08,3,
770169.7300000001,6270799.08,3,
770170.03,6270799.08,2,
770173.6300000001,6270799.08,3,
770173.93,6270799.08,2,
770174.2300000001,6270799.08,3,
770174.53,6270799.08,3,
770177.8300000001,6270799.08,1,
770178.1300000001,6270799.08,3,
770178.43,6270799.08,1,
770178.7300000001,6270799.08,2,
770179.03,6270799.08,5,
770179.3300000001,6270799.08,2,
770154.43,6270799.38,3,
770154.7300000001,6270799.38,3,
770155.03,6270799.38,1,
770155.3300000001,6270799.38,3,
770158.3300000001,6270799.38,1,
770158.6300000001,6270799.38,1,
770158.93,6270799.38,3,
770159.2300000001,6270799.38,2,
770159.53,6270799.38,3,
770159.8300000001,6270799.38,3,
770163.7300000001,6270799.38,4,
770164.03,6270799.38,2,
770164.3300000001,6270799.38,3,
770164.6300000001,6270799.38,1,
770168.2300000001,6270799.38,1,
770168.53,6270799.38,1,
770168.8300000001,6270799.38,3,
770169.1300000001,6270799.38,3,
770169.43,6270799.38,1,
770172.7300000001,6270799.38,1,
770173.03,6270799.38,1,
770173.3300000001,6270799.38,4,
770173.6300000001,6270799.38,2,
770173.93,6270799.38,1,
770177.53,6270799.38,1,
770177.8300000001,6270799.38,3,
770178.1300000001,6270799.38,2,
770178.43,6270799.38,3,
770178.7300000001,6270799.38,3,
770154.43,6270799.68,3,
770154.7300000001,6270799.68,3,
770155.03,6270799.68,1,
770155.3300000001,6270799.68,3,
770158.03,6270799.68,2,
770158.3300000001,6270799.68,3,
770158.6300000001,6270799.68,3,
770158.93,6270799.68,2,
770159.2300000001,6270799.68,2,
770159.53,6270799.68,1,
770162.8300000001,6270799.68,1,
770163.1300000001,6270799.68,4,
770163.43,6270799.68,1,
770163.7300000001,6270799.68,1,
770164.3300000001,6270799.68,2,
770167.3300000001,6270799.68,1,
770167.6300000001,6270799.68,3,
770167.93,6270799.68,3,
770168.2300000001,6270799.68,3,
770168.53,6270799.68,4,
770168.8300000001,6270799.68,1,
770172.43,6270799.68,1,
770172.7300000001,6270799.68,4,
770173.03,6270799.68,2,
770173.3300000001,6270799.68,4,
770173.6300000001,6270799.68,1,
770177.2300000001,6270799.68,2,
770177.53,6270799.68,2,
770177.8300000001,6270799.68,3,
770178.1300000001,6270799.68,3,
770178.43,6270799.68,1,
770154.43,6270799.98,2,
770154.7300000001,6270799.98,2,
770157.1300000001,6270799.98,3,
770157.43,6270799.98,2,
770157.7300000001,6270799.98,3,
770158.03,6270799.98,5,
770158.3300000001,6270799.98,2,
770158.6300000001,6270799.98,3,
770158.93,6270799.98,2,
770162.8300000001,6270799.98,3,
770163.1300000001,6270799.98,2,
770163.43,6270799.98,3,
770166.7300000001,6270799.98,1,
770167.03,6270799.98,3,
770167.3300000001,6270799.98,2,
770167.6300000001,6270799.98,2,
770167.93,6270799.98,2,
770168.2300000001,6270799.98,3,
770172.1300000001,6270799.98,2,
770172.43,6270799.98,2,
770172.7300000001,6270799.98,2,
770173.03,6270799.98,3,
770176.6300000001,6270799.98,2,
770176.93,6270799.98,1,
770177.2300000001,6270799.98,3,
770177.53,6270799.98,4,
770177.8300000001,6270799.98,2,
770154.43,6270800.279999999,2,
770154.7300000001,6270800.279999999,1,
770156.8300000001,6270800.279999999,1,
770157.1300000001,6270800.279999999,2,
770157.43,6270800.279999999,4,
770157.7300000001,6270800.279999999,5,
770158.03,6270800.279999999,1,
770158.3300000001,6270800.279999999,3,
770162.53,6270800.279999999,1,
770162.8300000001,6270800.279999999,2,
770166.1300000001,6270800.279999999,1,
770166.43,6270800.279999999,2,
770166.7300000001,6270800.279999999,3,
770167.03,6270800.279999999,5,
770167.3300000001,6270800.279999999,2,
770167.6300000001,6270800.279999999,3,
770167.93,6270800.279999999,1,
770168.2300000001,6270800.279999999,1,
770171.2300000001,6270800.279999999,1,
770171.53,6270800.279999999,1,
770171.8300000001,6270800.279999999,4,
770172.1300000001,6270800.279999999,3,
770172.43,6270800.279999999,3,
770172.7300000001,6270800.279999999,1,
770176.03,6270800.279999999,2,
770176.3300000001,6270800.279999999,1,
770176.6300000001,6270800.279999999,3,
770176.93,6270800.279999999,2,
770177.2300000001,6270800.279999999,3,
770177.53,6270800.279999999,2,
770156.2300000001,6270800.58,1,
770156.53,6270800.58,4,
770156.8300000001,6270800.58,1,
770157.1300000001,6270800.58,4,
770157.43,6270800.58,1,
770158.03,6270800.58,2,
770161.03,6270800.58,1,
770161.6300000001,6270800.58,3,
770161.93,6270800.58,3,
770162.2300000001,6270800.58,1,
770166.1300000001,6270800.58,1,
770166.43,6270800.58,3,
770166.7300000001,6270800.58,2,
770167.03,6270800.58,4,
770167.3300000001,6270800.58,3,
770167.6300000001,6270800.58,1,
770170.93,6270800.58,1,
770171.2300000001,6270800.58,1,
770171.53,6270800.58,3,
770171.8300000001,6270800.58,3,
770172.43,6270800.58,2,
770172.7300000001,6270800.58,1,
770175.7300000001,6270800.58,2,
770176.03,6270800.58,2,
770176.3300000001,6270800.58,2,
770176.6300000001,6270800.58,4,
770176.93,6270800.58,2,
770155.6300000001,6270800.88,1,
770155.93,6270800.88,2,
770156.2300000001,6270800.88,3,
770156.53,6270800.88,3,
770156.8300000001,6270800.88,4,
770157.43,6270800.88,1,
770161.3300000001,6270800.88,3,
770161.6300000001,6270800.88,3,
770161.93,6270800.88,2,
770165.53,6270800.88,1,
770165.8300000001,6270800.88,3,
770166.1300000001,6270800.88,2,
770166.43,6270800.88,2,
770166.7300000001,6270800.88,4,
770167.3300000001,6270800.88,1,
770170.6300000001,6270800.88,2,
770170.93,6270800.88,2,
770171.2300000001,6270800.88,3,
770171.53,6270800.88,2,
770171.8300000001,6270800.88,3,
770175.43,6270800.88,2,
770175.7300000001,6270800.88,5,
770176.03,6270800.88,4,
770176.3300000001,6270800.88,2,
770155.03,6270801.18,1,
770155.3300000001,6270801.18,4,
770155.6300000001,6270801.18,4,
770155.93,6270801.18,1,
770156.2300000001,6270801.18,4,
770156.53,6270801.18,3,
770156.8300000001,6270801.18,3,
770157.1300000001,6270801.18,2,
770160.43,6270801.18,4,
770160.7300000001,6270801.18,3,
770161.03,6270801.18,3,
770161.3300000001,6270801.18,3,
770161.93,6270801.18,2,
770164.93,6270801.18,1,
770165.2300000001,6270801.18,2,
770165.53,6270801.18,4,
770165.8300000001,6270801.18,2,
770166.1300000001,6270801.18,4,
770166.43,6270801.18,2,
770170.03,6270801.18,2,
770170.3300000001,6270801.18,3,
770170.6300000001,6270801.18,3,
770170.93,6270801.18,3,
770174.53,6270801.18,2,
770174.8300000001,6270801.18,3,
770175.1300000001,6270801.18,3,
770175.43,6270801.18,3,
770175.7300000001,6270801.18,3,
770176.03,6270801.18,1,
770176.3300000001,6270801.18,1,
770155.03,6270801.48,2,
770155.3300000001,6270801.48,3,
770155.6300000001,6270801.48,2,
770155.93,6270801.48,2,
770156.2300000001,6270801.48,1,
770156.53,6270801.48,2,
770156.8300000001,6270801.48,2,
770157.1300000001,6270801.48,1,
770160.1300000001,6270801.48,4,
770160.43,6270801.48,4,
770160.7300000001,6270801.48,2,
770161.03,6270801.48,1,
770164.3300000001,6270801.48,1,
770164.6300000001,6270801.48,2,
770164.93,6270801.48,2,
770165.2300000001,6270801.48,1,
770165.53,6270801.48,3,
770165.8300000001,6270801.48,3,
770169.7300000001,6270801.48,1,
770170.03,6270801.48,2,
770170.3300000001,6270801.48,2,
770170.6300000001,6270801.48,5,
770170.93,6270801.48,2,
770174.2300000001,6270801.48,3,
770174.53,6270801.48,3,
770174.8300000001,6270801.48,4,
770175.1300000001,6270801.48,3,
770175.43,6270801.48,2,
770155.03,6270801.779999999,1,
770155.3300000001,6270801.779999999,3,
770155.6300000001,6270801.779999999,2,
770155.93,6270801.779999999,1,
770159.8300000001,6270801.779999999,3,
770160.1300000001,6270801.779999999,3,
770160.43,6270801.779999999,2,
770160.7300000001,6270801.779999999,1,
770164.03,6270801.779999999,2,
770164.3300000001,6270801.779999999,3,
770164.6300000001,6270801.779999999,3,
770164.93,6270801.779999999,3,
770165.2300000001,6270801.779999999,3,
770165.53,6270801.779999999,2,
770169.1300000001,6270801.779999999,2,
770169.43,6270801.779999999,5,
770169.7300000001,6270801.779999999,3,
770170.03,6270801.779999999,2,
770170.3300000001,6270801.779999999,2,
770173.3300000001,6270801.779999999,1,
770173.6300000001,6270801.779999999,2,
770173.93,6270801.779999999,1,
770174.2300000001,6270801.779999999,4,
770174.53,6270801.779999999,4,
770174.8300000001,6270801.779999999,1,
770175.43,6270801.779999999,2,
770155.3300000001,6270802.08,1,
770158.93,6270802.08,2,
770159.2300000001,6270802.08,2,
770159.53,6270802.08,4,
770159.8300000001,6270802.08,1,
770160.1300000001,6270802.08,2,
770163.7300000001,6270802.08,2,
770164.03,6270802.08,2,
770164.3300000001,6270802.08,4,
770164.6300000001,6270802.08,4,
770164.93,6270802.08,2,
770168.53,6270802.08,1,
770168.8300000001,6270802.08,2,
770169.1300000001,6270802.08,4,
770169.43,6270802.08,4,
770169.7300000001,6270802.08,4,
770173.3300000001,6270802.08,2,
770173.6300000001,6270802.08,4,
770173.93,6270802.08,4,
770174.2300000001,6270802.08,4,
770174.53,6270802.08,1,
770158.03,6270802.38,1,
770158.3300000001,6270802.38,1,
770158.6300000001,6270802.38,2,
770158.93,6270802.38,3,
770159.2300000001,6270802.38,3,
770159.53,6270802.38,3,
770159.8300000001,6270802.38,4,
770163.43,6270802.38,4,
770163.7300000001,6270802.38,3,
770164.03,6270802.38,1,
770164.3300000001,6270802.38,2,
770167.93,6270802.38,1,
770168.2300000001,6270802.38,3,
770168.53,6270802.38,3,
770168.8300000001,6270802.38,3,
770169.1300000001,6270802.38,1,
770169.43,6270802.38,1,
770172.7300000001,6270802.38,1,
770173.03,6270802.38,5,
770173.3300000001,6270802.38,1,
770173.6300000001,6270802.38,2,
770173.93,6270802.38,5,
770174.2300000001,6270802.38,1,
770158.03,6270802.68,2,
770158.3300000001,6270802.68,4,
770158.6300000001,6270802.68,4,
770158.93,6270802.68,3,
770159.2300000001,6270802.68,2,
770162.53,6270802.68,2,
770162.8300000001,6270802.68,3,
770163.1300000001,6270802.68,2,
770163.43,6270802.68,4,
770163.7300000001,6270802.68,2,
770167.93,6270802.68,3,
770168.2300000001,6270802.68,3,
770168.53,6270802.68,2,
770168.8300000001,6270802.68,1,
770172.1300000001,6270802.68,1,
770172.43,6270802.68,2,
770172.7300000001,6270802.68,2,
770173.03,6270802.68,3,
770173.3300000001,6270802.68,4,
770173.6300000001,6270802.68,2,
770157.7300000001,6270802.98,2,
770158.03,6270802.98,3,
770158.3300000001,6270802.98,4,
770158.6300000001,6270802.98,2,
770158.93,6270802.98,3,
770159.2300000001,6270802.98,1,
770162.2300000001,6270802.98,3,
770162.53,6270802.98,4,
770162.8300000001,6270802.98,3,
770163.43,6270802.98,2,
770167.6300000001,6270802.98,1,
770167.93,6270802.98,1,
770168.53,6270802.98,1,
770171.8300000001,6270802.98,1,
770172.1300000001,6270802.98,3,
770172.43,6270802.98,5,
770172.7300000001,6270802.98,4,
770156.8300000001,6270803.279999999,2,
770157.1300000001,6270803.279999999,3,
770157.43,6270803.279999999,4,
770157.7300000001,6270803.279999999,2,
770158.03,6270803.279999999,1,
770161.93,6270803.279999999,4,
770162.2300000001,6270803.279999999,5,
770162.53,6270803.279999999,2,
770162.8300000001,6270803.279999999,1,
770163.1300000001,6270803.279999999,1,
770166.7300000001,6270803.279999999,2,
770170.93,6270803.279999999,1,
770171.2300000001,6270803.279999999,3,
770171.53,6270803.279999999,2,
770171.8300000001,6270803.279999999,3,
770172.1300000001,6270803.279999999,2,
770172.43,6270803.279999999,5,
770156.8300000001,6270803.58,1,
770157.1300000001,6270803.58,6,
770157.43,6270803.58,2,
770157.7300000001,6270803.58,1,
770161.3300000001,6270803.58,3,
770161.6300000001,6270803.58,1,
770161.93,6270803.58,4,
770162.2300000001,6270803.58,2,
770162.53,6270803.58,3,
770165.8300000001,6270803.58,1,
770166.1300000001,6270803.58,3,
770166.43,6270803.58,4,
770166.7300000001,6270803.58,1,
770167.03,6270803.58,3,
770171.2300000001,6270803.58,3,
770171.53,6270803.58,4,
770171.8300000001,6270803.58,3,
770160.1300000001,6270803.88,1,
770160.43,6270803.88,1,
770160.7300000001,6270803.88,1,
770161.03,6270803.88,4,
770161.3300000001,6270803.88,4,
770161.6300000001,6270803.88,2,
770161.93,6270803.88,2,
770162.2300000001,6270803.88,2,
770165.53,6270803.88,1,
770166.1300000001,6270803.88,4,
770166.43,6270803.88,5,
770166.7300000001,6270803.88,2,
770170.3300000001,6270803.88,2,
770170.6300000001,6270803.88,1,
770170.93,6270803.88,4,
770171.2300000001,6270803.88,2,
770171.53,6270803.88,4,
770159.8300000001,6270804.18,2,
770160.1300000001,6270804.18,1,
770160.43,6270804.18,2,
770160.7300000001,6270804.18,3,
770161.03,6270804.18,3,
770161.3300000001,6270804.18,3,
770165.2300000001,6270804.18,2,
770165.53,6270804.18,4,
770165.8300000001,6270804.18,3,
770166.1300000001,6270804.18,3,
770166.7300000001,6270804.18,2,
770169.7300000001,6270804.18,1,
770170.03,6270804.18,3,
770170.3300000001,6270804.18,3,
770170.6300000001,6270804.18,2,
770170.93,6270804.18,2,
770159.2300000001,6270804.48,1,
770159.8300000001,6270804.48,4,
770160.1300000001,6270804.48,2,
770160.43,6270804.48,5,
770160.7300000001,6270804.48,1,
770161.03,6270804.48,2,
770161.3300000001,6270804.48,2,
770164.93,6270804.48,2,
770165.2300000001,6270804.48,4,
770165.53,6270804.48,3,
770169.43,6270804.48,1,
770169.7300000001,6270804.48,2,
770170.03,6270804.48,2,
770170.3300000001,6270804.48,4,
770158.93,6270804.779999999,4,
770159.2300000001,6270804.779999999,3,
770159.53,6270804.779999999,3,
770159.8300000001,6270804.779999999,4,
770160.1300000001,6270804.779999999,3,
770160.43,6270804.779999999,2,
770163.7300000001,6270804.779999999,1,
770164.03,6270804.779999999,1,
770164.3300000001,6270804.779999999,1,
770164.6300000001,6270804.779999999,3,
770164.93,6270804.779999999,4,
770165.2300000001,6270804.779999999,1,
770168.8300000001,6270804.779999999,2,
770169.1300000001,6270804.779999999,1,
770169.43,6270804.779999999,5,
770169.7300000001,6270804.779999999,4,
770170.03,6270804.779999999,2,
770170.3300000001,6270804.779999999,1,
770158.3300000001,6270805.08,1,
770158.6300000001,6270805.08,3,
770158.93,6270805.08,3,
770159.2300000001,6270805.08,4,
770159.53,6270805.08,3,
770159.8300000001,6270805.08,1,
770160.1300000001,6270805.08,4,
770163.7300000001,6270805.08,1,
770164.03,6270805.08,3,
770164.3300000001,6270805.08,4,
770164.6300000001,6270805.08,3,
770164.93,6270805.08,3,
770168.2300000001,6270805.08,1,
770168.53,6270805.08,3,
770168.8300000001,6270805.08,1,
770169.1300000001,6270805.08,3,
770169.43,6270805.08,3,
770169.7300000001,6270805.08,3,
770158.03,6270805.38,2,
770158.3300000001,6270805.38,3,
770158.6300000001,6270805.38,2,
770158.93,6270805.38,3,
770159.2300000001,6270805.38,3,
770159.53,6270805.38,4,
770159.8300000001,6270805.38,2,
770163.1300000001,6270805.38,2,
770163.43,6270805.38,1,
770163.7300000001,6270805.38,2,
770164.03,6270805.38,4,
770164.3300000001,6270805.38,2,
770164.6300000001,6270805.38,2,
770167.93,6270805.38,1,
770168.2300000001,6270805.38,2,
770168.53,6270805.38,3,
770168.8300000001,6270805.38,5,
770169.1300000001,6270805.38,4,
770157.7300000001,6270805.68,1,
770158.03,6270805.68,3,
770158.3300000001,6270805.68,3,
770158.6300000001,6270805.68,2,
770158.93,6270805.68,3,
770159.2300000001,6270805.68,2,
770162.2300000001,6270805.68,1,
770162.53,6270805.68,1,
770162.8300000001,6270805.68,6,
770163.1300000001,6270805.68,3,
770163.43,6270805.68,3,
770163.7300000001,6270805.68,1,
770164.03,6270805.68,2,
770166.7300000001,6270805.68,1,
770167.3300000001,6270805.68,2,
770167.6300000001,6270805.68,1,
770167.93,6270805.68,4,
770168.2300000001,6270805.68,3,
770168.53,6270805.68,1,
770168.8300000001,6270805.68,1,
770169.1300000001,6270805.68,1,
770158.3300000001,6270805.98,1,
770158.6300000001,6270805.98,1,
770158.93,6270805.98,4,
770161.93,6270805.98,1,
770162.2300000001,6270805.98,1,
770162.53,6270805.98,2,
770162.8300000001,6270805.98,2,
770163.1300000001,6270805.98,2,
770163.43,6270805.98,3,
770166.7300000001,6270805.98,1,
770167.03,6270805.98,4,
770167.3300000001,6270805.98,2,
770167.6300000001,6270805.98,4,
770167.93,6270805.98,4,
770168.2300000001,6270805.98,3,
770161.6300000001,6270806.279999999,1,
770161.93,6270806.279999999,2,
770162.2300000001,6270806.279999999,4,
770162.53,6270806.279999999,3,
770162.8300000001,6270806.279999999,4,
770163.1300000001,6270806.279999999,2,
770166.43,6270806.279999999,1,
770166.7300000001,6270806.279999999,3,
770167.03,6270806.279999999,3,
770167.3300000001,6270806.279999999,2,
770167.6300000001,6270806.279999999,2,
770161.3300000001,6270806.58,4,
770161.6300000001,6270806.58,4,
770161.93,6270806.58,4,
770162.2300000001,6270806.58,1,
770166.1300000001,6270806.58,1,
770166.43,6270806.58,2,
770166.7300000001,6270806.58,4,
770167.03,6270806.58,3,
770167.3300000001,6270806.58,1,
770161.03,6270806.88,1,
770161.3300000001,6270806.88,2,
770161.6300000001,6270806.88,4,
770161.93,6270806.88,2,
770165.8300000001,6270806.88,3,
770166.1300000001,6270806.88,4,
770166.43,6270806.88,2,
770166.7300000001,6270806.88,1,
770160.43,6270807.18,3,
770160.7300000001,6270807.18,4,
770161.03,6270807.18,3,
770161.3300000001,6270807.18,4,
770161.6300000001,6270807.18,1,
770164.93,6270807.18,3,
770165.2300000001,6270807.18,2,
770165.53,6270807.18,3,
770165.8300000001,6270807.18,5,
770166.1300000001,6270807.18,2,
770166.43,6270807.18,1,
770159.8300000001,6270807.48,1,
770160.1300000001,6270807.48,4,
770160.43,6270807.48,3,
770160.7300000001,6270807.48,3,
770164.6300000001,6270807.48,2,
770164.93,6270807.48,2,
770165.2300000001,6270807.48,3,
770165.53,6270807.48,1,
770165.8300000001,6270807.48,1,
770166.1300000001,6270807.48,1,
770159.2300000001,6270807.779999999,1,
770159.53,6270807.779999999,2,
770159.8300000001,6270807.779999999,5,
770160.1300000001,6270807.779999999,3,
770160.43,6270807.779999999,3,
770163.1300000001,6270807.779999999,2,
770163.43,6270807.779999999,1,
770164.3300000001,6270807.779999999,2,
770164.6300000001,6270807.779999999,4,
770164.93,6270807.779999999,3,
770165.2300000001,6270807.779999999,3,
770165.53,6270807.779999999,1,
770159.2300000001,6270808.08,2,
770159.53,6270808.08,4,
770159.8300000001,6270808.08,4,
770163.1300000001,6270808.08,1,
770163.43,6270808.08,2,
770163.7300000001,6270808.08,2,
770164.03,6270808.08,1,
770164.3300000001,6270808.08,4,
770164.6300000001,6270808.08,3,
770164.93,6270808.08,2,
770159.53,6270808.38,5,
770159.8300000001,6270808.38,1,
770162.8300000001,6270808.38,1,
770163.1300000001,6270808.38,3,
770163.43,6270808.38,4,
770163.7300000001,6270808.38,3,
770164.03,6270808.38,3,
770164.3300000001,6270808.38,1,
770159.53,6270808.68,1,
770162.53,6270808.68,2,
770162.8300000001,6270808.68,3,
770163.1300000001,6270808.68,3,
770163.43,6270808.68,3,
770163.7300000001,6270808.68,2,
770164.03,6270808.68,1,
770162.2300000001,6270808.98,4,
770162.53,6270808.98,1,
770162.8300000001,6270808.98,2,
770163.1300000001,6270808.98,3,
770163.43,6270808.98,4,
770161.3300000001,6270809.279999999,2,
770161.6300000001,6270809.279999999,1,
770161.93,6270809.279999999,2,
770162.2300000001,6270809.279999999,1,
770162.53,6270809.279999999,4,
770162.8300000001,6270809.279999999,1,
770163.1300000001,6270809.279999999,1,
770160.7300000001,6270809.58,1,
770161.03,6270809.58,2,
770161.3300000001,6270809.58,3,
770161.6300000001,6270809.58,3,
770161.93,6270809.58,4,
770162.2300000001,6270809.58,3,
770160.7300000001,6270809.88,4,
770161.03,6270809.88,3,
770161.3300000001,6270809.88,2,
770161.6300000001,6270809.88,3,
770161.93,6270809.88,3,
770160.43,6270810.18,1,
770160.7300000001,6270810.18,3,
770161.03,6270810.18,1,
770161.3300000001,6270810.18,1,
770161.6300000001,6270810.18,3,
770161.93,6270810.18,2,
770161.93,6270810.48,1,
